audio,work_guess,section_guess,verse_guess,part,text_id,text,chandas,syllable_count,duration_seconds,duration_check,confidence,band,review_status,review_reason,signal,audio_quality,qc_flags,action
kamadhenu_dataset/incoming_audio/dge_linked/PrahladaKrutaNarasimha/NS1.mp3,PrahladaKrutaNarasimha,PrahladaKrutaNarasimha,1,full,PrahladaKrutaNarasimha:PrahladaKrutaNarasimha:1,"ब्रह्मादयः सुरगणाः मुनयोऽथ सिद्धाः सत्वैकतानमतयो वचसां प्रवाहैः
नान्तं परस्य परतोऽप्यधुनाऽपि यान्ति किं तोष्टुमर्हति स मे हरिरुग्रजातेः",वसन्ततिलका,56,21.824,plausible,1.0,1.00 exact,auto_accepted,,dge_linked,A,[],none (spot-check optional)
kamadhenu_dataset/incoming_audio/dge_linked/PrahladaKrutaNarasimha/NS10.mp3,PrahladaKrutaNarasimha,PrahladaKrutaNarasimha,10,full,PrahladaKrutaNarasimha:PrahladaKrutaNarasimha:10,"यस्मात् प्रियाप्रियवियोगसुयोगजन्म
शोकाग्निना सकलयोनिषु दह्यमानः
दुःखौषधं तदपि दुःखमतद्धियाऽहं
भूमन् भ्रमामि वद मे तव दास्ययोगम्",वसन्ततिलका,56,17.579,plausible,1.0,1.00 exact,auto_accepted,,dge_linked,A,[],none (spot-check optional)
kamadhenu_dataset/incoming_audio/dge_linked/PrahladaKrutaNarasimha/NS11.mp3,PrahladaKrutaNarasimha,PrahladaKrutaNarasimha,11,full,PrahladaKrutaNarasimha:PrahladaKrutaNarasimha:11,"सोऽहं प्रियस्य सुहृदः परदेवताया
लीलाकथास्तव नृसिंह विरिञ्चगीताः
अञ्जस्तराम्यनुगृणन् गुणविप्रमुक्तो
दुर्गाणि ते पदयुगालयहंससङ्गः",वसन्ततिलका,56,17.088,plausible,1.0,1.00 exact,auto_accepted,,dge_linked,A,[],none (spot-check optional)
kamadhenu_dataset/incoming_audio/dge_linked/PrahladaKrutaNarasimha/NS2.mp3,PrahladaKrutaNarasimha,PrahladaKrutaNarasimha,2,full,PrahladaKrutaNarasimha:PrahladaKrutaNarasimha:2,"मन्ये धनाभिजनरूपतपः श्रुतौज स्तेजःप्रभावबलपौरुषबुद्धियोगाः
नाराधनाय हि भवन्ति परस्य पुंसो भत्त्या तुतोष भगवान् ननु यूथपाय",वसन्ततिलका,56,18.155,plausible,1.0,1.00 exact,auto_accepted,,dge_linked,A,[],none (spot-check optional)
kamadhenu_dataset/incoming_audio/dge_linked/PrahladaKrutaNarasimha/NS3.mp3,PrahladaKrutaNarasimha,PrahladaKrutaNarasimha,3,full,PrahladaKrutaNarasimha:PrahladaKrutaNarasimha:3,"विप्राद् द्विषड्गुणयुतादरविन्दनाभ
पादारविन्दविमुखाच्छ्वपचं वरिष्ठम्
मन्ये तदर्पितमनोवचनात्मगेह
प्राणः पुनाति सकलं न तु भूरिमानः",वसन्ततिलका,56,17.301,plausible,1.0,1.00 exact,auto_accepted,,dge_linked,B,"[""hot_peaks""]",none (spot-check optional)
kamadhenu_dataset/incoming_audio/dge_linked/PrahladaKrutaNarasimha/NS4.mp3,PrahladaKrutaNarasimha,PrahladaKrutaNarasimha,4,full,PrahladaKrutaNarasimha:PrahladaKrutaNarasimha:4,"नैवात्मनः प्रभुरयं निजलाभपूर्णो
मानं जनादविदुषः करुणो वृणीते
यद् यज्जनो भगवते विदधीत मानं
तच्चात्मने प्रतिमुखस्य यथा मुखश्रीः",वसन्ततिलका,56,17.173,plausible,1.0,1.00 exact,auto_accepted,,dge_linked,B,"[""hot_peaks""]",none (spot-check optional)
kamadhenu_dataset/incoming_audio/dge_linked/PrahladaKrutaNarasimha/NS5.mp3,PrahladaKrutaNarasimha,PrahladaKrutaNarasimha,5,full,PrahladaKrutaNarasimha:PrahladaKrutaNarasimha:5,"तस्मादहं विगतविक्लव ईश्वरस्य
सर्वात्मना न हि गृणामि यथामनीषम्
नीचोऽजया गुणविसर्गमनुप्रविष्टः
पूयेत येन हि पुमाननुवर्णितेन",वसन्ततिलका,56,16.832,plausible,1.0,1.00 exact,auto_accepted,,dge_linked,B,"[""hot_peaks""]",none (spot-check optional)
kamadhenu_dataset/incoming_audio/dge_linked/PrahladaKrutaNarasimha/NS6.mp3,PrahladaKrutaNarasimha,PrahladaKrutaNarasimha,6,full,PrahladaKrutaNarasimha:PrahladaKrutaNarasimha:6,"सर्वे ह्यमी विधिकरास्तव सत्त्वधाम्नो
ब्रह्मादयो वयमिवेश न चोद्विजन्तः
क्षेमाय भूतय उत आत्मसुखाय चास्य
विक्रीडितं भगवतो रुचिरावतारैः",अज्ञातम्,57,18.56,plausible,1.0,1.00 exact,auto_accepted,,dge_linked,A,[],none (spot-check optional)
kamadhenu_dataset/incoming_audio/dge_linked/PrahladaKrutaNarasimha/NS7.mp3,PrahladaKrutaNarasimha,PrahladaKrutaNarasimha,7,full,PrahladaKrutaNarasimha:PrahladaKrutaNarasimha:7,"तद् यच्छ मन्युमसुरश्च हतस्त्वयाऽद्य
मोदेत साधुरपि वृश्चिकसर्पहत्या
लोकाश्च निर्वृतिमिताः प्रतियान्तु सर्वे
रूपं नृसिंह विभवाय जनाः स्मरन्ति",वसन्ततिलका,56,17.515,plausible,1.0,1.00 exact,auto_accepted,,dge_linked,A,[],none (spot-check optional)
kamadhenu_dataset/incoming_audio/dge_linked/PrahladaKrutaNarasimha/NS8.mp3,PrahladaKrutaNarasimha,PrahladaKrutaNarasimha,8,full,PrahladaKrutaNarasimha:PrahladaKrutaNarasimha:8,"नाहं बिभेम्यजित तेऽतिभयानकास्य
जिह्माग्निनेत्रभृकुटीर भसोग्रदंष्ट्रात्
आन्त्रस्रजः क्षतजकेसरशङ्कुकर्णा
न्निर्हादभीतदिगिभादरिभिन्नखाग्रात्",वसन्ततिलका,56,18.347,plausible,1.0,1.00 exact,auto_accepted,,dge_linked,A,[],none (spot-check optional)
kamadhenu_dataset/incoming_audio/dge_linked/PrahladaKrutaNarasimha/NS9.mp3,PrahladaKrutaNarasimha,PrahladaKrutaNarasimha,9,full,PrahladaKrutaNarasimha:PrahladaKrutaNarasimha:9,"त्रस्तोऽस्म्यहं कृपणवत्सल दुःसहोग्र
संसारचक्रकदनात् कृशतां प्रणीतः
बद्धः स्वकर्मभिरुशत्तम तेऽङ्गिमूलं
भीतापवर्गमरणं समियां कदा नु",वसन्ततिलका,56,18.048,plausible,1.0,1.00 exact,auto_accepted,,dge_linked,A,[],none (spot-check optional)
kamadhenu_dataset/incoming_audio/dge_linked/raghavendra_vijaya/rv01.01.mp3,raghavendra_vijaya,sarga_1,1,full,raghavendra_vijaya:sarga_1:1,"श्रीमल्लक्ष्मीनृसिंहस्य श्रियं दिशतु मे नखः
स्वभक्ताभीष्टदानाय समुपात्तदशाकृतेः",अनुष्टुप्,32,17.304,plausible,1.0,1.00 exact,auto_accepted,,dge_linked,D,"[""clipping""]",none (spot-check optional)
kamadhenu_dataset/incoming_audio/dge_linked/raghavendra_vijaya/rv01.02.mp3,raghavendra_vijaya,sarga_1,2,full,raghavendra_vijaya:sarga_1:2,"वस्तु स्तुतं सुरस्तोमैरस्तु शस्तं मया स्तुतम्
मस्तुहस्तं प्रस्तुताय श्रुतिमस्तकविश्रुतम्",अनुष्टुप् (vipulā/irregular — unverified),32,17.52,plausible,1.0,1.00 exact,auto_accepted,,dge_linked,D,"[""clipping""]",none (spot-check optional)
kamadhenu_dataset/incoming_audio/dge_linked/raghavendra_vijaya/rv01.03.mp3,raghavendra_vijaya,sarga_1,3,full,raghavendra_vijaya:sarga_1:3,"श्रीमदानन्दतीर्थेन्दुभासनं मम मानसे
आशासे साधुशब्दार्थसरिदीशाभिवृद्धये",अनुष्टुप्,32,16.944,plausible,1.0,1.00 exact,auto_accepted,,dge_linked,D,"[""clipping""]",none (spot-check optional)
kamadhenu_dataset/incoming_audio/dge_linked/raghavendra_vijaya/rv01.04.mp3,raghavendra_vijaya,sarga_1,4,full,raghavendra_vijaya:sarga_1:4,"श्रीराघवेन्द्ररत्नानां रसनारङ्गनर्तकी
शब्दाम्बुधिशरज्ज्योत्स्ना शरणं मम शारदा",अनुष्टुप्,32,17.088,plausible,1.0,1.00 exact,auto_accepted,,dge_linked,D,"[""clipping""]",none (spot-check optional)
kamadhenu_dataset/incoming_audio/dge_linked/raghavendra_vijaya/rv01.05.mp3,raghavendra_vijaya,sarga_1,5,full,raghavendra_vijaya:sarga_1:5,"कठिनापि कविश्लाघ्या त्रिविक्रमसरस्वती
सुवर्णयोगसन्दृश्या वरा वज्रमणिर्यथा",अनुष्टुप्,32,16.728,plausible,1.0,1.00 exact,auto_accepted,,dge_linked,D,"[""clipping""]",none (spot-check optional)
kamadhenu_dataset/incoming_audio/dge_linked/raghavendra_vijaya/rv01.06.mp3,raghavendra_vijaya,sarga_1,6,full,raghavendra_vijaya:sarga_1:6,"वाणी पाणितलासक्तवीणारवविडम्बिनी
नानाप्रबन्धचतुरा भाति नारायणार्यगीः",अनुष्टुप् (vipulā/irregular — unverified),32,17.496,plausible,1.0,1.00 exact,auto_accepted,,dge_linked,D,"[""clipping""]",none (spot-check optional)
kamadhenu_dataset/incoming_audio/dge_linked/raghavendra_vijaya/rv01.07.mp3,raghavendra_vijaya,sarga_1,7,full,raghavendra_vijaya:sarga_1:7,"वृन्दारवनमन्दारमकरन्दसहोदरी
विश्रुता विजयं दद्याद्व्यासतीर्थार्यभारती",अनुष्टुप्,32,17.16,plausible,1.0,1.00 exact,auto_accepted,,dge_linked,D,"[""clipping""]",none (spot-check optional)
kamadhenu_dataset/incoming_audio/dge_linked/raghavendra_vijaya/rv01.08.mp3,raghavendra_vijaya,sarga_1,8,full,raghavendra_vijaya:sarga_1:8,"व्याससूत्रपदार्थोपन्यासमाकर्ण्य मान्यपि
व्यासराजस्य भजते दासतां को न कोविदः",अनुष्टुप् (vipulā/irregular — unverified),32,16.968,plausible,1.0,1.00 exact,auto_accepted,,dge_linked,D,"[""clipping""]",none (spot-check optional)
kamadhenu_dataset/incoming_audio/dge_linked/raghavendra_vijaya/rv01.09.mp3,raghavendra_vijaya,sarga_1,9,full,raghavendra_vijaya:sarga_1:9,"चतुःषष्टिकलाविद्याजुषे विद्वन्महोजुषे
जयीन्द्रज्योतिषे कुर्या वन्दनानि यशोमुषे",अनुष्टुप्,32,16.728,plausible,1.0,1.00 exact,auto_accepted,,dge_linked,D,"[""clipping""]",none (spot-check optional)
kamadhenu_dataset/incoming_audio/dge_linked/raghavendra_vijaya/rv01.10.mp3,raghavendra_vijaya,sarga_1,10,full,raghavendra_vijaya:sarga_1:10,"सुधीन्द्रयोगिनं सेवे साधुसत्कृतसंपदम्
स गद्यपद्यनिर्माणविद्यायाः प्रथमं पदम्",अनुष्टुप्,32,17.52,plausible,1.0,1.00 exact,auto_accepted,,dge_linked,D,"[""clipping""]",none (spot-check optional)
kamadhenu_dataset/incoming_audio/dge_linked/raghavendra_vijaya/rv01.11.mp3,raghavendra_vijaya,sarga_1,11,full,raghavendra_vijaya:sarga_1:11,"श्रीमतो राघवेन्द्रस्य नमामि पदपङ्कजे
कामिताशेषकल्याणकलनाकल्पपादपौ",अनुष्टुप्,32,17.472,plausible,1.0,1.00 exact,auto_accepted,,dge_linked,D,"[""clipping""]",none (spot-check optional)
kamadhenu_dataset/incoming_audio/dge_linked/raghavendra_vijaya/rv01.12.mp3,raghavendra_vijaya,sarga_1,12,full,raghavendra_vijaya:sarga_1:12,"मुहुः स्मारितवाल्मीकिं पुनस्तं नौमि दैशिकम्
यो विस्तीर्णां रामकथां स्रग्धराभिः समग्रहीत्",अनुष्टुप् (vipulā/irregular — unverified),32,17.208,plausible,1.0,1.00 exact,auto_accepted,,dge_linked,D,"[""clipping""]",none (spot-check optional)
kamadhenu_dataset/incoming_audio/dge_linked/raghavendra_vijaya/rv01.13.mp3,raghavendra_vijaya,sarga_1,13,full,raghavendra_vijaya:sarga_1:13,"मूकोऽपि यत्प्रसादेन मुकुन्दशयनायते
राजराजायते रिक्तो राघवेन्द्रं तमाश्रये",अनुष्टुप्,32,17.328,plausible,1.0,1.00 exact,auto_accepted,,dge_linked,B,"[""hot_peaks""]",none (spot-check optional)
kamadhenu_dataset/incoming_audio/dge_linked/raghavendra_vijaya/rv01.14.mp3,raghavendra_vijaya,sarga_1,14,full,raghavendra_vijaya:sarga_1:14,"प्रसाद्य नरपञ्चास्यं प्राप्तं वैदुष्यमद्भुतम्
येन लक्ष्मीनृसिंहेन तातपादं तमाश्रये",अनुष्टुप्,32,17.184,plausible,1.0,1.00 exact,auto_accepted,,dge_linked,D,"[""clipping""]",none (spot-check optional)
kamadhenu_dataset/incoming_audio/dge_linked/raghavendra_vijaya/rv01.15.mp3,raghavendra_vijaya,sarga_1,15,full,raghavendra_vijaya:sarga_1:15,"प्राप्तान्यनुतिपापौघरसनां पावयाम्यहम्
गुर्वन्तर्यामिभगवत्स्तुतिगङ्गाम्बुमज्जनात्",अनुष्टुप् (vipulā/irregular — unverified),32,17.184,plausible,1.0,1.00 exact,auto_accepted,,dge_linked,D,"[""clipping""]",none (spot-check optional)
kamadhenu_dataset/incoming_audio/dge_linked/raghavendra_vijaya/rv01.16.mp3,raghavendra_vijaya,sarga_1,16,full,raghavendra_vijaya:sarga_1:16,"कलये कवनं किञ्चित्कवीनां सहवासतः
पाटीरगिरिसान्निध्यान्निम्बद्रुरिव सौरभम्",अनुष्टुप्,32,17.376,plausible,1.0,1.00 exact,auto_accepted,,dge_linked,D,"[""clipping""]",none (spot-check optional)
kamadhenu_dataset/incoming_audio/dge_linked/raghavendra_vijaya/rv01.17.mp3,raghavendra_vijaya,sarga_1,17,full,raghavendra_vijaya:sarga_1:17,"दृष्टं गुरुप्रसदनमदृष्टं च फलं कृतेः
यथा स्विष्टकृतो ब्रह्मसूत्राद्यप्रणवस्य च",अनुष्टुप् (vipulā/irregular — unverified),32,16.8,plausible,1.0,1.00 exact,auto_accepted,,dge_linked,B,"[""hot_peaks""]",none (spot-check optional)
kamadhenu_dataset/incoming_audio/dge_linked/raghavendra_vijaya/rv01.18.mp3,raghavendra_vijaya,sarga_1,18,full,raghavendra_vijaya:sarga_1:18,"श्रेयांसि श्रयते को वा प्रसादेन विना गुरोः
कैवल्यमिव गोविन्दकारुण्येन विना जनः",अनुष्टुप्,32,17.04,plausible,1.0,1.00 exact,auto_accepted,,dge_linked,D,"[""clipping""]",none (spot-check optional)
kamadhenu_dataset/incoming_audio/dge_linked/raghavendra_vijaya/rv01.19.mp3,raghavendra_vijaya,sarga_1,19,full,raghavendra_vijaya:sarga_1:19,"कविताफलमन्यत्किं गुरूणां गुणवर्णनात्
अपवर्गं विनान्यत्किं ब्रह्मजिज्ञासने फलम्",अनुष्टुप्,32,17.04,plausible,1.0,1.00 exact,auto_accepted,,dge_linked,D,"[""clipping""]",none (spot-check optional)
kamadhenu_dataset/incoming_audio/dge_linked/raghavendra_vijaya/rv01.20.mp3,raghavendra_vijaya,sarga_1,20,full,raghavendra_vijaya:sarga_1:20,"गुरुपादरजस्सङ्गाद्विमलं कवनं मम
कलुषं वारि कतकरजसा किं न निर्मलम्",अनुष्टुप् (vipulā/irregular — unverified),32,16.728,plausible,1.0,1.00 exact,auto_accepted,,dge_linked,D,"[""clipping""]",none (spot-check optional)
kamadhenu_dataset/incoming_audio/dge_linked/raghavendra_vijaya/rv01.21.mp3,raghavendra_vijaya,sarga_1,21,full,raghavendra_vijaya:sarga_1:21,"रमणीयापि कविता न हृद्या यद्यसत्परा
निसर्गमधुरा दुष्टजिह्वासक्तेव शर्करा",अनुष्टुप् (vipulā/irregular — unverified),32,16.488,plausible,1.0,1.00 exact,auto_accepted,,dge_linked,D,"[""clipping""]",none (spot-check optional)
kamadhenu_dataset/incoming_audio/dge_linked/raghavendra_vijaya/rv01.22.mp3,raghavendra_vijaya,sarga_1,22,full,raghavendra_vijaya:sarga_1:22,"अभव्यमपि मे काव्यं सेव्यं गुरुगुणाश्रयम्
घनाघनगतं वारि यथा लवणवारिधेः",अनुष्टुप्,32,17.016,plausible,1.0,1.00 exact,auto_accepted,,dge_linked,D,"[""clipping""]",none (spot-check optional)
kamadhenu_dataset/incoming_audio/dge_linked/raghavendra_vijaya/rv01.23.mp3,raghavendra_vijaya,sarga_1,23,full,raghavendra_vijaya:sarga_1:23,"अदोषाप्यगुणेत्युक्तिस्त्यक्तुं युक्ता न मे बुधैः
पतिव्रतागुणेत्येव पत्या किं त्यजते प्रिया",अनुष्टुप्,32,16.608,plausible,1.0,1.00 exact,auto_accepted,,dge_linked,D,"[""clipping""]",none (spot-check optional)
kamadhenu_dataset/incoming_audio/dge_linked/raghavendra_vijaya/rv01.24.mp3,raghavendra_vijaya,sarga_1,24,full,raghavendra_vijaya:sarga_1:24,"अदोषं गुणवद्धृश्यं सर्वैः सर्वार्थदायकम्
परं ब्रह्मेव यत्काव्यं श्रुत्युक्तं तत्तु दुर्लभम्",अनुष्टुप्,32,16.968,plausible,1.0,1.00 exact,auto_accepted,,dge_linked,D,"[""clipping""]",none (spot-check optional)
kamadhenu_dataset/incoming_audio/dge_linked/raghavendra_vijaya/rv01.25.mp3,raghavendra_vijaya,sarga_1,25,full,raghavendra_vijaya:sarga_1:25,"काव्ये गवेषते कश्चिद्दोषमेव गुणं परः
पिचुमन्दं यथा काकः पिकश्चूतलतां यथा",अनुष्टुप्,32,17.016,plausible,1.0,1.00 exact,auto_accepted,,dge_linked,B,"[""hot_peaks""]",none (spot-check optional)
kamadhenu_dataset/incoming_audio/dge_linked/raghavendra_vijaya/rv01.26.mp3,raghavendra_vijaya,sarga_1,26,full,raghavendra_vijaya:sarga_1:26,"अस्मद्गुरूणामाधिक्यं कविः को वाऽनुवर्णयेत्
तथापि तत्प्रसादेन भक्त्या किंचिद्वदाम्यहम्",अनुष्टुप् (vipulā/irregular — unverified),32,16.896,plausible,1.0,1.00 exact,auto_accepted,,dge_linked,D,"[""clipping""]",none (spot-check optional)
kamadhenu_dataset/incoming_audio/dge_linked/raghavendra_vijaya/rv01.27.mp3,raghavendra_vijaya,sarga_1,27,full,raghavendra_vijaya:sarga_1:27,"देवानामिब देवेन्द्रो यो दत्त इव योगिनाम्
दुग्धाब्धिरिव सिन्धूनां गुरूणामिव पूर्णधीः",अनुष्टुप्,32,17.208,plausible,1.0,1.00 exact,auto_accepted,,dge_linked,D,"[""clipping""]",none (spot-check optional)
kamadhenu_dataset/incoming_audio/dge_linked/raghavendra_vijaya/rv01.28.mp3,raghavendra_vijaya,sarga_1,28,full,raghavendra_vijaya:sarga_1:28,"तिग्मांशुरिव तेजस्वी शीतांशुरिव शीतलः
यः सिन्धुरिव गम्भीरो धराधर इव स्थिरः",अनुष्टुप्,32,16.344,plausible,1.0,1.00 exact,auto_accepted,,dge_linked,D,"[""clipping""]",none (spot-check optional)
kamadhenu_dataset/incoming_audio/dge_linked/raghavendra_vijaya/rv01.29.mp3,raghavendra_vijaya,sarga_1,29,full,raghavendra_vijaya:sarga_1:29,"शारदाया दयामेव शास्त्राणां परिशीलने
विविधग्रन्थकरणे यः सहायं समाश्रितः",अनुष्टुप् (vipulā/irregular — unverified),32,16.272,plausible,1.0,1.00 exact,auto_accepted,,dge_linked,D,"[""clipping""]",none (spot-check optional)
kamadhenu_dataset/incoming_audio/dge_linked/raghavendra_vijaya/rv01.30.mp3,raghavendra_vijaya,sarga_1,30,full,raghavendra_vijaya:sarga_1:30,"वेदव्रजावनोद्युक्तं विद्यादेवी विलोक्य यम्
व्यस्मरद्गहुरूपेण तपस्यन्तं समीरणम्",अनुष्टुप्,32,17.112,plausible,1.0,1.00 exact,auto_accepted,,dge_linked,D,"[""clipping""]",none (spot-check optional)
kamadhenu_dataset/incoming_audio/dge_linked/raghavendra_vijaya/rv01.31.mp3,raghavendra_vijaya,sarga_1,31,full,raghavendra_vijaya:sarga_1:31,"कलिकालकलालूनमूलजालकला लता
यद्वागमृतसेकेन पुनस्सञ्जातपल्लवा",अनुष्टुप्,32,16.656,plausible,1.0,1.00 exact,auto_accepted,,dge_linked,D,"[""clipping""]",none (spot-check optional)
kamadhenu_dataset/incoming_audio/dge_linked/raghavendra_vijaya/rv01.32.mp3,raghavendra_vijaya,sarga_1,32,full,raghavendra_vijaya:sarga_1:32,"ललाटरेखादम्भेन बिरुदाक्षरशालिनः
जयस्तम्भायिता यस्य प्रतिधीराः पराजिताः",अनुष्टुप् (vipulā/irregular — unverified),32,17.232,plausible,1.0,1.00 exact,auto_accepted,,dge_linked,D,"[""clipping""]",none (spot-check optional)
kamadhenu_dataset/incoming_audio/dge_linked/raghavendra_vijaya/rv01.33.mp3,raghavendra_vijaya,sarga_1,33,full,raghavendra_vijaya:sarga_1:33,"श्रोतॄणां श्रवणान्यासन् यद्वागमृतसेवया
नित्यापि तदयोग्यत्वान्न तथाहीन्द्रियान्तरम्",अनुष्टुप्,32,16.848,plausible,1.0,1.00 exact,auto_accepted,,dge_linked,B,"[""hot_peaks""]",none (spot-check optional)
kamadhenu_dataset/incoming_audio/dge_linked/raghavendra_vijaya/rv01.34.mp3,raghavendra_vijaya,sarga_1,34,full,raghavendra_vijaya:sarga_1:34,"प्रतीपविद्वत्पाथोधिमथनोत्सवचुञ्चुना
वादमन्दरशैलेन येनावापि यशोमृतम्",अनुष्टुप् (vipulā/irregular — unverified),32,17.232,plausible,1.0,1.00 exact,auto_accepted,,dge_linked,D,"[""clipping""]",none (spot-check optional)
kamadhenu_dataset/incoming_audio/dge_linked/raghavendra_vijaya/rv01.35.mp3,raghavendra_vijaya,sarga_1,35,full,raghavendra_vijaya:sarga_1:35,"हिरण्यगर्भमूर्तिस्थपुरुषस्येव यद्यशः
ततो बहिः प्रस्त्रमरं राजते रौप्यसंपुटम्",अनुष्टुप् (vipulā/irregular — unverified),32,17.376,plausible,1.0,1.00 exact,auto_accepted,,dge_linked,D,"[""clipping""]",none (spot-check optional)
kamadhenu_dataset/incoming_audio/dge_linked/raghavendra_vijaya/rv01.36.mp3,raghavendra_vijaya,sarga_1,36,full,raghavendra_vijaya:sarga_1:36,"गुरुराद्यः स्वसिद्धान्तप्रतिष्ठापनपण्डितम्
श्रुत्वा यं व्यासनिकटे निश्चिन्त इव वर्तते",अनुष्टुप् (vipulā/irregular — unverified),32,17.112,plausible,1.0,1.00 exact,auto_accepted,,dge_linked,D,"[""clipping""]",none (spot-check optional)
kamadhenu_dataset/incoming_audio/dge_linked/raghavendra_vijaya/rv01.37.mp3,raghavendra_vijaya,sarga_1,37,full,raghavendra_vijaya:sarga_1:37,"गोपायति दृढं यस्मिन्नवनीदेवताकुलम्
शयानः शेषशय्यायां निद्रातीव हरिश्चिरम्",अनुष्टुप्,32,16.752,plausible,1.0,1.00 exact,auto_accepted,,dge_linked,B,"[""hot_peaks""]",none (spot-check optional)
kamadhenu_dataset/incoming_audio/dge_linked/raghavendra_vijaya/rv01.38.mp3,raghavendra_vijaya,sarga_1,38,full,raghavendra_vijaya:sarga_1:38,"पदेपदे प्रपन्नानां संपदः स्मृतिसंभवाः
परीभावप्रदे यस्मिन् शैले शेते नु शंकरः",अनुष्टुप्,32,16.848,plausible,1.0,1.00 exact,auto_accepted,,dge_linked,D,"[""clipping""]",none (spot-check optional)
kamadhenu_dataset/incoming_audio/dge_linked/raghavendra_vijaya/rv01.39.mp3,raghavendra_vijaya,sarga_1,39,full,raghavendra_vijaya:sarga_1:39,"व्याख्यां प्रख्याप्य विख्यातो संख्यावत्सु यदीरिताम्
सुरलोके सुरगुरुः पाताले फणिनां पतिः",अनुष्टुप् (vipulā/irregular — unverified),32,17.304,plausible,1.0,1.00 exact,auto_accepted,,dge_linked,D,"[""clipping""]",none (spot-check optional)
kamadhenu_dataset/incoming_audio/dge_linked/raghavendra_vijaya/rv01.40.mp3,raghavendra_vijaya,sarga_1,40,full,raghavendra_vijaya:sarga_1:40,"चित्ते चेन्मृदुता शिरीषसदृशे हैयंगवीनं शिला- गाम्भीर्यं यदि यस्य सोन्धुरुदधीः शास्त्रेषु चेत्पाण्डिती
आचार्यो विबुधेशितुः कलयते विद्यार्थितामादरा- दौदार्यं यदि कल्पपादपमुखाः संभावयन्तेऽर्थिताम्",शार्दूलविक्रीडित,76,46.872,plausible,1.0,1.00 exact,auto_accepted,,dge_linked,D,"[""clipping""]",none (spot-check optional)
kamadhenu_dataset/incoming_audio/dge_linked/raghavendra_vijaya/rv01.41.mp3,raghavendra_vijaya,sarga_1,41,full,raghavendra_vijaya:sarga_1:41,"तस्मान्महामहिम्नेऽस्मै मनः स्पृहयते मम
तद्गौरवेण मत्काव्यमङ्गीकुर्वन्तु सज्जनाः",अनुष्टुप्,32,18.696,plausible,1.0,1.00 exact,auto_accepted,,dge_linked,D,"[""clipping"", ""noisy_low_snr""]",none (spot-check optional)
kamadhenu_dataset/incoming_audio/dge_linked/raghavendra_vijaya/rv01.42.mp3,raghavendra_vijaya,sarga_1,42,full,raghavendra_vijaya:sarga_1:42,"श्रीमत्कश्यपवंशवार्धिशशिनः षड्दर्शनीवल्लभ- श्रीलक्ष्मीनरसिंहवित्तविदुषः श्रीवेङ्कटाम्बामणौ
जातेनार्यदयासुधामयगिरा नारायणेनोदिते काव्ये चारुणि राघवेन्द्रविजये सर्गो जयत्यादिमः",शार्दूलविक्रीडित,76,39.624,plausible,1.0,1.00 exact,auto_accepted,,dge_linked,D,"[""clipping""]",none (spot-check optional)
kamadhenu_dataset/incoming_audio/dge_linked/raghavendra_vijaya/rv02.01.mp3,raghavendra_vijaya,sarga_2,1,full,raghavendra_vijaya:sarga_2:1,"रामावतारस्य हरेरधत्त सेवां हनुमद्रूपुपा समीरः
भीमात्मना यादवभूषणस्य मध्वात्मना व्यासमुनित्वभाजः",अज्ञातम्,44,18.216,plausible,1.0,1.00 exact,auto_accepted,,dge_linked,D,"[""clipping""]",none (spot-check optional)
kamadhenu_dataset/incoming_audio/dge_linked/raghavendra_vijaya/rv02.02.mp3,raghavendra_vijaya,sarga_2,2,full,raghavendra_vijaya:sarga_2:2,"आभाष्य भाष्यं निगमान्तसूत्रव्याख्यात्मकं पूर्णमतिर्गुरुर्नः
संपादयध्वं मतसंप्रदायसमृद्धिमित्यादिदिशेयमीश्वरान्",अज्ञातम्,45,18.192,plausible,1.0,1.00 exact,auto_accepted,,dge_linked,D,"[""clipping""]",none (spot-check optional)
kamadhenu_dataset/incoming_audio/dge_linked/raghavendra_vijaya/rv02.03.mp3,raghavendra_vijaya,sarga_2,3,full,raghavendra_vijaya:sarga_2:3,"भाष्यामृतोत्पादकरोऽनुभाष्यश्रीमान्स भाष्यान्तरकल्पशाखी
व्यासं गुरुं संश्रयते बदर्यामानन्दतीर्थाभिधदुग्धसिन्धुः",इन्द्रवज्रा,44,18.48,plausible,1.0,1.00 exact,auto_accepted,,dge_linked,D,"[""clipping"", ""broadband_noise_floor""]",none (spot-check optional)
kamadhenu_dataset/incoming_audio/dge_linked/raghavendra_vijaya/rv02.04.mp3,raghavendra_vijaya,sarga_2,4,full,raghavendra_vijaya:sarga_2:4,"सिद्धान्तसंरोहविधौ नियुक्तेष्वेतेष्वनेक्रवतिषु प्रधानः
प्रेमास्पदं स्वीयगुरोः स पद्मनाभार्यवर्योऽकृत दर्शनर्द्धिम्",अज्ञातम्,44,18.552,plausible,1.0,1.00 exact,auto_accepted,,dge_linked,D,"[""clipping""]",none (spot-check optional)
kamadhenu_dataset/incoming_audio/dge_linked/raghavendra_vijaya/rv02.05.mp3,raghavendra_vijaya,sarga_2,5,full,raghavendra_vijaya:sarga_2:5,"सत्तर्कदीपावलिमप्युदारां सन्यायरत्नावलिमप्यनिन्द्याम्
भाष्यानुभाष्याशयबोधहेतू ततान यस्तार्किकमौलिरत्नम्",उपजाति,44,18.36,plausible,1.0,1.00 exact,auto_accepted,,dge_linked,D,"[""clipping""]",none (spot-check optional)
kamadhenu_dataset/incoming_audio/dge_linked/raghavendra_vijaya/rv02.06.mp3,raghavendra_vijaya,sarga_2,6,full,raghavendra_vijaya:sarga_2:6,"व्याख्यासु यः पाणिनिसूत्रभाष्यव्याख्यादशां व्यञ्जयति स्म साक्षात्
छन्नो यवन्या प्रतिपादनेन सहस्रधा सूत्रपदाशयानाम्",उपजाति,44,18.048,plausible,1.0,1.00 exact,auto_accepted,,dge_linked,D,"[""clipping""]",none (spot-check optional)
kamadhenu_dataset/incoming_audio/dge_linked/raghavendra_vijaya/rv02.07.mp3,raghavendra_vijaya,sarga_2,7,full,raghavendra_vijaya:sarga_2:7,"गुरोर्नियोगादधिगम्य राज्यं शिष्यस्तदीयो नृहरिव्रतीन्द्रः
गजेशकोशस्थितराममूर्तिं पूर्णप्रबोधाय समर्पयत्ताम्",उपजाति,44,18.912,plausible,1.0,1.00 exact,auto_accepted,,dge_linked,D,"[""clipping""]",none (spot-check optional)
kamadhenu_dataset/incoming_audio/dge_linked/raghavendra_vijaya/rv02.08.mp3,raghavendra_vijaya,sarga_2,8,full,raghavendra_vijaya:sarga_2:8,"सा यत्र रामप्रतिमास्ति तत्र चतुःपुमर्थी सततं चकास्ति
आदिश्य चैवं गुरुणैव दत्तामानर्चयस्तामनिशं यमीन्द्रः",उपजाति,44,19.92,plausible,1.0,1.00 exact,auto_accepted,,dge_linked,D,"[""clipping""]",none (spot-check optional)
kamadhenu_dataset/incoming_audio/dge_linked/raghavendra_vijaya/rv02.09.mp3,raghavendra_vijaya,sarga_2,9,full,raghavendra_vijaya:sarga_2:9,"अन्ते वसंतस्य गुरोरनेनासभाजवत्तां प्रतिमां वितीर्णाम्
संवर्धयन्नादिमसंप्रदायमन्योऽभवन्माधवकंसंयमीन्द्रः",अज्ञातम्,45,18.168,plausible,1.0,1.00 exact,auto_accepted,,dge_linked,D,"[""clipping""]",none (spot-check optional)
kamadhenu_dataset/incoming_audio/dge_linked/raghavendra_vijaya/rv02.10.mp3,raghavendra_vijaya,sarga_2,10,full,raghavendra_vijaya:sarga_2:10,"मुनेरमुष्मादनवद्यबोधात्कृतोपदेशः प्रतिमां च गृह्णन्
क्षोभं विधातुं प्रतिवादिवाचमक्षोभ्यनामा मुनिराविरासीत्",उपजाति,44,18.912,plausible,1.0,1.00 exact,auto_accepted,,dge_linked,D,"[""clipping""]",none (spot-check optional)
kamadhenu_dataset/incoming_audio/dge_linked/raghavendra_vijaya/rv02.11.mp3,raghavendra_vijaya,sarga_2,11,full,raghavendra_vijaya:sarga_2:11,"दृढासिना तत्त्वमसीतिवाचा सामर्थ्यभाजा परजीवभेदे
अवैदिकाम्यं मुनिरेष विदारण्यं शरण्यं कुदृशां बिभेद",अज्ञातम्,44,18.744,plausible,1.0,1.00 exact,auto_accepted,,dge_linked,D,"[""clipping""]",none (spot-check optional)
kamadhenu_dataset/incoming_audio/dge_linked/raghavendra_vijaya/rv02.12.mp3,raghavendra_vijaya,sarga_2,12,full,raghavendra_vijaya:sarga_2:12,"तल्लब्धबोधो विमतैकबाधो जयैकभूर्जयतीर्थनामा
व्याचष्ट पूर्णप्रमतिप्रणीतं सर्वं प्रबन्धं सरसैर्वचोभिः",अज्ञातम्,43,18.96,plausible,1.0,1.00 exact,auto_accepted,,dge_linked,D,"[""clipping""]",none (spot-check optional)
kamadhenu_dataset/incoming_audio/dge_linked/raghavendra_vijaya/rv02.13.mp3,raghavendra_vijaya,sarga_2,13,full,raghavendra_vijaya:sarga_2:13,"असौ कदाचिद्गृहिभावकाले विधाय धाटीं तुरगाधिरूढः
अक्षोभ्यतीर्थाश्रिततीरसीमामक्षोभ्यतीर्थां तटिनीमयासीत्",उपजाति,44,18.672,plausible,1.0,1.00 exact,auto_accepted,,dge_linked,D,"[""clipping""]",none (spot-check optional)
kamadhenu_dataset/incoming_audio/dge_linked/raghavendra_vijaya/rv02.14.mp3,raghavendra_vijaya,sarga_2,14,full,raghavendra_vijaya:sarga_2:14,"अनुद्धृतं वारि समुद्धतश्रीः पीत्वा मुखेनैव तृषाकुलेन
मुनिं समीपे मननैकतानमसावनंसीदवलोक्य मूर्ध्ना",उपजाति,44,18.624,plausible,1.0,1.00 exact,auto_accepted,,dge_linked,D,"[""clipping""]",none (spot-check optional)
kamadhenu_dataset/incoming_audio/dge_linked/raghavendra_vijaya/rv02.15.mp3,raghavendra_vijaya,sarga_2,15,full,raghavendra_vijaya:sarga_2:15,"अभ्यर्थितस्तेन मुनिः सभक्त्या संन्यासमन्यादृशवारिपानात्
अमंस्त तं पूर्णमतिप्रदिष्टं व्याख्यातृभावे वृषमन्यभावे",उपजाति,44,17.544,plausible,1.0,1.00 exact,auto_accepted,,dge_linked,D,"[""clipping""]",none (spot-check optional)
kamadhenu_dataset/incoming_audio/dge_linked/raghavendra_vijaya/rv02.16.mp3,raghavendra_vijaya,sarga_2,16,full,raghavendra_vijaya:sarga_2:16,"विधाय तं संयमिनं प्रहृष्टे गुरौ तदीयारुषिताः पुनस्तम्
निन्युः पुरीं तत्र भयेन भार्या जनेन दृष्टः स तु शेषवेषः",उपजाति,44,18.312,plausible,1.0,1.00 exact,auto_accepted,,dge_linked,D,"[""clipping""]",none (spot-check optional)
kamadhenu_dataset/incoming_audio/dge_linked/raghavendra_vijaya/rv02.17.mp3,raghavendra_vijaya,sarga_2,17,full,raghavendra_vijaya:sarga_2:17,"ततोऽतिविश्वासयुजा नगर्याः पित्रादिना बन्धुजनेन तूर्णम्
आनीय तस्मै मुनये स दत्तः शास्त्राण्यमुष्मादखिलानि लेभे",उपजाति,44,18.264,plausible,1.0,1.00 exact,auto_accepted,,dge_linked,D,"[""clipping""]",none (spot-check optional)
kamadhenu_dataset/incoming_audio/dge_linked/raghavendra_vijaya/rv02.18.mp3,raghavendra_vijaya,sarga_2,18,full,raghavendra_vijaya:sarga_2:18,"तस्मादुपेता प्रतिमा हरेः सा क्रमेण सिद्धान्तसमृद्धिहेतुः
विद्याधिराजव्रतिनं कवीन्द्रं वागीशमस्मादपि रामचन्द्रम्",उपजाति,44,18.408,plausible,1.0,1.00 exact,auto_accepted,,dge_linked,D,"[""clipping"", ""broadband_noise_floor""]",none (spot-check optional)
kamadhenu_dataset/incoming_audio/dge_linked/raghavendra_vijaya/rv02.19.mp3,raghavendra_vijaya,sarga_2,19,full,raghavendra_vijaya:sarga_2:19,"अन्ते वसंतस्य नृसिंहदेवोपान्ते वसंतत्कृपया प्रतीतः
विजित्य सर्वान्विबुधेन्द्रयोगी बभौ हरेरर्पितजैत्रपत्रः",उपजाति,44,18.552,plausible,1.0,1.00 exact,auto_accepted,,dge_linked,D,"[""clipping""]",none (spot-check optional)
kamadhenu_dataset/incoming_audio/dge_linked/raghavendra_vijaya/rv02.20.mp3,raghavendra_vijaya,sarga_2,20,full,raghavendra_vijaya:sarga_2:20,"जितारिरस्माद्रघुनन्दनोतस्ततः सुरेन्द्रव्रतिनो बभूवुः
पवित्रिताभूदखिला धरित्री चिरं गृहीतानशनव्रतैस्तैः",उपेन्द्रवज्रा,44,18.36,plausible,1.0,1.00 exact,auto_accepted,,dge_linked,D,"[""clipping""]",none (spot-check optional)
kamadhenu_dataset/incoming_audio/dge_linked/raghavendra_vijaya/rv02.21.mp3,raghavendra_vijaya,sarga_2,21,full,raghavendra_vijaya:sarga_2:21,"विद्वद्धरोस्माद्विजयीन्द्रयोगी विद्यासु हृद्यास्वतुलप्रभावः
रत्नाभिषेकं किल रामराजात् प्राप्याम्ररुक्मीनकृताग्रहारान्",इन्द्रवज्रा,44,18.384,plausible,1.0,1.00 exact,auto_accepted,,dge_linked,D,"[""clipping""]",none (spot-check optional)
kamadhenu_dataset/incoming_audio/dge_linked/raghavendra_vijaya/rv02.22.mp3,raghavendra_vijaya,sarga_2,22,full,raghavendra_vijaya:sarga_2:22,"वाक्ये पदे पादविलोचनोक्तौ व्यासीयशास्त्रे च कृतान्प्रबन्धान्
आस्तां बुधः श्रोतुमशेषमेषामाख्याः समाख्याददि पण्डितोऽसौ",इन्द्रवज्रा,44,18.192,plausible,1.0,1.00 exact,auto_accepted,,dge_linked,D,"[""clipping""]",none (spot-check optional)
kamadhenu_dataset/incoming_audio/dge_linked/raghavendra_vijaya/rv02.23.mp3,raghavendra_vijaya,sarga_2,23,full,raghavendra_vijaya:sarga_2:23,"सा रामचन्द्रप्रतिमा जयीन्द्रात्सुधीन्द्रयोगीन्द्रमगात्क्रमेण
विस्तीर्णकीर्तिर्विभावावन्यां विख्यातविद्वज्जनवन्द्यपादः",अज्ञातम्,43,18.048,plausible,1.0,1.00 exact,auto_accepted,,dge_linked,D,"[""clipping""]",none (spot-check optional)
kamadhenu_dataset/incoming_audio/dge_linked/raghavendra_vijaya/rv02.24.mp3,raghavendra_vijaya,sarga_2,24,full,raghavendra_vijaya:sarga_2:24,"पवित्रितामेष धरां वितन्वन् सञ्चारतो दिग्विजयपदेशात्
श्रीवेङ्कटक्ष्मापरणीसमक्षे वादेन विद्वेषिबुधान् विजिग्ये",अज्ञातम्,44,18.792,plausible,1.0,1.00 exact,auto_accepted,,dge_linked,D,"[""clipping""]",none (spot-check optional)
kamadhenu_dataset/incoming_audio/dge_linked/raghavendra_vijaya/rv02.25.mp3,raghavendra_vijaya,sarga_2,25,full,raghavendra_vijaya:sarga_2:25,"समेत्य शङ्खादिमजैत्रचिह्नं नृपादमूष्मादपि सह्यजायाः
तटस्थितां तापससेवितां तां पुरीं प्रपेदे पुनरुक्तनाकाम्",उपेन्द्रवज्रा,44,18.6,plausible,1.0,1.00 exact,auto_accepted,,dge_linked,D,"[""clipping""]",none (spot-check optional)
kamadhenu_dataset/incoming_audio/dge_linked/raghavendra_vijaya/rv02.26.mp3,raghavendra_vijaya,sarga_2,26,full,raghavendra_vijaya:sarga_2:26,"सदा परीता परिणाहवारिप्रवाहरीत्या भुवि सह्यपुत्र्याः
पराजिताखण्डलपट्टनश्रीर्या कुम्भघोणाभिधया समिन्धे",उपजाति,44,18.36,plausible,1.0,1.00 exact,auto_accepted,,dge_linked,D,"[""clipping""]",none (spot-check optional)
kamadhenu_dataset/incoming_audio/dge_linked/raghavendra_vijaya/rv02.27.mp3,raghavendra_vijaya,sarga_2,27,full,raghavendra_vijaya:sarga_2:27,"पातालपर्यन्तनिविष्टमूलां वैरिञ्चगेहव्यतिलङ्घि मौलिम्
पीताम्बरां हाटकहारिशोभां मन्ये स लक्ष्मीं परदेवतां याम्",इन्द्रवज्रा,44,18.624,plausible,1.0,1.00 exact,auto_accepted,,dge_linked,D,"[""clipping""]",none (spot-check optional)
kamadhenu_dataset/incoming_audio/dge_linked/raghavendra_vijaya/rv02.28.mp3,raghavendra_vijaya,sarga_2,28,full,raghavendra_vijaya:sarga_2:28,"अध्यासिता राजतसालमध्यै आसारसौधच्छलमाधवेन
खेयाम्बुधौ क्षीरमये निविष्टश्वेतादिमद्वीपमयी रमा या",इन्द्रवज्रा,44,18.192,plausible,1.0,1.00 exact,auto_accepted,,dge_linked,D,"[""clipping""]",none (spot-check optional)
kamadhenu_dataset/incoming_audio/dge_linked/raghavendra_vijaya/rv02.29.mp3,raghavendra_vijaya,sarga_2,29,full,raghavendra_vijaya:sarga_2:29,"स्वयंभुवा या ससृजे पुरस्ताद्ब्रह्माण्डसृष्टेः परिशीलनाय
नो चेदमुष्याः कथमीदृशी स्याद्विशालता विश्वनिवासयोग्या",उपजाति,44,18.192,plausible,1.0,1.00 exact,auto_accepted,,dge_linked,D,"[""clipping""]",none (spot-check optional)
kamadhenu_dataset/incoming_audio/dge_linked/raghavendra_vijaya/rv02.30.mp3,raghavendra_vijaya,sarga_2,30,full,raghavendra_vijaya:sarga_2:30,"यत्खेयखेलद्विपदानवारिगन्धे तदम्भोरुहसौरभे च
लोभाद्भ्रमन् कंचन नाप भृङ्गो नैवातिवाञ्छस्य निजेष्टलाभः",इन्द्रवज्रा,44,17.952,plausible,1.0,1.00 exact,auto_accepted,,dge_linked,D,"[""clipping""]",none (spot-check optional)
kamadhenu_dataset/incoming_audio/dge_linked/raghavendra_vijaya/rv02.31.mp3,raghavendra_vijaya,sarga_2,31,full,raghavendra_vijaya:sarga_2:31,"दत्तो महादानकृता विधात्रा सरोजसङ्माण्डकटाह एव
या स्वर्गसत्यान्नितलोकयुक्ता नो चेत्स तद्वान्विधिरस्तु केन",उपजाति,44,18.024,plausible,1.0,1.00 exact,auto_accepted,,dge_linked,D,"[""clipping""]",none (spot-check optional)
kamadhenu_dataset/incoming_audio/dge_linked/raghavendra_vijaya/rv02.32.mp3,raghavendra_vijaya,sarga_2,32,full,raghavendra_vijaya:sarga_2:32,"न केवलं यद्धलभीविहङ्गाः प्रांशुस्थिता नन्दननीडभाजः
गीर्वाणवाण्या विहगान्विवादैर्विजिग्यिरे हन्त विचित्रवाग्भिः",उपजाति,44,17.616,plausible,1.0,1.00 exact,auto_accepted,,dge_linked,D,"[""clipping""]",none (spot-check optional)
kamadhenu_dataset/incoming_audio/dge_linked/raghavendra_vijaya/rv02.33.mp3,raghavendra_vijaya,sarga_2,33,full,raghavendra_vijaya:sarga_2:33,"वर्धिष्णुसौधाग्रविभिन्नपद्मजन्माण्डनिर्यद्बहिरम्बुपूरम्
वदन्ति गङ्गां परता कथं वा स्याद्वामनाङ्घ्रेर्द्रुहिणाण्डभेदः",उपजाति,44,23.976,plausible,1.0,1.00 exact,auto_accepted,,dge_linked,B,"[""hot_peaks"", ""long_internal_silence""]",none (spot-check optional)
kamadhenu_dataset/incoming_audio/dge_linked/raghavendra_vijaya/rv02.34.mp3,raghavendra_vijaya,sarga_2,34,full,raghavendra_vijaya:sarga_2:34,"मध्यन्दिने यौवतनर्मकीर्णकस्तूरिकापङ्किलसौधशृङ्गे
रथं नु भग्नं परिकृप्य यस्यां श्रान्तोर्कवाजी समया करोति",उपजाति,44,21.984,plausible,1.0,1.00 exact,auto_accepted,,dge_linked,D,"[""clipping"", ""long_leading_silence""]",none (spot-check optional)
kamadhenu_dataset/incoming_audio/dge_linked/raghavendra_vijaya/rv02.35.mp3,raghavendra_vijaya,sarga_2,35,full,raghavendra_vijaya:sarga_2:35,"अगाधपाथःपरिखां यदीयामम्भोनिधिः स्वेन समीचकार
गाम्भीर्यगर्वेण जडाश्रयत्वादेनं रुषागस्त्यमुनिः पपौ किम्",उपजाति,44,20.784,plausible,1.0,1.00 exact,auto_accepted,,dge_linked,D,"[""clipping""]",none (spot-check optional)
kamadhenu_dataset/incoming_audio/dge_linked/raghavendra_vijaya/rv02.36.mp3,raghavendra_vijaya,sarga_2,36,full,raghavendra_vijaya:sarga_2:36,"पद्मात्मभूब्रह्महिरण्यगर्भस्रष्टृत्वहंसाश्रयवाक्प्रियत्वैः
चतुर्मुखत्वेन च धातृभावाच्चकास्ति यस्याश्चतुराननत्वम्",उपजाति,44,17.928,plausible,1.0,1.00 exact,auto_accepted,,dge_linked,D,"[""clipping""]",none (spot-check optional)
kamadhenu_dataset/incoming_audio/dge_linked/raghavendra_vijaya/rv02.37.mp3,raghavendra_vijaya,sarga_2,37,full,raghavendra_vijaya:sarga_2:37,"दम्भोलिपाणिर्धरणीधरेन्द्रदम्भादपासीदधिभूमि यस्याम्
अम्भोजुचस्तस्य वियोगभीतास्तम्बेरमेन्द्राः परितश्चरन्ति",इन्द्रवज्रा,44,17.52,plausible,1.0,1.00 exact,auto_accepted,,dge_linked,D,"[""clipping""]",none (spot-check optional)
kamadhenu_dataset/incoming_audio/dge_linked/raghavendra_vijaya/rv02.38.mp3,raghavendra_vijaya,sarga_2,38,full,raghavendra_vijaya:sarga_2:38,"खेये यदीये कलशाम्बुराशौ वैशाखशैलान्मणिजालसालैः
उदारधेनुद्युमणीन्दिराभिर्योगादपां तद्दुहुधेति मन्ये",उपजाति,44,18.792,plausible,1.0,1.00 exact,auto_accepted,,dge_linked,D,"[""clipping""]",none (spot-check optional)
kamadhenu_dataset/incoming_audio/dge_linked/raghavendra_vijaya/rv02.39.mp3,raghavendra_vijaya,sarga_2,39,full,raghavendra_vijaya:sarga_2:39,"भुञ्जानकञ्जाननसौधसद्ममध्यं समागादिति सूरसूतः
यदीयदोवारिकदारितोरुस्तेनासृजाद्याप्यरुणो ह्यनूरुः",उपजाति,44,17.664,plausible,1.0,1.00 exact,auto_accepted,,dge_linked,D,"[""clipping""]",none (spot-check optional)
kamadhenu_dataset/incoming_audio/dge_linked/raghavendra_vijaya/rv02.40.mp3,raghavendra_vijaya,sarga_2,40,full,raghavendra_vijaya:sarga_2:40,"स्त्रीयावनैश्वर्यकलान्यशिक्षाकृते रमेशांशनृपेण यस्याम्
मुक्तरुणेन्द्रोपलसौधदम्भाद्गुणत्रयं किं क्रमशॊ गृहीतम्",अज्ञातम्,44,18.024,plausible,1.0,1.00 exact,auto_accepted,,dge_linked,D,"[""clipping""]",none (spot-check optional)
kamadhenu_dataset/incoming_audio/dge_linked/raghavendra_vijaya/rv02.41.mp3,raghavendra_vijaya,sarga_2,41,full,raghavendra_vijaya:sarga_2:41,"रत्नप्रभाबन्धुरजालजालशृङ्गैर्अनेकैरनुयाति सौधः
नीलाकृतिः स्वात्मनि लक्ष्यलोकः श्रीमान्यदीयः पुरुषस्य रूपम्",इन्द्रवज्रा,44,18.456,plausible,1.0,1.00 exact,auto_accepted,,dge_linked,D,"[""clipping""]",none (spot-check optional)
kamadhenu_dataset/incoming_audio/dge_linked/raghavendra_vijaya/rv02.42.mp3,raghavendra_vijaya,sarga_2,42,full,raghavendra_vijaya:sarga_2:42,"कानीनजाताः श्रुतयश्चतस्रो विभिद्य सालं व्यतिलङ्घिताभ्रम्
द्वारैरुवापुर्विदुषो यदीयानद्यापि तान्येव तु गोपुराणि",उपजाति,44,18.48,plausible,1.0,1.00 exact,auto_accepted,,dge_linked,D,"[""clipping""]",none (spot-check optional)
kamadhenu_dataset/incoming_audio/dge_linked/raghavendra_vijaya/rv02.43.mp3,raghavendra_vijaya,sarga_2,43,full,raghavendra_vijaya:sarga_2:43,"वृत्तं यदीयं चरणैश्चतुर्भिर्द्विरैरुपेत्तं चतुरस्रसालम्
श्रीचक्रबिन्दुं सततं श्रितस्य महीगुहं मन्त्रविदो वदन्ति",उपजाति,44,17.88,plausible,1.0,1.00 exact,auto_accepted,,dge_linked,D,"[""clipping""]",none (spot-check optional)
kamadhenu_dataset/incoming_audio/dge_linked/raghavendra_vijaya/rv02.44.mp3,raghavendra_vijaya,sarga_2,44,full,raghavendra_vijaya:sarga_2:44,"गजैर्गिरीन्द्रैर्जवतो विहङ्गैस्तुङ्गैस्तुरङ्गैर्मिलितं तरङ्गैः
चतुःप्रतोलीचतुरास्यसिन्धुं चतुष्पथं सञ्जगदुर्यदीयम्",उपजाति,44,18.288,plausible,1.0,1.00 exact,auto_accepted,,dge_linked,D,"[""clipping""]",none (spot-check optional)
kamadhenu_dataset/incoming_audio/dge_linked/raghavendra_vijaya/rv02.45.mp3,raghavendra_vijaya,sarga_2,45,full,raghavendra_vijaya:sarga_2:45,"विचित्रयत्पण्यगृहाणि कर्त्रा विस्मृत्य धात्रानुकृतं जनानाम्
समर्पयत्सङ्घनिबोधनार्थं शृङ्गाटकं ज्ञापकहंसपादम्",उपजाति,44,18.0,plausible,1.0,1.00 exact,auto_accepted,,dge_linked,D,"[""clipping""]",none (spot-check optional)
kamadhenu_dataset/incoming_audio/dge_linked/raghavendra_vijaya/rv02.46.mp3,raghavendra_vijaya,sarga_2,46,full,raghavendra_vijaya:sarga_2:46,"पाकाहिते यन्नृपवैभवेन पराजिते हन्त विसृज्य सिन्धुम्
बृहत्कुचा यत्प्रमदाजनानां चरन्ति यस्यां गिरयो निकामम्",उपजाति,44,17.928,plausible,1.0,1.00 exact,auto_accepted,,dge_linked,D,"[""clipping""]",none (spot-check optional)
kamadhenu_dataset/incoming_audio/dge_linked/raghavendra_vijaya/rv02.47.mp3,raghavendra_vijaya,sarga_2,47,full,raghavendra_vijaya:sarga_2:47,"विभाकरेऽस्तेपि विकासभाजां निरन्तरं संसृतहंसकानाम्
घनागमेप्यभ्युदयं गतानां पङ्केरुहैर्यत्प्रमदापदानाम्",उपजाति,44,18.504,plausible,1.0,1.00 exact,auto_accepted,,dge_linked,D,"[""clipping""]",none (spot-check optional)
kamadhenu_dataset/incoming_audio/dge_linked/raghavendra_vijaya/rv02.48.mp3,raghavendra_vijaya,sarga_2,48,full,raghavendra_vijaya:sarga_2:48,"न चन्द्ररेखा नखरेण क्लृप्ता न मोहनं केवलदर्शनेन
न रूक्षता नैव रुचिर्न हारास्तैर्दिभिर्यद्रमणीकुचानाम्",अज्ञातम्,43,18.384,plausible,1.0,1.00 exact,auto_accepted,,dge_linked,D,"[""clipping""]",none (spot-check optional)
kamadhenu_dataset/incoming_audio/dge_linked/raghavendra_vijaya/rv02.49.mp3,raghavendra_vijaya,sarga_2,49,full,raghavendra_vijaya:sarga_2:49,"न बन्धकत्वं शकुलेषु दृष्टं न चोत्पले चञ्चलताम्बुजेषु
स्वतो तनोर्बाधकृतानबाणे यदङ्गनानां नयनैरमीषाम्",उपेन्द्रवज्रा,44,18.0,plausible,1.0,1.00 exact,auto_accepted,,dge_linked,D,"[""clipping""]",none (spot-check optional)
kamadhenu_dataset/incoming_audio/dge_linked/raghavendra_vijaya/rv02.50.mp3,raghavendra_vijaya,sarga_2,50,full,raghavendra_vijaya:sarga_2:50,"न वक्रिमा बर्हिजबर्हिबर्हे न तैजसैकासिकतान्धकारे
न मेघवृन्दे चिरकालनैल्यं यदङ्गनाकेशभरैरतस्तैः",उपेन्द्रवज्रा,44,17.808,plausible,1.0,1.00 exact,auto_accepted,,dge_linked,D,"[""clipping""]",none (spot-check optional)
kamadhenu_dataset/incoming_audio/dge_linked/raghavendra_vijaya/rv02.51.mp3,raghavendra_vijaya,sarga_2,51,full,raghavendra_vijaya:sarga_2:51,"न भ्रूविलासा नतमां स्थिरश्रीर्नारसोक्तिर्नतमां च यस्य
तेनेन्दुना यत्प्रमदामुखानां कथं कवीन्द्राः कथयन्तिसाम्यम्",अज्ञातम्,43,17.496,plausible,1.0,1.00 exact,auto_accepted,,dge_linked,D,"[""clipping""]",none (spot-check optional)
kamadhenu_dataset/incoming_audio/dge_linked/raghavendra_vijaya/rv02.52.mp3,raghavendra_vijaya,sarga_2,52,full,raghavendra_vijaya:sarga_2:52,"तस्यां नगर्यां सुकृते बदर्यां भवाब्धितर्याम्बुधसिंहदर्याम्
विचित्रनाम्नां विजितेन्द्रपुर्यां चिरं न्यवात्सीत्सितसौधगौर्याम्",उपजाति,44,18.504,plausible,1.0,1.00 exact,auto_accepted,,dge_linked,D,"[""clipping""]",none (spot-check optional)
kamadhenu_dataset/incoming_audio/dge_linked/raghavendra_vijaya/rv02.53.mp3,raghavendra_vijaya,sarga_2,53,full,raghavendra_vijaya:sarga_2:53,"अतुलविविधविद्वन्मण्डलीलाल्यमानः प्रभुमणिरघुनाथप्रौढभूपालकेन
महितनिखिलविद्वन्मौलिपादः सुधीन्द्रः परजनदुरवापं प्राप हेमाभिषेकम्",मालिनी,60,28.44,plausible,1.0,1.00 exact,auto_accepted,,dge_linked,D,"[""clipping""]",none (spot-check optional)
kamadhenu_dataset/incoming_audio/dge_linked/raghavendra_vijaya/rv03.01.mp3,raghavendra_vijaya,sarga_3,1,full,raghavendra_vijaya:sarga_3:1,"अवनं सवनादिसत्क्रियाणामवनीदानववैरिणां निदानम्
भवति स्म मुनीशितागुणानामवलम्बो भुवि गौतमाभिदानः",अज्ञातम्,46,16.368,plausible,1.0,1.00 exact,auto_accepted,,dge_linked,C,"[""hot_peaks"", ""noisy_low_snr""]",none (spot-check optional)
kamadhenu_dataset/incoming_audio/dge_linked/raghavendra_vijaya/rv03.02.mp3,raghavendra_vijaya,sarga_3,2,full,raghavendra_vijaya:sarga_3:2,"प्रकृतिः परदेवताप्रपत्तिप्रभृतीनां करणेन सद्गुणानाम्
प्रथितव्रततापसन्न्रजानां विकृतीनां सगुणेव निर्गुणेष्ट्याः",अज्ञातम्,46,16.848,plausible,1.0,1.00 exact,auto_accepted,,dge_linked,D,"[""clipping""]",none (spot-check optional)
kamadhenu_dataset/incoming_audio/dge_linked/raghavendra_vijaya/rv03.03.mp3,raghavendra_vijaya,sarga_3,3,full,raghavendra_vijaya:sarga_3:3,"अकृतासुरसार्थमोहनार्थं नयशास्त्रं स तु पञ्चलक्षणात्मा
मुहुरागमभेदकृन्मुनीन्दोरवतारस्य निमित्ततामयासीत्",अज्ञातम्,46,16.512,plausible,1.0,1.00 exact,auto_accepted,,dge_linked,D,"[""clipping""]",none (spot-check optional)
kamadhenu_dataset/incoming_audio/dge_linked/raghavendra_vijaya/rv03.04.mp3,raghavendra_vijaya,sarga_3,4,full,raghavendra_vijaya:sarga_3:4,"अधरीकृतलेखपाललोके बहुमुक्ताफलभाजि साधुवृत्ते
अभवन्नविभाविताग्रभागे मुनिवंशे वसुधासुधाशनेशाः",अज्ञातम्,46,16.728,plausible,1.0,1.00 exact,auto_accepted,,dge_linked,D,"[""clipping"", ""noisy_low_snr""]",none (spot-check optional)
kamadhenu_dataset/incoming_audio/dge_linked/raghavendra_vijaya/rv03.05.mp3,raghavendra_vijaya,sarga_3,5,full,raghavendra_vijaya:sarga_3:5,"जनकोपमकन्यकेन्वयेस्मिन्निजताताधिकनन्दने गुणौघैः
अनुजातसमानपूर्वजातेऽभवदेको भुवि कृष्णनामधामा",अज्ञातम्,46,16.464,plausible,1.0,1.00 exact,auto_accepted,,dge_linked,D,"[""clipping"", ""noisy_low_snr""]",none (spot-check optional)
kamadhenu_dataset/incoming_audio/dge_linked/raghavendra_vijaya/rv03.06.mp3,raghavendra_vijaya,sarga_3,6,full,raghavendra_vijaya:sarga_3:6,"स दधार धरोदरे प्रसिद्धा निरवद्या विविधा द्विजातिविद्याः
स बभूव च वैणिको यथार्थं निजविद्याधरतां विधातुकामः",अज्ञातम्,46,16.368,plausible,1.0,1.00 exact,auto_accepted,,dge_linked,D,"[""clipping""]",none (spot-check optional)
kamadhenu_dataset/incoming_audio/dge_linked/raghavendra_vijaya/rv03.07.mp3,raghavendra_vijaya,sarga_3,7,full,raghavendra_vijaya:sarga_3:7,"उपदिश्य स कृष्णभूपलारेर्निजगान्धर्वकलां कलामगृह्णात्
घनमौक्तिकगुच्छहारपूर्वां बिरुदालीं गुरुदक्षिणापदेशात्",अज्ञातम्,46,16.56,plausible,1.0,1.00 exact,auto_accepted,,dge_linked,D,"[""clipping"", ""noisy_low_snr""]",none (spot-check optional)
kamadhenu_dataset/incoming_audio/dge_linked/raghavendra_vijaya/rv03.08.mp3,raghavendra_vijaya,sarga_3,8,full,raghavendra_vijaya:sarga_3:8,"गुणवारिधिराविरास विद्याचणकृष्णार्यमहीसुराधिनेतुः
कनकाचलनामपुण्यनामा कनकोर्वीभृदिवापरोतिधीरः",अज्ञातम्,46,16.392,plausible,1.0,1.00 exact,auto_accepted,,dge_linked,D,"[""clipping"", ""noisy_low_snr""]",none (spot-check optional)
kamadhenu_dataset/incoming_audio/dge_linked/raghavendra_vijaya/rv03.09.mp3,raghavendra_vijaya,sarga_3,9,full,raghavendra_vijaya:sarga_3:9,"उदभूदभिमूतले द्विजेन्द्रादधिभूरागममौलितन्त्रभाजाम्
अवदन् किल तिम्मणार्यमार्यास्सुहृदो वेङ्कटशैलनाथनाथम्",अज्ञातम्,46,16.8,plausible,1.0,1.00 exact,auto_accepted,,dge_linked,C,"[""hot_peaks"", ""noisy_low_snr""]",none (spot-check optional)
kamadhenu_dataset/incoming_audio/dge_linked/raghavendra_vijaya/rv03.10.mp3,raghavendra_vijaya,sarga_3,10,full,raghavendra_vijaya:sarga_3:10,"अधिकृत्य स बाल्य एव शास्त्राण्यधिकं वैणिकवर्णगानविद्याम्
नगरं विजयाख्यमध्यतिष्ठज्जननीतातसुहृज्जनाधिवासम्",अज्ञातम्,46,16.272,plausible,1.0,1.00 exact,auto_accepted,,dge_linked,B,"[""hot_peaks""]",none (spot-check optional)
kamadhenu_dataset/incoming_audio/dge_linked/raghavendra_vijaya/rv03.11.mp3,raghavendra_vijaya,sarga_3,11,full,raghavendra_vijaya:sarga_3:11,"स्मृतिवन्निगमस्य पद्मिनीवद्दिननाथस्य मुनेररुन्धतीव
रजनीसुहृदः कुमुद्वतीव महिला तस्य ललास गोपिकाम्बा",अज्ञातम्,46,16.56,plausible,1.0,1.00 exact,auto_accepted,,dge_linked,D,"[""clipping"", ""noisy_low_snr""]",none (spot-check optional)
kamadhenu_dataset/incoming_audio/dge_linked/raghavendra_vijaya/rv03.12.mp3,raghavendra_vijaya,sarga_3,12,full,raghavendra_vijaya:sarga_3:12,"अभजन्नृपतेर्दिनप्रदीप्तं स तु विश्वक्प्रबलं प्रतापरश्मिम्
दिनमप्यनुवर्तितस्य शान्त्यै स्वसमानेतरवाक्तमिस्रराशेः",अज्ञातम्,46,16.872,plausible,1.0,1.00 exact,auto_accepted,,dge_linked,D,"[""clipping""]",none (spot-check optional)
kamadhenu_dataset/incoming_audio/dge_linked/raghavendra_vijaya/rv03.13.mp3,raghavendra_vijaya,sarga_3,13,full,raghavendra_vijaya:sarga_3:13,"ध्रुवमेष दिनप्रदीपमागाद्दयिताकीर्तितमो गुणप्रमायै
गुणिनः सकलस्य बाह्यतेजोयुतचक्षुर्विषयत्वमादधानः",अज्ञातम्,46,16.872,plausible,1.0,1.00 exact,auto_accepted,,dge_linked,D,"[""clipping""]",none (spot-check optional)
kamadhenu_dataset/incoming_audio/dge_linked/raghavendra_vijaya/rv03.14.mp3,raghavendra_vijaya,sarga_3,14,full,raghavendra_vijaya:sarga_3:14,"यजनादिमनैजकर्म कुर्वन् द्विजवर्यो नगरे चिरं न्यवात्सीत्
रमणीमणिगोपिकाम्बयासौ सहितश्चन्द्रिकया सहेव चन्द्रः",अज्ञातम्,46,16.872,plausible,1.0,1.00 exact,auto_accepted,,dge_linked,D,"[""clipping"", ""noisy_low_snr""]",none (spot-check optional)
kamadhenu_dataset/incoming_audio/dge_linked/raghavendra_vijaya/rv03.15.mp3,raghavendra_vijaya,sarga_3,15,full,raghavendra_vijaya:sarga_3:15,"नगरान्निरगान्नरेन्द्रयोग्यात् सहजायः ससुहृज्जनोऽसुती सः
अखिलाथिंतदानदक्षशेषाचलभूषामणिदेवतां दिदृक्षुः",अज्ञातम्,46,16.2,plausible,1.0,1.00 exact,auto_accepted,,dge_linked,D,"[""clipping"", ""noisy_low_snr""]",none (spot-check optional)
kamadhenu_dataset/incoming_audio/dge_linked/raghavendra_vijaya/rv03.16.mp3,raghavendra_vijaya,sarga_3,16,full,raghavendra_vijaya:sarga_3:16,"तनुजानतुलानवाप्तुकामौ तपसा तोषयतःस्म दम्पती तौ
निजवंशजवन्दनीयदेवं परथापत्यसुखं कथं जनानाम्",अज्ञातम्,46,16.944,plausible,1.0,1.00 exact,auto_accepted,,dge_linked,D,"[""clipping""]",none (spot-check optional)
kamadhenu_dataset/incoming_audio/dge_linked/raghavendra_vijaya/rv03.17.mp3,raghavendra_vijaya,sarga_3,17,full,raghavendra_vijaya:sarga_3:17,"अथ तुण्डिरमण्डलेऽग्रहारे लसिते पट्टणनाम्नि वासयोग्ये
कमलारमणं प्रसाद्य कान्तामिलितः कानपि वत्सराननैषीत्",अज्ञातम्,46,16.728,plausible,1.0,1.00 exact,auto_accepted,,dge_linked,B,"[""hot_peaks""]",none (spot-check optional)
kamadhenu_dataset/incoming_audio/dge_linked/raghavendra_vijaya/rv03.18.mp3,raghavendra_vijaya,sarga_3,18,full,raghavendra_vijaya:sarga_3:18,"सुषुवे सुगुणां सुतां सुवेषां गुणसिन्धुं तनयं च गोपिकाम्बा
अचिरेण जनिष्यमाणसूनोरतुलां कीर्तिमिव क्रमात्प्रतापम्",अज्ञातम्,46,16.464,plausible,1.0,1.00 exact,auto_accepted,,dge_linked,D,"[""clipping"", ""noisy_low_snr""]",none (spot-check optional)
kamadhenu_dataset/incoming_audio/dge_linked/raghavendra_vijaya/rv03.19.mp3,raghavendra_vijaya,sarga_3,19,full,raghavendra_vijaya:sarga_3:19,"कुलदैवतदैशिकप्रसादात्प्रभवापत्यपुरस्सरोऽतुलश्रीः
स चकार च वेङ्कटांबिकाख्यां स्वसुताया गुरुराजनाम सूनोः",अज्ञातम्,46,16.68,plausible,1.0,1.00 exact,auto_accepted,,dge_linked,D,"[""clipping""]",none (spot-check optional)
kamadhenu_dataset/incoming_audio/dge_linked/raghavendra_vijaya/rv03.20.mp3,raghavendra_vijaya,sarga_3,20,full,raghavendra_vijaya:sarga_3:20,"मिलितौ खलु दर्शपूर्णमासौ फलदौ तद्वदसौ सुतोऽसहायः
न सुखाय भवेदितीव सोऽयं प्रभुमन्यं सुतमर्थयांबभूवे",अज्ञातम्,46,16.488,plausible,1.0,1.00 exact,auto_accepted,,dge_linked,D,"[""clipping""]",none (spot-check optional)
kamadhenu_dataset/incoming_audio/dge_linked/raghavendra_vijaya/rv03.21.mp3,raghavendra_vijaya,sarga_3,21,full,raghavendra_vijaya:sarga_3:21,"महिदासमिवेतरा महान्तं हरिदिन्दुं च यथेव पौरुहूती
उरुशेवधिमुर्वरेव तस्मादुदरेऽधत्त कुमारमुत्पलाक्षी",अज्ञातम्,46,16.944,plausible,1.0,1.00 exact,auto_accepted,,dge_linked,D,"[""clipping""]",none (spot-check optional)
kamadhenu_dataset/incoming_audio/dge_linked/raghavendra_vijaya/rv03.22.mp3,raghavendra_vijaya,sarga_3,22,full,raghavendra_vijaya:sarga_3:22,"शशिनाथकला किमब्धिवेला निजभर्तुः फलिता नु पुण्यरेखा
किमु साकृतिरागतस्य कीर्तिर्धृतमूर्तिः किमु कौमुदी किमेषा",अज्ञातम्,46,16.608,plausible,1.0,1.00 exact,auto_accepted,,dge_linked,B,"[""hot_peaks""]",none (spot-check optional)
kamadhenu_dataset/incoming_audio/dge_linked/raghavendra_vijaya/rv03.23.mp3,raghavendra_vijaya,sarga_3,23,full,raghavendra_vijaya:sarga_3:23,"उदरस्थसुतेन्दुचन्द्रिकायां विततायामखिलाङ्गपाण्डुतायाम्
सहितौ सुतनोरुरोजचक्राविति चक्रं न तपोनिधिर्यदन्तः",अज्ञातम्,46,17.04,plausible,1.0,1.00 exact,auto_accepted,,dge_linked,D,"[""clipping""]",none (spot-check optional)
kamadhenu_dataset/incoming_audio/dge_linked/raghavendra_vijaya/rv03.24.mp3,raghavendra_vijaya,sarga_3,24,full,raghavendra_vijaya:sarga_3:24,"तनुशायिशिशोर्विरागता किं वितताऽङ्गेषु विशाललोचनायाः
परथा सततं हिते तरुण्या रुचিতে वस्तुनि किंतरां विरागः",अज्ञातम्,45,17.04,plausible,1.0,1.00 exact,auto_accepted,,dge_linked,D,"[""clipping""]",none (spot-check optional)
kamadhenu_dataset/incoming_audio/dge_linked/raghavendra_vijaya/rv03.25.mp3,raghavendra_vijaya,sarga_3,25,full,raghavendra_vijaya:sarga_3:25,"न परं सदृशं प्रसन्नतायैर्धवलिम्नाऽपि तदाननं सुधांशोः
अकलङ्कतयाऽवनौ प्रसिद्धं सकलङ्केन कथं समत्वमेति",अज्ञातम्,46,16.824,plausible,1.0,1.00 exact,auto_accepted,,dge_linked,D,"[""clipping"", ""noisy_low_snr""]",none (spot-check optional)
kamadhenu_dataset/incoming_audio/dge_linked/raghavendra_vijaya/rv03.26.mp3,raghavendra_vijaya,sarga_3,26,full,raghavendra_vijaya:sarga_3:26,"कृशताऽजनि याऽवलग्नदेशे ववृधेऽङ्गे कतिचिद्दिनान्यशेषे
वशतां नहि याति मध्यसंस्थाप्युपचारेण विना घनाश्रिताल्पा",अज्ञातम्,46,16.704,plausible,1.0,1.00 exact,auto_accepted,,dge_linked,D,"[""clipping""]",none (spot-check optional)
kamadhenu_dataset/incoming_audio/dge_linked/raghavendra_vijaya/rv03.27.mp3,raghavendra_vijaya,sarga_3,27,full,raghavendra_vijaya:sarga_3:27,"सभयो विधुरेष सह्यकेयात्स्वमपहृत्य निगूहितुं प्रवृत्तः
निजलक्ष्म निरस्य रोमराजिं निभृतोगर्भमुपेयिवानमुष्याः",अज्ञातम्,46,17.04,plausible,1.0,1.00 exact,auto_accepted,,dge_linked,D,"[""clipping""]",none (spot-check optional)
kamadhenu_dataset/incoming_audio/dge_linked/raghavendra_vijaya/rv03.28.mp3,raghavendra_vijaya,sarga_3,28,full,raghavendra_vijaya:sarga_3:28,"कमितुः किमु मोहनाय कामोऽकृत कामं कठिनौ कुचौ तदीयौ
निजचुचुकनीलिमापदेशादचिरोपात्तमोगुणावभूताम्",अज्ञातम्,45,17.256,plausible,1.0,1.00 exact,auto_accepted,,dge_linked,D,"[""clipping""]",none (spot-check optional)
kamadhenu_dataset/incoming_audio/dge_linked/raghavendra_vijaya/rv03.29.mp3,raghavendra_vijaya,sarga_3,29,full,raghavendra_vijaya:sarga_3:29,"ततनामिनिभालबालमध्यादुदयद्रोमलताऽऽस्य कल्पशाखी
फलितोऽजनि किं पयोधराभ्यामुदयच्चुचुकनैल्य भृङ्गभाभ्याम्",अज्ञातम्,46,16.656,plausible,1.0,1.00 exact,auto_accepted,,dge_linked,C,"[""hot_peaks"", ""noisy_low_snr""]",none (spot-check optional)
kamadhenu_dataset/incoming_audio/dge_linked/raghavendra_vijaya/rv03.30.mp3,raghavendra_vijaya,sarga_3,30,full,raghavendra_vijaya:sarga_3:30,"कुचयोर्युगलं कुलाद्रिसारं कथमेषा तु बभार गर्भकाले
इति विस्मयता कुतः कवीनां फलिनीं चिन्तयतां सुरद्रुशाखाम्",अज्ञातम्,46,16.368,plausible,1.0,1.00 exact,auto_accepted,,dge_linked,D,"[""clipping"", ""noisy_low_snr""]",none (spot-check optional)
kamadhenu_dataset/incoming_audio/dge_linked/raghavendra_vijaya/rv03.31.mp3,raghavendra_vijaya,sarga_3,31,full,raghavendra_vijaya:sarga_3:31,"तनयाभ्युदयादृणत्रयस्याप्यपनोदं कमितुर्विधातुमस्याः
पुरतोऽकृत तस्य लक्ष्मरेखात्रिवलीरूजभवो निरस्तररूपाः",अज्ञातम्,47,17.184,plausible,1.0,1.00 exact,auto_accepted,,dge_linked,B,"[""hot_peaks""]",none (spot-check optional)
kamadhenu_dataset/incoming_audio/dge_linked/raghavendra_vijaya/rv03.32.mp3,raghavendra_vijaya,sarga_3,32,full,raghavendra_vijaya:sarga_3:32,"विमतं निखिलं च दृश्यभावाद्भवित सत्यमितीदृशानुमाने
अधिमध्यमपास्य हेत्वसिद्धिं प्रथिमा क्रोऽपि शनैःशनै र्जृजृम्भे",अज्ञातम्,46,16.512,plausible,1.0,1.00 exact,auto_accepted,,dge_linked,D,"[""clipping"", ""noisy_low_snr""]",none (spot-check optional)
kamadhenu_dataset/incoming_audio/dge_linked/raghavendra_vijaya/rv03.33.mp3,raghavendra_vijaya,sarga_3,33,full,raghavendra_vijaya:sarga_3:33,"उदरे सुतनोरचाक्षुषत्वं शुभरूपे महति प्रवेशहीनम्
विहितं त्रिवलाविवेतदङ्गे पशुयूपे यदरत्निसाप्तदश्यम्",अज्ञातम्,46,16.656,plausible,1.0,1.00 exact,auto_accepted,,dge_linked,B,"[""hot_peaks""]",none (spot-check optional)
kamadhenu_dataset/incoming_audio/dge_linked/raghavendra_vijaya/rv03.34.mp3,raghavendra_vijaya,sarga_3,34,full,raghavendra_vijaya:sarga_3:34,"उदरस्थशिशोरुदेष्यतोऽस्य वसने लोहितमृत्तिकाऽनुरागः
इति तद्घटनाय किं नु शोणां मृदमासेवत सादरं मृगाक्षी",अज्ञातम्,46,17.016,plausible,1.0,1.00 exact,auto_accepted,,dge_linked,D,"[""clipping""]",none (spot-check optional)
kamadhenu_dataset/incoming_audio/dge_linked/raghavendra_vijaya/rv03.35.mp3,raghavendra_vijaya,sarga_3,35,full,raghavendra_vijaya:sarga_3:35,"द्युनदीं यमुना विजेतुकामा कुरलालिच्छलतो नु कोमलाङ्ग्याः
कुचमेरुयुगान्निपत्य रोमावलिदम्भादगमच्च मध्यदेशम्",अज्ञातम्,46,16.752,plausible,1.0,1.00 exact,auto_accepted,,dge_linked,D,"[""clipping"", ""noisy_low_snr""]",none (spot-check optional)
kamadhenu_dataset/incoming_audio/dge_linked/raghavendra_vijaya/rv03.36.mp3,raghavendra_vijaya,sarga_3,36,full,raghavendra_vijaya:sarga_3:36,"वसुधासुखवासस्य गर्भे कृतवासस्य नतभ्रुवोर्मकस्य
अजनिष्ट मनोरथोनुरूपः क्रमशः प्राप्तवति द्वितीयमासे",अज्ञातम्,45,16.728,plausible,1.0,1.00 exact,auto_accepted,,dge_linked,D,"[""clipping""]",none (spot-check optional)
kamadhenu_dataset/incoming_audio/dge_linked/raghavendra_vijaya/rv03.37.mp3,raghavendra_vijaya,sarga_3,37,full,raghavendra_vijaya:sarga_3:37,"भवने भुवनं कृशानुसप्तं परिक्लृप्तं नवशातकुम्भकुम्भैः
अपहाय नदीपयो हिमानीधवलं केवलमैच्छदच्छबुद्धिः",अज्ञातम्,46,15.864,plausible,1.0,1.00 exact,auto_accepted,,dge_linked,D,"[""clipping""]",none (spot-check optional)
kamadhenu_dataset/incoming_audio/dge_linked/raghavendra_vijaya/rv03.38.mp3,raghavendra_vijaya,sarga_3,38,full,raghavendra_vijaya:sarga_3:38,"रसनानयनान्तरङ्गरम्यं भवने भोजनसाधनं विसृज्य
परकीयगृहादुपाहृतं तद्रुचिरं वारुचि वाप्यभुङ्क्त सैषा",अज्ञातम्,46,16.728,plausible,1.0,1.00 exact,auto_accepted,,dge_linked,D,"[""clipping""]",none (spot-check optional)
kamadhenu_dataset/incoming_audio/dge_linked/raghavendra_vijaya/rv03.39.mp3,raghavendra_vijaya,sarga_3,39,full,raghavendra_vijaya:sarga_3:39,"विदुषी विविधाः कथा वितेने विहगाधीश्वरवाहनाह्वयाङ्काः
वदति स्म वदावदावलीनां वसति स्मासन एव संततं सा",अज्ञातम्,46,16.848,plausible,1.0,1.00 exact,auto_accepted,,dge_linked,D,"[""clipping"", ""noisy_low_snr""]",none (spot-check optional)
kamadhenu_dataset/incoming_audio/dge_linked/raghavendra_vijaya/rv03.40.mp3,raghavendra_vijaya,sarga_3,40,full,raghavendra_vijaya:sarga_3:40,"पदमेकमलक्तकेन हीनं पदमेषा विदधाति नाङ्गणेपु
विविधानि विसृज्यपूर्णसंध्या समरागाणि सदाम्बराणि वष्टि",अज्ञातम्,46,16.128,plausible,1.0,1.00 exact,auto_accepted,,dge_linked,D,"[""clipping""]",none (spot-check optional)
kamadhenu_dataset/incoming_audio/dge_linked/raghavendra_vijaya/rv03.41.mp3,raghavendra_vijaya,sarga_3,41,full,raghavendra_vijaya:sarga_3:41,"स कदाचन शोभनेऽह्नि सूनोर्विदधे पुंसवनच्छलेन भुक्तिम्
पटपक्कफलेन गर्भभाजो जनिशिष्टोस्य अवेदितीव धर्मः",अज्ञातम्,46,16.704,plausible,1.0,1.00 exact,auto_accepted,,dge_linked,B,"[""hot_peaks""]",none (spot-check optional)
kamadhenu_dataset/incoming_audio/dge_linked/raghavendra_vijaya/rv03.42.mp3,raghavendra_vijaya,sarga_3,42,full,raghavendra_vijaya:sarga_3:42,"असविष्ट सुतं द्विजेन्द्रपत्नी शुभलग्ने परिपूर्णदृष्टिभाजि
अखिलद्विजराजवन्दनीयं द्विजराजं दिगिवामराधिपस्य",अज्ञातम्,46,16.656,plausible,1.0,1.00 exact,auto_accepted,,dge_linked,D,"[""clipping"", ""noisy_low_snr""]",none (spot-check optional)
kamadhenu_dataset/incoming_audio/dge_linked/raghavendra_vijaya/rv03.43.mp3,raghavendra_vijaya,sarga_3,43,full,raghavendra_vijaya:sarga_3:43,"सहितात्मजजन्मवाक्सुधाब्धेस्सरितोसौ सलिले ममज्ज विप्रः
द्विजवन्द्यमहोदये पितॄणामृणपङ्काम्बुनिधेस्तदोन्ममज्ज",अज्ञातम्,46,15.816,plausible,1.0,1.00 exact,auto_accepted,,dge_linked,B,"[""hot_peaks""]",none (spot-check optional)
kamadhenu_dataset/incoming_audio/dge_linked/raghavendra_vijaya/rv03.44.mp3,raghavendra_vijaya,sarga_3,44,full,raghavendra_vijaya:sarga_3:44,"भुवनेस्य समोर्भकस्य दृष्टो न मयेतीव वदन् स्वहेतिहस्तात्
परितो वलतस्तुरीयधर्मे हविरादाज्जनकार्पितं हुताशः",अज्ञातम्,46,16.56,plausible,1.0,1.00 exact,auto_accepted,,dge_linked,D,"[""clipping""]",none (spot-check optional)
kamadhenu_dataset/incoming_audio/dge_linked/raghavendra_vijaya/rv03.45.mp3,raghavendra_vijaya,sarga_3,45,full,raghavendra_vijaya:sarga_3:45,"प्रददौ बहुकर्मधारयेण स्वबहुव्रीहिमुपादे द्वयाग्न्यान्
स तु तत्पुरुषैः पुनर्वितीर्णान्रचितद्वन्द्वफलान् धृताव्ययित्वात्",अज्ञातम्,45,16.848,plausible,1.0,1.00 exact,auto_accepted,,dge_linked,B,"[""hot_peaks""]",none (spot-check optional)
kamadhenu_dataset/incoming_audio/dge_linked/raghavendra_vijaya/rv03.46.mp3,raghavendra_vijaya,sarga_3,46,full,raghavendra_vijaya:sarga_3:46,"अचिरात्कृतमज्जनोतिशुभ्रः सहसाऽप्राप्तरजस्तमोगुणोयम्
कथमिन्दुसमोन्मथेति कान्तानिकरो वर्णयति स्म सूतिकान्तः",अज्ञातम्,46,16.512,plausible,1.0,1.00 exact,auto_accepted,,dge_linked,D,"[""clipping""]",none (spot-check optional)
kamadhenu_dataset/incoming_audio/dge_linked/raghavendra_vijaya/rv03.47.mp3,raghavendra_vijaya,sarga_3,47,full,raghavendra_vijaya:sarga_3:47,"सहजो हि गुणो मदीयमज्जुद्विजसंसेवनमस्य मे पदस्य
इति दर्शयता पदं निजास्ये मणिडोलामधिशायिना कृतं किम्",अज्ञातम्,46,16.776,plausible,1.0,1.00 exact,auto_accepted,,dge_linked,B,"[""hot_peaks""]",none (spot-check optional)
kamadhenu_dataset/incoming_audio/dge_linked/raghavendra_vijaya/rv03.48.mp3,raghavendra_vijaya,sarga_3,48,full,raghavendra_vijaya:sarga_3:48,"उदयास्तपटीरहेमपृथ्वीधरपर्यन्तधराचरैर्जनौघैः
अभिवन्द्य इतीव बालकस्य व्यतनोद्वेङ्कटनाथनाम तातः",अज्ञातम्,46,16.728,plausible,1.0,1.00 exact,auto_accepted,,dge_linked,D,"[""clipping""]",none (spot-check optional)
kamadhenu_dataset/incoming_audio/dge_linked/raghavendra_vijaya/rv03.49.mp3,raghavendra_vijaya,sarga_3,49,full,raghavendra_vijaya:sarga_3:49,"घटते तनयेऽभिधा तदंशे गुणवृद्धयर्थमनुक्तिसिद्धये च
अतिदेशकृते हरेर्गुणानां विवदन्ते खलु जैमिनीयशौण्डाः",अज्ञातम्,47,17.04,plausible,1.0,1.00 exact,auto_accepted,,dge_linked,D,"[""clipping"", ""noisy_low_snr""]",none (spot-check optional)
kamadhenu_dataset/incoming_audio/dge_linked/raghavendra_vijaya/rv03.50.mp3,raghavendra_vijaya,sarga_3,50,full,raghavendra_vijaya:sarga_3:50,"अधिसद्मतलं सुतस्य मूर्त्या स्फुटमङ्गीकृतजानुचंकमस्य
चतुरंघ्रिवृषाकृतेः कदाचित्सुरभेराकृतिरेकदाऽन्वकारि",अज्ञातम्,46,16.704,plausible,1.0,1.00 exact,auto_accepted,,dge_linked,B,"[""hot_peaks""]",none (spot-check optional)
kamadhenu_dataset/incoming_audio/dge_linked/raghavendra_vijaya/rv03.51.mp3,raghavendra_vijaya,sarga_3,51,full,raghavendra_vijaya:sarga_3:51,"तनयस्य नवप्रवालवल्लीलसदङ्गुष्ठविराजिताननाब्जम्
हृदयाम्बुजमन्तरात्मगर्भं प्रकटं दर्शयतीव सज्जनानाम्",अज्ञातम्,46,16.704,plausible,1.0,1.00 exact,auto_accepted,,dge_linked,D,"[""clipping"", ""noisy_low_snr""]",none (spot-check optional)
kamadhenu_dataset/incoming_audio/dge_linked/raghavendra_vijaya/rv03.52.mp3,raghavendra_vijaya,sarga_3,52,full,raghavendra_vijaya:sarga_3:52,"विदधन्नवनौ निसर्गरक्तं प्रतिलीलं मुहुुरुत्पतन्पतन्सः
लसतिस्म करिष्यमाणलक्ष्मीपतिपादानतिशीलनाय वैषः",अज्ञातम्,46,16.632,plausible,1.0,1.00 exact,auto_accepted,,dge_linked,B,"[""hot_peaks""]",none (spot-check optional)
kamadhenu_dataset/incoming_audio/dge_linked/raghavendra_vijaya/rv03.53.mp3,raghavendra_vijaya,sarga_3,53,full,raghavendra_vijaya:sarga_3:53,"बहिरङ्गणसीम्नि केलिभाजः तनुलग्ना रजसां रराज राजिः
जगदात्मविकारसूक्ष्मरूपप्रकृतिर्विष्णुगतेव दृष्टियोग्या",अज्ञातम्,46,16.8,plausible,1.0,1.00 exact,auto_accepted,,dge_linked,D,"[""clipping"", ""noisy_low_snr""]",none (spot-check optional)
kamadhenu_dataset/incoming_audio/dge_linked/raghavendra_vijaya/rv03.54.mp3,raghavendra_vijaya,sarga_3,54,full,raghavendra_vijaya:sarga_3:54,"महनीयगुणस्य मासि षष्ठे सुतमन्नाशननामधर्मवन्तम्
अतनिष्ट ततस्तृतीयवर्षे चतुरस्यास्य चकार चौलकर्म",अज्ञातम्,46,16.584,plausible,1.0,1.00 exact,auto_accepted,,dge_linked,B,"[""hot_peaks""]",none (spot-check optional)
kamadhenu_dataset/incoming_audio/dge_linked/raghavendra_vijaya/rv03.55.mp3,raghavendra_vijaya,sarga_3,55,full,raghavendra_vijaya:sarga_3:55,"विलिख्य भूमौ प्रथमं कुमारं रेखामिमामोमिति संपठेति
पित्रा नियुक्तः पुनरब्रवीत्तमलपे कथं सा गुणपूर्णसंज्ञा",अज्ञातम्,45,16.584,plausible,1.0,1.00 exact,auto_accepted,,dge_linked,D,"[""clipping""]",none (spot-check optional)
kamadhenu_dataset/incoming_audio/dge_linked/raghavendra_vijaya/rv03.56.mp3,raghavendra_vijaya,sarga_3,56,full,raghavendra_vijaya:sarga_3:56,"इति वदन्तमवेक्ष्य सुहृज्जनाः श्रुतिशिरोदृढवासनमानसन्
कथमयं शिशुदीदृशवाक्पिता सुकृतवानिति विस्मयिनोऽभवन्",द्रुतविलम्बित,48,16.968,plausible,1.0,1.00 exact,auto_accepted,,dge_linked,D,"[""clipping"", ""noisy_low_snr""]",none (spot-check optional)
kamadhenu_dataset/incoming_audio/dge_linked/raghavendra_vijaya/rv03.57.mp3,raghavendra_vijaya,sarga_3,57,full,raghavendra_vijaya:sarga_3:57,"तनुजामष्टाब्दां ससहजयुगां काव्यकुशलां सुभद्रां भद्राङ्गीमिव मुसलिकंसारिसहिताम्
स दद्यां कस्मैचद्विदितकुलसंजातविदुषे चकारेत्थं बुद्धिं तनयवदनालोकमुदितः",अज्ञातम्,68,41.376,plausible,1.0,1.00 exact,auto_accepted,,dge_linked,D,"[""clipping""]",none (spot-check optional)
kamadhenu_dataset/incoming_audio/dge_linked/raghavendra_vijaya/rv03.58.mp3,raghavendra_vijaya,sarga_3,58,full,raghavendra_vijaya:sarga_3:58,"श्रीमत्कश्यपवंशवार्धिशशिनः षड्दर्शनीवल्लभ- श्रीलक्ष्मीनरसिंहवित्तविदुषः श्रीवेङ्कटाम्बामणौ
जातेनार्यदयासुधामयगिरा नारायणेनोदिते काव्ये चारुणि राघवेन्द्रविजये सर्गस्तृतीयोऽभवत्",शार्दूलविक्रीडित,76,41.232,plausible,1.0,1.00 exact,auto_accepted,,dge_linked,D,"[""clipping""]",none (spot-check optional)
kamadhenu_dataset/incoming_audio/dge_linked/raghavendra_vijaya/rv04.01.mp3,raghavendra_vijaya,sarga_4,1,full,raghavendra_vijaya:sarga_4:1,"अथेन्द्ररक्षोत्सुकवामनोद्भवप्रसिद्धिमत्काश्यपवंशसंभवः
भुवि श्रुतो डङ्किपुराधिनायको बभूव तिम्मण्णदण्डनायकाभिधः",अज्ञातम्,49,17.28,plausible,1.0,1.00 exact,auto_accepted,,dge_linked,B,"[""hot_peaks""]",none (spot-check optional)
kamadhenu_dataset/incoming_audio/dge_linked/raghavendra_vijaya/rv04.02.mp3,raghavendra_vijaya,sarga_4,2,full,raghavendra_vijaya:sarga_4:2,"तदन्ववाये जनितो द्विजोत्तमो महीतले तिम्मरसार्यनामभाक्
उवास नारीसरसीतिविश्रुतां पुरीमुदारो निजतेजसार्जिताम्",वंशस्थ,48,17.16,plausible,1.0,1.00 exact,auto_accepted,,dge_linked,D,"[""clipping""]",none (spot-check optional)
kamadhenu_dataset/incoming_audio/dge_linked/raghavendra_vijaya/rv04.03.mp3,raghavendra_vijaya,sarga_4,3,full,raghavendra_vijaya:sarga_4:3,"अजायतास्मादवनीसुरोत्तमाद्भुवि प्रतीतः फणिशायिसंज्ञया
चकार वासं कृतमालिकापगापयःपवित्रे मधुराभिधे पुरे",वंशस्थ,48,17.16,plausible,1.0,1.00 exact,auto_accepted,,dge_linked,D,"[""clipping""]",none (spot-check optional)
kamadhenu_dataset/incoming_audio/dge_linked/raghavendra_vijaya/rv04.04.mp3,raghavendra_vijaya,sarga_4,4,full,raghavendra_vijaya:sarga_4:4,"अरातिविद्वद्विजयार्थवृद्धिमत्सरस्वतींनित्यनिवासमन्दिरम्
अभूदभूतोपमवृद्धिसागरः सुतोस्य लक्ष्मीनरसिंहनामभाक्",वंशस्थ,48,17.16,plausible,1.0,1.00 exact,auto_accepted,,dge_linked,D,"[""clipping""]",none (spot-check optional)
kamadhenu_dataset/incoming_audio/dge_linked/raghavendra_vijaya/rv04.05.mp3,raghavendra_vijaya,sarga_4,5,full,raghavendra_vijaya:sarga_4:5,"कृतोपनीतेः सुकृताकृतेरयं सुतस्य वैवाहिक शोभनोदयम्
चिकीर्षुरागात्किल यत्र संस्थितौ सुताविवाहोत्सवकारिदम्पती",वंशस्थ,48,17.232,plausible,1.0,1.00 exact,auto_accepted,,dge_linked,D,"[""clipping""]",none (spot-check optional)
kamadhenu_dataset/incoming_audio/dge_linked/raghavendra_vijaya/rv04.06.mp3,raghavendra_vijaya,sarga_4,6,full,raghavendra_vijaya:sarga_4:6,"समागतं सन्न सुतोचितं वरं स्वकीयवंशानुगुणान्वयोद्भवत्
सुताकरं ग्राहयति स्म मान्यधीरपूजयत्तत्पितरौ सबान्धवौ",वंशस्थ,48,17.304,plausible,1.0,1.00 exact,auto_accepted,,dge_linked,B,"[""hot_peaks""]",none (spot-check optional)
kamadhenu_dataset/incoming_audio/dge_linked/raghavendra_vijaya/rv04.07.mp3,raghavendra_vijaya,sarga_4,7,full,raghavendra_vijaya:sarga_4:7,"अथोपनीतिं विदधे पिताग्रतः समुद्भवस्यात्मगुणानुकारिणः
सुतस्य गर्गः शितिवासनो यथा स्ववैरिधात्रीमथ नाग्रजामनः",वंशस्थ,48,17.232,plausible,1.0,1.00 exact,auto_accepted,,dge_linked,D,"[""clipping""]",none (spot-check optional)
kamadhenu_dataset/incoming_audio/dge_linked/raghavendra_vijaya/rv04.08.mp3,raghavendra_vijaya,sarga_4,8,full,raghavendra_vijaya:sarga_4:8,"ऋतौ वसन्तेऽनुजमष्टहायनं तमग्रजो मासि मधावुपानयत्
निघण्टुनानालिपिलब्धनैपुणं पितुः समानं कलयन्निवात्मनः",वंशस्थ,48,17.424,plausible,1.0,1.00 exact,auto_accepted,,dge_linked,D,"[""clipping""]",none (spot-check optional)
kamadhenu_dataset/incoming_audio/dge_linked/raghavendra_vijaya/rv04.09.mp3,raghavendra_vijaya,sarga_4,9,full,raghavendra_vijaya:sarga_4:9,"उपास दत्तं कुतुकेन शेमुषीनिधिः स लक्ष्मीनरसिंहदैशिकम्
तपोधिसान्दीपनिभूसुरोत्तमं यथा यशोदातनयस्त्रयीमयम्",वंशस्थ,48,17.472,plausible,1.0,1.00 exact,auto_accepted,,dge_linked,D,"[""clipping""]",none (spot-check optional)
kamadhenu_dataset/incoming_audio/dge_linked/raghavendra_vijaya/rv04.10.mp3,raghavendra_vijaya,sarga_4,10,full,raghavendra_vijaya:sarga_4:10,"द्विपञ्चकृत्त्वश्रुतिमात्रतः श्रुते त्रिविष्टपोद्यानवनीमहीरुहः
बटुद्वितीयां बटुभिर्वयस्समैरधत्त शाखां धरणीसुरेश्वरः",वंशस्थ,48,17.28,plausible,1.0,1.00 exact,auto_accepted,,dge_linked,D,"[""clipping""]",none (spot-check optional)
kamadhenu_dataset/incoming_audio/dge_linked/raghavendra_vijaya/rv04.11.mp3,raghavendra_vijaya,sarga_4,11,full,raghavendra_vijaya:sarga_4:11,"असावगृह्णादपि काव्यमग्रिमं महीसुरोनध्ययने वयस्समैः
अचष्टधीमाननिरीक्षितं पुनस्तदेव पृष्टं गुरुणान्यवासरे",वंशस्थ,48,17.472,plausible,1.0,1.00 exact,auto_accepted,,dge_linked,D,"[""clipping""]",none (spot-check optional)
kamadhenu_dataset/incoming_audio/dge_linked/raghavendra_vijaya/rv04.12.mp3,raghavendra_vijaya,sarga_4,12,full,raghavendra_vijaya:sarga_4:12,"रहोदिवारात्रमसंख्यचिन्तनं सतीर्थ्यसार्थेन कुतूहलात्कृतम्
सुजातकर्मातिशयं सुते कृतं चकार पित्रैव महीयसा मतौ",वंशस्थ,48,16.968,plausible,1.0,1.00 exact,auto_accepted,,dge_linked,D,"[""clipping""]",none (spot-check optional)
kamadhenu_dataset/incoming_audio/dge_linked/raghavendra_vijaya/rv04.13.mp3,raghavendra_vijaya,sarga_4,13,full,raghavendra_vijaya:sarga_4:13,"विहारभेदान्विविधान्विशालधीः सकृद्विलोक्ष्यैव सखिव्रजैः कृतान्
तानेव संगृह्य तपोभिशीलनाकृते सदैवतानुते स्म सादरम्",अज्ञातम्,48,17.112,plausible,1.0,1.00 exact,auto_accepted,,dge_linked,B,"[""hot_peaks""]",none (spot-check optional)
kamadhenu_dataset/incoming_audio/dge_linked/raghavendra_vijaya/rv04.14.mp3,raghavendra_vijaya,sarga_4,14,full,raghavendra_vijaya:sarga_4:14,"स वायुवेगात्सरितोप्यवातरत्स्वबाहुना बाण इवातिरंहसा
ऋजुव्रजन्वक्रपदार्थपद्धतिं स्वहृद्यजुब्रह्मगतिं नयन्निव",वंशस्थ,48,17.112,plausible,1.0,1.00 exact,auto_accepted,,dge_linked,D,"[""clipping""]",none (spot-check optional)
kamadhenu_dataset/incoming_audio/dge_linked/raghavendra_vijaya/rv04.15.mp3,raghavendra_vijaya,sarga_4,15,full,raghavendra_vijaya:sarga_4:15,"निरन्तरं सृष्टसमीरणस्वनः प्रधानलीलाः पुलिने सखिव्रजैः
जनिष्यमाणाग्यजपाङ्गरेचकप्रधानयोगं गुणयन्निवातनोत्",वंशस्थ,48,17.016,plausible,1.0,1.00 exact,auto_accepted,,dge_linked,D,"[""clipping""]",none (spot-check optional)
kamadhenu_dataset/incoming_audio/dge_linked/raghavendra_vijaya/rv04.16.mp3,raghavendra_vijaya,sarga_4,16,full,raghavendra_vijaya:sarga_4:16,"सरस्वतीमच्चतुरास्यभासुरे स्व भूभवेऽस्मिन्सरतिर्वसाम्यहम्
इतीव मारः सततं विराजते सहेत को वा सहजे समुन्नतिम्",वंशस्थ,48,16.824,plausible,1.0,1.00 exact,auto_accepted,,dge_linked,D,"[""clipping""]",none (spot-check optional)
kamadhenu_dataset/incoming_audio/dge_linked/raghavendra_vijaya/rv04.17.mp3,raghavendra_vijaya,sarga_4,17,full,raghavendra_vijaya:sarga_4:17,"महामतिं माणवकं च तद्वचः कृताधिवासं सहशारदं विधिम्
विदुः परं ब्रह्म सदागमं ब्रुवद् द्विमत्स्यरूपं नयनद्वयं विभोः",वंशस्थ,48,17.592,plausible,1.0,1.00 exact,auto_accepted,,dge_linked,D,"[""clipping""]",none (spot-check optional)
kamadhenu_dataset/incoming_audio/dge_linked/raghavendra_vijaya/rv04.18.mp3,raghavendra_vijaya,sarga_4,18,full,raghavendra_vijaya:sarga_4:18,"कपोलराजन्नवरोमवल्लरीनिबेष्टितुं याति तदा तदाननम्
समानतां तेन यदा बहिर्गलत्कलङ्करेखावृत्तमिन्दुमण्डलम्",अज्ञातम्,48,16.92,plausible,1.0,1.00 exact,auto_accepted,,dge_linked,D,"[""clipping""]",none (spot-check optional)
kamadhenu_dataset/incoming_audio/dge_linked/raghavendra_vijaya/rv04.19.mp3,raghavendra_vijaya,sarga_4,19,full,raghavendra_vijaya:sarga_4:19,"गलान्तपीतप्रसवासवैः पुनस्तदीयलोभाच्चलितालिभिर्युतम्
शरत्सरोजातमिवस्य भासते मुखं परीतं नबगण्डरोमभिः",वंशस्थ,48,16.848,plausible,1.0,1.00 exact,auto_accepted,,dge_linked,D,"[""clipping""]",none (spot-check optional)
kamadhenu_dataset/incoming_audio/dge_linked/raghavendra_vijaya/rv04.20.mp3,raghavendra_vijaya,sarga_4,20,full,raghavendra_vijaya:sarga_4:20,"विलम्बिते श्मश्रुमहः परं पराद्वितय यच्छृंखलमध्यसीमानि
तदाननच्छद्मसुवर्णभाजने विराजते विस्तृतशास्त्रशेवधिः",अज्ञातम्,48,17.232,plausible,1.0,1.00 exact,auto_accepted,,dge_linked,D,"[""clipping""]",none (spot-check optional)
kamadhenu_dataset/incoming_audio/dge_linked/raghavendra_vijaya/rv04.21.mp3,raghavendra_vijaya,sarga_4,21,full,raghavendra_vijaya:sarga_4:21,"करीश्वराणां धरणीसमागमे भवेदुपादानमसंशयं भ्रुवौ
अमुष्य नोचेत्परथा कथं क्षिते र्भवेदय श्यामलिमा मनोहरः",वंशस्थ,48,16.944,plausible,1.0,1.00 exact,auto_accepted,,dge_linked,D,"[""clipping""]",none (spot-check optional)
kamadhenu_dataset/incoming_audio/dge_linked/raghavendra_vijaya/rv04.22.mp3,raghavendra_vijaya,sarga_4,22,full,raghavendra_vijaya:sarga_4:22,"अमुञ्चदेणांकविभावरीशितु र्दलेन कृत्वाऽस्य ललाटमण्डलम्
सरोजभूस्तस्य कलङ्करेखिकां चकार चिल्लालतिकामपि प्रभोः",वंशस्थ,48,17.136,plausible,1.0,1.00 exact,auto_accepted,,dge_linked,D,"[""clipping""]",none (spot-check optional)
kamadhenu_dataset/incoming_audio/dge_linked/raghavendra_vijaya/rv04.23.mp3,raghavendra_vijaya,sarga_4,23,full,raghavendra_vijaya:sarga_4:23,"नवाकृतेरस्य ललाटतामसी विटार्धबिंबाग्रलसत्सुधारसम्
उदग्रनासाभ्रममार्गनिर्गमं बिभर्ति नोचेदमृतं कुतॊधरे",अज्ञातम्,48,17.328,plausible,1.0,1.00 exact,auto_accepted,,dge_linked,D,"[""clipping""]",none (spot-check optional)
kamadhenu_dataset/incoming_audio/dge_linked/raghavendra_vijaya/rv04.24.mp3,raghavendra_vijaya,sarga_4,24,full,raghavendra_vijaya:sarga_4:24,"रजोगुणस्तस्य मनोऽतिनिर्मलं प्रवेष्टुकामोऽप्यपटुस्तपोबलात्
दुराशया हन्त चिरं विवर्तते दृशोयुगल्यामधरेऽतिभासुरे",वंशस्थ,48,17.112,plausible,1.0,1.00 exact,auto_accepted,,dge_linked,D,"[""clipping""]",none (spot-check optional)
kamadhenu_dataset/incoming_audio/dge_linked/raghavendra_vijaya/rv04.25.mp3,raghavendra_vijaya,sarga_4,25,full,raghavendra_vijaya:sarga_4:25,"मनोहरे तन्मुखगर्भगमन्दिरे चिरं रसज्ञानिभतूलिकाञ्चिते
वचोऽधिदेव्यां शयनक्रियाजुषो रदावलिं हारलतेति मन्महे",अज्ञातम्,49,17.256,plausible,1.0,1.00 exact,auto_accepted,,dge_linked,D,"[""clipping""]",none (spot-check optional)
kamadhenu_dataset/incoming_audio/dge_linked/raghavendra_vijaya/rv04.26.mp3,raghavendra_vijaya,sarga_4,26,full,raghavendra_vijaya:sarga_4:26,"सरन्ध्रकर्णद्वयमान्त्रदैशिकाः पयोजकन्यामनुबीजरेखिके
सुवेषवेदप्रणवौ तु संजगुः सुमेधसोऽस्या द्रविडावनीसुराः",वंशस्थ,48,17.472,plausible,1.0,1.00 exact,auto_accepted,,dge_linked,D,"[""clipping""]",none (spot-check optional)
kamadhenu_dataset/incoming_audio/dge_linked/raghavendra_vijaya/rv04.27.mp3,raghavendra_vijaya,sarga_4,27,full,raghavendra_vijaya:sarga_4:27,"अनङ्गकुम्भीशितुरेतदाननप्रभासुधोदन्वति खेलतश्चिरम्
सहैव बद्ध्वा सहसा समुद्यतौ कराविवेते लसितेऽसिते भ्रुवौ",वंशस्थ,48,17.064,plausible,1.0,1.00 exact,auto_accepted,,dge_linked,D,"[""clipping""]",none (spot-check optional)
kamadhenu_dataset/incoming_audio/dge_linked/raghavendra_vijaya/rv04.28.mp3,raghavendra_vijaya,sarga_4,28,full,raghavendra_vijaya:sarga_4:28,"अमुष्य शुद्धं हृदयं पयोधिजामनोहरान्तःपुरमेव मन्महे
उरःकवाटं स्तनकीलकीलितं प्रयाति यद्रोमलतभ्रशृङ्खलम्",वंशस्थ,48,16.992,plausible,1.0,1.00 exact,auto_accepted,,dge_linked,D,"[""clipping""]",none (spot-check optional)
kamadhenu_dataset/incoming_audio/dge_linked/raghavendra_vijaya/rv04.29.mp3,raghavendra_vijaya,sarga_4,29,full,raghavendra_vijaya:sarga_4:29,"यदीयनासानिटिलद्युतिच्छलद्युसिन्धुसिन्धुप्रभुसंगमस्थले
स्फुरन्महावर्तविभूषितान्तरे विभिन्नवेले इव चिल्लबल्लरीके",अज्ञातम्,49,17.184,plausible,1.0,1.00 exact,auto_accepted,,dge_linked,D,"[""clipping""]",none (spot-check optional)
kamadhenu_dataset/incoming_audio/dge_linked/raghavendra_vijaya/rv04.30.mp3,raghavendra_vijaya,sarga_4,30,full,raghavendra_vijaya:sarga_4:30,"तदानने कान्तिपयःपयोनिधौ निमज्जनोन्मज्जनकेलिकारिणा
सुमेषुणा नूनमिमौ समुद्यतौ भुजौ भुवा रूपभृतौ व्यराजताम्",वंशस्थ,48,16.992,plausible,1.0,1.00 exact,auto_accepted,,dge_linked,D,"[""clipping""]",none (spot-check optional)
kamadhenu_dataset/incoming_audio/dge_linked/raghavendra_vijaya/rv04.31.mp3,raghavendra_vijaya,sarga_4,31,full,raghavendra_vijaya:sarga_4:31,"अनन्तकल्याणगुणैकमन्दिरं हरिं जगद्व्याप्ततनुं हृदन्तरे
विधातुकामस्य भुजान्तरं क्रमादमुष्य विस्तारमपारमप्यगात्",वंशस्थ,48,16.872,plausible,1.0,1.00 exact,auto_accepted,,dge_linked,D,"[""clipping""]",none (spot-check optional)
kamadhenu_dataset/incoming_audio/dge_linked/raghavendra_vijaya/rv04.32.mp3,raghavendra_vijaya,sarga_4,32,full,raghavendra_vijaya:sarga_4:32,"मनोरमेशास्पदमस्य मञ्जुलं विहर्तुमम्भोरुहसायकेऽञ्चति
उरोव्यलासीत्फलके दरोन्नते भटैस्तदीयैः बहिरर्पिते इव",वंशस्थ,48,17.376,plausible,1.0,1.00 exact,auto_accepted,,dge_linked,D,"[""clipping""]",none (spot-check optional)
kamadhenu_dataset/incoming_audio/dge_linked/raghavendra_vijaya/rv04.33.mp3,raghavendra_vijaya,sarga_4,33,full,raghavendra_vijaya:sarga_4:33,"मृणालवल्लीं कथयन्ति कन्धरां मुखारविन्दस्य विकस्वरश्रियः
परे तु नालं मृदुलं गलं जगुर्मुखाभिधान्मुकुरस्य मन्दिरम्",अज्ञातम्,47,17.088,plausible,1.0,1.00 exact,auto_accepted,,dge_linked,D,"[""clipping""]",none (spot-check optional)
kamadhenu_dataset/incoming_audio/dge_linked/raghavendra_vijaya/rv04.34.mp3,raghavendra_vijaya,sarga_4,34,full,raghavendra_vijaya:sarga_4:34,"उपेयुषो जागरदायिनो हरेः हृदम्बुजादक्षि ततो हृदम्बुजम्
अमुष्य कण्ठस्थितनैजसात्मनो गृहाणि रेखात्रितयं गलान्तरे",वंशस्थ,48,17.28,plausible,1.0,1.00 exact,auto_accepted,,dge_linked,D,"[""clipping""]",none (spot-check optional)
kamadhenu_dataset/incoming_audio/dge_linked/raghavendra_vijaya/rv04.35.mp3,raghavendra_vijaya,sarga_4,35,full,raghavendra_vijaya:sarga_4:35,"अमुष्य लोकत्रयलक्षणक्रियानिबोधनायेह नृणां तनुदरे
महामहिम्नोऽस्य वलित्रयच्छलात्कृता विधात्रा किमु चिह्नरेखिका",अज्ञातम्,48,17.64,plausible,1.0,1.00 exact,auto_accepted,,dge_linked,D,"[""clipping""]",none (spot-check optional)
kamadhenu_dataset/incoming_audio/dge_linked/raghavendra_vijaya/rv04.36.mp3,raghavendra_vijaya,sarga_4,36,full,raghavendra_vijaya:sarga_4:36,"सदैव दाहो हननं कपीश्वरै रगस्त्यपानं मथनं महीभृता
इतीव संत्यज्य समुद्रमादरादमुष्य कम्बुर्गलतामवासवान्",वंशस्थ,48,17.472,plausible,1.0,1.00 exact,auto_accepted,,dge_linked,D,"[""clipping""]",none (spot-check optional)
kamadhenu_dataset/incoming_audio/dge_linked/raghavendra_vijaya/rv04.37.mp3,raghavendra_vijaya,sarga_4,37,full,raghavendra_vijaya:sarga_4:37,"करौ कृतौ चेन्नवचूतपल्लवौ कथं सहेते सतताम्बुसङ्गतिम्
सदोद्यतस्यास्य सुकर्मदानयोरितीव वेधाः कमले करैर्व्यधात्",वंशस्थ,48,17.328,plausible,1.0,1.00 exact,auto_accepted,,dge_linked,D,"[""clipping""]",none (spot-check optional)
kamadhenu_dataset/incoming_audio/dge_linked/raghavendra_vijaya/rv04.38.mp3,raghavendra_vijaya,sarga_4,38,full,raghavendra_vijaya:sarga_4:38,"पदे कृते चेत्कठिने मया पदा व्रजेदयं तन्न सहे नवाकृतेः
चिरेण यानेन व्रजेद्वसुन्धरामितीव वेधा मृदुलेऽव्यधादिमे",अज्ञातम्,48,17.232,plausible,1.0,1.00 exact,auto_accepted,,dge_linked,D,"[""clipping""]",none (spot-check optional)
kamadhenu_dataset/incoming_audio/dge_linked/raghavendra_vijaya/rv04.39.mp3,raghavendra_vijaya,sarga_4,39,full,raghavendra_vijaya:sarga_4:39,"ऋणादृषीणामथ मुक्तभाजनं मुमुक्षुरस्यः सुधियामृणद्वयात्
तदग्रजो वीक्ष्य विवाहंमङ्गलं विधातुमैच्छद्गुरुराजनामभाक्",अज्ञातम्,48,16.944,plausible,1.0,1.00 exact,auto_accepted,,dge_linked,D,"[""clipping""]",none (spot-check optional)
kamadhenu_dataset/incoming_audio/dge_linked/raghavendra_vijaya/rv04.40.mp3,raghavendra_vijaya,sarga_4,40,full,raghavendra_vijaya:sarga_4:40,"तदाग्रहारे महनीयवैभवे निजाग्रहारस्य समीपवर्तिनाम्
ललास काचित्स्वकुलस्य सद्गुणैः समेऽन्ववाये जनितास्यकन्यका",वंशस्थ,48,16.848,plausible,1.0,1.00 exact,auto_accepted,,dge_linked,D,"[""clipping""]",none (spot-check optional)
kamadhenu_dataset/incoming_audio/dge_linked/raghavendra_vijaya/rv04.41.mp3,raghavendra_vijaya,sarga_4,41,full,raghavendra_vijaya:sarga_4:41,"समुद्रपत्नी भवितेति सादरं प्रसाद्य वाणीमसृजत् पितेति वा
सरोवरी नाभिरिवेति वा पुनः सरस्वतीत्येव जुहाव तां जनः",वंशस्थ,48,17.136,plausible,1.0,1.00 exact,auto_accepted,,dge_linked,D,"[""clipping""]",none (spot-check optional)
kamadhenu_dataset/incoming_audio/dge_linked/raghavendra_vijaya/rv04.42.mp3,raghavendra_vijaya,sarga_4,42,full,raghavendra_vijaya:sarga_4:42,"विवेकनैपुण्यविनीतिदाक्षिणीपतीशभावप्रमुखा निजा गुणाः
सुजातमात्रा अपि शोभनाकृतेः समेनरास्ते सफला इवासते",वंशस्थ,48,16.776,plausible,1.0,1.00 exact,auto_accepted,,dge_linked,D,"[""clipping""]",none (spot-check optional)
kamadhenu_dataset/incoming_audio/dge_linked/raghavendra_vijaya/rv04.43.mp3,raghavendra_vijaya,sarga_4,43,full,raghavendra_vijaya:sarga_4:43,"पदेपदे पल्लवकान्ति सम्पदा निगूढगुल्फे नखराः प्रभाकराः
निरस्तकूर्मकृतिनीचजानुनी करौ तदूरू करिणो मनोहरौ",अज्ञातम्,48,16.8,plausible,1.0,1.00 exact,auto_accepted,,dge_linked,D,"[""clipping""]",none (spot-check optional)
kamadhenu_dataset/incoming_audio/dge_linked/raghavendra_vijaya/rv04.44.mp3,raghavendra_vijaya,sarga_4,44,full,raghavendra_vijaya:sarga_4:44,"घनं तदीयं जघनं यथोचितं कृशं विलग्नं तु कुशेशयेशयौ
नखानि रत्नानि बिसानुजौ भुजौ गम्भीरनाभेर्गमनं विमोहनम्",उपजाति,48,17.184,plausible,1.0,1.00 exact,auto_accepted,,dge_linked,D,"[""clipping""]",none (spot-check optional)
kamadhenu_dataset/incoming_audio/dge_linked/raghavendra_vijaya/rv04.45.mp3,raghavendra_vijaya,sarga_4,45,full,raghavendra_vijaya:sarga_4:45,"गलोतुलोस्याः फलके च तालुनी मुखं तदीयं शशिनास नोन्मुखम्
रदाश्च कुन्दान्यधरं सुधारसं समुन्नता गन्धफलीव नासिका",वंशस्थ,48,17.184,plausible,1.0,1.00 exact,auto_accepted,,dge_linked,D,"[""clipping""]",none (spot-check optional)
kamadhenu_dataset/incoming_audio/dge_linked/raghavendra_vijaya/rv04.46.mp3,raghavendra_vijaya,sarga_4,46,full,raghavendra_vijaya:sarga_4:46,"शिशोरमुष्यास्तिलकस्य केलिनीसखस्य डोलेव ललाटपट्टिका
चतुष्कपर्दायसशृङ्खलाश्रिता ललन्तिकारलनिगुच्छराजिता",अज्ञातम्,48,16.944,plausible,1.0,1.00 exact,auto_accepted,,dge_linked,D,"[""clipping""]",none (spot-check optional)
kamadhenu_dataset/incoming_audio/dge_linked/raghavendra_vijaya/rv04.47.mp3,raghavendra_vijaya,sarga_4,47,full,raghavendra_vijaya:sarga_4:47,"तामुद्विवक्षुः सुरभौ समागते वटुव्रतानां च चतुष्टयं मुदा
विधाय भाष्यं लिखति स्म वेङ्कटो विकल्पितं सिन्धुनदीनिमज्जनैः",उपजाति,48,17.016,plausible,1.0,1.00 exact,auto_accepted,,dge_linked,D,"[""clipping""]",none (spot-check optional)
kamadhenu_dataset/incoming_audio/dge_linked/raghavendra_vijaya/rv04.48.mp3,raghavendra_vijaya,sarga_4,48,full,raghavendra_vijaya:sarga_4:48,"सगोपिकाम्बिकाग्रजः सुहृज्जनैस्समन्वितैः
उपाविशत्सुपूजितो मुदैव कन्यकापदम्",अनुष्टुप्,32,27.024,too_long,0.92,0.90–0.99 very strong,auto_accepted,,dge_linked,B,"[""hot_peaks""]",none (spot-check optional)
kamadhenu_dataset/incoming_audio/dge_linked/raghavendra_vijaya/rv04.49.mp3,raghavendra_vijaya,sarga_4,49,full,raghavendra_vijaya:sarga_4:49,"श्रीमत्कश्यपवंशवार्धिशशिनः षड्दर्शनीवल्लभ- श्रीलक्ष्मीनरसिंहवित्तविदुषः श्रीवेङ्कटाम्बामणौ
जातेनार्यदयासुधामयगिरा नारायणेनोदिते काव्ये चारुणि राघवेन्द्रविजये सर्गश्चतुर्थोऽभवत्",शार्दूलविक्रीडित,76,49.128,plausible,1.0,1.00 exact,auto_accepted,,dge_linked,B,"[""hot_peaks""]",none (spot-check optional)
kamadhenu_dataset/incoming_audio/dge_linked/raghavendra_vijaya/rv05.01.mp3,raghavendra_vijaya,sarga_5,1,full,raghavendra_vijaya:sarga_5:1,"अथ विवाहसमुत्सुककन्यकागुणमणी पितरौ निजमन्दिरात्
अगमतामभिवीक्षतुमादराद्दूरमुपागतमात्मपुरोदरम्",अज्ञातम्,48,17.448,plausible,1.0,1.00 exact,auto_accepted,,dge_linked,D,"[""clipping""]",none (spot-check optional)
kamadhenu_dataset/incoming_audio/dge_linked/raghavendra_vijaya/rv05.02.mp3,raghavendra_vijaya,sarga_5,2,full,raghavendra_vijaya:sarga_5:2,"द्रुतमुपेत्य वरं पितरौ चिरान्मुहुरवेक्ष्य मुदं समवापतुः
पदयुगप्रणतस्य यवीयसोऽस्य चतुरस्य समाशिषमूचतुः",द्रुतविलम्बित,48,17.472,plausible,1.0,1.00 exact,auto_accepted,,dge_linked,D,"[""clipping""]",none (spot-check optional)
kamadhenu_dataset/incoming_audio/dge_linked/raghavendra_vijaya/rv05.03.mp3,raghavendra_vijaya,sarga_5,3,full,raghavendra_vijaya:sarga_5:3,"समसमाः परिषस्वजिरे मुदाऽधिकसमान्पृथुकाः प्रणमन्ति च
बहुवयोभिरिता बहुलाशिषं जगदिरे विविषेष्वपि बन्धुषु",द्रुतविलम्बित,48,17.04,plausible,1.0,1.00 exact,auto_accepted,,dge_linked,D,"[""clipping""]",none (spot-check optional)
kamadhenu_dataset/incoming_audio/dge_linked/raghavendra_vijaya/rv05.04.mp3,raghavendra_vijaya,sarga_5,4,full,raghavendra_vijaya:sarga_5:4,"निजगृहोपमनैजनिकेतनं जितविशालपुरं निजसंपदा
अनयतां विनयावनतं वरं ससुहृदं सुहृदा सह दम्पती",द्रुतविलम्बित,48,17.616,plausible,1.0,1.00 exact,auto_accepted,,dge_linked,D,"[""clipping""]",none (spot-check optional)
kamadhenu_dataset/incoming_audio/dge_linked/raghavendra_vijaya/rv05.05.mp3,raghavendra_vijaya,sarga_5,5,full,raghavendra_vijaya:sarga_5:5,"बहुविधं परमान्नरसायनं वरनरोभ्यवहृत्य तदाहृतम्
निबिडपट्टवितानकशीतलेप्यहह तुष्टुवुरातपभोजनम्",द्रुतविलम्बित,48,16.896,plausible,1.0,1.00 exact,auto_accepted,,dge_linked,D,"[""clipping""]",none (spot-check optional)
kamadhenu_dataset/incoming_audio/dge_linked/raghavendra_vijaya/rv05.06.mp3,raghavendra_vijaya,sarga_5,6,full,raghavendra_vijaya:sarga_5:6,"अभिदिदृक्षुजने वरमादरादुपगते भवनं तदनुज्ञया
कृतपरस्परसंक्थनो जनः सुखमुवास निशामिह वेश्मनि",अज्ञातम्,47,16.848,plausible,1.0,1.00 exact,auto_accepted,,dge_linked,D,"[""clipping""]",none (spot-check optional)
kamadhenu_dataset/incoming_audio/dge_linked/raghavendra_vijaya/rv05.07.mp3,raghavendra_vijaya,sarga_5,7,full,raghavendra_vijaya:sarga_5:7,"त्रिदशदेवदिशाधरकंधरे समुदिते नलिनीपरिणेतरि
त्रिपदया सवितारमृचा वरं परिणुवन्तमुपासत सज्जनाः",द्रुतविलम्बित,48,17.184,plausible,1.0,1.00 exact,auto_accepted,,dge_linked,D,"[""clipping""]",none (spot-check optional)
kamadhenu_dataset/incoming_audio/dge_linked/raghavendra_vijaya/rv05.08.mp3,raghavendra_vijaya,sarga_5,8,full,raghavendra_vijaya:sarga_5:8,"वसनवाहनकुङ्कुमचन्दनै र्विविधरम्यरसैः परिपूज्यतम्
त्वरितमारभताभ्युदयोत्सवं द्विजवरैः पितरौ सह सद्मनि",द्रुतविलम्बित,48,16.824,plausible,1.0,1.00 exact,auto_accepted,,dge_linked,D,"[""clipping""]",none (spot-check optional)
kamadhenu_dataset/incoming_audio/dge_linked/raghavendra_vijaya/rv05.09.mp3,raghavendra_vijaya,sarga_5,9,full,raghavendra_vijaya:sarga_5:9,"स्रगन्नवस्तूनि नवग्रहेभ्योप्यनुग्रहार्थं निरवग्रहार्थम्
कुतूहलात्तौ कुलदेवतायै समर्पयामासतुरादरेण",उपेन्द्रवज्रा,44,22.536,plausible,1.0,1.00 exact,auto_accepted,,dge_linked,D,"[""clipping"", ""noisy_low_snr""]",none (spot-check optional)
kamadhenu_dataset/incoming_audio/dge_linked/raghavendra_vijaya/rv05.10.mp3,raghavendra_vijaya,sarga_5,10,full,raghavendra_vijaya:sarga_5:10,"विरचय्य तु दीक्षितः प्रयाजं तनुते हन्त यथा प्रधानयागम्
अतनोत्किल कन्यकाप्रदानं मधुपर्कैरभिपूज्य तज्जनस्तम्",अज्ञातम्,46,23.112,plausible,1.0,1.00 exact,auto_accepted,,dge_linked,D,"[""clipping"", ""noisy_low_snr""]",none (spot-check optional)
kamadhenu_dataset/incoming_audio/dge_linked/raghavendra_vijaya/rv05.11.mp3,raghavendra_vijaya,sarga_5,11,full,raghavendra_vijaya:sarga_5:11,"वरमुखेन्दुविलोकनसंकुचल्लपनफुल्लसरोरुहकन्यकाम्
अयमपश्यदियं च वराननद्विजसखं ससितोत्पललोचना",द्रुतविलम्बित,48,18.624,plausible,1.0,1.00 exact,auto_accepted,,dge_linked,D,"[""clipping"", ""noisy_low_snr""]",none (spot-check optional)
kamadhenu_dataset/incoming_audio/dge_linked/raghavendra_vijaya/rv05.12.mp3,raghavendra_vijaya,sarga_5,12,full,raghavendra_vijaya:sarga_5:12,"इन्दुवदनाकलितमन्दहसनानां कुन्दरदनाहसितहंसगमनानाम्
कन्दुकसमाकृतिपयोधरयुगानां कन्तुनिजजङ्गमजयध्वजलतानाम्",इन्दुवदना,56,28.008,plausible,1.0,1.00 exact,auto_accepted,,dge_linked,D,"[""clipping"", ""noisy_low_snr""]",none (spot-check optional)
kamadhenu_dataset/incoming_audio/dge_linked/raghavendra_vijaya/rv05.13.mp3,raghavendra_vijaya,sarga_5,13,full,raghavendra_vijaya:sarga_5:13,"आगत्य द्रुतमबलाप्रहर्षणीकाप्यालोक्यागमनमनङ्गसायकाङ्गी
नारीणामुचिततराङ्गरागपुष्पैरानर्च स्मितलपनातिरोहितासु",प्रहर्षिणी,52,18.336,plausible,1.0,1.00 exact,auto_accepted,,dge_linked,D,"[""clipping"", ""noisy_low_snr""]",none (spot-check optional)
kamadhenu_dataset/incoming_audio/dge_linked/raghavendra_vijaya/rv05.14.mp3,raghavendra_vijaya,sarga_5,14,full,raghavendra_vijaya:sarga_5:14,"जितनीलकण्ठशुकमञ्जुभाषिणी परपुष्टसद्युवतिगीतगीतितः
सदनप्रियालकुसुमालयो वधूवरवीक्षणागतसुरार्पिता इव",मञ्जुभाषिणी,52,18.024,plausible,1.0,1.00 exact,auto_accepted,,dge_linked,D,"[""clipping""]",none (spot-check optional)
kamadhenu_dataset/incoming_audio/dge_linked/raghavendra_vijaya/rv05.15.mp3,raghavendra_vijaya,sarga_5,15,full,raghavendra_vijaya:sarga_5:15,"प्रमिताक्षरामुचमनूद्य सुहृत्समुपाहृतान्यभिनवानि मुहुः
विविधानि पुरोहितजनावनयो र्वसनानि संसदि समर्पयताम्",अज्ञातम्,49,19.008,plausible,1.0,1.00 exact,auto_accepted,,dge_linked,D,"[""clipping"", ""noisy_low_snr""]",none (spot-check optional)
kamadhenu_dataset/incoming_audio/dge_linked/raghavendra_vijaya/rv05.16.mp3,raghavendra_vijaya,sarga_5,16,full,raghavendra_vijaya:sarga_5:16,"मथनसंस्कृतिसंततसंभ्रमत्सितगुरूज्ज्वलदीपकभाजनम्
अनयतः स्म वधूवरसन्मुखं द्रुतविलम्बितमेत्य वराङ्गने",द्रुतविलम्बित,48,20.184,plausible,1.0,1.00 exact,auto_accepted,,dge_linked,D,"[""clipping""]",none (spot-check optional)
kamadhenu_dataset/incoming_audio/dge_linked/raghavendra_vijaya/rv05.17.mp3,raghavendra_vijaya,sarga_5,17,full,raghavendra_vijaya:sarga_5:17,"नानाविद्याशालिनीवृद्घिभाजां भूदेवानां भूषणै राजमाना
वेदानुच्चैरुच्चरन्ती किरन्ती दम्पत्योरित्याशिषः संसदूचे",शालिनी,44,23.04,plausible,1.0,1.00 exact,auto_accepted,,dge_linked,D,"[""clipping""]",none (spot-check optional)
kamadhenu_dataset/incoming_audio/dge_linked/raghavendra_vijaya/rv05.18.mp3,raghavendra_vijaya,sarga_5,18,full,raghavendra_vijaya:sarga_5:18,"बालावैतावाप्नुतां दीर्घमायुर्नित्यां प्रीतिं चाष्टपुत्रान्गुणाढ्यान्
शस्तं वित्तं संततिं शोभमानां सौख्यं धन्यौ धान्यभूगोसमृद्धिम्",शालिनी,44,27.48,plausible,1.0,1.00 exact,auto_accepted,,dge_linked,D,"[""clipping""]",none (spot-check optional)
kamadhenu_dataset/incoming_audio/dge_linked/raghavendra_vijaya/rv05.19.mp3,raghavendra_vijaya,sarga_5,19,full,raghavendra_vijaya:sarga_5:19,"इन्द्राणी बलरिपुवैरिणीव वाणी लोकेशे कलशपयोधिन्यकेव
गोविन्दे गरलगले गिरीन्द्रकन्या कन्या स्याद्दयितमनःप्रहर्षणीयम्",अज्ञातम्,51,20.256,plausible,1.0,1.00 exact,auto_accepted,,dge_linked,D,"[""clipping""]",none (spot-check optional)
kamadhenu_dataset/incoming_audio/dge_linked/raghavendra_vijaya/rv05.20.mp3,raghavendra_vijaya,sarga_5,20,full,raghavendra_vijaya:sarga_5:20,"नत्वा हरिं गुरुमनन्तरमार्यनारीसेवारतावसितवारिजलोचनाभिः
दृष्टौ वसन्ततिलकाविव तावभातां तत्रान्तरे सुकुतुकं सुमनःपरीतौ",वसन्ततिलका,56,24.192,plausible,1.0,1.00 exact,auto_accepted,,dge_linked,D,"[""clipping""]",none (spot-check optional)
kamadhenu_dataset/incoming_audio/dge_linked/raghavendra_vijaya/rv05.21.mp3,raghavendra_vijaya,sarga_5,21,full,raghavendra_vijaya:sarga_5:21,"नियुज्य वंशस्थनितम्बिनीवधूपिता वरीयार्यजनार्चनाकृते
वधूवरौ वारिजलोचनाभुभौ परस्परं भोजयितुं प्रचक्रमे",वंशस्थ,48,26.472,plausible,1.0,1.00 exact,auto_accepted,,dge_linked,D,"[""clipping""]",none (spot-check optional)
kamadhenu_dataset/incoming_audio/dge_linked/raghavendra_vijaya/rv05.22.mp3,raghavendra_vijaya,sarga_5,22,full,raghavendra_vijaya:sarga_5:22,"भूदेवान्मोजयित्वा तदनु तदुचितैरम्बरैर्दक्षिणाभि- स्ताम्बूलैस्तोषयित्वा विरचितनियमक्षीणहान्येवमेषः
विद्वत्सङ्घं निकामं विनयमुखगुणैर्नन्दयन्वेङ्कटार्यो दीक्षां प्राप्येव यज्वातदनु निशि मुदा शेषहोमं व्यतानीत्",स्रग्धरा,84,38.568,plausible,1.0,1.00 exact,auto_accepted,,dge_linked,D,"[""clipping""]",none (spot-check optional)
kamadhenu_dataset/incoming_audio/dge_linked/raghavendra_vijaya/rv05.23.mp3,raghavendra_vijaya,sarga_5,23,full,raghavendra_vijaya:sarga_5:23,"आगच्छन्पथि वध्वा साकं सर्वैः समं निजग्रामम्
काननभूषु वधूनां दोहललक्ष्मीरपश्यदुरुमेधाः",अज्ञातम्,37,15.888,plausible,1.0,1.00 exact,auto_accepted,,dge_linked,D,"[""clipping""]",none (spot-check optional)
kamadhenu_dataset/incoming_audio/dge_linked/raghavendra_vijaya/rv05.24.mp3,raghavendra_vijaya,sarga_5,24,full,raghavendra_vijaya:sarga_5:24,"चकितहरिणशावकेक्षणस्त्रीचरणहतोपि पुनः पुनर्यदीयः
ननु हसितरामशोकशाखी प्रकटयितुं नितरामशोकभावम्",अज्ञातम्,49,17.208,plausible,1.0,1.00 exact,auto_accepted,,dge_linked,D,"[""clipping""]",none (spot-check optional)
kamadhenu_dataset/incoming_audio/dge_linked/raghavendra_vijaya/rv05.25.mp3,raghavendra_vijaya,sarga_5,25,full,raghavendra_vijaya:sarga_5:25,"कुरबकविटपे कृशेशयाक्ष्याः कुचयुगलस्तबकेन कोमलाङ्ग्याः
किमुकृत समवायिना वसन्तस्तबककुलानि तदाकृतीनि यस्मिन्",अज्ञातम्,50,18.792,plausible,1.0,1.00 exact,auto_accepted,,dge_linked,D,"[""clipping""]",none (spot-check optional)
kamadhenu_dataset/incoming_audio/dge_linked/raghavendra_vijaya/rv05.26.mp3,raghavendra_vijaya,sarga_5,26,full,raghavendra_vijaya:sarga_5:26,"बकुलतरुरवाप्य वारिजाक्ष्या मुखरससेवनमुन्नतोऽबलायाः
प्रतिकृतिमकृतेव पक्ष्मलाक्ष्याः प्रसवपरंपरया तदङ्गभाजा",अज्ञातम्,50,21.816,plausible,1.0,1.00 exact,auto_accepted,,dge_linked,D,"[""clipping""]",none (spot-check optional)
kamadhenu_dataset/incoming_audio/dge_linked/raghavendra_vijaya/rv05.27.mp3,raghavendra_vijaya,sarga_5,27,full,raghavendra_vijaya:sarga_5:27,"कुवलयदलनीललोचनाभिस्तिलकतरुष्ववलोकितेषु नूनम्
प्रतिफलितविलोचनानि नो चेत्समरुचिभाञ्जि कथं सुमानि तेषाम्",अज्ञातम्,50,17.304,plausible,1.0,1.00 exact,auto_accepted,,dge_linked,D,"[""clipping""]",none (spot-check optional)
kamadhenu_dataset/incoming_audio/dge_linked/raghavendra_vijaya/rv05.28.mp3,raghavendra_vijaya,sarga_5,28,full,raghavendra_vijaya:sarga_5:28,"परिहसनपराः पयोरुहाक्ष्यः सुमकपटेन हसन्तमाबबन्धुः
व्रततिततिभिरञ्जना नमेरुं परिहसतीति विलोक्य किं मदीयम्",अज्ञातम्,50,21.624,plausible,1.0,1.00 exact,auto_accepted,,dge_linked,D,"[""clipping""]",none (spot-check optional)
kamadhenu_dataset/incoming_audio/dge_linked/raghavendra_vijaya/rv05.29.mp3,raghavendra_vijaya,sarga_5,29,full,raghavendra_vijaya:sarga_5:29,"करपरिमलनात्कुशेशयाक्ष्याः प्रतिविटपं विकचप्रसूनशाली
सभयमभिनिरीक्षितावकाशो व्यपगतनिद्र इवास यत्र चूतः",अज्ञातम्,50,22.272,plausible,1.0,1.00 exact,auto_accepted,,dge_linked,D,"[""clipping""]",none (spot-check optional)
kamadhenu_dataset/incoming_audio/dge_linked/raghavendra_vijaya/rv05.30.mp3,raghavendra_vijaya,sarga_5,30,full,raghavendra_vijaya:sarga_5:30,"कुवलयदलनीललोचनानां तनुरुचिमीक्षितुमीक्षितोऽङ्गनाभिः
तिलकतरुरुदग्रसूनजालैर्दशतलोचनतामवाप नूनम्",अज्ञातम्,49,20.496,plausible,1.0,1.00 exact,auto_accepted,,dge_linked,D,"[""clipping""]",none (spot-check optional)
kamadhenu_dataset/incoming_audio/dge_linked/raghavendra_vijaya/rv05.31.mp3,raghavendra_vijaya,sarga_5,31,full,raghavendra_vijaya:sarga_5:31,"शुकपिककलकण्ठकिन्नरस्त्रीस्मयहरविस्मयगानमानताङ्ग्याः
सकुतुकमुपकर्ण्य संमुदेन प्रसवकुलं प्रववर्ष किं प्रियालः",अज्ञातम्,50,19.584,plausible,1.0,1.00 exact,auto_accepted,,dge_linked,D,"[""clipping""]",none (spot-check optional)
kamadhenu_dataset/incoming_audio/dge_linked/raghavendra_vijaya/rv05.32.mp3,raghavendra_vijaya,sarga_5,32,full,raghavendra_vijaya:sarga_5:32,"अशोकवृक्षाः कमलेक्षणानां मनोज्ञपादांबुजताडनेन
उल्लासमापुस्सहसा तदानीं यथैव लीलाकमलैर्युवानः",उपजाति,44,17.76,plausible,1.0,1.00 exact,auto_accepted,,dge_linked,D,"[""clipping"", ""noisy_low_snr""]",none (spot-check optional)
kamadhenu_dataset/incoming_audio/dge_linked/raghavendra_vijaya/rv05.33.mp3,raghavendra_vijaya,sarga_5,33,full,raghavendra_vijaya:sarga_5:33,"भुजालताभिस्तरुणीजनानां मदान्वितानां परिरम्भणेन
अगाद्विकासं कुरवोपि पश्चान्नदद् द्विरेफैः सुरवो बभूव",उपेन्द्रवज्रा,44,17.712,plausible,1.0,1.00 exact,auto_accepted,,dge_linked,D,"[""clipping""]",none (spot-check optional)
kamadhenu_dataset/incoming_audio/dge_linked/raghavendra_vijaya/rv05.34.mp3,raghavendra_vijaya,sarga_5,34,full,raghavendra_vijaya:sarga_5:34,"चन्द्राननानां शफरेक्षणानां कुम्भस्तनीनां कुटिलालकानाम्
विलासिनीनां द्युतिमाललम्बे गण्डूषशीधोर्बकुलोवसेकात्",उपजाति,44,17.88,plausible,1.0,1.00 exact,auto_accepted,,dge_linked,D,"[""clipping""]",none (spot-check optional)
kamadhenu_dataset/incoming_audio/dge_linked/raghavendra_vijaya/rv05.35.mp3,raghavendra_vijaya,sarga_5,35,full,raghavendra_vijaya:sarga_5:35,"आलोकनादायतलोचनानां मदोद्धतानां प्रकटानुरागम्
दधार शोभां तिलकद्रुमाणां पाली सभृङ्गैस्तबकैस्तदानीम्",उपजाति,44,17.472,plausible,1.0,1.00 exact,auto_accepted,,dge_linked,D,"[""clipping""]",none (spot-check optional)
kamadhenu_dataset/incoming_audio/dge_linked/raghavendra_vijaya/rv05.36.mp3,raghavendra_vijaya,sarga_5,36,full,raghavendra_vijaya:sarga_5:36,"गीत्या महत्या कलकण्ठकण्ठ्या विकासमाधत्त तदा प्रियालः
तन्मञ्जरीषट्चरणादिगीत्या वियोगिनीचित्तमिदं विषादम्",उपजाति,44,18.24,plausible,1.0,1.00 exact,auto_accepted,,dge_linked,D,"[""clipping""]",none (spot-check optional)
kamadhenu_dataset/incoming_audio/dge_linked/raghavendra_vijaya/rv05.37.mp3,raghavendra_vijaya,sarga_5,37,full,raghavendra_vijaya:sarga_5:37,"पद्माननानां वदनानिलेन श्रियं विवव्रे खलु सिन्धुवारः
बाहालतास्पर्शनतो रसालस्तदाङ्कुरैः कण्टकितो व्यलासीत्",उपजाति,44,18.288,plausible,1.0,1.00 exact,auto_accepted,,dge_linked,D,"[""clipping""]",none (spot-check optional)
kamadhenu_dataset/incoming_audio/dge_linked/raghavendra_vijaya/rv05.38.mp3,raghavendra_vijaya,sarga_5,38,full,raghavendra_vijaya:sarga_5:38,"वार्ताविशेषैर्वनजेक्षणानां पिकप्रियानिःस्वनलालनीयैः
उदङ्कुरोभूदथ कर्णिकारो रागश्च यूनां हृदये तदानीम्",उपजाति,44,18.528,plausible,1.0,1.00 exact,auto_accepted,,dge_linked,D,"[""clipping""]",none (spot-check optional)
kamadhenu_dataset/incoming_audio/dge_linked/raghavendra_vijaya/rv05.39.mp3,raghavendra_vijaya,sarga_5,39,full,raghavendra_vijaya:sarga_5:39,"मुखानुरागान्महिलाजनानां चाम्पेयशाखी नवपल्लवौघैः
समुत्थितैस्तत्क्षणजातशोभैस्तदाऽनुरागी समभूद्विचित्रम्",उपजाति,44,18.456,plausible,1.0,1.00 exact,auto_accepted,,dge_linked,D,"[""clipping""]",none (spot-check optional)
kamadhenu_dataset/incoming_audio/dge_linked/raghavendra_vijaya/rv05.40.mp3,raghavendra_vijaya,sarga_5,40,full,raghavendra_vijaya:sarga_5:40,"यासां नमेरुः कुचगौरवेण तुलायितो नाजनि हासपात्रम्
नकारयुक्तत्पदवाच्यभूरुहो जहास हासैः कुसुमैश्च तासाम्",अज्ञातम्,45,18.336,plausible,1.0,1.00 exact,auto_accepted,,dge_linked,D,"[""clipping""]",none (spot-check optional)
kamadhenu_dataset/incoming_audio/dge_linked/raghavendra_vijaya/rv05.41.mp3,raghavendra_vijaya,sarga_5,41,full,raghavendra_vijaya:sarga_5:41,"षडङ्घ्रिसंघारवकैतवेन गायन्मुदा माधवकीर्तिमुच्चैः
द्विजप्रवेकैर्यरुचत्प्रवीतः शुको यथा तत्र हि किंशुकद्रुः",उपजाति,44,18.6,plausible,1.0,1.00 exact,auto_accepted,,dge_linked,D,"[""clipping""]",none (spot-check optional)
kamadhenu_dataset/incoming_audio/dge_linked/raghavendra_vijaya/rv05.42.mp3,raghavendra_vijaya,sarga_5,42,full,raghavendra_vijaya:sarga_5:42,"किंशुकः कुसुममालया वने फुल्लया च नितरां विदिद्युते
दानवारिमसुरान्त्रमालया मण्डितं खलु विडम्बयन्निव",रथोद्धता,44,22.68,plausible,1.0,1.00 exact,auto_accepted,,dge_linked,D,"[""clipping""]",none (spot-check optional)
kamadhenu_dataset/incoming_audio/dge_linked/raghavendra_vijaya/rv05.43.mp3,raghavendra_vijaya,sarga_5,43,full,raghavendra_vijaya:sarga_5:43,"स इत्थमालोक्य वनं गतानां विलासिनीनां विहृतिप्रभेदान्
उपेन्द्रवज्रायितकायसारो गृहं प्रविश्याब्दगणान्मुमोद",उपेन्द्रवज्रा,44,23.688,plausible,1.0,1.00 exact,auto_accepted,,dge_linked,D,"[""clipping""]",none (spot-check optional)
kamadhenu_dataset/incoming_audio/dge_linked/raghavendra_vijaya/rv05.44.mp3,raghavendra_vijaya,sarga_5,44,full,raghavendra_vijaya:sarga_5:44,"श्रीमत्कश्यपवंशवार्धिशशिनः षड्दर्शनीवल्लभ- श्रीलक्ष्मीनरसिंहवित्तविदुषः श्रीवेङ्कटाम्बामणौ
जातेनार्यदयासुधामयगिरा नारायणेनोदिते काव्ये चारुणि राघवेन्द्रविजये सर्गोऽभवत्पञ्चमः",शार्दूलविक्रीडित,76,42.768,plausible,1.0,1.00 exact,auto_accepted,,dge_linked,D,"[""clipping""]",none (spot-check optional)
kamadhenu_dataset/incoming_audio/dge_linked/raghavendra_vijaya/rv06.01.mp3,raghavendra_vijaya,sarga_6,1,full,raghavendra_vijaya:sarga_6:1,"बध्वा साकं तत्र तुण्डीरदेशे वासं कृत्वा वेङ्कटार्यो महात्मा
वंशाचार्यं श्रीसुधीन्द्रं दिदृक्षुः चारुप्रज्ञः प्राविशच्चोलदेशम्",शालिनी,44,30.648,plausible,1.0,1.00 exact,auto_accepted,,dge_linked,B,"[""hot_peaks""]",none (spot-check optional)
kamadhenu_dataset/incoming_audio/dge_linked/raghavendra_vijaya/rv06.02.mp3,raghavendra_vijaya,sarga_6,2,full,raghavendra_vijaya:sarga_6:2,"मन्दंमन्दं मारुतस्पर्शमात्रात् निर्मर्यादं यत्र निष्यन्दमानैः
माकन्दानां मार्गभूमध्यगानां पृथ्वी चैत्रेष्वात्तपङ्का मरन्दैः",शालिनी,44,31.992,too_long,0.92,0.90–0.99 very strong,auto_accepted,,dge_linked,B,"[""hot_peaks""]",none (spot-check optional)
kamadhenu_dataset/incoming_audio/dge_linked/raghavendra_vijaya/rv06.03.mp3,raghavendra_vijaya,sarga_6,3,full,raghavendra_vijaya:sarga_6:3,"सह्यक्षमाभृन्नन्दिनीतीरदेशे भूयोभूयो भूसुपर्वाग्रहाराः
ग्रामे ग्रामे तद्गृहाणां सहस्रं गेहेगेहे पण्डिता एव सर्वे",अज्ञातम्,45,33.264,too_long,0.92,0.90–0.99 very strong,auto_accepted,,dge_linked,D,"[""clipping""]",none (spot-check optional)
kamadhenu_dataset/incoming_audio/dge_linked/raghavendra_vijaya/rv06.04.mp3,raghavendra_vijaya,sarga_6,4,full,raghavendra_vijaya:sarga_6:4,"ग्रामेग्रामेऽध्यापका जातमात्राः गेहेगेहे सर्वशास्त्रागमानाम्
सायं प्रातर्होमघूमातिनीलं रूपोपेतं यत्र नीरूपमभ्रम्",शालिनी,44,31.704,too_long,0.92,0.90–0.99 very strong,auto_accepted,,dge_linked,B,"[""hot_peaks""]",none (spot-check optional)
kamadhenu_dataset/incoming_audio/dge_linked/raghavendra_vijaya/rv06.05.mp3,raghavendra_vijaya,sarga_6,5,full,raghavendra_vijaya:sarga_6:5,"नित्यं यस्मिन् उर्वरेवाखिला भूः सालाः पूर्णा एव सर्वे फलौघैः
पृथ्वीदेशादीक्षिता एव सर्वे सह्यक्षमाभृन्नन्दिनीसन्निधानात्",अज्ञातम्,45,29.76,plausible,1.0,1.00 exact,auto_accepted,,dge_linked,D,"[""clipping""]",none (spot-check optional)
kamadhenu_dataset/incoming_audio/dge_linked/raghavendra_vijaya/rv06.06.mp3,raghavendra_vijaya,sarga_6,6,full,raghavendra_vijaya:sarga_6:6,"देशे तस्मिन् भूमिभूषायमाणे कुर्वन्वासं कुम्भघोणे सुधीन्द्रम्
दृष्ट्वा नित्यं मानितस्तेन विद्याभ्यासोद्युक्तो वेङ्कटार्यो विशिष्य",शालिनी,44,29.904,plausible,1.0,1.00 exact,auto_accepted,,dge_linked,B,"[""hot_peaks""]",none (spot-check optional)
kamadhenu_dataset/incoming_audio/dge_linked/raghavendra_vijaya/rv06.07.mp3,raghavendra_vijaya,sarga_6,7,full,raghavendra_vijaya:sarga_6:7,"शाब्दं भाष्यं जायदेवीं च टिकां भाट्टं तन्त्रं भामतिं गौरवंश्च
व्यासर्योक्तां चन्द्रिकां वेकटार्यः यद्यद्ग्रेद्यं तत्तदभ्यस्यति स्म",अज्ञातम्,44,29.544,plausible,1.0,1.00 exact,auto_accepted,,dge_linked,B,"[""hot_peaks""]",none (spot-check optional)
kamadhenu_dataset/incoming_audio/dge_linked/raghavendra_vijaya/rv06.08.mp3,raghavendra_vijaya,sarga_6,8,full,raghavendra_vijaya:sarga_6:8,"प्रातः स्नात्वा साधु वेदान्तभाष्यं शाब्दं पश्चात्तर्कशास्त्रं ततस्सः
पूर्वं तन्त्रं चावेदान्वेङ्कटार्यो तुर्ये यामे कांश्चिद्दन्दान्नैषीत्",अज्ञातम्,43,29.856,plausible,1.0,1.00 exact,auto_accepted,,dge_linked,B,"[""hot_peaks""]",none (spot-check optional)
kamadhenu_dataset/incoming_audio/dge_linked/raghavendra_vijaya/rv06.09.mp3,raghavendra_vijaya,sarga_6,9,full,raghavendra_vijaya:sarga_6:9,"द्रष्टुं कृष्णं दक्षिणद्वारकेशं प्राप्तस्साकं वेङ्कटो दैशिकेन
मायावादिव्रातमध्ये निषण्णं कंचिद्भिक्षुं दृष्टवान् वावदूकम्",शालिनी,44,30.144,plausible,1.0,1.00 exact,auto_accepted,,dge_linked,B,"[""hot_peaks""]",none (spot-check optional)
kamadhenu_dataset/incoming_audio/dge_linked/raghavendra_vijaya/rv06.10.mp3,raghavendra_vijaya,sarga_6,10,full,raghavendra_vijaya:sarga_6:10,"ब्रह्माभिन्नोजीवसंघः कुतस्त्वं ब्रूहीत्युक्ते केनचित्तद्बुधेन
मिथ्या यस्माद्विश्वमित्युक्तमात्रे किंचतोऽस्मिन्नान्न मानं त्वयोक्तम्",अज्ञातम्,44,31.416,too_long,0.92,0.90–0.99 very strong,auto_accepted,,dge_linked,D,"[""clipping""]",none (spot-check optional)
kamadhenu_dataset/incoming_audio/dge_linked/raghavendra_vijaya/rv06.11.mp3,raghavendra_vijaya,sarga_6,11,full,raghavendra_vijaya:sarga_6:11,"शास्त्रे नोक्तो न श्रुतः केनचिद्वा यः किंचात्ः शब्द उक्तस्त्वयेति
उक्ते तेन प्रावदद्वेङ्कटार्यो व्यक्तंयस्त्वं नाश्रृणोः शाब्दभाष्यम्",अज्ञातम्,43,26.304,plausible,1.0,1.00 exact,auto_accepted,,dge_linked,B,"[""hot_peaks""]",none (spot-check optional)
kamadhenu_dataset/incoming_audio/dge_linked/raghavendra_vijaya/rv06.12.mp3,raghavendra_vijaya,sarga_6,12,full,raghavendra_vijaya:sarga_6:12,"श्रुत्वाकोपात्तस्य शिष्योथ कश्चिब्दाष्यं क्व त्वं केदृशस्तेऽभिमानः
पृष्टश्चेत्तां प्रक्रियां किं ब्रवीषीत्युक्तस्तेनानुक्तवानेवमेषः",शालिनी,44,22.248,plausible,1.0,1.00 exact,auto_accepted,,dge_linked,D,"[""clipping""]",none (spot-check optional)
kamadhenu_dataset/incoming_audio/dge_linked/raghavendra_vijaya/rv06.13.mp3,raghavendra_vijaya,sarga_6,13,full,raghavendra_vijaya:sarga_6:13,"दण्डेनान्यस्ताडितः कुण्डलीव'प्साधातोर्यङ्लुगन्तस्य रूपम्
शन्न्रन्तस्येत्यर्धवाक्ये स' पाप्सत्तस्येत्युक्त्वा वादिनं पृच्छति स्म",अज्ञातम्,43,21.12,plausible,1.0,1.00 exact,auto_accepted,,dge_linked,B,"[""hot_peaks""]",none (spot-check optional)
kamadhenu_dataset/incoming_audio/dge_linked/raghavendra_vijaya/rv06.14.mp3,raghavendra_vijaya,sarga_6,14,full,raghavendra_vijaya:sarga_6:14,"एतद्धातोः किं यगन्तस्य रूपं ब्रूहीत्युक्ते चिन्तयन्नर्धयामे
तत्रत्यानां दैशिको मायिभिक्षुस्तूष्णीमासीदुत्तरेऽभासमाने",शालिनी,44,21.36,plausible,1.0,1.00 exact,auto_accepted,,dge_linked,B,"[""hot_peaks""]",none (spot-check optional)
kamadhenu_dataset/incoming_audio/dge_linked/raghavendra_vijaya/rv06.15.mp3,raghavendra_vijaya,sarga_6,15,full,raghavendra_vijaya:sarga_6:15,"दृष्ट्वा सर्वं दैशिकः श्रीसुधीन्द्रः प्रागज्ञातं कौशलं शाब्दभाष्ये
प्राचीनाख्यां तां महाभाष्यपूर्वां प्रादादस्मै पश्यतां पण्डितानाम्",शालिनी,44,22.008,plausible,1.0,1.00 exact,auto_accepted,,dge_linked,B,"[""hot_peaks""]",none (spot-check optional)
kamadhenu_dataset/incoming_audio/dge_linked/raghavendra_vijaya/rv06.16.mp3,raghavendra_vijaya,sarga_6,16,full,raghavendra_vijaya:sarga_6:16,"तज्ञापुर्यामन्यदा शुल्बसूत्रं व्याख्यातारं वावदूकं जयन्तम्
राज्ञो विद्वान्यज्ञनारायणोऽयाशीलोत्तंसस्तं ननन्दातिमात्रम्",शालिनी,44,23.52,plausible,1.0,1.00 exact,auto_accepted,,dge_linked,B,"[""hot_peaks""]",none (spot-check optional)
kamadhenu_dataset/incoming_audio/dge_linked/raghavendra_vijaya/rv06.17.mp3,raghavendra_vijaya,sarga_6,17,full,raghavendra_vijaya:sarga_6:17,"कालेनास्मिन् काकतालीयशब्दे जेतारं तं यायजूकान्कवीन्द्रान्
तस्यां पुर्यां तसमुद्राङ्कने च प्रौढं मेने यज्ञनारायणस्तम्",अज्ञातम्,44,27.072,plausible,1.0,1.00 exact,auto_accepted,,dge_linked,D,"[""clipping""]",none (spot-check optional)
kamadhenu_dataset/incoming_audio/dge_linked/raghavendra_vijaya/rv06.18.mp3,raghavendra_vijaya,sarga_6,18,full,raghavendra_vijaya:sarga_6:18,"विद्योद्योगाद्वासरान्यापयन्तं प्राप्तौन्नत्यं पातुर्कं निर्धनत्वम्
अत्यासन्नश्रीनिदानेन्दिरेषध्यानोपायो बुद्धिवार्धिं सिषेवे",अज्ञातम्,44,33.168,too_long,0.92,0.90–0.99 very strong,auto_accepted,,dge_linked,B,"[""hot_peaks"", ""long_leading_silence""]",none (spot-check optional)
kamadhenu_dataset/incoming_audio/dge_linked/raghavendra_vijaya/rv06.19.mp3,raghavendra_vijaya,sarga_6,19,full,raghavendra_vijaya:sarga_6:19,"अढढस्यैकं वत्स्यतो नास्य नव्यं स्थूलं वस्त्रं संततं चालपमौल्यम्
नव्यं वस्त्रं नैव सूक्ष्मं कदापि क्षौमे तस्मिन् का कथाकिंचनस्य",अज्ञातम्,46,27.576,plausible,1.0,1.00 exact,auto_accepted,,dge_linked,B,"[""hot_peaks""]",none (spot-check optional)
kamadhenu_dataset/incoming_audio/dge_linked/raghavendra_vijaya/rv06.20.mp3,raghavendra_vijaya,sarga_6,20,full,raghavendra_vijaya:sarga_6:20,"तैलाभ्यङ्गं वत्सरस्यैकवारं नैतस्यास्ति प्राज्यमाज्यं कथं स्यात्
अग्निष्टोमे नाधिकारी कथं स्यात् ज्योतिष्टोमेज्यांत्यसंस्थाधिकारी",शालिनी,44,27.384,plausible,1.0,1.00 exact,auto_accepted,,dge_linked,B,"[""hot_peaks""]",none (spot-check optional)
kamadhenu_dataset/incoming_audio/dge_linked/raghavendra_vijaya/rv06.21.mp3,raghavendra_vijaya,sarga_6,21,full,raghavendra_vijaya:sarga_6:21,"कालेकाले लभ्यते नास्य भुक्तं लब्धं चेत्तद्भुज्यते हन्त भूमौ
पात्राभावादेकदा नार्थितेपि क्षुद्धाधायाः शान्तिमेवालभिष्ट",शालिनी,44,27.744,plausible,1.0,1.00 exact,auto_accepted,,dge_linked,D,"[""clipping""]",none (spot-check optional)
kamadhenu_dataset/incoming_audio/dge_linked/raghavendra_vijaya/rv06.22.mp3,raghavendra_vijaya,sarga_6,22,full,raghavendra_vijaya:sarga_6:22,"छिन्ने वस्त्रे भिन्न पानीयपात्रे जीर्णस्थल्यां दस्युभिर्नीयमाने
प्रागाक्रुष्टं भाविकौपीनमस्य छागे यागे प्रागिवाभूतप्रयाजः",अज्ञातम्,45,28.632,plausible,1.0,1.00 exact,auto_accepted,,dge_linked,D,"[""clipping""]",none (spot-check optional)
kamadhenu_dataset/incoming_audio/dge_linked/raghavendra_vijaya/rv06.23.mp3,raghavendra_vijaya,sarga_6,23,full,raghavendra_vijaya:sarga_6:23,"विष्णोरेको वामरो वर्धमानेऽलोके कृत्तः पञ्चषस्तस्य गेहे
इष्टौ पञ्चैवोदितास्ते प्रयाजाश्चातुर्मास्येष्वेधमाना नवासन्",शालिनी,44,26.16,plausible,1.0,1.00 exact,auto_accepted,,dge_linked,D,"[""clipping""]",none (spot-check optional)
kamadhenu_dataset/incoming_audio/dge_linked/raghavendra_vijaya/rv06.24.mp3,raghavendra_vijaya,sarga_6,24,full,raghavendra_vijaya:sarga_6:24,"पश्चाल्लब्धा यादृशी श्रीस्तदीयैस्तस्याः साम्यं लभ्यते चेत्कदाचित्
अप्येतस्याः सम्पदो नोपमानं लभ्यं लोके सम्यगालोचितेपि",शालिनी,44,26.88,plausible,1.0,1.00 exact,auto_accepted,,dge_linked,D,"[""clipping""]",none (spot-check optional)
kamadhenu_dataset/incoming_audio/dge_linked/raghavendra_vijaya/rv06.25.mp3,raghavendra_vijaya,sarga_6,25,full,raghavendra_vijaya:sarga_6:25,"एवं चेदप्यादराद्वोक्तृचिह्नं सन्धार्यायं शास्त्रमुख्यादजस्रम्
हर्षे प्राप्ता ह्यात्मधर्मानुरूपा पत्याकारस्पर्शानालापजाताम्",अज्ञातम्,44,25.128,plausible,1.0,1.00 exact,auto_accepted,,dge_linked,B,"[""hot_peaks""]",none (spot-check optional)
kamadhenu_dataset/incoming_audio/dge_linked/raghavendra_vijaya/rv06.26.mp3,raghavendra_vijaya,sarga_6,26,full,raghavendra_vijaya:sarga_6:26,"दृष्टस्वप्नः श्रीसुधीन्द्रोथ विद्यासाम्राज्यार्हं तं पयोधिं गुणौघैः
ज्ञात्वा विद्यासंप्रदायं स गोप्तुं पारिव्राज्यं प्रार्थयामास धीरम्",शालिनी,44,24.288,plausible,1.0,1.00 exact,auto_accepted,,dge_linked,B,"[""hot_peaks""]",none (spot-check optional)
kamadhenu_dataset/incoming_audio/dge_linked/raghavendra_vijaya/rv06.27.mp3,raghavendra_vijaya,sarga_6,27,full,raghavendra_vijaya:sarga_6:27,"क्वाहं न्यासः कुत्र वा वेदविद्यासाम्राज्यं ते क्वापि विद्याऽहमार्य
पारं सिन्धो भारमूढ्वा विवेकी गन्तुं यत्नं को जनः संतनोति",शालिनी,44,24.672,plausible,1.0,1.00 exact,auto_accepted,,dge_linked,D,"[""clipping""]",none (spot-check optional)
kamadhenu_dataset/incoming_audio/dge_linked/raghavendra_vijaya/rv06.28.mp3,raghavendra_vijaya,sarga_6,28,full,raghavendra_vijaya:sarga_6:28,"इत्युक्तस्तं प्राह नाबोहि बह्वः शान्तिर्दान्तिर्धीरतोदारता च
केतुस्तासां मत्प्रसादो गरीयान् विद्यन्ते किं दुर्घटं सिन्धुयाने",शालिनी,44,26.808,plausible,1.0,1.00 exact,auto_accepted,,dge_linked,B,"[""hot_peaks""]",none (spot-check optional)
kamadhenu_dataset/incoming_audio/dge_linked/raghavendra_vijaya/rv06.29.mp3,raghavendra_vijaya,sarga_6,29,full,raghavendra_vijaya:sarga_6:29,"एकान्ते तैर्बोधितः प्रत्यवादीद्बाला भार्या बालको नोपनीतः
बालश्चाहं नाश्रमे मेस्ति वाञ्छा निर्बन्धश्चेन्निर्गमिष्यामि नूनम्",शालिनी,44,27.072,plausible,1.0,1.00 exact,auto_accepted,,dge_linked,B,"[""hot_peaks""]",none (spot-check optional)
kamadhenu_dataset/incoming_audio/dge_linked/raghavendra_vijaya/rv06.30.mp3,raghavendra_vijaya,sarga_6,30,full,raghavendra_vijaya:sarga_6:30,"श्रेयोतीते कीदृशोत्रानुरागः का वा भार्या जानतो नन्दनः कः
स्त्रीसम्पर्को दुःखदाय्येव नूनं दृष्टान्तोस्मिन्वालिधर्मात्मजाद्याः",शालिनी,44,26.448,plausible,1.0,1.00 exact,auto_accepted,,dge_linked,B,"[""hot_peaks""]",none (spot-check optional)
kamadhenu_dataset/incoming_audio/dge_linked/raghavendra_vijaya/rv06.31.mp3,raghavendra_vijaya,sarga_6,31,full,raghavendra_vijaya:sarga_6:31,"अक्षाणा काणं कर्णपर्यन्तनेत्रं लोभागारं सन्ततौदार्यभाजम्
सन्ध्योपासावर्जितं यायजूकं दुष्टाचारं साधु कर्माचरन्तम्",अज्ञातम्,45,28.464,plausible,1.0,1.00 exact,auto_accepted,,dge_linked,B,"[""hot_peaks""]",none (spot-check optional)
kamadhenu_dataset/incoming_audio/dge_linked/raghavendra_vijaya/rv06.32.mp3,raghavendra_vijaya,sarga_6,32,full,raghavendra_vijaya:sarga_6:32,"क्रूरं शान्तं रागशीलं विरक्तं मत्तं मुग्धं वृद्धिमन्तं युवानम्
दुष्टं साधुं दुर्विनीतं विनीतं लक्ष्मातीतं लक्षणौधैरुषेतम्",शालिनी,44,29.64,plausible,1.0,1.00 exact,auto_accepted,,dge_linked,D,"[""clipping""]",none (spot-check optional)
kamadhenu_dataset/incoming_audio/dge_linked/raghavendra_vijaya/rv06.33.mp3,raghavendra_vijaya,sarga_6,33,full,raghavendra_vijaya:sarga_6:33,"ॐकारज्ञं साङ्गसर्वागमज्ञं वैरागारं वर्धितस्निग्धभावम्
अज्ञोत्तंसं ज्ञानिनामग्रगण्यं व्यक्ताकूतं लब्धगम्भीरभावम्",शालिनी,44,29.424,plausible,1.0,1.00 exact,auto_accepted,,dge_linked,B,"[""hot_peaks""]",none (spot-check optional)
kamadhenu_dataset/incoming_audio/dge_linked/raghavendra_vijaya/rv06.34.mp3,raghavendra_vijaya,sarga_6,34,full,raghavendra_vijaya:sarga_6:34,"गत्वागम्यं पूजयित्वाप्यपूज्यं सोढ्वा मानं तेन चादाय किञ्चित्
नालम्बुद्धिर्दीयमानेपि तासां जातात्मानं क्लेशयित्वापि नूनम्",शालिनी,44,26.088,plausible,1.0,1.00 exact,auto_accepted,,dge_linked,B,"[""hot_peaks""]",none (spot-check optional)
kamadhenu_dataset/incoming_audio/dge_linked/raghavendra_vijaya/rv06.35.mp3,raghavendra_vijaya,sarga_6,35,full,raghavendra_vijaya:sarga_6:35,"वेदव्याख्यासम्पदो नैव युक्ता व्यांसगे ते मज्जतो गेहजाते
तस्मादाशां मुञ्च तस्यां तरुण्यां शीघ्रं कुर्या बालमज्ञोपनीतम्",अज्ञातम्,44,26.664,plausible,1.0,1.00 exact,auto_accepted,,dge_linked,B,"[""hot_peaks""]",none (spot-check optional)
kamadhenu_dataset/incoming_audio/dge_linked/raghavendra_vijaya/rv06.36.mp3,raghavendra_vijaya,sarga_6,36,full,raghavendra_vijaya:sarga_6:36,"श्रुत्वाऽश्रृण्वन्नेवमुक्तं गुरूणां गत्वायादेष चिन्तां दुरन्ताम्
निर्यायादित्येष निश्चित्य तावन्मत्यैरेतै रक्षति स्मनमेशः",अज्ञातम्,43,23.136,plausible,1.0,1.00 exact,auto_accepted,,dge_linked,D,"[""clipping""]",none (spot-check optional)
kamadhenu_dataset/incoming_audio/dge_linked/raghavendra_vijaya/rv06.37.mp3,raghavendra_vijaya,sarga_6,37,full,raghavendra_vijaya:sarga_6:37,"स्यास्यामश्चेल्ल्भ्यते संयमित्वं गच्छामश्चेत्तेऽधुना मां शपेरन्
स्थातुं शक्यं नैव गन्तुं च शक्यं कुर्मः किं वेत्यात्मनाऽध्यायदित्थम्",अज्ञातम्,43,23.712,plausible,1.0,1.00 exact,auto_accepted,,dge_linked,B,"[""hot_peaks""]",none (spot-check optional)
kamadhenu_dataset/incoming_audio/dge_linked/raghavendra_vijaya/rv06.38.mp3,raghavendra_vijaya,sarga_6,38,full,raghavendra_vijaya:sarga_6:38,"कर्णाकर्णी प्राप्य हृत्कर्णशल्यं कान्तोदन्तं सा सरस्वत्युदग्रैः
अश्रुव्यूहैः प्रोक्षतीवात्महर्म्यं पूतं दातुं तद्वियोगानलाय",शालिनी,44,22.92,plausible,1.0,1.00 exact,auto_accepted,,dge_linked,B,"[""hot_peaks""]",none (spot-check optional)
kamadhenu_dataset/incoming_audio/dge_linked/raghavendra_vijaya/rv06.39.mp3,raghavendra_vijaya,sarga_6,39,full,raghavendra_vijaya:sarga_6:39,"तस्यां रात्र्यामन्त्ययामार्धभागे कांचिद्देवीं काञ्चिकालक्ष्यनीवीम्
शय्योपान्ते शारदाम्भोजनेत्रामध्यासीनां विस्मितः पश्यति स्म",शालिनी,44,25.68,plausible,1.0,1.00 exact,auto_accepted,,dge_linked,D,"[""clipping""]",none (spot-check optional)
kamadhenu_dataset/incoming_audio/dge_linked/raghavendra_vijaya/rv06.40.mp3,raghavendra_vijaya,sarga_6,40,full,raghavendra_vijaya:sarga_6:40,"कैषा योषा काञ्चनानर्घ्यभूषा दोषाधीशानना चारुवेषा
दोषातीता सान्द्रधम्मिल्लदोषा भाषादेवी सर्वसाक्षान्मनीषा",अज्ञातम्,43,24.168,plausible,1.0,1.00 exact,auto_accepted,,dge_linked,C,"[""hot_peaks"", ""noisy_low_snr""]",none (spot-check optional)
kamadhenu_dataset/incoming_audio/dge_linked/raghavendra_vijaya/rv06.41.mp3,raghavendra_vijaya,sarga_6,41,full,raghavendra_vijaya:sarga_6:41,"यद्वा नारी किन्नरी वोरगी वा देवस्त्री वा हन्त या काचिदस्तु
कस्मादेषाऽभ्यागता मत्समीपं प्रोवाचैषा चिन्तयन्तं तमित्थम्",शालिनी,44,26.064,plausible,1.0,1.00 exact,auto_accepted,,dge_linked,D,"[""clipping""]",none (spot-check optional)
kamadhenu_dataset/incoming_audio/dge_linked/raghavendra_vijaya/rv06.42.mp3,raghavendra_vijaya,sarga_6,42,full,raghavendra_vijaya:sarga_6:42,"कानीनोसौ कन्यकाभावमादाङ्गेोग्याया मे संततं पण्डितानाम्
तस्माज्जातानन्दतीर्थप्रियाऽहं विद्यालक्ष्मीं विद्धि मां विद्वदाद्य",शालिनी,44,34.728,too_long,0.92,0.90–0.99 very strong,auto_accepted,,dge_linked,B,"[""hot_peaks""]",none (spot-check optional)
kamadhenu_dataset/incoming_audio/dge_linked/raghavendra_vijaya/rv06.43.mp3,raghavendra_vijaya,sarga_6,43,full,raghavendra_vijaya:sarga_6:43,"बालामेनामेधयामास मध्वे भाष्यक्षीराव्यासवाक्कामधेनोः
अक्षोभ्यश्रीपादशिष्याग्रगण्यैः प्रौढोत्तंसेः प्रापितं यौवनं मे",शालिनी,44,29.856,plausible,1.0,1.00 exact,auto_accepted,,dge_linked,B,"[""hot_peaks""]",none (spot-check optional)
kamadhenu_dataset/incoming_audio/dge_linked/raghavendra_vijaya/rv06.44.mp3,raghavendra_vijaya,sarga_6,44,full,raghavendra_vijaya:sarga_6:44,"उर्वी सर्वा येन राजन्वतीत्वं राज्ञा हन्त प्राप यत्पादभाजा
तेषां व्यासाचार्यराजेश्वराणां संगृह्याहं पाणिमद्धा समिद्धा",शालिनी,44,31.536,too_long,0.92,0.90–0.99 very strong,auto_accepted,,dge_linked,B,"[""hot_peaks""]",none (spot-check optional)
kamadhenu_dataset/incoming_audio/dge_linked/raghavendra_vijaya/rv06.45.mp3,raghavendra_vijaya,sarga_6,45,full,raghavendra_vijaya:sarga_6:45,"आकल्पं मेऽकल्पयज्जीवनेच्छोर्वासं वल्ग्यास्तर्कनाट्योत्सुकायाः
सौधायान्न्यायामृताब्द्धिमत्यास्तात्पर्याद्या चन्द्रिकाख्या स यस्याः",अज्ञातम्,43,30.48,too_long,0.92,0.90–0.99 very strong,auto_accepted,,dge_linked,B,"[""hot_peaks""]",none (spot-check optional)
kamadhenu_dataset/incoming_audio/dge_linked/raghavendra_vijaya/rv06.46.mp3,raghavendra_vijaya,sarga_6,46,full,raghavendra_vijaya:sarga_6:46,"विख्यातो यः श्रीजयीन्द्रव्रतीन्द्रस्सरख्या लब्धा साधुकीर्तिर्मयोर्व्याम्
व्याख्याव्याजादालवालं व्यतानीत्तस्या वल्ग्या न्यायपूर्वामृतस्य",अज्ञातम्,45,24.36,plausible,1.0,1.00 exact,auto_accepted,,dge_linked,B,"[""hot_peaks""]",none (spot-check optional)
kamadhenu_dataset/incoming_audio/dge_linked/raghavendra_vijaya/rv06.47.mp3,raghavendra_vijaya,sarga_6,47,full,raghavendra_vijaya:sarga_6:47,"चित्रैर्वणैः शोभितं श्लाधितार्थं व्याप्तं देशे क्षौमवासेतिनूलम्
प्रायच्छन्मे कण्टकोद्धारदम्भादाचन्द्रार्कस्थायि चारुप्रभावः",अज्ञातम्,44,27.96,plausible,1.0,1.00 exact,auto_accepted,,dge_linked,B,"[""hot_peaks""]",none (spot-check optional)
kamadhenu_dataset/incoming_audio/dge_linked/raghavendra_vijaya/rv06.48.mp3,raghavendra_vijaya,sarga_6,48,full,raghavendra_vijaya:sarga_6:48,"भूषापेटीं तत्त्वमाणिक्यपेट्या मुक्ताभूषां न्यायमुक्तास्रजा मे
यद्यत्क्लृप्तं भूषणत्वेन बध्वास्तत्तद्धृन्यैरातनिष्टात्तुलश्रीः",शालिनी,44,24.792,plausible,1.0,1.00 exact,auto_accepted,,dge_linked,B,"[""hot_peaks""]",none (spot-check optional)
kamadhenu_dataset/incoming_audio/dge_linked/raghavendra_vijaya/rv06.49.mp3,raghavendra_vijaya,sarga_6,49,full,raghavendra_vijaya:sarga_6:49,"वादे नित्यं वैरिविद्वज्जयश्रीराजस्थाने प्रापिता मां त्वयेति
व्याख्याव्याजात्तर्कनृत्तस्य मह्यं रङ्गस्थानं निर्ममे श्रीसुधीन्द्रः",शालिनी,44,26.256,plausible,1.0,1.00 exact,auto_accepted,,dge_linked,B,"[""hot_peaks""]",none (spot-check optional)
kamadhenu_dataset/incoming_audio/dge_linked/raghavendra_vijaya/rv06.50.mp3,raghavendra_vijaya,sarga_6,50,full,raghavendra_vijaya:sarga_6:50,"व्यासेनोक्तं व्याकरोद्यद् द्वितीयस्कन्धं प्रायो दुर्गमेकादशं च
मौलेरग्रे मौक्तिकं तन्ममासीन्नर्मारामं नाटकं चित्रगद्यम्",शालिनी,44,25.608,plausible,1.0,1.00 exact,auto_accepted,,dge_linked,B,"[""hot_peaks""]",none (spot-check optional)
kamadhenu_dataset/incoming_audio/dge_linked/raghavendra_vijaya/rv06.51.mp3,raghavendra_vijaya,sarga_6,51,full,raghavendra_vijaya:sarga_6:51,"सर्वं व्यर्थं भाति मे जीवनाड्याश्छिन्ने मूले चन्द्रिकासौधवल्लुयाः
व्याख्यानास्त्रं व्याकरोरूढमूलां धर्मी नोचेद्धर्मचिन्ता क्व दृष्टा",अज्ञातम्,45,29.376,plausible,1.0,1.00 exact,auto_accepted,,dge_linked,B,"[""hot_peaks""]",none (spot-check optional)
kamadhenu_dataset/incoming_audio/dge_linked/raghavendra_vijaya/rv06.52.mp3,raghavendra_vijaya,sarga_6,52,full,raghavendra_vijaya:sarga_6:52,"जानीहि त्वं वेङ्कटार्य त्वदार्ये वासो यन्मे वत्सरद्वन्द्वमेव
तद्व्याख्याने लब्धवर्णो न चास्ति विद्वत्सङ्घे नैव भावी त्वदन्यः",शालिनी,44,25.968,plausible,1.0,1.00 exact,auto_accepted,,dge_linked,B,"[""hot_peaks""]",none (spot-check optional)
kamadhenu_dataset/incoming_audio/dge_linked/raghavendra_vijaya/rv06.53.mp3,raghavendra_vijaya,sarga_6,53,full,raghavendra_vijaya:sarga_6:53,"श्रीरामार्वा पूज्यते येन तस्मिन् वासो यन्मेकल्पयद्व्यासदेवः
कर्मन्दीन्द्रैरेव पूजापि क्लृप्ता तस्मात्साहं तेषु नित्यं वसामि",अज्ञातम्,44,24.0,plausible,1.0,1.00 exact,auto_accepted,,dge_linked,B,"[""hot_peaks""]",none (spot-check optional)
kamadhenu_dataset/incoming_audio/dge_linked/raghavendra_vijaya/rv06.54.mp3,raghavendra_vijaya,sarga_6,54,full,raghavendra_vijaya:sarga_6:54,"तस्मादङ्गीकृत्य कर्मन्दिभावं राजा विद्याराज्यलक्ष्म्या भव त्वम्
नोचेल्लुम्पेन्नित्यवाचां विचारैः साकं लोके वैष्णवः संप्रदायः",शालिनी,44,21.672,plausible,1.0,1.00 exact,auto_accepted,,dge_linked,B,"[""hot_peaks""]",none (spot-check optional)
kamadhenu_dataset/incoming_audio/dge_linked/raghavendra_vijaya/rv06.55.mp3,raghavendra_vijaya,sarga_6,55,full,raghavendra_vijaya:sarga_6:55,"उत्सूत्रत्वं केवलं नाद्यपक्षे न्यायौघानां किं तु तत्पुस्तकानाम्
रक्षाभावाद्भक्षूणामूषिकानां मायावादिब्रह्मवन्निर्गुणानाम्",अज्ञातम्,44,23.64,plausible,1.0,1.00 exact,auto_accepted,,dge_linked,D,"[""clipping""]",none (spot-check optional)
kamadhenu_dataset/incoming_audio/dge_linked/raghavendra_vijaya/rv06.56.mp3,raghavendra_vijaya,sarga_6,56,full,raghavendra_vijaya:sarga_6:56,"आद्ये तन्त्रे प्रक्रियांयां विचारस्तत्रैव स्यात्कर्मणां निर्णयेोपि
किंचात्रैव न्यायपूर्वां सुधारख्यां भाष्यारम्भं शाब्दिका एव कुर्युः",अज्ञातम्,45,22.92,plausible,1.0,1.00 exact,auto_accepted,,dge_linked,B,"[""hot_peaks""]",none (spot-check optional)
kamadhenu_dataset/incoming_audio/dge_linked/raghavendra_vijaya/rv06.57.mp3,raghavendra_vijaya,sarga_6,57,full,raghavendra_vijaya:sarga_6:57,"वक्ता विष्णोरुत्तमत्वं कथायाः भूपालानां भाति विद्वत्सभायाम्
शक्तेर्भानोः शक्तिपागेर्गेणेशः शक्रादीनां धूर्जटेर्वा तदा स्यात्",अज्ञातम्,44,25.44,plausible,1.0,1.00 exact,auto_accepted,,dge_linked,D,"[""clipping""]",none (spot-check optional)
kamadhenu_dataset/incoming_audio/dge_linked/raghavendra_vijaya/rv06.58.mp3,raghavendra_vijaya,sarga_6,58,full,raghavendra_vijaya:sarga_6:58,"छात्रागारं शश्वदेकप्रकारं वेदोद्घोषैर्वैदिकानामुदारम्
गोमायूनां जल्पकानाभजस्त्रं कारागारं सर्वदेशे तदानीम्",शालिनी,44,29.184,plausible,1.0,1.00 exact,auto_accepted,,dge_linked,B,"[""hot_peaks""]",none (spot-check optional)
kamadhenu_dataset/incoming_audio/dge_linked/raghavendra_vijaya/rv06.59.mp3,raghavendra_vijaya,sarga_6,59,full,raghavendra_vijaya:sarga_6:59,"वृन्दानीव क्ष्माधराणां तदानीं हेत्या जिष्णोश्छिन्नपत्राणि कीटैः
वेदान्तानां पुस्तकान्यार्यलोके पर्णोज्झानि स्युर्महापाठकानाम्",शालिनी,44,26.64,plausible,1.0,1.00 exact,auto_accepted,,dge_linked,D,"[""clipping""]",none (spot-check optional)
kamadhenu_dataset/incoming_audio/dge_linked/raghavendra_vijaya/rv06.60.mp3,raghavendra_vijaya,sarga_6,60,full,raghavendra_vijaya:sarga_6:60,"आचार्याणां कर्मठानां मठानां वेद्यां विद्यात्तत्वमित्यात्ववादः
मर्त्याभावाद्रासनावासितानां तत्रत्यानामण्डजानां तदानीम्",शालिनी,44,25.224,plausible,1.0,1.00 exact,auto_accepted,,dge_linked,B,"[""hot_peaks""]",none (spot-check optional)
kamadhenu_dataset/incoming_audio/dge_linked/raghavendra_vijaya/rv06.61.mp3,raghavendra_vijaya,sarga_6,61,full,raghavendra_vijaya:sarga_6:61,"देवागारं दैशिकानां प्रदीषज्वालामालादीप्यमानं तदा तु
सूर्यालोकं संश्रितोलूकलोकं सूर्यालोकेनोज्झितं नो लभेत",शालिनी,44,23.736,plausible,1.0,1.00 exact,auto_accepted,,dge_linked,B,"[""hot_peaks""]",none (spot-check optional)
kamadhenu_dataset/incoming_audio/dge_linked/raghavendra_vijaya/rv06.62.mp3,raghavendra_vijaya,sarga_6,62,full,raghavendra_vijaya:sarga_6:62,"हन्तेदानीं देवताया गुरूणामर्चगारं गुग्गुलुव्यूहधूमैः
दीपैर्दीप्तैर्दीष्यमानं तदानीं नित्यासक्तालातभूतास्यदीपैः",अज्ञातम्,44,23.928,plausible,1.0,1.00 exact,auto_accepted,,dge_linked,B,"[""hot_peaks""]",none (spot-check optional)
kamadhenu_dataset/incoming_audio/dge_linked/raghavendra_vijaya/rv06.63.mp3,raghavendra_vijaya,sarga_6,63,full,raghavendra_vijaya:sarga_6:63,"उच्चोच्चानामुन्नतानां प्रकीणैः धूलीवृन्दैर्धूसरा केतकानाम्
वेदी स्यात्तद्देवतामन्दिराणां रथ्या धूलीधूम्रवर्णा तदानीम्",शालिनी,44,23.832,plausible,1.0,1.00 exact,auto_accepted,,dge_linked,B,"[""hot_peaks""]",none (spot-check optional)
kamadhenu_dataset/incoming_audio/dge_linked/raghavendra_vijaya/rv06.64.mp3,raghavendra_vijaya,sarga_6,64,full,raghavendra_vijaya:sarga_6:64,"नेदानीमेतादृशः संप्रमोदः पारिव्राज्यं यादृशः प्राप्यते चेत्
संप्राप्ता त्वां न त्यजामि क्षणं वा स्वप्ने वाऽहं न स्मराम्यन्यभिक्षुम्",शालिनी,44,21.096,plausible,1.0,1.00 exact,auto_accepted,,dge_linked,D,"[""clipping""]",none (spot-check optional)
kamadhenu_dataset/incoming_audio/dge_linked/raghavendra_vijaya/rv06.65.mp3,raghavendra_vijaya,sarga_6,65,full,raghavendra_vijaya:sarga_6:65,"विध्यायत्तं ते यतित्वं न शक्यं त्यक्तुं प्राप्तुं त्वद्वशत्वं ममापि
इत्युक्त्वा सा मन्त्रमस्योपदिश्य स्वीयं देवी पश्यतोन्तर्दृधेऽद्धा",शालिनी,44,20.28,plausible,1.0,1.00 exact,auto_accepted,,dge_linked,B,"[""hot_peaks""]",none (spot-check optional)
kamadhenu_dataset/incoming_audio/dge_linked/raghavendra_vijaya/rv06.66.mp3,raghavendra_vijaya,sarga_6,66,full,raghavendra_vijaya:sarga_6:66,"भूयोभूयो बोधितस्साधकैस्तैः पारिव्राज्यं बाधकैर्न्यथात्वे
स्मारंस्मारं देवतोक्तं च विद्वान्बुङ्क्ते स्म स्वात्मजस्योपनीतौ",अज्ञातम्,42,25.704,plausible,1.0,1.00 exact,auto_accepted,,dge_linked,D,"[""clipping""]",none (spot-check optional)
kamadhenu_dataset/incoming_audio/dge_linked/raghavendra_vijaya/rv06.67.mp3,raghavendra_vijaya,sarga_6,67,full,raghavendra_vijaya:sarga_6:67,"सोमादिभ्यो देवत्ताभ्यः प्रदानं पुत्रस्यैतन्मुख्यमेवंधिधस्य
लोके गौणं नूनमित्थं वदन्तं दृष्टा को वा नाश्रु सर्वो मुमोच",अज्ञातम्,44,21.0,plausible,1.0,1.00 exact,auto_accepted,,dge_linked,C,"[""hot_peaks"", ""noisy_low_snr""]",none (spot-check optional)
kamadhenu_dataset/incoming_audio/dge_linked/raghavendra_vijaya/rv06.68.mp3,raghavendra_vijaya,sarga_6,68,full,raghavendra_vijaya:sarga_6:68,"संन्यासश्चेद्दीयतेऽत्रैव मोहाद्भार्या कुर्यात्साहसं तस्य नूनम्
इत्यालोच्य श्रीसुधीन्द्रोऽथ योगी साकं यायात्तेन तञ्जापुरीं सः",शालिनी,44,24.528,plausible,1.0,1.00 exact,auto_accepted,,dge_linked,B,"[""hot_peaks""]",none (spot-check optional)
kamadhenu_dataset/incoming_audio/dge_linked/raghavendra_vijaya/rv06.69.mp3,raghavendra_vijaya,sarga_6,69,full,raghavendra_vijaya:sarga_6:69,"आशापाशा वैरजा होमसंस्था संस्थाकेसत्येष निघ्नस्तमांसि
खातस्सिन्धोरुद्धृतो दीधितीनां धामेवायं भाति रक्तांशुकश्रीः",शालिनी,44,25.512,plausible,1.0,1.00 exact,auto_accepted,,dge_linked,B,"[""hot_peaks""]",none (spot-check optional)
kamadhenu_dataset/incoming_audio/dge_linked/raghavendra_vijaya/rv06.70.mp3,raghavendra_vijaya,sarga_6,70,full,raghavendra_vijaya:sarga_6:70,"लग्ने लग्नगुणे निलिम्पगुरुणा दृष्टे विमृष्टे द्विजै- रेनं संमदभागधीहि भगवो ब्रह्मेत्युदीर्य स्थितम्
आलोच्योपदिदेश दैशिकवरस्तस्मै सतारं पुरा स्वप्नेऽस्वप्नदुरापवैभवनिधिर्लब्धां ददौ चाभिदाम्",शार्दूलविक्रीडित,76,28.656,plausible,1.0,1.00 exact,auto_accepted,,dge_linked,D,"[""clipping""]",none (spot-check optional)
kamadhenu_dataset/incoming_audio/dge_linked/raghavendra_vijaya/rv06.71.mp3,raghavendra_vijaya,sarga_6,71,full,raghavendra_vijaya:sarga_6:71,"तस्य नाम स ददे सदाशिषा राजराज इव राजितः श्रिया
रामभद्र इव भद्रभाजनं तत्कृपेव जगतां हिते रतः",रथोद्धता,44,15.072,plausible,1.0,1.00 exact,auto_accepted,,dge_linked,B,"[""hot_peaks""]",none (spot-check optional)
kamadhenu_dataset/incoming_audio/dge_linked/raghavendra_vijaya/rv06.72.mp3,raghavendra_vijaya,sarga_6,72,full,raghavendra_vijaya:sarga_6:72,"श्रीसुरेन्द्रहृदयं तपस्यया श्रीजयीन्द्र इव कीर्तिसम्पदा
विश्रुतोहमिव वादसङ्गरे राघवेन्द्रयतिराट् समेधताम्",रथोद्धता,44,16.752,plausible,1.0,1.00 exact,auto_accepted,,dge_linked,B,"[""hot_peaks""]",none (spot-check optional)
kamadhenu_dataset/incoming_audio/dge_linked/raghavendra_vijaya/rv06.73.mp3,raghavendra_vijaya,sarga_6,73,full,raghavendra_vijaya:sarga_6:73,"मन्त्रैः पूतैर्वारिजाद्यैः प्रसूनैर्मुक्तामुख्यै रत्नजालैरुषेतैः
वाभिः शङ्खापूरितैः सोभिषिच्य प्राज्ञं विद्याराज्यराजं वितेने",शालिनी,44,31.992,too_long,0.92,0.90–0.99 very strong,auto_accepted,,dge_linked,D,"[""clipping""]",none (spot-check optional)
kamadhenu_dataset/incoming_audio/dge_linked/raghavendra_vijaya/rv06.74.mp3,raghavendra_vijaya,sarga_6,74,full,raghavendra_vijaya:sarga_6:74,"श्रीरामार्वा व्यासदेवोपलौ द्वौ शास्त्रौघानां पुस्तकं चामरे च
श्वेतच्छत्रं स्वर्णयानं सवाद्यं प्रादादस्मै राजचिह्नं स सर्वम्",शालिनी,44,27.816,plausible,1.0,1.00 exact,auto_accepted,,dge_linked,B,"[""hot_peaks""]",none (spot-check optional)
kamadhenu_dataset/incoming_audio/dge_linked/raghavendra_vijaya/rv06.75.mp3,raghavendra_vijaya,sarga_6,75,full,raghavendra_vijaya:sarga_6:75,"आचार्ये राजमाना श्रुतिशिखरकला राज्यलक्ष्मीः सुधीन्द्रे मुक्त्वा तं तुङ्गभद्रातटभुवि गुरुभिर्भ्राजमानं तपोभिः
राजन्तं कुम्भघोणे रघुपतिचरणासेवनासक्तचित्तं विद्वांसं वर्धमानं गुणगणजलधिं संश्रिता राघवेन्द्रम्",स्रग्धरा,84,42.0,plausible,1.0,1.00 exact,auto_accepted,,dge_linked,B,"[""hot_peaks""]",none (spot-check optional)
kamadhenu_dataset/incoming_audio/dge_linked/raghavendra_vijaya/rv06.76.mp3,raghavendra_vijaya,sarga_6,76,full,raghavendra_vijaya:sarga_6:76,"श्रीमत्कश्यपवंशवार्धिशशिनः षड्दर्शनीवल्लभ- श्रीलक्ष्मीनरसिंहवित्तविदुषः श्रीवेङ्कटाम्बामणौ
जातेनार्यदयासुधामयगिरा नारायणेनोदिते काव्ये चारुणि राघवेन्द्रविजये सर्गोय षष्ठोऽभवत्",शार्दूलविक्रीडित,76,31.56,plausible,1.0,1.00 exact,auto_accepted,,dge_linked,D,"[""clipping""]",none (spot-check optional)
kamadhenu_dataset/incoming_audio/dge_linked/raghavendra_vijaya/rv07.01.mp3,raghavendra_vijaya,sarga_7,1,full,raghavendra_vijaya:sarga_7:1,"स कदाचिदादृतमना हरेः स्थलान्यखिलानि पुण्यसरसीश्च वैष्णवीः
अवलोकितुं यतिवरो धृतव्रतः प्रथमं सुरप्रभुदिशं प्रतस्थिवान्",मञ्जुभाषिणी,52,21.576,plausible,1.0,1.00 exact,auto_accepted,,dge_linked,D,"[""clipping""]",none (spot-check optional)
kamadhenu_dataset/incoming_audio/dge_linked/raghavendra_vijaya/rv07.02.mp3,raghavendra_vijaya,sarga_7,2,full,raghavendra_vijaya:sarga_7:2,"अनमन्नमज्जनमनोविनोदनं द्विपरीशमीशमघराशभञ्जने
अगमत्ततो निगमगीतसद्गतः परिपूर्णदेवनगरं गुणाकरम्",मञ्जुभाषिणी,52,21.624,plausible,1.0,1.00 exact,auto_accepted,,dge_linked,D,"[""clipping"", ""noisy_low_snr""]",none (spot-check optional)
kamadhenu_dataset/incoming_audio/dge_linked/raghavendra_vijaya/rv07.03.mp3,raghavendra_vijaya,sarga_7,3,full,raghavendra_vijaya:sarga_7:3,"अथ लोकमातरमवन्दतेन्दिरामनवद्यहृद्यमणिशृङ्गमन्दिराम्
वदनेन कान्तिसदनेन पुष्पतीं नमतो निरस्तममतो यतीश्वरः",मञ्जुभाषिणी,52,21.504,plausible,1.0,1.00 exact,auto_accepted,,dge_linked,D,"[""clipping""]",none (spot-check optional)
kamadhenu_dataset/incoming_audio/dge_linked/raghavendra_vijaya/rv07.04.mp3,raghavendra_vijaya,sarga_7,4,full,raghavendra_vijaya:sarga_7:4,"गुरुपूर्णबोधमतसिन्धुचन्द्रमा यतिराडुपदिशदगाधमेधसाम्
अथ मानपद्धतिपुरःसरं कृती निजदर्शनं निखिलसम्पदां पदम्",अज्ञातम्,52,21.408,plausible,1.0,1.00 exact,auto_accepted,,dge_linked,D,"[""clipping""]",none (spot-check optional)
kamadhenu_dataset/incoming_audio/dge_linked/raghavendra_vijaya/rv07.05.mp3,raghavendra_vijaya,sarga_7,5,full,raghavendra_vijaya:sarga_7:5,"कमलालये कमलया कटाक्षितो यमिराडवाप यमराडपायदम्
प्रणिर्नसुरर्घमहिलं कूपोर्मिलं सरलं श्रितेषु गरलं खलेखिले",अज्ञातम्,52,21.504,plausible,1.0,1.00 exact,auto_accepted,,dge_linked,D,"[""clipping""]",none (spot-check optional)
kamadhenu_dataset/incoming_audio/dge_linked/raghavendra_vijaya/rv07.06.mp3,raghavendra_vijaya,sarga_7,6,full,raghavendra_vijaya:sarga_7:6,"सततं प्रणम्य सततादिनिस्वनो धिषणाभिनन्दिधिषणो धृतेषणः
समगादगाधपयसा पयोधिना सह सङ्गमं सपदि सह्यजन्मनः",मञ्जुभाषिणी,52,21.576,plausible,1.0,1.00 exact,auto_accepted,,dge_linked,D,"[""clipping""]",none (spot-check optional)
kamadhenu_dataset/incoming_audio/dge_linked/raghavendra_vijaya/rv07.07.mp3,raghavendra_vijaya,sarga_7,7,full,raghavendra_vijaya:sarga_7:7,"इह दातुमस्य यतिपुङ्गवस्य सा महनीयरत्नमथ रत्नगर्भया
धृतमन्तराष्ट्रमुदितादरा भुवो विवरं विवेश विवशैव सम्भ्रमात्",मञ्जुभाषिणी,52,21.48,plausible,1.0,1.00 exact,auto_accepted,,dge_linked,D,"[""clipping""]",none (spot-check optional)
kamadhenu_dataset/incoming_audio/dge_linked/raghavendra_vijaya/rv07.08.mp3,raghavendra_vijaya,sarga_7,8,full,raghavendra_vijaya:sarga_7:8,"अवगाह्य सह्यतनयासरस्वतोर्विमले चिरं व्यतिकरे व्यराजत
हृदि भावितो हरिरिवोदितस्तथा सरिदीशादर्शनकृतानुस्रमदः",अज्ञातम्,52,21.336,plausible,1.0,1.00 exact,auto_accepted,,dge_linked,D,"[""clipping""]",none (spot-check optional)
kamadhenu_dataset/incoming_audio/dge_linked/raghavendra_vijaya/rv07.09.mp3,raghavendra_vijaya,sarga_7,9,full,raghavendra_vijaya:sarga_7:9,"अधिरुह्य तीरमविषह्यतेजसां निलयं कृताघविलयं कृपालयम्
कलयन्नुवास दलयन्तमापदं मुरहारिणं मुनिवरो हृदन्तरे",मञ्जुभाषिणी,52,21.48,plausible,1.0,1.00 exact,auto_accepted,,dge_linked,D,"[""clipping""]",none (spot-check optional)
kamadhenu_dataset/incoming_audio/dge_linked/raghavendra_vijaya/rv07.10.mp3,raghavendra_vijaya,sarga_7,10,full,raghavendra_vijaya:sarga_7:10,"हृदि बद्धशुद्धिभिरुदारबुद्धिभिः प्रतिषिद्धसिद्धजनगर्वसिद्धिभिः
परितो वृतः परिजनैरुपेयिवान् स तु चम्पकाधिपपुरं ततः परम्",मञ्जुभाषिणी,52,21.648,plausible,1.0,1.00 exact,auto_accepted,,dge_linked,D,"[""clipping""]",none (spot-check optional)
kamadhenu_dataset/incoming_audio/dge_linked/raghavendra_vijaya/rv07.11.mp3,raghavendra_vijaya,sarga_7,11,full,raghavendra_vijaya:sarga_7:11,"स ददर्श देवमतिदर्शनश्रियं हरिभक्तिदर्शनविरोधिशत्रनः
चिरमास्त तत्र परमास्तिकाग्रणीर्हृदि मेस्तु लोलमतिवस्तु संस्तुवन्",मञ्जुभाषिणी,52,21.36,plausible,1.0,1.00 exact,auto_accepted,,dge_linked,D,"[""clipping""]",none (spot-check optional)
kamadhenu_dataset/incoming_audio/dge_linked/raghavendra_vijaya/rv07.12.mp3,raghavendra_vijaya,sarga_7,12,full,raghavendra_vijaya:sarga_7:12,"न्यनबीदथैनमनवीनवाङ्झरीशिरसां विकल्पवचसां निगुम्भनैः
परिभक्तिपूरपरिवाहमोहदैः परिणद्धभक्तजनचित्तसंपदैः",मञ्जुभाषिणी,52,21.432,plausible,1.0,1.00 exact,auto_accepted,,dge_linked,D,"[""clipping""]",none (spot-check optional)
kamadhenu_dataset/incoming_audio/dge_linked/raghavendra_vijaya/rv07.13.mp3,raghavendra_vijaya,sarga_7,13,full,raghavendra_vijaya:sarga_7:13,"हृदि बोधदुग्धरसवासनाकृतेः परिनिर्मिताविव पयोजतलुजौ
अपवर्गमार्गपरिबोधनाय मे चरणौ तवेश किमु चिह्णपल्लवौ",अज्ञातम्,52,21.72,plausible,1.0,1.00 exact,auto_accepted,,dge_linked,D,"[""clipping""]",none (spot-check optional)
kamadhenu_dataset/incoming_audio/dge_linked/raghavendra_vijaya/rv07.14.mp3,raghavendra_vijaya,sarga_7,14,full,raghavendra_vijaya:sarga_7:14,"उपरि श्रितेन पुरतश्च नश्वरव्यवहारदूरगगिरामनावृतम्
प्रणवद्वयेन मणिन्नुपुरात्मना परिकर्मिते तव पदेपदे मुदाम्",अज्ञातम्,52,21.048,plausible,1.0,1.00 exact,auto_accepted,,dge_linked,D,"[""clipping""]",none (spot-check optional)
kamadhenu_dataset/incoming_audio/dge_linked/raghavendra_vijaya/rv07.15.mp3,raghavendra_vijaya,sarga_7,15,full,raghavendra_vijaya:sarga_7:15,"रुचिवारिपूररुचिरं भुजान्तरं शिशिरं तटाकमवगाह्य तावकम्
त्यजति श्रमं व्रजति हर्षमद्य मे भवघर्मतापमपनीय दृग्गवी",मञ्जुभाषिणी,52,21.576,plausible,1.0,1.00 exact,auto_accepted,,dge_linked,D,"[""clipping""]",none (spot-check optional)
kamadhenu_dataset/incoming_audio/dge_linked/raghavendra_vijaya/rv07.16.mp3,raghavendra_vijaya,sarga_7,16,full,raghavendra_vijaya:sarga_7:16,"अरुणाधरं तरुणचन्द्रसुन्दरं करुणाधरं वदनमीश तावकम्
सितकान्तिपूरनवचन्द्रिकाभरैर्मेव शार्वरं क्षिपति भव्यचेतसाम्",अज्ञातम्,52,21.792,plausible,1.0,1.00 exact,auto_accepted,,dge_linked,D,"[""clipping""]",none (spot-check optional)
kamadhenu_dataset/incoming_audio/dge_linked/raghavendra_vijaya/rv07.17.mp3,raghavendra_vijaya,sarga_7,17,full,raghavendra_vijaya:sarga_7:17,"परितः स्थितेपि चिकुरौघशार्वरैर्विलुठद्विराननविधौ विभाविते
तिलकेन नद्भकुलकेन सा दरं नहि वेत्ति बालतममत्तुदारगीः",मञ्जुभाषिणी,52,21.72,plausible,1.0,1.00 exact,auto_accepted,,dge_linked,D,"[""clipping""]",none (spot-check optional)
kamadhenu_dataset/incoming_audio/dge_linked/raghavendra_vijaya/rv07.18.mp3,raghavendra_vijaya,sarga_7,18,full,raghavendra_vijaya:sarga_7:18,"अलकावृतालिकमुदारमुन्नसं स्मितफुल्लगण्डतलमृल्लसन्मुखम्
दरवामभागनतमौलिमोहनं तव देव नैव हृदयं जहातु मे",मञ्जुभाषिणी,52,21.768,plausible,1.0,1.00 exact,auto_accepted,,dge_linked,D,"[""clipping"", ""noisy_low_snr""]",none (spot-check optional)
kamadhenu_dataset/incoming_audio/dge_linked/raghavendra_vijaya/rv07.19.mp3,raghavendra_vijaya,sarga_7,19,full,raghavendra_vijaya:sarga_7:19,"इति बाष्पगद्गदतथाऽतिमन्थरं प्रमदप्रवाहकृतकान्तिकन्धरम्
रचितस्तुतिः कृतनतिस्समेथिवान् स तु रामसेतुमवलोकनोत्सुकः",मञ्जुभाषिणी,52,21.6,plausible,1.0,1.00 exact,auto_accepted,,dge_linked,D,"[""clipping""]",none (spot-check optional)
kamadhenu_dataset/incoming_audio/dge_linked/raghavendra_vijaya/rv07.20.mp3,raghavendra_vijaya,sarga_7,20,full,raghavendra_vijaya:sarga_7:20,"अथ लोचनातिथिभसावपांनिधिं निधिरर्हणीयमहसामुदारधीः
अकरोदपारमकरोदपांकुलं सुकरं श्रमापनयशक्तिशीकरम्",मञ्जुभाषिणी,52,20.928,plausible,1.0,1.00 exact,auto_accepted,,dge_linked,D,"[""clipping""]",none (spot-check optional)
kamadhenu_dataset/incoming_audio/dge_linked/raghavendra_vijaya/rv07.21.mp3,raghavendra_vijaya,sarga_7,21,full,raghavendra_vijaya:sarga_7:21,"मुनिधुर्यदर्शनकुतूहलादिव प्रथमं प्रधावितमहोर्मिमुत्सुकः
अनुधावितास्सरभसं यदूर्मयः पुरतोऽभिगन्तुमलसा विचुक्रुशुः",मञ्जुभाषिणी,52,21.432,plausible,1.0,1.00 exact,auto_accepted,,dge_linked,D,"[""clipping""]",none (spot-check optional)
kamadhenu_dataset/incoming_audio/dge_linked/raghavendra_vijaya/rv07.22.mp3,raghavendra_vijaya,sarga_7,22,full,raghavendra_vijaya:sarga_7:22,"पुरतस्समुद्यततरङ्गहस्तया समुदीतपन्नगफणामणीगणैः
धृतमङ्गलार्थमणिदीपमालया यतिराडसेव्यत तदीयवेलया",मञ्जुभाषिणी,52,21.216,plausible,1.0,1.00 exact,auto_accepted,,dge_linked,D,"[""clipping""]",none (spot-check optional)
kamadhenu_dataset/incoming_audio/dge_linked/raghavendra_vijaya/rv07.23.mp3,raghavendra_vijaya,sarga_7,23,full,raghavendra_vijaya:sarga_7:23,"वदने विधुं करतले सुरद्रुमं नयने सुधामधिमनः श्रियं च यः
निजसन्ततिं यतिवरेऽनुसन्दधन्मुदितो ननर्त स तरङ्गरिङ्गणैः",मञ्जुभाषिणी,52,21.96,plausible,1.0,1.00 exact,auto_accepted,,dge_linked,D,"[""clipping""]",none (spot-check optional)
kamadhenu_dataset/incoming_audio/dge_linked/raghavendra_vijaya/rv07.24.mp3,raghavendra_vijaya,sarga_7,24,full,raghavendra_vijaya:sarga_7:24,"अपि सैकतं बहुतरङ्गसंकुलं तटमक्ष्तमस्स तु किलातिलङ्घितुम्
अत एव भङ्गमतिनैत्यमप्यगादयशोभरेण सुयशोहरेण यः",मञ्जुभाषिणी,52,21.504,plausible,1.0,1.00 exact,auto_accepted,,dge_linked,D,"[""clipping""]",none (spot-check optional)
kamadhenu_dataset/incoming_audio/dge_linked/raghavendra_vijaya/rv07.25.mp3,raghavendra_vijaya,sarga_7,25,full,raghavendra_vijaya:sarga_7:25,"हृतकल्पभूरुहतया पुनश्च भाजककल्पकल्पतरुरोहणाय यः
हलसंस्कृतो लहरिभिस्समन्ततः सकरीषराशिरपि सान्द्रशैलैः",अज्ञातम्,51,21.72,plausible,1.0,1.00 exact,auto_accepted,,dge_linked,D,"[""clipping""]",none (spot-check optional)
kamadhenu_dataset/incoming_audio/dge_linked/raghavendra_vijaya/rv07.26.mp3,raghavendra_vijaya,sarga_7,26,full,raghavendra_vijaya:sarga_7:26,"परिवृत्य पूरितजलांप्रं भ्रमिं स्फुरितास्फुरद्रुचिरविद्रुमां प्रगे
कवयो हि यत्र वरुणालये निशाकृतदीपशान्तिमभितः शशङ्किरे",अज्ञातम्,51,21.528,plausible,1.0,1.00 exact,auto_accepted,,dge_linked,D,"[""clipping""]",none (spot-check optional)
kamadhenu_dataset/incoming_audio/dge_linked/raghavendra_vijaya/rv07.27.mp3,raghavendra_vijaya,sarga_7,27,full,raghavendra_vijaya:sarga_7:27,"यतिनेतृवादारणधुर्यभास्करे प्रकटीकृते हि पतिना रसातलात्
तमसां ततिर्यदभियाद्वियोद्धृता बहिरप्युदीक्षितुमभूज्जडीकृता",अज्ञातम्,52,21.48,plausible,1.0,1.00 exact,auto_accepted,,dge_linked,D,"[""clipping""]",none (spot-check optional)
kamadhenu_dataset/incoming_audio/dge_linked/raghavendra_vijaya/rv07.28.mp3,raghavendra_vijaya,sarga_7,28,full,raghavendra_vijaya:sarga_7:28,"मुखराण्डजा मणिमरीचिमौक्तिकैः प्रकटप्रवालमुकुला यदूर्मयः
मरुता न्तोन्नतिभृतो विरेजिरे वरुणालयोपवनशाखिका इव",अज्ञातम्,51,21.264,plausible,1.0,1.00 exact,auto_accepted,,dge_linked,D,"[""clipping""]",none (spot-check optional)
kamadhenu_dataset/incoming_audio/dge_linked/raghavendra_vijaya/rv07.29.mp3,raghavendra_vijaya,sarga_7,29,full,raghavendra_vijaya:sarga_7:29,"अमुमेत्य मुख्यतमाश्रयं निजं हरिरेष मां प्रतिनिधं त्यजेदिति
लुठति स्म यस्समयमूर्मिभिश्श्वसन्न्रिजरोघसि क्षितिगवीव रोधसि",अज्ञातम्,51,20.88,plausible,1.0,1.00 exact,auto_accepted,,dge_linked,D,"[""clipping""]",none (spot-check optional)
kamadhenu_dataset/incoming_audio/dge_linked/raghavendra_vijaya/rv07.30.mp3,raghavendra_vijaya,sarga_7,30,full,raghavendra_vijaya:sarga_7:30,"सरिदीिशतुः प्रतिसरत्कृतोदयाः पुरतोऽस्य मारपृथुका वितन्वते
रभसेन यस्य लहरीकशाद्दता श्रमिकैतवेन लिपिलेखनक्रियाः",मञ्जुभाषिणी,52,21.288,plausible,1.0,1.00 exact,auto_accepted,,dge_linked,D,"[""clipping""]",none (spot-check optional)
kamadhenu_dataset/incoming_audio/dge_linked/raghavendra_vijaya/rv07.31.mp3,raghavendra_vijaya,sarga_7,31,full,raghavendra_vijaya:sarga_7:31,"अपि शेषपूर्वकपुनस्स्रृतिस्थितावपि पूर्वपश्चिमदिशोरुदन्वति
न कथाभिदेति विभुना भिदा कृता कृतसेतुना लसति यः पयोन्ततः",मञ्जुभाषिणी,52,21.792,plausible,1.0,1.00 exact,auto_accepted,,dge_linked,D,"[""clipping""]",none (spot-check optional)
kamadhenu_dataset/incoming_audio/dge_linked/raghavendra_vijaya/rv07.32.mp3,raghavendra_vijaya,sarga_7,32,full,raghavendra_vijaya:sarga_7:32,"छिदुरस्य यस्य रघुवीरसायकैर्वसुधापटस्य विवरं निषीय्यता
विधिना कृता नु नवसन्तुसन्ततिर्नलसेतुना नवमनन्यदिच्छता",मञ्जुभाषिणी,52,21.624,plausible,1.0,1.00 exact,auto_accepted,,dge_linked,D,"[""clipping""]",none (spot-check optional)
kamadhenu_dataset/incoming_audio/dge_linked/raghavendra_vijaya/rv07.33.mp3,raghavendra_vijaya,sarga_7,33,full,raghavendra_vijaya:sarga_7:33,"मरुदुल्लसल्हहरिनीविसन्ततेर्गुरुपूरनामवरुणालयच्छदेः
यदि याति यत्र दृढमध्यवंशतां नलसेतुरेतु भवघर्मभञ्जनः",मञ्जुभाषिणी,52,21.624,plausible,1.0,1.00 exact,auto_accepted,,dge_linked,D,"[""clipping""]",none (spot-check optional)
kamadhenu_dataset/incoming_audio/dge_linked/raghavendra_vijaya/rv07.34.mp3,raghavendra_vijaya,sarga_7,34,full,raghavendra_vijaya:sarga_7:34,"सुमसौभरेण जनरञ्जनोन्मुखे तटनामके धरणिसुन्दरीमुखे
निदधात्युदग्रनलसेतुनासिकं मुखमात्मनश्चलितविश्वतोमुखम्",मञ्जुभाषिणी,52,21.528,plausible,1.0,1.00 exact,auto_accepted,,dge_linked,D,"[""clipping""]",none (spot-check optional)
kamadhenu_dataset/incoming_audio/dge_linked/raghavendra_vijaya/rv07.35.mp3,raghavendra_vijaya,sarga_7,35,full,raghavendra_vijaya:sarga_7:35,"रघुवीरदुस्तरशराग्रशोषिते यदगाधतापललसञ्चयेखिले
अतनिष्ट सेतुरदसीयपृष्ठतः स्फुरदस्थिवंश इति सञ्जयं मुहुः",मञ्जुभाषिणी,52,21.624,plausible,1.0,1.00 exact,auto_accepted,,dge_linked,D,"[""clipping""]",none (spot-check optional)
kamadhenu_dataset/incoming_audio/dge_linked/raghavendra_vijaya/rv07.36.mp3,raghavendra_vijaya,sarga_7,36,full,raghavendra_vijaya:sarga_7:36,"परिशेषितं कलिबलेन यत्पदं सुकृतस्य यत्कृतभयं यदन्तरे
जलदुर्गमेत्य कलितापदुर्गमं विधुनोति सेतुवपुषा विरोधिनाम्",मञ्जुभाषिणी,52,21.72,plausible,1.0,1.00 exact,auto_accepted,,dge_linked,D,"[""clipping""]",none (spot-check optional)
kamadhenu_dataset/incoming_audio/dge_linked/raghavendra_vijaya/rv07.37.mp3,raghavendra_vijaya,sarga_7,37,full,raghavendra_vijaya:sarga_7:37,"परिमार्ष्टुमात्मतनयाश्रशोकजं सघृणं भुवा भुजलता प्रसारिता
क्षितिसुन्दरी न किरतीति यज्जले नलसेतुरस्तु कृतचूर्णपद्धतिः",मञ्जुभाषिणी,52,21.744,plausible,1.0,1.00 exact,auto_accepted,,dge_linked,D,"[""clipping""]",none (spot-check optional)
kamadhenu_dataset/incoming_audio/dge_linked/raghavendra_vijaya/rv07.38.mp3,raghavendra_vijaya,sarga_7,38,full,raghavendra_vijaya:sarga_7:38,"अवलोक्य सेतुमवलोक्य वैभवं कमलेशकान्तिरमलाशयस्ततः
परपूर्वसिन्धुपरिणीसमागमे स ममज्ज पाथसि नमज्जनावनः",मञ्जुभाषिणी,52,21.336,plausible,1.0,1.00 exact,auto_accepted,,dge_linked,D,"[""clipping""]",none (spot-check optional)
kamadhenu_dataset/incoming_audio/dge_linked/raghavendra_vijaya/rv07.39.mp3,raghavendra_vijaya,sarga_7,39,full,raghavendra_vijaya:sarga_7:39,"उपसाद्य तीरमवसद्यमादिमैस्स नियम्य चित्तमनियम्यसम्पदम्
रघुवंशदीपमघदंशभञ्जनं सदयं विधाय हृदयं प्रवेशितम्",मञ्जुभाषिणी,52,21.72,plausible,1.0,1.00 exact,auto_accepted,,dge_linked,D,"[""clipping""]",none (spot-check optional)
kamadhenu_dataset/incoming_audio/dge_linked/raghavendra_vijaya/rv07.40.mp3,raghavendra_vijaya,sarga_7,40,full,raghavendra_vijaya:sarga_7:40,"अवनीसुधाशसवनाशभूरुहो वनशैलमाप वनराशितस्ततः
भवनाशनं सपवनाशशायिनं नमन्नैरुपेतुमवने कृतादरम्",अज्ञातम्,52,21.336,plausible,1.0,1.00 exact,auto_accepted,,dge_linked,D,"[""clipping"", ""noisy_low_snr""]",none (spot-check optional)
kamadhenu_dataset/incoming_audio/dge_linked/raghavendra_vijaya/rv07.41.mp3,raghavendra_vijaya,sarga_7,41,full,raghavendra_vijaya:sarga_7:41,"प्रथिते यदीयशिरसि प्रसेदिवान्सततं विधुर्यदि समग्रतेजसा
कलयेत को नु कथमित्यसत्मतिं स तु रम्यपर्वत इति श्रुतो यतः",मञ्जुभाषिणी,52,21.528,plausible,1.0,1.00 exact,auto_accepted,,dge_linked,D,"[""clipping""]",none (spot-check optional)
kamadhenu_dataset/incoming_audio/dge_linked/raghavendra_vijaya/rv07.42.mp3,raghavendra_vijaya,sarga_7,42,full,raghavendra_vijaya:sarga_7:42,"यदुदग्रशृङ्गतटसङ्घसेचने न घनाघनो न च वियन्नदी प्रभुः
शबराङ्गनाचतुरगीतिकाद्रवद्दृषदां शिरस्तु निपपात तद्भरः",मञ्जुभाषिणी,52,21.168,plausible,1.0,1.00 exact,auto_accepted,,dge_linked,D,"[""clipping""]",none (spot-check optional)
kamadhenu_dataset/incoming_audio/dge_linked/raghavendra_vijaya/rv07.43.mp3,raghavendra_vijaya,sarga_7,43,full,raghavendra_vijaya:sarga_7:43,"मधुरे यदीयशिखरेतिभास्वरे मुनयो विमुक्तिगतये समुद्गताः
अनवेक्ष्य हन्त स्रुतिमच्चरादिकान्न भवं व्रजन्ति हरिभक्तिगौरवात्",अज्ञातम्,52,21.384,plausible,1.0,1.00 exact,auto_accepted,,dge_linked,D,"[""clipping""]",none (spot-check optional)
kamadhenu_dataset/incoming_audio/dge_linked/raghavendra_vijaya/rv07.44.mp3,raghavendra_vijaya,sarga_7,44,full,raghavendra_vijaya:sarga_7:44,"विदधाति सिद्धमहिलाजनो विधुं रजनीषु यस्य शिखरे तिरोहितम्
स्तनवाससा परिविधूपलस्रवज्जलवर्षशान्तिमभिलक्ष्य कुत्रचित्",मञ्जुभाषिणी,52,20.88,plausible,1.0,1.00 exact,auto_accepted,,dge_linked,D,"[""clipping""]",none (spot-check optional)
kamadhenu_dataset/incoming_audio/dge_linked/raghavendra_vijaya/rv07.45.mp3,raghavendra_vijaya,sarga_7,45,full,raghavendra_vijaya:sarga_7:45,"प्रणिपत्य तत्र पुरुषं पुरातनं लसितं स सुन्दरवराभिधं हरिम्
निरगादनन्तशयनं ततो गुरुः प्रणिपत्य तं च समगाज्जनार्दनम्",मञ्जुभाषिणी,52,21.552,plausible,1.0,1.00 exact,auto_accepted,,dge_linked,D,"[""clipping""]",none (spot-check optional)
kamadhenu_dataset/incoming_audio/dge_linked/raghavendra_vijaya/rv07.46.mp3,raghavendra_vijaya,sarga_7,46,full,raghavendra_vijaya:sarga_7:46,"अधि्ताम्रपर्णि स निमज्ज्य तत्तटे लसिताः प्रणम्य नवदेवताः पराः
कृतमालिका सरिदलंकृतामगान्धुराभिधां मधुरवाङ्महापुरीम्",अज्ञातम्,50,21.12,plausible,1.0,1.00 exact,auto_accepted,,dge_linked,D,"[""clipping""]",none (spot-check optional)
kamadhenu_dataset/incoming_audio/dge_linked/raghavendra_vijaya/rv07.47.mp3,raghavendra_vijaya,sarga_7,47,full,raghavendra_vijaya:sarga_7:47,"तदधीशसंसदि विजित्य पण्डितान् बहुमानितो यतिवरो महीभृता
अभिवन्द्य सुन्दरवरं हरं शनैरथ रङ्गवल्लभमुपेयिवानयम्",मञ्जुभाषिणी,52,22.704,plausible,1.0,1.00 exact,auto_accepted,,dge_linked,D,"[""clipping""]",none (spot-check optional)
kamadhenu_dataset/incoming_audio/dge_linked/raghavendra_vijaya/rv07.48.mp3,raghavendra_vijaya,sarga_7,48,full,raghavendra_vijaya:sarga_7:48,"तत्र श्रीरङ्गनाथं तरुणतरणिरुग्वेदंरूपे विमाने कावेरीवारिपूरप्रसृमरपवनानन्दितानन्तभोगे
वन्द्यं देवैश्शयानं द्रुहिणभवमुखैरिष्टदं राघवेन्द्रः सानन्दं तं प्रणम्य प्रकटितविभवं तां निशामत्यनैषीत्",अज्ञातम्,84,46.368,plausible,1.0,1.00 exact,auto_accepted,,dge_linked,D,"[""clipping""]",none (spot-check optional)
kamadhenu_dataset/incoming_audio/dge_linked/raghavendra_vijaya/rv07.49.mp3,raghavendra_vijaya,sarga_7,49,full,raghavendra_vijaya:sarga_7:49,"श्रीमत्कश्यपवंशवार्धिशशिनः षड्दर्शनीवल्लभ- श्रीलक्ष्मीनरसिंहवित्तविदुषः श्रीवेङ्कटाम्बामणौ
जातेनार्यदयासुधामयगिरा नारायणेनोदिते काव्ये चारुणि राघवेन्द्रविजये सर्गोऽभवत्सप्तमः",शार्दूलविक्रीडित,76,38.352,plausible,1.0,1.00 exact,auto_accepted,,dge_linked,D,"[""clipping""]",none (spot-check optional)
kamadhenu_dataset/incoming_audio/dge_linked/raghavendra_vijaya/rv08.01.mp3,raghavendra_vijaya,sarga_8,1,full,raghavendra_vijaya:sarga_8:1,"श्रीशपादसरसीरुहभृङ्गो मध्वमौनिमतसिन्धुमृगाङ्कः
मानपद्धतिमुखं मतमाख्याच्चन्द्रिकान्तमसकृच्चतुरोसौ",स्वागता,44,17.352,plausible,1.0,1.00 exact,auto_accepted,,dge_linked,D,"[""clipping""]",none (spot-check optional)
kamadhenu_dataset/incoming_audio/dge_linked/raghavendra_vijaya/rv08.02.mp3,raghavendra_vijaya,sarga_8,2,full,raghavendra_vijaya:sarga_8:2,"प्राप्य रङ्गपरिणेतुरनुज्ञां तन्नियुक्तसकलर्तुसहायः
तत्कृपाकवचमात्मनि कुर्वन्नुत्तरां दिशमगाद्दुरुतेजाः",स्वागता,44,17.208,plausible,1.0,1.00 exact,auto_accepted,,dge_linked,D,"[""clipping""]",none (spot-check optional)
kamadhenu_dataset/incoming_audio/dge_linked/raghavendra_vijaya/rv08.03.mp3,raghavendra_vijaya,sarga_8,3,full,raghavendra_vijaya:sarga_8:3,"नामपर्वतमुपेत्य नृसिंहं नामसंस्मृतिधुताघजनौघम्
तं प्रणम्य तरुणार्यसमामं तां निशामिह गुरुर्वसति स्म",स्वागता,44,16.848,plausible,1.0,1.00 exact,auto_accepted,,dge_linked,D,"[""clipping""]",none (spot-check optional)
kamadhenu_dataset/incoming_audio/dge_linked/raghavendra_vijaya/rv08.04.mp3,raghavendra_vijaya,sarga_8,4,full,raghavendra_vijaya:sarga_8:4,"सोथ भल्लपुरि भैरवभट्टो वीरभद्र इति विश्रुतविद्वान्
नर्मणैव परिभूय नरेन्द्राद्धामरत्नमचिरात्समगृह्णात्",स्वागता,44,17.064,plausible,1.0,1.00 exact,auto_accepted,,dge_linked,D,"[""clipping""]",none (spot-check optional)
kamadhenu_dataset/incoming_audio/dge_linked/raghavendra_vijaya/rv08.05.mp3,raghavendra_vijaya,sarga_8,5,full,raghavendra_vijaya:sarga_8:5,"विष्णुमङ्गलपुरे विलसन्तं देवमीक्ष्य विपुलश्रियभस्मात्
संवृतः परिजनैः स कुमारक्षेत्रमेत्य नमति स्म कुमारम्",स्वागता,44,16.392,plausible,1.0,1.00 exact,auto_accepted,,dge_linked,D,"[""clipping""]",none (spot-check optional)
kamadhenu_dataset/incoming_audio/dge_linked/raghavendra_vijaya/rv08.06.mp3,raghavendra_vijaya,sarga_8,6,full,raghavendra_vijaya:sarga_8:6,"श्वित्रिणोपि यदुपेत्य विमुक्तास्सद्य एव निजपातकसंघात्
सर्वसंपदभिवृद्धिकरोस्मिन्वासरान् कतिपयान्वसति स्म",स्वागता,44,16.92,plausible,1.0,1.00 exact,auto_accepted,,dge_linked,D,"[""clipping""]",none (spot-check optional)
kamadhenu_dataset/incoming_audio/dge_linked/raghavendra_vijaya/rv08.07.mp3,raghavendra_vijaya,sarga_8,7,full,raghavendra_vijaya:sarga_8:7,"रौप्यपीठपुरगं रुचिराङ्गं रुक्मिणीपतिमपश्यदुदारात्
पूर्णबोधगुरुभिः सकलज्ञैः सन्निधापितमघौघविदूरम्",स्वागता,44,17.112,plausible,1.0,1.00 exact,auto_accepted,,dge_linked,D,"[""clipping""]",none (spot-check optional)
kamadhenu_dataset/incoming_audio/dge_linked/raghavendra_vijaya/rv08.08.mp3,raghavendra_vijaya,sarga_8,8,full,raghavendra_vijaya:sarga_8:8,"चन्द्रिकाविवरणं समतानीत्संचरन्नपि स पुण्यमहीषु
वेत्ति वर्णनिचयं समयानां संख्यया सह धियैष सहार्थैः",स्वागता,44,16.992,plausible,1.0,1.00 exact,auto_accepted,,dge_linked,D,"[""clipping""]",none (spot-check optional)
kamadhenu_dataset/incoming_audio/dge_linked/raghavendra_vijaya/rv08.09.mp3,raghavendra_vijaya,sarga_8,9,full,raghavendra_vijaya:sarga_8:9,"चन्द्रिकाप्रवचनं दशकृत्वः सोकृतातिशयमात्मनि वाञ्छन्
पूर्णमास इव कर्मणि भूयोभ्यासमभ्यधिकतत्फलकाङ्क्षीः",स्वागता,44,16.896,plausible,1.0,1.00 exact,auto_accepted,,dge_linked,D,"[""clipping""]",none (spot-check optional)
kamadhenu_dataset/incoming_audio/dge_linked/raghavendra_vijaya/rv08.10.mp3,raghavendra_vijaya,sarga_8,10,full,raghavendra_vijaya:sarga_8:10,"सूत्रपात्ररुचिरं कलितर्धि न्यायपूर्वकसुधाज्यभरेण
तन्त्रदीपमनुबोधयदर्थं भाष्यवार्तिकमयं तनुते स्म",स्वागता,44,16.584,plausible,1.0,1.00 exact,auto_accepted,,dge_linked,D,"[""clipping""]",none (spot-check optional)
kamadhenu_dataset/incoming_audio/dge_linked/raghavendra_vijaya/rv08.11.mp3,raghavendra_vijaya,sarga_8,11,full,raghavendra_vijaya:sarga_8:11,"ब्रह्मसूत्रगणकाञ्चनसूत्रां कण्ठभूषणमशेषबुधानां
बुद्धिशाणपरिशाणविदीप्तां न्यायमौक्तिकततीमतनिष्ट",स्वागता,44,16.8,plausible,1.0,1.00 exact,auto_accepted,,dge_linked,D,"[""clipping""]",none (spot-check optional)
kamadhenu_dataset/incoming_audio/dge_linked/raghavendra_vijaya/rv08.12.mp3,raghavendra_vijaya,sarga_8,12,full,raghavendra_vijaya:sarga_8:12,"चन्द्रिकाविवरणं न समाप्तं यावदेतदुभयं विरचय्य
न्यायगर्भनयवन्नयशाली तत्समापयदनन्तरमार्यः",स्वागता,44,17.112,plausible,1.0,1.00 exact,auto_accepted,,dge_linked,D,"[""clipping""]",none (spot-check optional)
kamadhenu_dataset/incoming_audio/dge_linked/raghavendra_vijaya/rv08.13.mp3,raghavendra_vijaya,sarga_8,13,full,raghavendra_vijaya:sarga_8:13,"भाव्यसंशयमहो गुरुवंशे दर्शनश्रुतिपरस्सुमतीन्द्रः
तस्य सार्थकमिदं सकलं स्यादित्यवेत्य कृतवान् कृतिसार्थम्",स्वागता,44,16.896,plausible,1.0,1.00 exact,auto_accepted,,dge_linked,D,"[""clipping""]",none (spot-check optional)
kamadhenu_dataset/incoming_audio/dge_linked/raghavendra_vijaya/rv08.14.mp3,raghavendra_vijaya,sarga_8,14,full,raghavendra_vijaya:sarga_8:14,"राघवेन्द्रयतिराडसमानैरुत्सवैर्बहुविधैरुचितज्ञः
कारितै ऋतुषु षट्स्वपि शिष्यैर्लोकमण्डलममन्दयदेषः",स्वागता,44,16.896,plausible,1.0,1.00 exact,auto_accepted,,dge_linked,D,"[""clipping""]",none (spot-check optional)
kamadhenu_dataset/incoming_audio/dge_linked/raghavendra_vijaya/rv08.15.mp3,raghavendra_vijaya,sarga_8,15,full,raghavendra_vijaya:sarga_8:15,"श्रीरामदेवस्य महोत्सवे हरिं विलोक्य तं सेवितुमादरादिव
मनोज्ञमाकन्दमरन्दधारया कृताभिषेकः सुरभिः समाययौ",उपजाति,48,18.456,plausible,1.0,1.00 exact,auto_accepted,,dge_linked,D,"[""clipping""]",none (spot-check optional)
kamadhenu_dataset/incoming_audio/dge_linked/raghavendra_vijaya/rv08.16.mp3,raghavendra_vijaya,sarga_8,16,full,raghavendra_vijaya:sarga_8:16,"मधुस्तदा मन्मथसार्वभौमे विनिर्गते मानभृतां जयाय
प्रसूनमाध्वीकणसेकतोसावरण्यवीथीरकरोदपांसूः",उपेन्द्रवज्रा,44,18.456,plausible,1.0,1.00 exact,auto_accepted,,dge_linked,D,"[""clipping""]",none (spot-check optional)
kamadhenu_dataset/incoming_audio/dge_linked/raghavendra_vijaya/rv08.17.mp3,raghavendra_vijaya,sarga_8,17,full,raghavendra_vijaya:sarga_8:17,"शनैःशनैश्चन्दनभूधराज्यान्मरुत्कुमारास्तरुषल्लवेषु
विन्यस्य पादं कुसुमैः सहासैः सचङ्क्रमोभूद्भ्रमरप्रणादः",उपजाति,44,18.336,plausible,1.0,1.00 exact,auto_accepted,,dge_linked,D,"[""clipping""]",none (spot-check optional)
kamadhenu_dataset/incoming_audio/dge_linked/raghavendra_vijaya/rv08.18.mp3,raghavendra_vijaya,sarga_8,18,full,raghavendra_vijaya:sarga_8:18,"वल्लरीषु मलयाचलानिलस्पन्दितासु परपुष्टभामिनी
कामदिग्विजयकाहलनादभ्रान्तिदं निगदमातनुते स्म",अज्ञातम्,44,15.6,plausible,1.0,1.00 exact,auto_accepted,,dge_linked,D,"[""clipping""]",none (spot-check optional)
kamadhenu_dataset/incoming_audio/dge_linked/raghavendra_vijaya/rv08.19.mp3,raghavendra_vijaya,sarga_8,19,full,raghavendra_vijaya:sarga_8:19,"मल्लिकासुमसमुत्थरजोभिर्वल्लिकाभिरभितः कृतभूषः
मारनीरशरधिर्मधुमासः प्रादुरास पथिकासु दुरासः",स्वागता,44,15.816,plausible,1.0,1.00 exact,auto_accepted,,dge_linked,D,"[""clipping""]",none (spot-check optional)
kamadhenu_dataset/incoming_audio/dge_linked/raghavendra_vijaya/rv08.20.mp3,raghavendra_vijaya,sarga_8,20,full,raghavendra_vijaya:sarga_8:20,"आगतो जनिमघुर्मधुरश्रीर्मानमत्र ननु मन्दसमीरः
हन्त पान्थजन न त्यज कान्तामित्यघुष्यदधिकं कलकण्ठः",स्वागता,44,15.648,plausible,1.0,1.00 exact,auto_accepted,,dge_linked,D,"[""clipping""]",none (spot-check optional)
kamadhenu_dataset/incoming_audio/dge_linked/raghavendra_vijaya/rv08.21.mp3,raghavendra_vijaya,sarga_8,21,full,raghavendra_vijaya:sarga_8:21,"चञ्चलद्युतिसमद्युतिचञ्चत्पल्लवावलिपरीतजनेषु
स्यन्दमानमधुवर्षिषु कामं वर्षवासरमहान्यनुचक्रुः",स्वागता,44,15.984,plausible,1.0,1.00 exact,auto_accepted,,dge_linked,D,"[""clipping""]",none (spot-check optional)
kamadhenu_dataset/incoming_audio/dge_linked/raghavendra_vijaya/rv08.22.mp3,raghavendra_vijaya,sarga_8,22,full,raghavendra_vijaya:sarga_8:22,"मारुताभिमुखषट्पदमण्डल्याकृतिस्मृतिभवापथिकेषु
अन्तकं मुधतया दिदीशे किं कुण्डलीकृतिरहो कुटिलेन",अज्ञातम्,44,16.296,plausible,1.0,1.00 exact,auto_accepted,,dge_linked,D,"[""clipping""]",none (spot-check optional)
kamadhenu_dataset/incoming_audio/dge_linked/raghavendra_vijaya/rv08.23.mp3,raghavendra_vijaya,sarga_8,23,full,raghavendra_vijaya:sarga_8:23,"पुष्पपल्लवमुखेन महान्तं पर्युपास्त समयः पुरुषं यत्
माधवश्रियमगान्महनीयामप्रियामयमयोगिजनस्य",स्वागता,44,15.912,plausible,1.0,1.00 exact,auto_accepted,,dge_linked,D,"[""clipping""]",none (spot-check optional)
kamadhenu_dataset/incoming_audio/dge_linked/raghavendra_vijaya/rv08.24.mp3,raghavendra_vijaya,sarga_8,24,full,raghavendra_vijaya:sarga_8:24,"शाखिनः किसललोहितमौलिप्रावृतिं विरचयन्नृतुपुंसः
बाणमेव मदनोक्कृतबर्हिर्दृष्टमध्वगवधाय वनेषु",स्वागता,44,16.296,plausible,1.0,1.00 exact,auto_accepted,,dge_linked,D,"[""clipping""]",none (spot-check optional)
kamadhenu_dataset/incoming_audio/dge_linked/raghavendra_vijaya/rv08.25.mp3,raghavendra_vijaya,sarga_8,25,full,raghavendra_vijaya:sarga_8:25,"शातकुम्भमयकुम्भकुचानामङ्घ्रिपातमतिदुर्लभमेत्य
संमदेन सहसा किमशोकः कुड्मलैर्भवदथ पुलकाङ्गः",अज्ञातम्,44,16.488,plausible,1.0,1.00 exact,auto_accepted,,dge_linked,D,"[""clipping""]",none (spot-check optional)
kamadhenu_dataset/incoming_audio/dge_linked/raghavendra_vijaya/rv08.26.mp3,raghavendra_vijaya,sarga_8,26,full,raghavendra_vijaya:sarga_8:26,"स्त्रीकृतं विदधिरे सुमनोभिः स्वाङ्गिसेवनमशोकमनङ्गम्
धार्मिकं च सुदृशः सततं तौ हन्त पान्थजनहन्तृपदे स्तः",स्वागता,44,16.56,plausible,1.0,1.00 exact,auto_accepted,,dge_linked,D,"[""clipping""]",none (spot-check optional)
kamadhenu_dataset/incoming_audio/dge_linked/raghavendra_vijaya/rv08.27.mp3,raghavendra_vijaya,sarga_8,27,full,raghavendra_vijaya:sarga_8:27,"पुष्पितस्य बकुलस्य समन्तादुद्गतास्सुमनसः सुमनोभिः
अङ्गनास्य मधुनाध्वगयूनामापदागमनमत्र शशंसुः",स्वागता,44,16.368,plausible,1.0,1.00 exact,auto_accepted,,dge_linked,D,"[""clipping""]",none (spot-check optional)
kamadhenu_dataset/incoming_audio/dge_linked/raghavendra_vijaya/rv08.28.mp3,raghavendra_vijaya,sarga_8,28,full,raghavendra_vijaya:sarga_8:28,"रामचन्द्रमथ रामनवम्यामिष्टदैवममृतेरुपकॢप्तैः
पञ्चभिः परमराघवयोगी भक्तिपूर्वमभिषिञ्चति तत्र",स्वागता,44,16.8,plausible,1.0,1.00 exact,auto_accepted,,dge_linked,D,"[""clipping""]",none (spot-check optional)
kamadhenu_dataset/incoming_audio/dge_linked/raghavendra_vijaya/rv08.29.mp3,raghavendra_vijaya,sarga_8,29,full,raghavendra_vijaya:sarga_8:29,"मल्लिकायुवतिर्यौवनधाता मन्मथप्रभुपरीभवदाता
काननज्वलूनबालकमातावास्रोजनि सरोजलपाता",अज्ञातम्,43,17.736,plausible,1.0,1.00 exact,auto_accepted,,dge_linked,D,"[""clipping""]",none (spot-check optional)
kamadhenu_dataset/incoming_audio/dge_linked/raghavendra_vijaya/rv08.30.mp3,raghavendra_vijaya,sarga_8,30,full,raghavendra_vijaya:sarga_8:30,"जृम्भिते च मिहिरे भुवि शैत्यं कूपमाप तरुणीकुचदुर्गम्
किंचिदन्यदिनसंधिमवांशुं छायया सह परं चरति स्म",स्वागता,44,16.872,plausible,1.0,1.00 exact,auto_accepted,,dge_linked,D,"[""clipping""]",none (spot-check optional)
kamadhenu_dataset/incoming_audio/dge_linked/raghavendra_vijaya/rv08.31.mp3,raghavendra_vijaya,sarga_8,31,full,raghavendra_vijaya:sarga_8:31,"तापयत्यतितरां तरणिर्यल्लोकबन्धुरिति नाम कथं स्यात्
तत्सखस्य शुचिता शुचिमासश्चटका भुवि विचुकुशुरित्थम्",अज्ञातम्,44,17.64,plausible,1.0,1.00 exact,auto_accepted,,dge_linked,D,"[""clipping""]",none (spot-check optional)
kamadhenu_dataset/incoming_audio/dge_linked/raghavendra_vijaya/rv08.32.mp3,raghavendra_vijaya,sarga_8,32,full,raghavendra_vijaya:sarga_8:32,"छायया सह दिवैव कराग्रैः शम्बरम्बरहरेम्बररले
ज्येष्ठपूर्वमभियायिनि नूनं कोपताम्रनयना नलिनीति",अज्ञातम्,44,17.64,plausible,1.0,1.00 exact,auto_accepted,,dge_linked,D,"[""clipping""]",none (spot-check optional)
kamadhenu_dataset/incoming_audio/dge_linked/raghavendra_vijaya/rv08.33.mp3,raghavendra_vijaya,sarga_8,33,full,raghavendra_vijaya:sarga_8:33,"भाविशोषणमवेत्य दुरन्तं पद्मसायकहिताय पयांसि
कामिनीकुचतटेषु वसन्तो विन्यधत्त यदिमावतिशीतौ",स्वागता,44,17.04,plausible,1.0,1.00 exact,auto_accepted,,dge_linked,D,"[""clipping""]",none (spot-check optional)
kamadhenu_dataset/incoming_audio/dge_linked/raghavendra_vijaya/rv08.34.mp3,raghavendra_vijaya,sarga_8,34,full,raghavendra_vijaya:sarga_8:34,"वारिनर्मपरियौवतवक्षोजातसङ्गमवशात्सरसीनाम्
शैत्यमाप परितप्तजडानां किं न यच्छति सुवृत्तसमाजः",स्वागता,44,17.352,plausible,1.0,1.00 exact,auto_accepted,,dge_linked,D,"[""clipping""]",none (spot-check optional)
kamadhenu_dataset/incoming_audio/dge_linked/raghavendra_vijaya/rv08.35.mp3,raghavendra_vijaya,sarga_8,35,full,raghavendra_vijaya:sarga_8:35,"वैरिचन्द्रगुणप्रथणभीत्या चक्रवाकमिथुनं परिशुष्यत्
आतपत्रविलसद्बिससेभ्यः पारितोषिकमदात्परिणाहम्",मात्रासमक,44,17.448,plausible,1.0,1.00 exact,auto_accepted,,dge_linked,B,"[""hot_peaks""]",none (spot-check optional)
kamadhenu_dataset/incoming_audio/dge_linked/raghavendra_vijaya/rv08.36.mp3,raghavendra_vijaya,sarga_8,36,full,raghavendra_vijaya:sarga_8:36,"सामवर्तिहरितं ससुतेति प्राप्य तां हृतवसुर्दिशयार्कः
दूरतः परिहरन्नथ पश्चात्तापतः प्रतिययौ धनदाशाम्",स्वागता,44,17.472,plausible,1.0,1.00 exact,auto_accepted,,dge_linked,D,"[""clipping""]",none (spot-check optional)
kamadhenu_dataset/incoming_audio/dge_linked/raghavendra_vijaya/rv08.37.mp3,raghavendra_vijaya,sarga_8,37,full,raghavendra_vijaya:sarga_8:37,"तत्र तत्रभवतायतिनेत्रा राघवेन्द्रगुरुणा क्रियते स्म
फुल्लतल्लजसरोजसरस्यां जानकीपरिवृढप्लवकेली",स्वागता,44,17.616,plausible,1.0,1.00 exact,auto_accepted,,dge_linked,D,"[""clipping""]",none (spot-check optional)
kamadhenu_dataset/incoming_audio/dge_linked/raghavendra_vijaya/rv08.38.mp3,raghavendra_vijaya,sarga_8,38,full,raghavendra_vijaya:sarga_8:38,"पूर्णरोचिषि तुषारमधीचौ भानुमालिनि गतेम्बरमध्यम्
योयमारभत कर्म हि चातुर्मास्यनाम रचयन् हरिपूर्जां",स्वागता,44,17.856,plausible,1.0,1.00 exact,auto_accepted,,dge_linked,D,"[""clipping""]",none (spot-check optional)
kamadhenu_dataset/incoming_audio/dge_linked/raghavendra_vijaya/rv08.39.mp3,raghavendra_vijaya,sarga_8,39,full,raghavendra_vijaya:sarga_8:39,"तद्धृतेरनुदिनं क्रियमाणेष्वेकवासरकृतं विभवं यः
कश्चिदाह यदि हन्त निवृत्तिं ब्राह्मणः श्रुतिततिं स लभेत",स्वागता,44,17.208,plausible,1.0,1.00 exact,auto_accepted,,dge_linked,D,"[""clipping""]",none (spot-check optional)
kamadhenu_dataset/incoming_audio/dge_linked/raghavendra_vijaya/rv08.40.mp3,raghavendra_vijaya,sarga_8,40,full,raghavendra_vijaya:sarga_8:40,"वारिदावलितिरोहितमित्रं मानसाभिमुखपाण्डुरपत्रम्
नृत्यदद्रितनयासुतपत्रं दीव्यति स्म दिनमब्जमित्रम्",अज्ञातम्,43,17.688,plausible,1.0,1.00 exact,auto_accepted,,dge_linked,D,"[""clipping""]",none (spot-check optional)
kamadhenu_dataset/incoming_audio/dge_linked/raghavendra_vijaya/rv08.41.mp3,raghavendra_vijaya,sarga_8,41,full,raghavendra_vijaya:sarga_8:41,"प्रावृडिन्दुसहजां परिणेतुः शब्दमण्डलसमाश्रयशौरेः
कुङ्कुमाक्तमचिरादुपवीतं पाकशासनशरासमिषाभात्",स्वागता,44,17.016,plausible,1.0,1.00 exact,auto_accepted,,dge_linked,D,"[""clipping""]",none (spot-check optional)
kamadhenu_dataset/incoming_audio/dge_linked/raghavendra_vijaya/rv08.42.mp3,raghavendra_vijaya,sarga_8,42,full,raghavendra_vijaya:sarga_8:42,"पीतपुष्करकलापपयोभ्यो निर्गतैरिव जलैर्जलदेभ्यः
पद्मरागमणिविद्रुमभङ्गैरिन्द्रगोपनिकरैः स्थगिता भूः",स्वागता,44,16.944,plausible,1.0,1.00 exact,auto_accepted,,dge_linked,D,"[""clipping""]",none (spot-check optional)
kamadhenu_dataset/incoming_audio/dge_linked/raghavendra_vijaya/rv08.43.mp3,raghavendra_vijaya,sarga_8,43,full,raghavendra_vijaya:sarga_8:43,"इन्द्रनीलकुलनीलघनालीमध्यवृत्तिचपलेव चकाशे
प्रावृडब्जनयना चिकुराली यल्लकोलसितकुङ्कुमरेखा",स्वागता,44,17.52,plausible,1.0,1.00 exact,auto_accepted,,dge_linked,D,"[""clipping""]",none (spot-check optional)
kamadhenu_dataset/incoming_audio/dge_linked/raghavendra_vijaya/rv08.44.mp3,raghavendra_vijaya,sarga_8,44,full,raghavendra_vijaya:sarga_8:44,"कुम्भसम्भवगुरोरुपदेशं प्राप्तकाम इव दक्षिणदेशम्
जृम्भमाणजलधौ जलपाने वारिवाहनिचयो विशति स्म",स्वागता,44,17.352,plausible,1.0,1.00 exact,auto_accepted,,dge_linked,D,"[""clipping""]",none (spot-check optional)
kamadhenu_dataset/incoming_audio/dge_linked/raghavendra_vijaya/rv08.45.mp3,raghavendra_vijaya,sarga_8,45,full,raghavendra_vijaya:sarga_8:45,"पाकवैरिवनसिन्धुतरङ्गा कृष्टरूढतरुमूलकलापा
व्योम्नि विद्युदिव काञ्चनवल्ली काममभ्रभरिता निपतन्ती",स्वागता,44,17.184,plausible,1.0,1.00 exact,auto_accepted,,dge_linked,D,"[""clipping""]",none (spot-check optional)
kamadhenu_dataset/incoming_audio/dge_linked/raghavendra_vijaya/rv08.46.mp3,raghavendra_vijaya,sarga_8,46,full,raghavendra_vijaya:sarga_8:46,"व्योम्नि सान्द्रतवारिदवृन्दे विद्युतासु विततासु समन्तात्
पुष्पवत्समुदयावनुमेयो फुल्लमीलितपयोरुहपङ्क्त्या",अज्ञातम्,43,17.232,plausible,1.0,1.00 exact,auto_accepted,,dge_linked,D,"[""clipping""]",none (spot-check optional)
kamadhenu_dataset/incoming_audio/dge_linked/raghavendra_vijaya/rv08.47.mp3,raghavendra_vijaya,sarga_8,47,full,raghavendra_vijaya:sarga_8:47,"निर्गतानि दिवि सूर्यविभिन्नग्रीष्मवासरमदावलकुम्भात्
मौक्तिकानि सह मस्तकमांसैः सेन्द्रगोपकरका अनुचक्रुः",स्वागता,44,17.184,plausible,1.0,1.00 exact,auto_accepted,,dge_linked,D,"[""clipping""]",none (spot-check optional)
kamadhenu_dataset/incoming_audio/dge_linked/raghavendra_vijaya/rv08.48.mp3,raghavendra_vijaya,sarga_8,48,full,raghavendra_vijaya:sarga_8:48,"दुग्धवारिधिपयस्यधिवर्षं शार्ङ्गिणि स्वपति शेषशरीरे
मीलनान्नयनयोस्तनुलक्ष्म्यौ मेघपूर्णगगने द्युमनीन्दू",स्वागता,44,16.776,plausible,1.0,1.00 exact,auto_accepted,,dge_linked,D,"[""clipping""]",none (spot-check optional)
kamadhenu_dataset/incoming_audio/dge_linked/raghavendra_vijaya/rv08.49.mp3,raghavendra_vijaya,sarga_8,49,full,raghavendra_vijaya:sarga_8:49,"स्वामिनिक्षतवसौ दिननाथे यत्पुराजनि दिनेष्वतिकार्श्यम्
तद्विमर्शमधिगम्य दिनानामद्य हृद्यत वासरवृद्धिः",अज्ञातम्,43,16.392,plausible,1.0,1.00 exact,auto_accepted,,dge_linked,D,"[""clipping""]",none (spot-check optional)
kamadhenu_dataset/incoming_audio/dge_linked/raghavendra_vijaya/rv08.50.mp3,raghavendra_vijaya,sarga_8,50,full,raghavendra_vijaya:sarga_8:50,"स्वप्रियां जलजनीं परिभूय प्रोर्मयत्तुहिनहन्तृदिनेभ्यः
तादृशी दिनकरे दिनवृद्धीर्या निशाक्षयविधावपि दक्षा",स्वागता,44,16.776,plausible,1.0,1.00 exact,auto_accepted,,dge_linked,D,"[""clipping""]",none (spot-check optional)
kamadhenu_dataset/incoming_audio/dge_linked/raghavendra_vijaya/rv08.51.mp3,raghavendra_vijaya,sarga_8,51,full,raghavendra_vijaya:sarga_8:51,"पूर्णिमाहनि सपूषणि मध्ये पुष्करं लसति पुष्करनेत्रम्
पूजयन् यतिवरैरिह चातुर्मास्यनामनियमं विदधाति",स्वागता,44,16.992,plausible,1.0,1.00 exact,auto_accepted,,dge_linked,D,"[""clipping""]",none (spot-check optional)
kamadhenu_dataset/incoming_audio/dge_linked/raghavendra_vijaya/rv08.52.mp3,raghavendra_vijaya,sarga_8,52,full,raghavendra_vijaya:sarga_8:52,"दुर्दिने हरिकटाक्षविहीने पङ्किले च समये समतीते
संप्रबुद्धहरिवीक्षणगोभूद्भासरोथ विशदीभवदाशः",स्वागता,44,17.064,plausible,1.0,1.00 exact,auto_accepted,,dge_linked,D,"[""clipping""]",none (spot-check optional)
kamadhenu_dataset/incoming_audio/dge_linked/raghavendra_vijaya/rv08.53.mp3,raghavendra_vijaya,sarga_8,53,full,raghavendra_vijaya:sarga_8:53,"मल्लिकाक्षनिवहेषु मनोज्ञेष्वम्बुजेषु मन्दिरेषु शरेषु
तत्रतत्र विशदं महिमानं दर्शयन् विहरति स्म स कालः",मात्रासमक,44,17.688,plausible,1.0,1.00 exact,auto_accepted,,dge_linked,D,"[""clipping""]",none (spot-check optional)
kamadhenu_dataset/incoming_audio/dge_linked/raghavendra_vijaya/rv08.54.mp3,raghavendra_vijaya,sarga_8,54,full,raghavendra_vijaya:sarga_8:54,"दिग्जयोन्मुखनृपव्रजकीर्त्या गर्भिणीकृतशरद्दिनलक्ष्म्याः
व्यक्तकीरततिरोमलतायाः पाण्डिमाजनि पयोधरदृश्यः",स्वागता,44,17.064,plausible,1.0,1.00 exact,auto_accepted,,dge_linked,D,"[""clipping""]",none (spot-check optional)
kamadhenu_dataset/incoming_audio/dge_linked/raghavendra_vijaya/rv08.55.mp3,raghavendra_vijaya,sarga_8,55,full,raghavendra_vijaya:sarga_8:55,"वीक्ष्य संयमिवरस्य पयोदा दानकेलिमतुलां धनलक्ष्याः
हन्त वर्षविमुखाः समभूवन् पाण्डुरा भृशकृशाश्च शुचैव",स्वागता,44,16.8,plausible,1.0,1.00 exact,auto_accepted,,dge_linked,D,"[""clipping""]",none (spot-check optional)
kamadhenu_dataset/incoming_audio/dge_linked/raghavendra_vijaya/rv08.56.mp3,raghavendra_vijaya,sarga_8,56,full,raghavendra_vijaya:sarga_8:56,"आत्मनोभिमुखमागतमेनं वीक्ष्य संयमिवरं धनदाशाम्
हर्षितो नु विचचार तदग्रे हंसपालिरिव वारिदपुञ्जः",स्वागता,44,16.656,plausible,1.0,1.00 exact,auto_accepted,,dge_linked,D,"[""clipping""]",none (spot-check optional)
kamadhenu_dataset/incoming_audio/dge_linked/raghavendra_vijaya/rv08.57.mp3,raghavendra_vijaya,sarga_8,57,full,raghavendra_vijaya:sarga_8:57,"वारिदागमयुगान्तविरामे नैकरूपसरसीमिषशौरेः
नाभिपद्मनिवहा इव पद्मा व्यञ्जयन्त्यलिविधिं विलसन्तः",स्वागता,44,17.304,plausible,1.0,1.00 exact,auto_accepted,,dge_linked,D,"[""clipping""]",none (spot-check optional)
kamadhenu_dataset/incoming_audio/dge_linked/raghavendra_vijaya/rv08.58.mp3,raghavendra_vijaya,sarga_8,58,full,raghavendra_vijaya:sarga_8:58,"उत्थितस्य सरसीरुहनाभेश्चन्द्रसूर्यनयनस्य तदानीम्
शंसतः स्म नलिनीरजनीशौ संप्रबोधमधिकं विलसन्तौ",स्वागता,44,17.304,plausible,1.0,1.00 exact,auto_accepted,,dge_linked,D,"[""clipping""]",none (spot-check optional)
kamadhenu_dataset/incoming_audio/dge_linked/raghavendra_vijaya/rv08.59.mp3,raghavendra_vijaya,sarga_8,59,full,raghavendra_vijaya:sarga_8:59,"प्रावृडागमयुगान्तसमुद्यद्वारिवाहजलधौ विनिवृत्ते
सौकतोत्कर इव क्षणदायाश्चन्द्रिका बुधजनैरुदलेखि",स्वागता,44,17.304,plausible,1.0,1.00 exact,auto_accepted,,dge_linked,D,"[""clipping""]",none (spot-check optional)
kamadhenu_dataset/incoming_audio/dge_linked/raghavendra_vijaya/rv08.60.mp3,raghavendra_vijaya,sarga_8,60,full,raghavendra_vijaya:sarga_8:60,"काम्यकर्मचयभञ्जनहेतूभूतदर्शनमिमं यमिधुर्यम्
वीक्ष्य बिभ्यदिव तत्फलभूतं शालिवृन्दमभवद्व्यनम्रम्",अज्ञातम्,43,17.328,plausible,1.0,1.00 exact,auto_accepted,,dge_linked,D,"[""clipping"", ""noisy_low_snr""]",none (spot-check optional)
kamadhenu_dataset/incoming_audio/dge_linked/raghavendra_vijaya/rv08.61.mp3,raghavendra_vijaya,sarga_8,61,full,raghavendra_vijaya:sarga_8:61,"प्रावृडाहितजलाक्रमभङ्गां सस्यमञ्जरिविभूषितगात्रीम्
मातरं क्षितिमवेक्ष्य वनाली पक्वदाडिम फलेन जहास",स्वागता,44,16.704,plausible,1.0,1.00 exact,auto_accepted,,dge_linked,D,"[""clipping""]",none (spot-check optional)
kamadhenu_dataset/incoming_audio/dge_linked/raghavendra_vijaya/rv08.62.mp3,raghavendra_vijaya,sarga_8,62,full,raghavendra_vijaya:sarga_8:62,"मातुलङ्गलतिकामिह चूते स्प्रष्टुमुद्यतिफलस्तनमभ्ये
मोहिते च मरुता वनराजिः पक्वदाडिमफलेन जहास",स्वागता,44,17.064,plausible,1.0,1.00 exact,auto_accepted,,dge_linked,D,"[""clipping""]",none (spot-check optional)
kamadhenu_dataset/incoming_audio/dge_linked/raghavendra_vijaya/rv08.63.mp3,raghavendra_vijaya,sarga_8,63,full,raghavendra_vijaya:sarga_8:63,"भानुमालिनि गतेथ तुलायां रामनाथपुरमेत्य चिराय
सह्यभूधरसुतासलिलेस्मिन्मज्जनेन मुदितोभवदेषः",स्वागता,44,17.376,plausible,1.0,1.00 exact,auto_accepted,,dge_linked,D,"[""clipping""]",none (spot-check optional)
kamadhenu_dataset/incoming_audio/dge_linked/raghavendra_vijaya/rv08.64.mp3,raghavendra_vijaya,sarga_8,64,full,raghavendra_vijaya:sarga_8:64,"मानिनीजनविमोहनचूर्णैः सारसेषु नृपसैन्यरजोभिः
व्योममण्डपकमौक्तिकगुच्छैराविरास समयो हिमपूरैः",स्वागता,44,17.04,plausible,1.0,1.00 exact,auto_accepted,,dge_linked,D,"[""clipping""]",none (spot-check optional)
kamadhenu_dataset/incoming_audio/dge_linked/raghavendra_vijaya/rv08.65.mp3,raghavendra_vijaya,sarga_8,65,full,raghavendra_vijaya:sarga_8:65,"पद्मिनीमनवलोक्य पतङ्गो मन्ददीधितिरिहास हिमौघैः
रव्यादर्शनवशादिव शोकादब्जिनी च तुहिनैः किमु लीना",अज्ञातम्,44,16.464,plausible,1.0,1.00 exact,auto_accepted,,dge_linked,D,"[""clipping""]",none (spot-check optional)
kamadhenu_dataset/incoming_audio/dge_linked/raghavendra_vijaya/rv08.66.mp3,raghavendra_vijaya,sarga_8,66,full,raghavendra_vijaya:sarga_8:66,"उष्णारश्मिरधिकं हिमभीतो हव्यवाहदिशमिच्छति गन्तुम्
अग्निरस्त्युत न वेति विवेक्तुं प्रागयादिव समीरणचारः",अज्ञातम्,44,16.488,plausible,1.0,1.00 exact,auto_accepted,,dge_linked,D,"[""clipping""]",none (spot-check optional)
kamadhenu_dataset/incoming_audio/dge_linked/raghavendra_vijaya/rv08.67.mp3,raghavendra_vijaya,sarga_8,67,full,raghavendra_vijaya:sarga_8:67,"पाण्डुरङ्गपुरविठ्ठलमीक्ष्य प्रस्थितः स करवीरपुराख्यम्
पत्तनं विरचयन्हरिपूजां तत्र वासमकरोच्चिरकालम्",स्वागता,44,17.184,plausible,1.0,1.00 exact,auto_accepted,,dge_linked,D,"[""clipping""]",none (spot-check optional)
kamadhenu_dataset/incoming_audio/dge_linked/raghavendra_vijaya/rv08.68.mp3,raghavendra_vijaya,sarga_8,68,full,raghavendra_vijaya:sarga_8:68,"गौतमाघपरिहारिणि तोये स्नानकर्म विरचय्य स विद्वान्
पूजितः प्रतिपदं प्रथितधीभिः प्राविशत्किल पुरीं विजयाख्याम्",अज्ञातम्,45,17.088,plausible,1.0,1.00 exact,auto_accepted,,dge_linked,D,"[""clipping""]",none (spot-check optional)
kamadhenu_dataset/incoming_audio/dge_linked/raghavendra_vijaya/rv08.69.mp3,raghavendra_vijaya,sarga_8,69,full,raghavendra_vijaya:sarga_8:69,"मुद्रयारिदरयोर्मिलितान्योरङ्कितानकृत शिष्यसमूहान्
वादिनोपि परिभूय विशिष्य श्वेतमातपनिवारणमाप",स्वागता,44,16.848,plausible,1.0,1.00 exact,auto_accepted,,dge_linked,D,"[""clipping""]",none (spot-check optional)
kamadhenu_dataset/incoming_audio/dge_linked/raghavendra_vijaya/rv08.70.mp3,raghavendra_vijaya,sarga_8,70,full,raghavendra_vijaya:sarga_8:70,"स्नातवानथ बुधैः सह कृष्णानिम्नगापयसि निर्जितमारः
तत्तटे जयगुरूक्तटीकां व्याकृतापि यतिराडणुभाष्यं",अज्ञातम्,43,17.184,plausible,1.0,1.00 exact,auto_accepted,,dge_linked,D,"[""clipping""]",none (spot-check optional)
kamadhenu_dataset/incoming_audio/dge_linked/raghavendra_vijaya/rv08.71.mp3,raghavendra_vijaya,sarga_8,71,full,raghavendra_vijaya:sarga_8:71,"तत्रतत्र विरचय्य स वासं पुण्यभूषु पुरुषोत्तमभक्तः
श्रीमहीधरमुपेत्य च तुङ्गं वेङ्कटेशमवलोकितुमागात्",स्वागता,44,17.088,plausible,1.0,1.00 exact,auto_accepted,,dge_linked,D,"[""clipping""]",none (spot-check optional)
kamadhenu_dataset/incoming_audio/dge_linked/raghavendra_vijaya/rv08.72.mp3,raghavendra_vijaya,sarga_8,72,full,raghavendra_vijaya:sarga_8:72,"नत्वा देवं वेङ्कटेशं यतीन्द्रः कृत्वा वासं वासरान्कांश्चिदत्र
काञ्चीमागात्काञ्चनागाररम्यां नत्वा विष्णुं चानमत्पार्वतीशम्",शालिनी,44,29.232,plausible,1.0,1.00 exact,auto_accepted,,dge_linked,D,"[""clipping""]",none (spot-check optional)
kamadhenu_dataset/incoming_audio/dge_linked/raghavendra_vijaya/rv08.73.mp3,raghavendra_vijaya,sarga_8,73,full,raghavendra_vijaya:sarga_8:73,"शोणाद्रिमासाद्य निषेव्य शम्भुं वृद्धाचलं प्राप्य विलोक्य रुद्रम्
श्रीमुष्णमभ्येत्य वराहरूपं विष्णुं प्रणम्यैष नुतिं व्यतानीत्",इन्द्रवज्रा,44,29.496,plausible,1.0,1.00 exact,auto_accepted,,dge_linked,D,"[""clipping""]",none (spot-check optional)
kamadhenu_dataset/incoming_audio/dge_linked/raghavendra_vijaya/rv08.74.mp3,raghavendra_vijaya,sarga_8,74,full,raghavendra_vijaya:sarga_8:74,"कृत्वा दिग्विजयमुपागतस्य दूरे कावेरीशिशिरजलावलोकमात्रात्
यत्सौख्यं समजनि तत्सुखं मुरारेः प्रायः स्यादिति यदि का कथेतरेषाम्",प्रहर्षिणी,52,27.576,plausible,1.0,1.00 exact,auto_accepted,,dge_linked,D,"[""clipping"", ""noisy_low_snr""]",none (spot-check optional)
kamadhenu_dataset/incoming_audio/dge_linked/raghavendra_vijaya/rv08.75.mp3,raghavendra_vijaya,sarga_8,75,full,raghavendra_vijaya:sarga_8:75,"श्रीकुम्भघोणनगरीं प्रविशत्युदारां रामार्चयोरुतपसैव कृशे यतीन्द्रे
मन्ये कथं नु जनतामहितामयोध्यां रामेण तेन भरतेन कृतप्रवेशाम्",वसन्ततिलका,56,33.504,plausible,1.0,1.00 exact,auto_accepted,,dge_linked,D,"[""clipping""]",none (spot-check optional)
kamadhenu_dataset/incoming_audio/dge_linked/raghavendra_vijaya/rv08.76.mp3,raghavendra_vijaya,sarga_8,76,full,raghavendra_vijaya:sarga_8:76,"प्रहृष्टेन चित्तेन मध्येप्रतोल्यां महावीरविलासेन तात्कालिकेन
भुजङ्गप्रयातेन भूदेववन्द्यो हनुमन्तमित्थं प्रणौति स्म देवम्",अज्ञातम्,49,34.44,plausible,1.0,1.00 exact,auto_accepted,,dge_linked,D,"[""clipping"", ""broadband_noise_floor""]",none (spot-check optional)
kamadhenu_dataset/incoming_audio/dge_linked/raghavendra_vijaya/rv08.77.mp3,raghavendra_vijaya,sarga_8,77,full,raghavendra_vijaya:sarga_8:77,"वाद्यैश्चित्रैः शङ्खभेरीमृदङ्गैः फुल्लैः पुष्पैर्विविधमनुजैः कीर्यमाणैः समन्तात्
वीथ्यावीथ्यां युवतिकरगारातर्तिके राघवेन्द्रो रामे पूर्वं प्रविशति मठं प्राविशत्संपदाढ्यम्",अज्ञातम्,63,44.04,plausible,1.0,1.00 exact,auto_accepted,,dge_linked,D,"[""clipping""]",none (spot-check optional)
kamadhenu_dataset/incoming_audio/dge_linked/raghavendra_vijaya/rv08.78.mp3,raghavendra_vijaya,sarga_8,78,full,raghavendra_vijaya:sarga_8:78,"श्रीमत्कश्यपवंशवार्धिशशिनः षड्दर्शनीवल्लभ- श्रीलक्ष्मीनरसिंहवित्तविदुषः श्रीवेङ्कटाम्बामणौ
जातेनार्यदयासुधामयगिरा नारायणेनोदिते काव्ये चारुणि राघवेन्द्रविजये सर्गो जयत्यष्टमः",शार्दूलविक्रीडित,76,41.352,plausible,1.0,1.00 exact,auto_accepted,,dge_linked,D,"[""clipping""]",none (spot-check optional)
kamadhenu_dataset/incoming_audio/dge_linked/raghavendra_vijaya/rv09.01.mp3,raghavendra_vijaya,sarga_9,1,full,raghavendra_vijaya:sarga_9:1,"मागधा मधुभिदङ्घ्रिपङ्कजे जागरूकमपि संयमीश्वरम्
बोधयन्ति वचनैर्बुधोत्तमं काव्यवर्णनविधौ कृतादरैः",रथोद्धता,44,17.28,plausible,1.0,1.00 exact,auto_accepted,,dge_linked,D,"[""clipping""]",none (spot-check optional)
kamadhenu_dataset/incoming_audio/dge_linked/raghavendra_vijaya/rv09.02.mp3,raghavendra_vijaya,sarga_9,2,full,raghavendra_vijaya:sarga_9:2,"मङ्गलानि कुरु पद्मसोदरेः संयमीन्द्र जगदाहृगञ्चलैः
पश्य दृश्यविभवं दिनागमं दिक्षुदिक्षु मुखरीकृतागमम्",रथोद्धता,44,17.04,plausible,1.0,1.00 exact,auto_accepted,,dge_linked,D,"[""clipping"", ""noisy_low_snr""]",none (spot-check optional)
kamadhenu_dataset/incoming_audio/dge_linked/raghavendra_vijaya/rv09.03.mp3,raghavendra_vijaya,sarga_9,3,full,raghavendra_vijaya:sarga_9:3,"पाकशासनपुरे गुरूदितेर्हन्त वेदवचनैरपाकृते
अन्धकारदुरपह्नवगेहे शक्रदिङ्मुखमिदं प्रसीदति",अज्ञातम्,44,16.776,plausible,1.0,1.00 exact,auto_accepted,,dge_linked,D,"[""clipping""]",none (spot-check optional)
kamadhenu_dataset/incoming_audio/dge_linked/raghavendra_vijaya/rv09.04.mp3,raghavendra_vijaya,sarga_9,4,full,raghavendra_vijaya:sarga_9:4,"शातमन्यवदिशा निजेश्वरे भानुमालिनि समागमोन्मुखे
पूर्वमेव वितनोति पाण्डिमक्षौमनिर्मलवितानमम्बरे",रथोद्धता,44,17.112,plausible,1.0,1.00 exact,auto_accepted,,dge_linked,D,"[""clipping"", ""noisy_low_snr""]",none (spot-check optional)
kamadhenu_dataset/incoming_audio/dge_linked/raghavendra_vijaya/rv09.05.mp3,raghavendra_vijaya,sarga_9,5,full,raghavendra_vijaya:sarga_9:5,"अन्धकारभरवारणव्रजे काल्यकेसरिविदीर्णमस्तके
शोणितौघ इव शक्रदिङ्मुखे शोणिमा लसति तारमौक्तिकैः",रथोद्धता,44,17.136,plausible,1.0,1.00 exact,auto_accepted,,dge_linked,D,"[""clipping""]",none (spot-check optional)
kamadhenu_dataset/incoming_audio/dge_linked/raghavendra_vijaya/rv09.06.mp3,raghavendra_vijaya,sarga_9,6,full,raghavendra_vijaya:sarga_9:6,"व्योमरामपरिभाविशार्वरव्या जपत्रगमयास्त्रसन्ततेः
भञ्जनाय पुरतोरुणानुजः प्रादुरस्त्युदयरागकैतवात्",रथोद्धता,44,17.04,plausible,1.0,1.00 exact,auto_accepted,,dge_linked,D,"[""clipping""]",none (spot-check optional)
kamadhenu_dataset/incoming_audio/dge_linked/raghavendra_vijaya/rv09.07.mp3,raghavendra_vijaya,sarga_9,7,full,raghavendra_vijaya:sarga_9:7,"व्योमदम्भमधुगोलसंचरद्धातसंघसरघा निराकृतिम्
आतनोति समयः पुरा दिशा शोणिमाभिशिखया विदीप्तया",रथोद्धता,44,16.656,plausible,1.0,1.00 exact,auto_accepted,,dge_linked,D,"[""clipping""]",none (spot-check optional)
kamadhenu_dataset/incoming_audio/dge_linked/raghavendra_vijaya/rv09.08.mp3,raghavendra_vijaya,sarga_9,8,full,raghavendra_vijaya:sarga_9:8,"व्योमनामभृति कुम्भसंभवे वारिधिं पिबति शार्वराभिधम्
औषसारुणिमदम्भतः शनैः पद्मरागनिकरो विजृम्भत्",अज्ञातम्,43,16.656,plausible,1.0,1.00 exact,auto_accepted,,dge_linked,D,"[""clipping""]",none (spot-check optional)
kamadhenu_dataset/incoming_audio/dge_linked/raghavendra_vijaya/rv09.09.mp3,raghavendra_vijaya,sarga_9,9,full,raghavendra_vijaya:sarga_9:9,"अम्बरस्य तिमिरालिनीलिकानीलितस्य हरिदिङ्मुखाञ्चले
काल्यरक्तिमनिभेन काञ्चनीरेखिकातिरुचिरा विराजते",रथोद्धता,44,16.896,plausible,1.0,1.00 exact,auto_accepted,,dge_linked,D,"[""clipping""]",none (spot-check optional)
kamadhenu_dataset/incoming_audio/dge_linked/raghavendra_vijaya/rv09.10.mp3,raghavendra_vijaya,sarga_9,10,full,raghavendra_vijaya:sarga_9:10,"काल्यमल्लवर एष शार्वरद्वेषिमल्ल्यमभिहन्तुमुद्यतः
क्षिप्तरक्तिमरजा विदर्शयत्यर्कबिम्बनिभमुष्टिमग्रतः",रथोद्धता,44,17.112,plausible,1.0,1.00 exact,auto_accepted,,dge_linked,D,"[""clipping""]",none (spot-check optional)
kamadhenu_dataset/incoming_audio/dge_linked/raghavendra_vijaya/rv09.11.mp3,raghavendra_vijaya,sarga_9,11,full,raghavendra_vijaya:sarga_9:11,"उद्रिविक्षुहृदयो निशात्ययः प्राग्दिशं तदुपकण्ठमादधे
काल्यरागमयमादिभूषणं भानुबिम्बमणिरञ्चितान्तरम्",रथोद्धता,44,17.112,plausible,1.0,1.00 exact,auto_accepted,,dge_linked,D,"[""clipping""]",none (spot-check optional)
kamadhenu_dataset/incoming_audio/dge_linked/raghavendra_vijaya/rv09.12.mp3,raghavendra_vijaya,sarga_9,12,full,raghavendra_vijaya:sarga_9:12,"हन्त शक्रहरिता दिनागमे यावकारुणपदाभिताडनात्
छायया सह समागमासहात्पाटलोजनि पयोजनिश्रिता",रथोद्धता,44,17.184,plausible,1.0,1.00 exact,auto_accepted,,dge_linked,D,"[""clipping""]",none (spot-check optional)
kamadhenu_dataset/incoming_audio/dge_linked/raghavendra_vijaya/rv09.13.mp3,raghavendra_vijaya,sarga_9,13,full,raghavendra_vijaya:sarga_9:13,"प्रातरम्बुनि निमज्ज नीरधेरुत्थितो हरिदिशा निजालिके
अर्कमण्डलमिषेण वासरः शोणिमाक्षतललाम संदधे",रथोद्धता,44,17.16,plausible,1.0,1.00 exact,auto_accepted,,dge_linked,D,"[""clipping"", ""noisy_low_snr""]",none (spot-check optional)
kamadhenu_dataset/incoming_audio/dge_linked/raghavendra_vijaya/rv09.14.mp3,raghavendra_vijaya,sarga_9,14,full,raghavendra_vijaya:sarga_9:14,"अन्धकारयवनीमपाकृतामारचय्य दिवसेन्दिरा नटी
व्योमरङ्गमभजत्प्रभाञ्चितं कुर्वती खगरवेण शिञ्जितम्",रथोद्धता,44,17.064,plausible,1.0,1.00 exact,auto_accepted,,dge_linked,D,"[""clipping""]",none (spot-check optional)
kamadhenu_dataset/incoming_audio/dge_linked/raghavendra_vijaya/rv09.15.mp3,raghavendra_vijaya,sarga_9,15,full,raghavendra_vijaya:sarga_9:15,"अन्धकाररिपुभूमिभृद्दृणं जेतुमुत्कमनसो विभावसोः
वन्दिनो नु बिरुदालिवाचकाः प्रागविशन्ति मुखरा विहङ्गमाः",अज्ञातम्,45,17.232,plausible,1.0,1.00 exact,auto_accepted,,dge_linked,D,"[""clipping"", ""noisy_low_snr""]",none (spot-check optional)
kamadhenu_dataset/incoming_audio/dge_linked/raghavendra_vijaya/rv09.16.mp3,raghavendra_vijaya,sarga_9,16,full,raghavendra_vijaya:sarga_9:16,"विप्रयुक्तसखिहृन्मलिम्लुचे विद्रुते सति विधौ निशात्यये
पद्मिनी विगतसाध्वसा शनैः फुल्लमावहति पद्मलोचनम्",रथोद्धता,44,16.992,plausible,1.0,1.00 exact,auto_accepted,,dge_linked,D,"[""clipping""]",none (spot-check optional)
kamadhenu_dataset/incoming_audio/dge_linked/raghavendra_vijaya/rv09.17.mp3,raghavendra_vijaya,sarga_9,17,full,raghavendra_vijaya:sarga_9:17,"चक्रवाकमिथुनार्धरूपिणीं पूरयेति विहिता समस्यकाम्
मीलिताब्जनयना शुचिस्मिता पूरयत्यहह तां पयोजिनी",रथोद्धता,44,16.872,plausible,1.0,1.00 exact,auto_accepted,,dge_linked,D,"[""clipping""]",none (spot-check optional)
kamadhenu_dataset/incoming_audio/dge_linked/raghavendra_vijaya/rv09.18.mp3,raghavendra_vijaya,sarga_9,18,full,raghavendra_vijaya:sarga_9:18,"निद्रिते त्वयि पुरा द्विजाधिपे स्वैरमेव चरति स्म चन्द्रमाः
याति बोधमधुना द्विजाधिभूर्नाममात्रधृदुपैति साध्वसात्",रथोद्धता,44,16.92,plausible,1.0,1.00 exact,auto_accepted,,dge_linked,D,"[""clipping""]",none (spot-check optional)
kamadhenu_dataset/incoming_audio/dge_linked/raghavendra_vijaya/rv09.19.mp3,raghavendra_vijaya,sarga_9,19,full,raghavendra_vijaya:sarga_9:19,"चक्रवाकविरहाग्निधूम्यया शार्वरेण जगती निपीडिता
तन्निवृत्तिसुखिताधुना ततो मन्दमुच्छ्वसति मारुतच्छलात्",रथोद्धता,44,17.136,plausible,1.0,1.00 exact,auto_accepted,,dge_linked,D,"[""clipping""]",none (spot-check optional)
kamadhenu_dataset/incoming_audio/dge_linked/raghavendra_vijaya/rv09.20.mp3,raghavendra_vijaya,sarga_9,20,full,raghavendra_vijaya:sarga_9:20,"एवमादिमगधोक्तिमाधुरीवारिपूरकृतसेचनदिव
बोधमेत्य यतिराट् समुत्थितो द्वोपिचर्ममयतल्पतल्लजात्",अज्ञातम्,44,17.136,plausible,1.0,1.00 exact,auto_accepted,,dge_linked,D,"[""clipping""]",none (spot-check optional)
kamadhenu_dataset/incoming_audio/dge_linked/raghavendra_vijaya/rv09.21.mp3,raghavendra_vijaya,sarga_9,21,full,raghavendra_vijaya:sarga_9:21,"द्वादशस्तुतिपुराणसंततीः श्रोतुमाननसमूहमेकदा
स्वं दशाधिकनवाननोदिशद्विश्वमूर्तिरिव चक्षुरागत्ः",अज्ञातम्,43,16.992,plausible,1.0,1.00 exact,auto_accepted,,dge_linked,D,"[""clipping""]",none (spot-check optional)
kamadhenu_dataset/incoming_audio/dge_linked/raghavendra_vijaya/rv09.22.mp3,raghavendra_vijaya,sarga_9,22,full,raghavendra_vijaya:sarga_9:22,"आनतो भवदनन्तमग्रतः संयमीन्दुरवलोक्य सञ्जनात्
आदरेण सुजनैः समर्पिताः श्रेयसे सततमाशिषोग्रहीत्",रथोद्धता,44,17.088,plausible,1.0,1.00 exact,auto_accepted,,dge_linked,D,"[""clipping""]",none (spot-check optional)
kamadhenu_dataset/incoming_audio/dge_linked/raghavendra_vijaya/rv09.23.mp3,raghavendra_vijaya,sarga_9,23,full,raghavendra_vijaya:sarga_9:23,"स प्रणम्य तुलसीवनस्थितामिन्दिरां तदनु तत्पदाश्रितम्
वायुनन्दनमवन्दतादरादिन्दिरेषकरुणैकमन्दिरम्",रथोद्धता,44,17.256,plausible,1.0,1.00 exact,auto_accepted,,dge_linked,D,"[""clipping""]",none (spot-check optional)
kamadhenu_dataset/incoming_audio/dge_linked/raghavendra_vijaya/rv09.24.mp3,raghavendra_vijaya,sarga_9,24,full,raghavendra_vijaya:sarga_9:24,"सोधिरुह्य शिबिकां गजेन्द्रमुत्तयुक्तिसंस्तुतिकृतादरः शनैः
स्नातुमभ्युपगतस्तरङ्गिणीं दक्षिणापथनिलिम्पनिम्नगात्",अज्ञातम्,45,17.304,plausible,1.0,1.00 exact,auto_accepted,,dge_linked,D,"[""clipping""]",none (spot-check optional)
kamadhenu_dataset/incoming_audio/dge_linked/raghavendra_vijaya/rv09.25.mp3,raghavendra_vijaya,sarga_9,25,full,raghavendra_vijaya:sarga_9:25,"तीरभूरुहसुमानि तज्जले संनिपत्य सुमनस्त्वमाप्नुवन्
जातिमात्र इति तद्गताभवद्व्याक्रियातदितरेष्वपि स्फुटम्",रथोद्धता,44,16.776,plausible,1.0,1.00 exact,auto_accepted,,dge_linked,D,"[""clipping""]",none (spot-check optional)
kamadhenu_dataset/incoming_audio/dge_linked/raghavendra_vijaya/rv09.26.mp3,raghavendra_vijaya,sarga_9,26,full,raghavendra_vijaya:sarga_9:26,"यां प्रवाललहरीं मनोहरामुद्वहन्त्यधिवसन्तम्बुधौ
तीरचम्पकसुमोत्करा लसन्त्युत्सवाय कृतदीपिका इव",अज्ञातम्,43,16.728,plausible,1.0,1.00 exact,auto_accepted,,dge_linked,D,"[""clipping""]",none (spot-check optional)
kamadhenu_dataset/incoming_audio/dge_linked/raghavendra_vijaya/rv09.27.mp3,raghavendra_vijaya,sarga_9,27,full,raghavendra_vijaya:sarga_9:27,"शोषकेण मरुता कथं नु या वर्धिता च कथमित्यविस्मयः
सा यदुल्लसदनन्तरूपिणी याति रङ्गपतिशेषतां सदा",रथोद्धता,44,17.04,plausible,1.0,1.00 exact,auto_accepted,,dge_linked,D,"[""clipping""]",none (spot-check optional)
kamadhenu_dataset/incoming_audio/dge_linked/raghavendra_vijaya/rv09.28.mp3,raghavendra_vijaya,sarga_9,28,full,raghavendra_vijaya:sarga_9:28,"सह्यभूधरसरस्सरोजिनीसारसश्रितमरन्दसंततिम्
या बिभर्ति परथा रमेत किं तत्र रङ्गपतिभृङ्गतल्लजः",रथोद्धता,44,17.232,plausible,1.0,1.00 exact,auto_accepted,,dge_linked,D,"[""clipping""]",none (spot-check optional)
kamadhenu_dataset/incoming_audio/dge_linked/raghavendra_vijaya/rv09.29.mp3,raghavendra_vijaya,sarga_9,29,full,raghavendra_vijaya:sarga_9:29,"तत्तटोपवनसीम्नि वाहनात्सोवरुह्य यमिधुर्यचन्द्रमाः
क्षालयन् करपदं समृज्जलैर्दन्तपङ्क्तिपरिशोधनं व्यधात्",रथोद्धता,44,17.088,plausible,1.0,1.00 exact,auto_accepted,,dge_linked,D,"[""clipping""]",none (spot-check optional)
kamadhenu_dataset/incoming_audio/dge_linked/raghavendra_vijaya/rv09.30.mp3,raghavendra_vijaya,sarga_9,30,full,raghavendra_vijaya:sarga_9:30,"कल्पिताचमनमत्र सादरं स्नानकर्म कुरुते स्म शास्त्रतः
अष्टषड्द्विपदक्षैरहरेर्मानितैर्मनुवरैस्त्रिधा क्रमात्",अज्ञातम्,43,16.92,plausible,1.0,1.00 exact,auto_accepted,,dge_linked,D,"[""clipping""]",none (spot-check optional)
kamadhenu_dataset/incoming_audio/dge_linked/raghavendra_vijaya/rv09.31.mp3,raghavendra_vijaya,sarga_9,31,full,raghavendra_vijaya:sarga_9:31,"जप्यसूक्तजपशुद्धवारिणा प्रोक्षयन्यतिवरः शिरो निजम्
स्नातवान्विहितमृद्दिलेपनोऽनुच्छ्वसन्निरघमर्षणं जपन्",रथोद्धता,44,17.304,plausible,1.0,1.00 exact,auto_accepted,,dge_linked,D,"[""clipping""]",none (spot-check optional)
kamadhenu_dataset/incoming_audio/dge_linked/raghavendra_vijaya/rv09.32.mp3,raghavendra_vijaya,sarga_9,32,full,raghavendra_vijaya:sarga_9:32,"उच्चरन्प्रणवमुत्थितोसिचत् स्वात्मगं पुरुषसूक्ततो हरिम्
विष्णुपदसलिलं पिबन् सुरास्तर्पितानकृत मन्त्रवारिभिः",अज्ञातम्,44,16.824,plausible,1.0,1.00 exact,auto_accepted,,dge_linked,D,"[""clipping""]",none (spot-check optional)
kamadhenu_dataset/incoming_audio/dge_linked/raghavendra_vijaya/rv09.33.mp3,raghavendra_vijaya,sarga_9,33,full,raghavendra_vijaya:sarga_9:33,"सालमलकमवस्तलोहिते वाससी तदनु संयमीश्वरः
ऊर्ध्वपुण्ड्रमतनिष्ट गोपिकाचन्दनेन सहपञ्चमुद्रिकम्",अज्ञातम्,44,16.92,plausible,1.0,1.00 exact,auto_accepted,,dge_linked,D,"[""clipping""]",none (spot-check optional)
kamadhenu_dataset/incoming_audio/dge_linked/raghavendra_vijaya/rv09.34.mp3,raghavendra_vijaya,sarga_9,34,full,raghavendra_vijaya:sarga_9:34,"अर्घ्यदानविधिमर्घ्यवैभवः संविधाय हृदि वेदमातरम्
सादरं तदनु तारकं ततो मन्त्ररत्नमपि मौनतोजपत्",रथोद्धता,44,16.464,plausible,1.0,1.00 exact,auto_accepted,,dge_linked,D,"[""clipping""]",none (spot-check optional)
kamadhenu_dataset/incoming_audio/dge_linked/raghavendra_vijaya/rv09.35.mp3,raghavendra_vijaya,sarga_9,35,full,raghavendra_vijaya:sarga_9:35,"तत्तटोपवनमेत्य पावनीः सोश्रृणोद् द्विजमुखात्कथां हरेः
आदिदैशिकसमर्चितोपलव्यासूमूर्तिपरिपूजनोत्सुकः",अज्ञातम्,44,16.56,plausible,1.0,1.00 exact,auto_accepted,,dge_linked,D,"[""clipping""]",none (spot-check optional)
kamadhenu_dataset/incoming_audio/dge_linked/raghavendra_vijaya/rv09.36.mp3,raghavendra_vijaya,sarga_9,36,full,raghavendra_vijaya:sarga_9:36,"अभ्यषिञ्चदथ पङ्कजेक्षणं वारिभिर्व्यकृतदुग्धधारया
संन्यवेदयदयं मनोहरं मौद्गमन्नमुरुधाधिकं नवम्",रथोद्धता,44,16.728,plausible,1.0,1.00 exact,auto_accepted,,dge_linked,D,"[""clipping""]",none (spot-check optional)
kamadhenu_dataset/incoming_audio/dge_linked/raghavendra_vijaya/rv09.37.mp3,raghavendra_vijaya,sarga_9,37,full,raghavendra_vijaya:sarga_9:37,"संप्रणम्य विजयीन्द्रयोगिनं तापसोपमबुधव्रजावृतः
सोधिरुह्य मणिरम्यपादुके दैशिको मठमथ प्रतस्थिवान्",रथोद्धता,44,17.4,plausible,1.0,1.00 exact,auto_accepted,,dge_linked,D,"[""clipping""]",none (spot-check optional)
kamadhenu_dataset/incoming_audio/dge_linked/raghavendra_vijaya/rv09.38.mp3,raghavendra_vijaya,sarga_9,38,full,raghavendra_vijaya:sarga_9:38,"शङ्खदुन्दुभिमृदङ्गकाहलीमड्डुडिण्डिमसुशृङ्गझर्झरैः
चक्रवाद्यनिनदैश्च तज्जनाः पूरयन्ति पुरतोस्य दिङ्मुखम्",रथोद्धता,44,17.184,plausible,1.0,1.00 exact,auto_accepted,,dge_linked,D,"[""clipping""]",none (spot-check optional)
kamadhenu_dataset/incoming_audio/dge_linked/raghavendra_vijaya/rv09.39.mp3,raghavendra_vijaya,sarga_9,39,full,raghavendra_vijaya:sarga_9:39,"पावयन्नथ महीं पदेपदे पार्वतींशमभिवन्द्य पङ्क्तौ
प्राविशत्ससुर विष्टपागमो मूर्तिमानिव मठं तथागमः",अज्ञातम्,43,16.944,plausible,1.0,1.00 exact,auto_accepted,,dge_linked,D,"[""clipping""]",none (spot-check optional)
kamadhenu_dataset/incoming_audio/dge_linked/raghavendra_vijaya/rv09.40.mp3,raghavendra_vijaya,sarga_9,40,full,raghavendra_vijaya:sarga_9:40,"शान्तिवाचनपुरस्सरं वरं भाष्यमेव स विशिष्य संसदि
व्याकरोति विदुषां निराकरोत्यन्यदर्शनकुयुक्तिसंहतिम्",रथोद्धता,44,17.184,plausible,1.0,1.00 exact,auto_accepted,,dge_linked,D,"[""clipping""]",none (spot-check optional)
kamadhenu_dataset/incoming_audio/dge_linked/raghavendra_vijaya/rv09.41.mp3,raghavendra_vijaya,sarga_9,41,full,raghavendra_vijaya:sarga_9:41,"ब्रह्म सद्गुणमदोषमीक्षितं गम्यमाहुरिव लक्षणैः क्रमात्
सूत्रभाष्य इति तेन भाषिते तत्र कश्चन सुधीरचोदयत्",रथोद्धता,44,17.016,plausible,1.0,1.00 exact,auto_accepted,,dge_linked,D,"[""clipping""]",none (spot-check optional)
kamadhenu_dataset/incoming_audio/dge_linked/raghavendra_vijaya/rv09.42.mp3,raghavendra_vijaya,sarga_9,42,full,raghavendra_vijaya:sarga_9:42,"नित्यवाग विषयस्य सर्वथाऽरम्भणं न विषयस्य युज्यते
नामधेयमिह यज्जडं मृषा जातमर्थरहितं स्वचिन्तनन्",रथोद्धता,44,16.92,plausible,1.0,1.00 exact,auto_accepted,,dge_linked,D,"[""clipping""]",none (spot-check optional)
kamadhenu_dataset/incoming_audio/dge_linked/raghavendra_vijaya/rv09.43.mp3,raghavendra_vijaya,sarga_9,43,full,raghavendra_vijaya:sarga_9:43,"नात्मतत्त्वमपि तत्र नापरश्चेष्टितादिबहुलिङ्गसिद्धितः
जीवभिन्नपरमोप्यमानको न स्वयं च यदहंधिया यतः",रथोद्धता,44,16.68,plausible,1.0,1.00 exact,auto_accepted,,dge_linked,D,"[""clipping""]",none (spot-check optional)
kamadhenu_dataset/incoming_audio/dge_linked/raghavendra_vijaya/rv09.44.mp3,raghavendra_vijaya,sarga_9,44,full,raghavendra_vijaya:sarga_9:44,"किंच किं फलममुष्य वेदने कर्मणैव भवति स्वरादिकम्
नापि मुक्तिरधुनैव तद्विदां दृश्यते न यदसावपि क्वचित्",रथोद्धता,44,16.608,plausible,1.0,1.00 exact,auto_accepted,,dge_linked,D,"[""clipping""]",none (spot-check optional)
kamadhenu_dataset/incoming_audio/dge_linked/raghavendra_vijaya/rv09.45.mp3,raghavendra_vijaya,sarga_9,45,full,raghavendra_vijaya:sarga_9:45,"अत्र कश्चिदमभ्यचोदयच्छुद्धमस्य विषयं स्वमानसम्
शुद्धवेदनफलं वदेन्न चेद्धन्धभङ्ग इति किं ततो वद",अज्ञातम्,43,16.488,plausible,1.0,1.00 exact,auto_accepted,,dge_linked,D,"[""clipping""]",none (spot-check optional)
kamadhenu_dataset/incoming_audio/dge_linked/raghavendra_vijaya/rv09.46.mp3,raghavendra_vijaya,sarga_9,46,full,raghavendra_vijaya:sarga_9:46,"इत्युदीरितगिरातिरोषितस्यद्वचः प्रतिवचोन्य आददे
यत्तु शुद्धमुदितं न मानसं तन्नयुक्तमिति हन्त चिन्त्यते",रथोद्धता,44,16.632,plausible,1.0,1.00 exact,auto_accepted,,dge_linked,D,"[""clipping""]",none (spot-check optional)
kamadhenu_dataset/incoming_audio/dge_linked/raghavendra_vijaya/rv09.47.mp3,raghavendra_vijaya,sarga_9,47,full,raghavendra_vijaya:sarga_9:47,"यन्न भाति जडजीवभेदनं कर्तृतादिविरहोऽद्वितीयता
एकतापि तदसारमात्मनोऽभिन्नमैतदिति चेदसंशयः",रथोद्धता,44,16.848,plausible,1.0,1.00 exact,auto_accepted,,dge_linked,D,"[""clipping""]",none (spot-check optional)
kamadhenu_dataset/incoming_audio/dge_linked/raghavendra_vijaya/rv09.48.mp3,raghavendra_vijaya,sarga_9,48,full,raghavendra_vijaya:sarga_9:48,"अन्यदेतदिति नापि युक्तिमत्संमृषेति हि विकलप्नक्षमम्
तत्स्वरूपमिति चेन्न भासते तत्र नैव तव युज्यते श्रमः",मात्रासमक,44,16.584,plausible,1.0,1.00 exact,auto_accepted,,dge_linked,D,"[""clipping""]",none (spot-check optional)
kamadhenu_dataset/incoming_audio/dge_linked/raghavendra_vijaya/rv09.49.mp3,raghavendra_vijaya,sarga_9,49,full,raghavendra_vijaya:sarga_9:49,"अत्र तद्भ्रमनिरासनोत्सुकः सस्मितं सदयमब्रवीद्गुरुः
अस्ति किंचिद्हमर्थतः परं विष्णुनाम गुणपूर्णम तम्",अज्ञातम्,42,16.704,plausible,1.0,1.00 exact,auto_accepted,,dge_linked,D,"[""clipping""]",none (spot-check optional)
kamadhenu_dataset/incoming_audio/dge_linked/raghavendra_vijaya/rv09.50.mp3,raghavendra_vijaya,sarga_9,50,full,raghavendra_vijaya:sarga_9:50,"यद्विचारविषये निगद्यते ब्रह्मनाम परजीवभेदकम्
मुक्तिरेव फलमस्य वेदनात्प्रक्रमोस्य विषयादिमांस्ततः",रथोद्धता,44,16.704,plausible,1.0,1.00 exact,auto_accepted,,dge_linked,D,"[""clipping""]",none (spot-check optional)
kamadhenu_dataset/incoming_audio/dge_linked/raghavendra_vijaya/rv09.51.mp3,raghavendra_vijaya,sarga_9,51,full,raghavendra_vijaya:sarga_9:51,"एवमादिपरमात्मचिन्तनैरास्त संयमिवरोतिहर्षितः
तत्र सानुभवलिप्सया दिवो मध्यसीमानि रविर्व्यलम्बत",मात्रासमक,44,17.136,plausible,1.0,1.00 exact,auto_accepted,,dge_linked,D,"[""clipping""]",none (spot-check optional)
kamadhenu_dataset/incoming_audio/dge_linked/raghavendra_vijaya/rv09.52.mp3,raghavendra_vijaya,sarga_9,52,full,raghavendra_vijaya:sarga_9:52,"अस्ते ध्वान्ते समस्ते प्रतिभटसरणीं गत्वरे प्रादुरासी- च्छायारूपं तदेतच्छरणमुपगतं पादमूलं जनानाम्
हन्तामन्दप्रतापे रपि मम किरणैः शक्यते तन्न भेत्तुं धिङ्मामित्याकुलोर्कः प्रतपति कलयन्न्योममध्ये विलम्बम्",स्रग्धरा,84,59.208,too_long,0.92,0.90–0.99 very strong,auto_accepted,,dge_linked,D,"[""clipping""]",none (spot-check optional)
kamadhenu_dataset/incoming_audio/dge_linked/raghavendra_vijaya/rv09.53.mp3,raghavendra_vijaya,sarga_9,53,full,raghavendra_vijaya:sarga_9:53,"वक्राम्भोजं विधत्ते मम सुहृदमिति प्राप्तरॊषो विवस्वान् म्लानं मीनेक्षणानां नयनयुगमयं क्लपयन्न्लब्णश्रीः
तच्छायाधारिणोस्मानपि तपति मुहुस्तं समाधेहि पाही- त्यारादम्भोजिनीनां शकुलकुलमयादाकुलं पादमूलम्",अज्ञातम्,83,49.104,plausible,1.0,1.00 exact,auto_accepted,,dge_linked,D,"[""clipping""]",none (spot-check optional)
kamadhenu_dataset/incoming_audio/dge_linked/raghavendra_vijaya/rv09.54.mp3,raghavendra_vijaya,sarga_9,54,full,raghavendra_vijaya:sarga_9:54,"माद्यन्दिनस्नानकृते महान्तं मुनीन्द्रमित्थं किल कालशंसी
आगत्य मध्यन्दिनस्नानमस्मै न्यवेदयत्प्राप्तमहत्सचेताः",अज्ञातम्,44,20.784,plausible,1.0,1.00 exact,auto_accepted,,dge_linked,D,"[""clipping""]",none (spot-check optional)
kamadhenu_dataset/incoming_audio/dge_linked/raghavendra_vijaya/rv09.55.mp3,raghavendra_vijaya,sarga_9,55,full,raghavendra_vijaya:sarga_9:55,"व्याख्याय शिष्यनिवहाय चिराय सोय- माम्नायमौलिवचनानि मनोहराणि
माध्याह्निकानि विविधानि विधातुकामः कर्माणि मन्दमुदतिष्ठदुदग्रकीर्तिः",वसन्ततिलका,56,25.968,plausible,1.0,1.00 exact,auto_accepted,,dge_linked,D,"[""clipping""]",none (spot-check optional)
kamadhenu_dataset/incoming_audio/dge_linked/raghavendra_vijaya/rv09.56.mp3,raghavendra_vijaya,sarga_9,56,full,raghavendra_vijaya:sarga_9:56,"निष्कुटविलसत्पुष्करवत्यां पुष्कलकीर्तिर्मस्करिधुर्यः
साधु निमज्ज्य सुधीजनमान्यो माधवमङ्गलगेहमयासीत्",अज्ञातम्,43,18.864,plausible,1.0,1.00 exact,auto_accepted,,dge_linked,D,"[""clipping"", ""noisy_low_snr""]",none (spot-check optional)
kamadhenu_dataset/incoming_audio/dge_linked/raghavendra_vijaya/rv09.57.mp3,raghavendra_vijaya,sarga_9,57,full,raghavendra_vijaya:sarga_9:57,"डम्भासोढा काममम्भोरुहाख्यैरम्भःपूर्णं कुम्भमादौ समर्च्य
आत्मन्नान्तर्मातृकादीनशेषान् देवान् देवैः पीठगैः पार्श्वगैश्च",शालिनी,44,24.096,plausible,1.0,1.00 exact,auto_accepted,,dge_linked,D,"[""clipping""]",none (spot-check optional)
kamadhenu_dataset/incoming_audio/dge_linked/raghavendra_vijaya/rv09.58.mp3,raghavendra_vijaya,sarga_9,58,full,raghavendra_vijaya:sarga_9:58,"शालिग्रामानम्बुजाक्षस्य मूर्तिं मन्त्राम्भोभिः संयमीन्द्रोभिषिच्य
नव्यैः पुष्पैरातनिष्टातिरम्यै रत्नैरर्ध्यं रामचन्द्रस्य पूजाम्",शालिनी,44,31.296,too_long,0.92,0.90–0.99 very strong,auto_accepted,,dge_linked,D,"[""clipping""]",none (spot-check optional)
kamadhenu_dataset/incoming_audio/dge_linked/raghavendra_vijaya/rv09.59.mp3,raghavendra_vijaya,sarga_9,59,full,raghavendra_vijaya:sarga_9:59,"वाजिमेधयजिना विकल्पितं शङ्खवारि शिरसा स धारयन्
राजसूययजिनापि सम्मतं विष्णुपादसलिलं पिबत्यसौ",रथोद्धता,44,18.912,plausible,1.0,1.00 exact,auto_accepted,,dge_linked,D,"[""clipping""]",none (spot-check optional)
kamadhenu_dataset/incoming_audio/dge_linked/raghavendra_vijaya/rv09.60.mp3,raghavendra_vijaya,sarga_9,60,full,raghavendra_vijaya:sarga_9:60,"स्वत कवेरजापयोनघं हि किं पुनर्हरेः
पदं समाश्रितं चतुःपुमर्थदं भवेदिति",अनुष्टुप्,32,11.736,plausible,1.0,1.00 exact,auto_accepted,,dge_linked,D,"[""clipping""]",none (spot-check optional)
kamadhenu_dataset/incoming_audio/dge_linked/raghavendra_vijaya/rv09.61.mp3,raghavendra_vijaya,sarga_9,61,full,raghavendra_vijaya:sarga_9:61,"पश्चात्कृत्वा हरिपादनतिं संयमीन्द्रोथ भुक्त्वा पुण्यं भैक्ष्यं तदनुरचयन् तर्कशब्दादिशास्त्रैः
विद्वद्वपूर्वाविधनगरात्प्राप्तवद्भिर्विनोदं ध्यायन्विष्णुं समयमनयत्सोयमासायमेवम्",अज्ञातम्,68,42.072,plausible,1.0,1.00 exact,auto_accepted,,dge_linked,D,"[""clipping""]",none (spot-check optional)
kamadhenu_dataset/incoming_audio/dge_linked/raghavendra_vijaya/rv09.62.mp3,raghavendra_vijaya,sarga_9,62,full,raghavendra_vijaya:sarga_9:62,"श्रीमत्कश्यपवंशवार्धिशशिनः षड्दर्शनीवल्लभ श्रीलक्ष्मीनरसिंहवित्तविदुषः श्रीवेङ्कटाम्बामणौ
जातेनार्यदयासुधामयगिरा नारायणेनोदिते काव्ये चारुणि राघवेन्द्रविजये सर्गोभवन्नवमः",अज्ञातम्,76,35.496,plausible,1.0,1.00 exact,auto_accepted,,dge_linked,D,"[""clipping"", ""noisy_low_snr""]",none (spot-check optional)
kamadhenu_dataset/incoming_audio/dge_linked/raghavendra_vijaya/rv10.01.mp3,raghavendra_vijaya,sarga_10,1,full,raghavendra_vijaya:sarga_10:1,"उत्तरामखतया बलमाने सायमर्यमरथेऽभिसुमेरु
तन्मुखोल्लसितसारथिभासा पाटला स्फुरति पाशभृदाशा",स्वागता,44,16.776,plausible,1.0,1.00 exact,auto_accepted,,dge_linked,D,"[""clipping""]",none (spot-check optional)
kamadhenu_dataset/incoming_audio/dge_linked/raghavendra_vijaya/rv10.02.mp3,raghavendra_vijaya,sarga_10,2,full,raghavendra_vijaya:sarga_10:2,"सायमन्तिकचरन्मुनिपालीगीतसामनिनदेन शताङ्गे
विद्रुतारुणमणीजलसेकाल्लोहितायति सरोरुहबन्धुः",स्वागता,44,17.16,plausible,1.0,1.00 exact,auto_accepted,,dge_linked,D,"[""clipping""]",none (spot-check optional)
kamadhenu_dataset/incoming_audio/dge_linked/raghavendra_vijaya/rv10.03.mp3,raghavendra_vijaya,sarga_10,3,full,raghavendra_vijaya:sarga_10:3,"निर्धुताखिलतमा निजजन्मारभ्य विष्णुपदसेवनशीलः
स्वस्वरूपमगमत्परमाविर्भूतमेष मिहिरोरुणभावम्",स्वागता,44,16.776,plausible,1.0,1.00 exact,auto_accepted,,dge_linked,D,"[""clipping""]",none (spot-check optional)
kamadhenu_dataset/incoming_audio/dge_linked/raghavendra_vijaya/rv10.04.mp3,raghavendra_vijaya,sarga_10,4,full,raghavendra_vijaya:sarga_10:4,"रागिणं स्वमवलोक्य निकामं रागिणां च विषमां गतिमीक्ष्य
वस्तुमापदपरागसमीपं मन्दमन्दमरविन्दकुटुम्बी",स्वागता,44,16.968,plausible,1.0,1.00 exact,auto_accepted,,dge_linked,D,"[""clipping""]",none (spot-check optional)
kamadhenu_dataset/incoming_audio/dge_linked/raghavendra_vijaya/rv10.05.mp3,raghavendra_vijaya,sarga_10,5,full,raghavendra_vijaya:sarga_10:5,"विप्लवं व्रजति कान्तिकलत्रे पद्मिनीमपरवारिधिजाताम्
उद्विविक्षुहृदयो हरिदश्वो याचितुं तमगमत्तटिनीशम्",स्वागता,44,17.232,plausible,1.0,1.00 exact,auto_accepted,,dge_linked,D,"[""clipping""]",none (spot-check optional)
kamadhenu_dataset/incoming_audio/dge_linked/raghavendra_vijaya/rv10.07.mp3,raghavendra_vijaya,sarga_10,7,full,raghavendra_vijaya:sarga_10:7,"पद्मिनी परिचिता सततं नः साबतात्मपतिना वियुतेति
सद्य एव वियुतानि बभूवुश्चक्रवाकपततां मिथुनानि",स्वागता,44,16.632,plausible,1.0,1.00 exact,auto_accepted,,dge_linked,D,"[""clipping""]",none (spot-check optional)
kamadhenu_dataset/incoming_audio/dge_linked/raghavendra_vijaya/rv10.08.mp3,raghavendra_vijaya,sarga_10,8,full,raghavendra_vijaya:sarga_10:8,"एकचक्रमवलम्ब्य शताङ्गं बाधते विरहिणो मिहिरोसौ
इत्यवेत्य मदनः स्वयमाधादेकचक्रमयमाशु शताङ्गम्",स्वागता,44,17.064,plausible,1.0,1.00 exact,auto_accepted,,dge_linked,D,"[""clipping""]",none (spot-check optional)
kamadhenu_dataset/incoming_audio/dge_linked/raghavendra_vijaya/rv10.09.mp3,raghavendra_vijaya,sarga_10,9,full,raghavendra_vijaya:sarga_10:9,"अम्बराभिधहरिन्मणिपात्रे शङ्खविष्णुपदवारि दधानम्
हेमभाजनयुगं शशिभान्वोर्मण्डलद्वयमिदं कलयामः",स्वागता,44,16.8,plausible,1.0,1.00 exact,auto_accepted,,dge_linked,D,"[""clipping""]",none (spot-check optional)
kamadhenu_dataset/incoming_audio/dge_linked/raghavendra_vijaya/rv10.10.mp3,raghavendra_vijaya,sarga_10,10,full,raghavendra_vijaya:sarga_10:10,"पूर्वभूमिधरगाधिसुतेन प्रेरितं रविमयाब्जभवास्त्रम्
तद्ग्रसत्यपरशैलवशिष्टं कोपवह्निरिव सान्ध्यमरीचिः",स्वागता,44,17.112,plausible,1.0,1.00 exact,auto_accepted,,dge_linked,D,"[""clipping""]",none (spot-check optional)
kamadhenu_dataset/incoming_audio/dge_linked/raghavendra_vijaya/rv10.11.mp3,raghavendra_vijaya,sarga_10,11,full,raghavendra_vijaya:sarga_10:11,"अम्बुजेष्वरयुतेषु वियोक्तुं सायशाणकषणेन सुतीक्ष्णम्
किं चकार निजकञ्जकलम्बं तादृगेव यदभून्मुकुलं तत्",स्वागता,44,16.68,plausible,1.0,1.00 exact,auto_accepted,,dge_linked,D,"[""clipping""]",none (spot-check optional)
kamadhenu_dataset/incoming_audio/dge_linked/raghavendra_vijaya/rv10.12.mp3,raghavendra_vijaya,sarga_10,12,full,raghavendra_vijaya:sarga_10:12,"वीक्ष्य पद्मविपिनेषु पुरा यत्केसरिश्रियमदुद्रवदारात्
तां विलोक्य शिथिलां पुनरागात्तत्तथैव तिमिरद्विपवृन्दम्",स्वागता,44,16.992,plausible,1.0,1.00 exact,auto_accepted,,dge_linked,D,"[""clipping""]",none (spot-check optional)
kamadhenu_dataset/incoming_audio/dge_linked/raghavendra_vijaya/rv10.13.mp3,raghavendra_vijaya,sarga_10,13,full,raghavendra_vijaya:sarga_10:13,"अर्चयन्मधुकरच्छलशालिग्राममेष समयाभिधयोगी
सायमम्बुजसमुद्गममध्ये सन्निधाय विदधेऽस्य च मुद्राम्",स्वागता,44,17.232,plausible,1.0,1.00 exact,auto_accepted,,dge_linked,D,"[""clipping""]",none (spot-check optional)
kamadhenu_dataset/incoming_audio/dge_linked/raghavendra_vijaya/rv10.14.mp3,raghavendra_vijaya,sarga_10,14,full,raghavendra_vijaya:sarga_10:14,"पद्मिनी पतिशुचा अमरालीकङ्कणे निरसितुं कृतचेतः
अब्जपाणिमनिलेन विलोलं हन्त हन्त समकोचयदाशु",स्वागता,44,16.824,plausible,1.0,1.00 exact,auto_accepted,,dge_linked,D,"[""clipping""]",none (spot-check optional)
kamadhenu_dataset/incoming_audio/dge_linked/raghavendra_vijaya/rv10.15.mp3,raghavendra_vijaya,sarga_10,15,full,raghavendra_vijaya:sarga_10:15,"रश्मिजालमधिकं भुवनाब्धेः कालधीवरवरः परिकृष्य
पङ्कशैवललुठज्झषसंघं ध्वान्ततारनिभतो गगनेऽधात्",स्वागता,44,17.16,plausible,1.0,1.00 exact,auto_accepted,,dge_linked,D,"[""clipping""]",none (spot-check optional)
kamadhenu_dataset/incoming_audio/dge_linked/raghavendra_vijaya/rv10.16.mp3,raghavendra_vijaya,sarga_10,16,full,raghavendra_vijaya:sarga_10:16,"चन्द्रदीधितिनटीं दिवसान्तः सादरं नटयितुं भुवनान्तः
संविकीर्य किमु तारसुमौघं ध्वान्तनीलयवनीं पुरतोऽधात्",स्वागता,44,16.92,plausible,1.0,1.00 exact,auto_accepted,,dge_linked,D,"[""clipping""]",none (spot-check optional)
kamadhenu_dataset/incoming_audio/dge_linked/raghavendra_vijaya/rv10.17.mp3,raghavendra_vijaya,sarga_10,17,full,raghavendra_vijaya:sarga_10:17,"वर्षके सति तमिस्रजलौघं व्योमनामनि घनाघनसंधे
दीपिकास्तत इतो वलमानाः शक्रगोपनिकरा इव रेजुः",स्वागता,44,16.848,plausible,1.0,1.00 exact,auto_accepted,,dge_linked,D,"[""clipping""]",none (spot-check optional)
kamadhenu_dataset/incoming_audio/dge_linked/raghavendra_vijaya/rv10.18.mp3,raghavendra_vijaya,sarga_10,18,full,raghavendra_vijaya:sarga_10:18,"दग्धतामुपगतेषु मनोभूर्वह्निनायुगपदेषु निकामम्
भज्जिते सति हि शार्वरधूमे रेजुरग्निकणिका इव दीपाः",स्वागता,44,17.16,plausible,1.0,1.00 exact,auto_accepted,,dge_linked,D,"[""clipping"", ""noisy_low_snr""]",none (spot-check optional)
kamadhenu_dataset/incoming_audio/dge_linked/raghavendra_vijaya/rv10.19.mp3,raghavendra_vijaya,sarga_10,19,full,raghavendra_vijaya:sarga_10:19,"भानुकार्तयुगधर्मविलोपाज्जृम्भिते जगति शार्वरपापे
अस्फुरंस्तत इतः किल दीपा रक्षिता इव तपोङ्कुररेखाः",स्वागता,44,16.872,plausible,1.0,1.00 exact,auto_accepted,,dge_linked,D,"[""clipping""]",none (spot-check optional)
kamadhenu_dataset/incoming_audio/dge_linked/raghavendra_vijaya/rv10.20.mp3,raghavendra_vijaya,sarga_10,20,full,raghavendra_vijaya:sarga_10:20,"कालनामनिजनाटकमध्ये दीपिकावलिनिभेन विधात्रा
उद्यदिन्दुमयदीपवरस्य प्रागतानि किमु सूचनभङ्गी",स्वागता,44,16.968,plausible,1.0,1.00 exact,auto_accepted,,dge_linked,D,"[""clipping""]",none (spot-check optional)
kamadhenu_dataset/incoming_audio/dge_linked/raghavendra_vijaya/rv10.21.mp3,raghavendra_vijaya,sarga_10,21,full,raghavendra_vijaya:sarga_10:21,"चन्द्रिकापि यदि संघटिताशा ध्वान्तदीपततिसंगतिकाले
किं त्रिवेणिकथयास्ति कवीनां स्वल्पतोपि जहतां पुनरुक्तिम्",स्वागता,44,16.824,plausible,1.0,1.00 exact,auto_accepted,,dge_linked,B,"[""hot_peaks""]",none (spot-check optional)
kamadhenu_dataset/incoming_audio/dge_linked/raghavendra_vijaya/rv10.22.mp3,raghavendra_vijaya,sarga_10,22,full,raghavendra_vijaya:sarga_10:22,"व्योमगुग्गुलुतरोर्धवला निर्यासपङ्किरिव तारकराजिः
शार्वरेभकषणा लुलिताः किं तत्कणा भुवि तमोमणिदम्भात्",स्वागता,44,17.184,plausible,1.0,1.00 exact,auto_accepted,,dge_linked,D,"[""clipping""]",none (spot-check optional)
kamadhenu_dataset/incoming_audio/dge_linked/raghavendra_vijaya/rv10.23.mp3,raghavendra_vijaya,sarga_10,23,full,raghavendra_vijaya:sarga_10:23,"शर्वरीशशरदा परिसृष्टः शार्वरव्रजघनाघनसंधः
दृश्यते स्म शनकैर्धवलश्रीश्चन्द्रिकालहरिकामपदिश्य",स्वागता,44,16.848,plausible,1.0,1.00 exact,auto_accepted,,dge_linked,D,"[""clipping""]",none (spot-check optional)
kamadhenu_dataset/incoming_audio/dge_linked/raghavendra_vijaya/rv10.24.mp3,raghavendra_vijaya,sarga_10,24,full,raghavendra_vijaya:sarga_10:24,"कालकालवदनेन तमिस्रैः श्मश्रुलेन शरदेन च तारैः
अम्बरेण वियुजां ग्रसनार्थं सान्ध्यरागरसना प्रसृता नु",स्वागता,44,16.752,plausible,1.0,1.00 exact,auto_accepted,,dge_linked,D,"[""clipping""]",none (spot-check optional)
kamadhenu_dataset/incoming_audio/dge_linked/raghavendra_vijaya/rv10.25.mp3,raghavendra_vijaya,sarga_10,25,full,raghavendra_vijaya:sarga_10:25,"विप्रयुक्तसुदृशां विनयार्थं ध्वान्तकल्पजलधावभिवृद्धे
बिभ्रन्नश्रियमवापुरुडूनां ज्योतिरिङ्गणगणस्फुरणानि",अज्ञातम्,44,16.608,plausible,1.0,1.00 exact,auto_accepted,,dge_linked,D,"[""clipping""]",none (spot-check optional)
kamadhenu_dataset/incoming_audio/dge_linked/raghavendra_vijaya/rv10.26.mp3,raghavendra_vijaya,sarga_10,26,full,raghavendra_vijaya:sarga_10:26,"मारकारुकृताधतमिस्रं गोलमब्धिनलिनीविरहाग्नेः
ऊर्मिभस्त्रपवनैरतितप्तं शीतरश्म्युदयरागमिषेण",अज्ञातम्,43,16.608,plausible,1.0,1.00 exact,auto_accepted,,dge_linked,D,"[""clipping""]",none (spot-check optional)
kamadhenu_dataset/incoming_audio/dge_linked/raghavendra_vijaya/rv10.27.mp3,raghavendra_vijaya,sarga_10,27,full,raghavendra_vijaya:sarga_10:27,"निर्यतो भुवि निलिम्पतटिन्याः कौमुदीमिषपयःप्रकरस्य
मौक्तिकभ्रम इव प्रवकाशे पूर्वशैलशिखरे शशिबिम्बम्",स्वागता,44,17.184,plausible,1.0,1.00 exact,auto_accepted,,dge_linked,D,"[""clipping""]",none (spot-check optional)
kamadhenu_dataset/incoming_audio/dge_linked/raghavendra_vijaya/rv10.28.mp3,raghavendra_vijaya,sarga_10,28,full,raghavendra_vijaya:sarga_10:28,"पूर्वसिन्धुसलिलेन निषेक्तुं तारकाङ्कुरततिं ततरश्मि
इन्दुबिम्बपिटकं किमु दने दक्षिणोत्तरहरित्परिणीभ्याम्",अज्ञातम्,44,16.968,plausible,1.0,1.00 exact,auto_accepted,,dge_linked,B,"[""hot_peaks""]",none (spot-check optional)
kamadhenu_dataset/incoming_audio/dge_linked/raghavendra_vijaya/rv10.29.mp3,raghavendra_vijaya,sarga_10,29,full,raghavendra_vijaya:sarga_10:29,"उक्षिपन्त्युदयरक्तिममौलिप्रावृतिं हरिदिशा हरिणाक्षी
मन्दमिन्दुवदनं किमुदञ्चत्याहृता नटितुमम्बररङ्गे",स्वागता,44,16.8,plausible,1.0,1.00 exact,auto_accepted,,dge_linked,D,"[""clipping""]",none (spot-check optional)
kamadhenu_dataset/incoming_audio/dge_linked/raghavendra_vijaya/rv10.30.mp3,raghavendra_vijaya,sarga_10,30,full,raghavendra_vijaya:sarga_10:30,"पान्थसंहतिकृते कृतचेता यष्टुमादितहविर्नवनीतम्
द्रौतमेष विषमेषुरुदन्वन्मौलिगोलविधुबिम्बनिभेन",स्वागता,44,16.92,plausible,1.0,1.00 exact,auto_accepted,,dge_linked,D,"[""clipping""]",none (spot-check optional)
kamadhenu_dataset/incoming_audio/dge_linked/raghavendra_vijaya/rv10.31.mp3,raghavendra_vijaya,sarga_10,31,full,raghavendra_vijaya:sarga_10:31,"चक्रवाकमिथुनच्छलुनीरक्षीरयोरकृत हन्त विभागम्
व्योमनामसरसीकृतकेलिः सायमेषसितरश्मिमरालः",स्वागता,44,16.608,plausible,1.0,1.00 exact,auto_accepted,,dge_linked,D,"[""clipping""]",none (spot-check optional)
kamadhenu_dataset/incoming_audio/dge_linked/raghavendra_vijaya/rv10.32.mp3,raghavendra_vijaya,sarga_10,32,full,raghavendra_vijaya:sarga_10:32,"पूर्वभूमिधरवेदिगतोद्यद्रागवह्नुपरिरश्मिघृताक्ताम्
संपचन् विधुवपां समयोऽधाद्योजिताम्बरवपाश्रपणीकाम्",स्वागता,44,17.112,plausible,1.0,1.00 exact,auto_accepted,,dge_linked,D,"[""clipping""]",none (spot-check optional)
kamadhenu_dataset/incoming_audio/dge_linked/raghavendra_vijaya/rv10.33.mp3,raghavendra_vijaya,sarga_10,33,full,raghavendra_vijaya:sarga_10:33,"अन्धकारनिभकल्पविरामे विप्लुतं जगदिदं विधुवेधाः
किं ससर्ज तदिदं यदमुष्मिन्नुद्यते सति परं विललास",स्वागता,44,16.752,plausible,1.0,1.00 exact,auto_accepted,,dge_linked,B,"[""hot_peaks""]",none (spot-check optional)
kamadhenu_dataset/incoming_audio/dge_linked/raghavendra_vijaya/rv10.34.mp3,raghavendra_vijaya,sarga_10,34,full,raghavendra_vijaya:sarga_10:34,"संयमीन्द्रविविधोक्तिविलासं श्रोतुमुत्सुकमना दिवसान्ते
उन्ममज्ज जलधेर्विधुदम्भाद्दर्शयन् फणगणान् फणिराजः",स्वागता,44,17.712,plausible,1.0,1.00 exact,auto_accepted,,dge_linked,D,"[""clipping""]",none (spot-check optional)
kamadhenu_dataset/incoming_audio/dge_linked/raghavendra_vijaya/rv10.35.mp3,raghavendra_vijaya,sarga_10,35,full,raghavendra_vijaya:sarga_10:35,"रक्तयोरभिमुखं स्थिथिभाजोः पद्मिनीकुमुदिनीपरिणेन्नोः
कः करोतु बत बिम्बविवेकं नापरत्र यदि लक्ष्मविलासः",स्वागता,44,17.064,plausible,1.0,1.00 exact,auto_accepted,,dge_linked,B,"[""hot_peaks""]",none (spot-check optional)
kamadhenu_dataset/incoming_audio/dge_linked/raghavendra_vijaya/rv10.36.mp3,raghavendra_vijaya,sarga_10,36,full,raghavendra_vijaya:sarga_10:36,"पूर्वशैलवृषभाचलदृशयं देवतीर्थमधिगम्य सुधांशुम्
हृष्यतोस्य भुवनस्य न मोघं चन्द्रिकात्मसुकृतत्वमयासीत्",अज्ञातम्,45,17.328,plausible,1.0,1.00 exact,auto_accepted,,dge_linked,D,"[""clipping""]",none (spot-check optional)
kamadhenu_dataset/incoming_audio/dge_linked/raghavendra_vijaya/rv10.37.mp3,raghavendra_vijaya,sarga_10,37,full,raghavendra_vijaya:sarga_10:37,"विष्टपे विधुरुचा विद्धाने क्षीरसागरनिमज्जनकेलिम्
पाठकर्म स समाप्य सरस्यां मङ्गुमन्त उदयुङ्क्त यतीन्द्रः",अज्ञातम्,43,17.064,plausible,1.0,1.00 exact,auto_accepted,,dge_linked,D,"[""clipping""]",none (spot-check optional)
kamadhenu_dataset/incoming_audio/dge_linked/raghavendra_vijaya/rv10.38.mp3,raghavendra_vijaya,sarga_10,38,full,raghavendra_vijaya:sarga_10:38,"स्नानकर्म विरचय्य वसानो वाससी त्रिपदया सवितारम्
वन्दते स्म तदनु त्रिदशेशं विष्णुमैहत समर्हितुमर्हम्",स्वागता,44,17.352,plausible,1.0,1.00 exact,auto_accepted,,dge_linked,D,"[""clipping""]",none (spot-check optional)
kamadhenu_dataset/incoming_audio/dge_linked/raghavendra_vijaya/rv10.39.mp3,raghavendra_vijaya,sarga_10,39,full,raghavendra_vijaya:sarga_10:39,"अर्पयन्भगवते सुममाल्यं प्रीणयन् सपयसा च फलेन
हेमपात्रविलसद्धनसारारार्तिकेण कलयंस्तमहृष्यन्",स्वागता,44,16.752,plausible,1.0,1.00 exact,auto_accepted,,dge_linked,D,"[""clipping""]",none (spot-check optional)
kamadhenu_dataset/incoming_audio/dge_linked/raghavendra_vijaya/rv10.40.mp3,raghavendra_vijaya,sarga_10,40,full,raghavendra_vijaya:sarga_10:40,"मन्त्रपुष्पमधिमौलि दधानो यन्त्रितान्यविषयो रघुनेतुः
सादरं दरनिमीलितनेत्रः स्तोतुमारभत संयमिधुर्यः",स्वागता,44,17.184,plausible,1.0,1.00 exact,auto_accepted,,dge_linked,D,"[""clipping""]",none (spot-check optional)
kamadhenu_dataset/incoming_audio/dge_linked/raghavendra_vijaya/rv10.41.mp3,raghavendra_vijaya,sarga_10,41,full,raghavendra_vijaya:sarga_10:41,"वेदसिद्धमणुतोप्यणुभावं मोददायि महतोपि महत्त्वम्
बिभ्रतं प्रथयितुं मनवे त्वां मीनतां शरणयामि भवन्तम्",स्वागता,44,17.184,plausible,1.0,1.00 exact,auto_accepted,,dge_linked,B,"[""hot_peaks""]",none (spot-check optional)
kamadhenu_dataset/incoming_audio/dge_linked/raghavendra_vijaya/rv10.42.mp3,raghavendra_vijaya,sarga_10,42,full,raghavendra_vijaya:sarga_10:42,"वेदविप्लुतिकृतिं विधिजाड्यं हन्त हन्तुमदधाज्जलजन्म
मीनभावनभरेण ततो मे विस्तृणीहि विमलं प्रतिबोधम्",स्वागता,44,16.608,plausible,1.0,1.00 exact,auto_accepted,,dge_linked,D,"[""clipping""]",none (spot-check optional)
kamadhenu_dataset/incoming_audio/dge_linked/raghavendra_vijaya/rv10.43.mp3,raghavendra_vijaya,sarga_10,43,full,raghavendra_vijaya:sarga_10:43,"आत्मनैव कमठेन वितन्वन्मन्दरेण च भवानरणी द्वे
मथनतोत्थितहलाहलवह्निं होतुमिन्द्ररिपुवृन्दहवींषि",अज्ञातम्,45,16.896,plausible,1.0,1.00 exact,auto_accepted,,dge_linked,D,"[""clipping""]",none (spot-check optional)
kamadhenu_dataset/incoming_audio/dge_linked/raghavendra_vijaya/rv10.44.mp3,raghavendra_vijaya,sarga_10,44,full,raghavendra_vijaya:sarga_10:44,"आदिसूकरधरोद्धरणं ते सिन्धुबन्धुजठरात् श्रुतिगीतम्
मादृशां भवपयोधिगतानां रक्षणे परिचयं तदवैमः",स्वागता,44,16.992,plausible,1.0,1.00 exact,auto_accepted,,dge_linked,D,"[""clipping""]",none (spot-check optional)
kamadhenu_dataset/incoming_audio/dge_linked/raghavendra_vijaya/rv10.45.mp3,raghavendra_vijaya,sarga_10,45,full,raghavendra_vijaya:sarga_10:45,"पूर्णचन्द्रगतलक्षणरेखा लक्षिता यदि तदैङ्ककलायाम्
संश्रितेन्दुमणिदंष्ट्रधरं स्यात्सोपमा भवति सूकररूप",स्वागता,44,16.464,plausible,1.0,1.00 exact,auto_accepted,,dge_linked,B,"[""hot_peaks""]",none (spot-check optional)
kamadhenu_dataset/incoming_audio/dge_linked/raghavendra_vijaya/rv10.46.mp3,raghavendra_vijaya,sarga_10,46,full,raghavendra_vijaya:sarga_10:46,"तावकं नरहरेऽतिविरुद्धं वेषधारणमिदं तनुते नः
अत्यसंघाटितकर्म च कृत्वा पालये प्रणतमित्युपदेशम्",अज्ञातम्,44,16.728,plausible,1.0,1.00 exact,auto_accepted,,dge_linked,D,"[""clipping""]",none (spot-check optional)
kamadhenu_dataset/incoming_audio/dge_linked/raghavendra_vijaya/rv10.47.mp3,raghavendra_vijaya,sarga_10,47,full,raghavendra_vijaya:sarga_10:47,"दारितोदरहिरण्यकशत्रोरान्त्रमाल्यकलितं तव रूपम्
नारसिंह कलयेऽननुभूतं शारदं जलधरं सहशम्पम्",स्वागता,44,16.848,plausible,1.0,1.00 exact,auto_accepted,,dge_linked,B,"[""hot_peaks""]",none (spot-check optional)
kamadhenu_dataset/incoming_audio/dge_linked/raghavendra_vijaya/rv10.48.mp3,raghavendra_vijaya,sarga_10,48,full,raghavendra_vijaya:sarga_10:48,"जानतां निजमनः परमाणौ मातुमेव बलिनिग्रहदम्भात्
वामनं यदभवत्तव रूपं तत्सुखेन भगवन्हृदि कुर्मः",स्वागता,44,17.136,plausible,1.0,1.00 exact,auto_accepted,,dge_linked,D,"[""clipping""]",none (spot-check optional)
kamadhenu_dataset/incoming_audio/dge_linked/raghavendra_vijaya/rv10.49.mp3,raghavendra_vijaya,sarga_10,49,full,raghavendra_vijaya:sarga_10:49,"चन्द्रमा इव भुवो रचयन्नक्षत्रयोगमपि यस्त्वमलासीः
तेन शात्रवयशोम्बुजराजीमुद्रणं तव कृतिं बहु मन्ये",स्वागता,44,16.704,plausible,1.0,1.00 exact,auto_accepted,,dge_linked,D,"[""clipping""]",none (spot-check optional)
kamadhenu_dataset/incoming_audio/dge_linked/raghavendra_vijaya/rv10.50.mp3,raghavendra_vijaya,sarga_10,50,full,raghavendra_vijaya:sarga_10:50,"तारणे दुरितनीरनिधेर्नः सेतुभावमचिरेण यियासोः
भासते तव विभो करुणायाः पूर्वरङ्ग इव दक्षिणसेतुः",स्वागता,44,17.376,plausible,1.0,1.00 exact,auto_accepted,,dge_linked,D,"[""clipping""]",none (spot-check optional)
kamadhenu_dataset/incoming_audio/dge_linked/raghavendra_vijaya/rv10.51.mp3,raghavendra_vijaya,sarga_10,51,full,raghavendra_vijaya:sarga_10:51,"बन्धनाय कृतमात्मजनन्या तादृशं च गुणमङ्गचकरोर्यत्
तेन निर्गुणमतानि निरस्यन्दर्शयस्यपि निजां गुणवत्ताम्",अज्ञातम्,45,16.848,plausible,1.0,1.00 exact,auto_accepted,,dge_linked,D,"[""clipping""]",none (spot-check optional)
kamadhenu_dataset/incoming_audio/dge_linked/raghavendra_vijaya/rv10.52.mp3,raghavendra_vijaya,sarga_10,52,full,raghavendra_vijaya:sarga_10:52,"सर्वदेवरथचेष्टनमङ्गीकुर्वतस्तव सदैव जगत्याम्
अर्जुनैकरथसारथिभावो विस्मयाय विदुषां न कथंचित्",स्वागता,44,17.28,plausible,1.0,1.00 exact,auto_accepted,,dge_linked,D,"[""clipping""]",none (spot-check optional)
kamadhenu_dataset/incoming_audio/dge_linked/raghavendra_vijaya/rv10.53.mp3,raghavendra_vijaya,sarga_10,53,full,raghavendra_vijaya:sarga_10:53,"त्वं कुचेलमुनिमीश कुचेलाद्यर्पणेन कृतवान्कुचेलम्
सोभवत्तदपि चारुकुचेलालंकृतस्तदिदमद्भुतमासीत्",अज्ञातम्,43,17.064,plausible,1.0,1.00 exact,auto_accepted,,dge_linked,D,"[""clipping""]",none (spot-check optional)
kamadhenu_dataset/incoming_audio/dge_linked/raghavendra_vijaya/rv10.54.mp3,raghavendra_vijaya,sarga_10,54,full,raghavendra_vijaya:sarga_10:54,"एवमादिविविधैरवतारैः पालिताखिलजनौघ ममाघम्
सन्निरस्य कमलास्य नमस्यां स्वीकुरुष्व रघुवंशवतंस",स्वागता,44,17.088,plausible,1.0,1.00 exact,auto_accepted,,dge_linked,D,"[""clipping"", ""noisy_low_snr""]",none (spot-check optional)
kamadhenu_dataset/incoming_audio/dge_linked/raghavendra_vijaya/rv10.55.mp3,raghavendra_vijaya,sarga_10,55,full,raghavendra_vijaya:sarga_10:55,"इत्युदीर्य विनतोपि नयेन प्रार्थितस्तदनु संसदमागात्
सत्पथं विशदयन् समुदीतः पूर्वशैलमिव कैरवबन्धुः",स्वागता,44,17.208,plausible,1.0,1.00 exact,auto_accepted,,dge_linked,D,"[""clipping""]",none (spot-check optional)
kamadhenu_dataset/incoming_audio/dge_linked/raghavendra_vijaya/rv10.56.mp3,raghavendra_vijaya,sarga_10,56,full,raghavendra_vijaya:sarga_10:56,"प्रांशुयन्मणिगवाक्षविनिर्यद्घ्योसरिज्जलवशात्समुपेत्य
अङ्गमा इव लुठन्ति यतीन्दुच्छन्नचामरमिषेण मरालाः",स्वागता,44,16.824,plausible,1.0,1.00 exact,auto_accepted,,dge_linked,D,"[""clipping""]",none (spot-check optional)
kamadhenu_dataset/incoming_audio/dge_linked/raghavendra_vijaya/rv10.57.mp3,raghavendra_vijaya,sarga_10,57,full,raghavendra_vijaya:sarga_10:57,"व्योमलङ्घनगदेन समुद्यन् यन्निरुद्धगतयो दिवि ताराः
तत्प्रभुं शरणयन्ति यतीन्दुं मौक्तिकासनगमौक्तिकदम्भात्",स्वागता,44,17.256,plausible,1.0,1.00 exact,auto_accepted,,dge_linked,D,"[""clipping""]",none (spot-check optional)
kamadhenu_dataset/incoming_audio/dge_linked/raghavendra_vijaya/rv10.58.mp3,raghavendra_vijaya,sarga_10,58,full,raghavendra_vijaya:sarga_10:58,"नाहुतं श्रितवतां सततं यस्तम्भदुर्गणलयो भवितेति
संनियच्छति निगृह्य समस्तं स्तम्भमप्यतिमहान्तमसौ यत्",स्वागता,44,16.56,plausible,1.0,1.00 exact,auto_accepted,,dge_linked,D,"[""clipping""]",none (spot-check optional)
kamadhenu_dataset/incoming_audio/dge_linked/raghavendra_vijaya/rv10.59.mp3,raghavendra_vijaya,sarga_10,59,full,raghavendra_vijaya:sarga_10:59,"संचरन् क्वचन यत्र दिदृक्षुश्चन्द्रकान्तमणिमण्टपतौघः
आहतः शशिरुचा बत सिद्धः पर्यहास्यत परन्नगतेन",स्वागता,44,17.064,plausible,1.0,1.00 exact,auto_accepted,,dge_linked,D,"[""clipping""]",none (spot-check optional)
kamadhenu_dataset/incoming_audio/dge_linked/raghavendra_vijaya/rv10.60.mp3,raghavendra_vijaya,sarga_10,60,full,raghavendra_vijaya:sarga_10:60,"संचरन् शिखिमुखोरगपीतस्वाश्वयानिललयातत्सघनेषु
सम्पतत्सु पतितो भुवि सिद्धा विस्मयं दधति हन्त यदन्तः",अज्ञातम्,45,17.256,plausible,1.0,1.00 exact,auto_accepted,,dge_linked,B,"[""hot_peaks""]",none (spot-check optional)
kamadhenu_dataset/incoming_audio/dge_linked/raghavendra_vijaya/rv10.61.mp3,raghavendra_vijaya,sarga_10,61,full,raghavendra_vijaya:sarga_10:61,"न त्यजन्ति मिहिरं तव यात्राङ्गारचर्वणचणा हि चकोराः
पक्षिभाषणकृते यदि नामावालिखिल्यनिगमाध्ययनानि",स्वागता,44,16.584,plausible,1.0,1.00 exact,auto_accepted,,dge_linked,B,"[""hot_peaks""]",none (spot-check optional)
kamadhenu_dataset/incoming_audio/dge_linked/raghavendra_vijaya/rv10.62.mp3,raghavendra_vijaya,sarga_10,62,full,raghavendra_vijaya:sarga_10:62,"तत्र चन्द्रमणिकुट्टिमसिन्धौ मौक्तिकासनमये भुजगेन्द्रे
राजते रघुपुरन्दरनामा पाटलाम्बरधरः परमात्मा",स्वागता,44,16.92,plausible,1.0,1.00 exact,auto_accepted,,dge_linked,D,"[""clipping""]",none (spot-check optional)
kamadhenu_dataset/incoming_audio/dge_linked/raghavendra_vijaya/rv10.63.mp3,raghavendra_vijaya,sarga_10,63,full,raghavendra_vijaya:sarga_10:63,"केचन प्रतिपुरन्दरमेनं पर्युपासत बुधाः प्रतिमान्तैः
कुर्वतेत्र पदपूर्वसमस्यापूरणं च कवयः पुरतोस्य",स्वागता,44,16.584,plausible,1.0,1.00 exact,auto_accepted,,dge_linked,D,"[""clipping""]",none (spot-check optional)
kamadhenu_dataset/incoming_audio/dge_linked/raghavendra_vijaya/rv10.64.mp3,raghavendra_vijaya,sarga_10,64,full,raghavendra_vijaya:sarga_10:64,"श्रियः पतिः श्रीमति शासितुं जगन्निपीय यस्य क्षितिरक्षिणः कलाः
श्रियः कुरूणामधिपस्य पालनीः श्रियः स दत्तान्विह ते पुरःस्थितः",वंशस्थ,48,17.256,plausible,1.0,1.00 exact,auto_accepted,,dge_linked,D,"[""clipping"", ""broadband_noise_floor""]",none (spot-check optional)
kamadhenu_dataset/incoming_audio/dge_linked/raghavendra_vijaya/rv10.65.mp3,raghavendra_vijaya,sarga_10,65,full,raghavendra_vijaya:sarga_10:65,"सन्तं श्रीरमणं प्रियं यतिवरं व्यासस्य भावे भृशं दुर्वारामितमायिभिक्षुतिमिरे पर्वस्थचन्द्रं भुवि
सत्संघस्तुतमिष्टदक्षितिरुहं वन्दारुविप्राश्रयं तं नत्वा सकलो दुरूहसुदृशं संयाति विद्यादिकम्",शार्दूलविक्रीडित,76,50.88,plausible,1.0,1.00 exact,auto_accepted,,dge_linked,D,"[""clipping""]",none (spot-check optional)
kamadhenu_dataset/incoming_audio/dge_linked/raghavendra_vijaya/rv10.66.mp3,raghavendra_vijaya,sarga_10,66,full,raghavendra_vijaya:sarga_10:66,"श्रीमत्कश्यपवंशवार्धिशशिनः षड्दर्शनीवल्लभ- श्रीलक्ष्मीनरसिंहवित्तविदुषः श्रीवेङ्कटाम्बामणौ
जातेनार्यदयासुधामयगिरा नारायणेनोदिते काव्ये चारुणि राघवेन्द्रविजये सर्गोन्तिमोभूदिह",शार्दूलविक्रीडित,76,45.864,plausible,1.0,1.00 exact,auto_accepted,,dge_linked,D,"[""clipping""]",none (spot-check optional)
kamadhenu_dataset/incoming_audio/dge_linked/sumadhva_vijaya/smv1.1.mp3,sumadhva_vijaya,sarga_1,1,full,sumadhva_vijaya:sarga_1:1,"कान्ताय कल्याण-गुणैक-धाम्ने नव-द्युनाथ-प्रतिम-प्रभाय
नारायणायाखिल-कारणाय श्री-प्राण-नाथाय नमस्करोमि",उपजाति,44,12.957,plausible,1.0,1.00 exact,auto_accepted,,dge_linked,B,[],none (spot-check optional)
kamadhenu_dataset/incoming_audio/dge_linked/sumadhva_vijaya/smv1.10.mp3,sumadhva_vijaya,sarga_1,10,full,sumadhva_vijaya:sarga_1:10,"ये-ये गुणा नाम जगत्-प्रसिद्धा यं तेषु तेषु स्म निदर्शयन्ति
साक्षान्महा-भागवत-प्रबईं श्रीमन्तमेनं हनुमन्तमाहुः",अज्ञातम्,44,11.651,plausible,1.0,1.00 exact,auto_accepted,,dge_linked,B,[],none (spot-check optional)
kamadhenu_dataset/incoming_audio/dge_linked/sumadhva_vijaya/smv1.11.mp3,sumadhva_vijaya,sarga_1,11,full,sumadhva_vijaya:sarga_1:11,"कर्माणि कुर्वन् परमाद्भुतानि सभासु दैवीषु सभाजितानि
सुग्रीव-मित्रं स जगत्-पवित्रं रमा-पतिं राम-तनुं ददर्श",उपजाति,44,10.919,plausible,1.0,1.00 exact,auto_accepted,,dge_linked,B,[],none (spot-check optional)
kamadhenu_dataset/incoming_audio/dge_linked/sumadhva_vijaya/smv1.12.mp3,sumadhva_vijaya,sarga_1,12,full,sumadhva_vijaya:sarga_1:12,"पदारविन्द-प्रणतो हरीन्द्र- स्तदा महा-भक्ति-भराभिनुन्नः
अग्राहि पद्मोदर-सुन्दराभ्यां दोर्थ्यां पुराणेन स पूरुषेण",उपजाति,44,11.389,plausible,1.0,1.00 exact,auto_accepted,,dge_linked,B,"[""exact_duplicate""]",none (spot-check optional)
kamadhenu_dataset/incoming_audio/dge_linked/sumadhva_vijaya/smv1.13.mp3,sumadhva_vijaya,sarga_1,13,full,sumadhva_vijaya:sarga_1:13,"अदार्य्य-सालावलि-दारणेन व्यापादितेन्द्र-प्रभवेन तेन
प्राद्योतनि-प्रीति-कृता निकामं मधुद्विषा सन्दिदिशे स वीरः",उपजाति,44,11.389,plausible,1.0,1.00 exact,auto_accepted,,dge_linked,B,[],none (spot-check optional)
kamadhenu_dataset/incoming_audio/dge_linked/sumadhva_vijaya/smv1.14.mp3,sumadhva_vijaya,sarga_1,14,full,sumadhva_vijaya:sarga_1:14,"कर्णान्तमानीय गुण-ग्रहीत्रा रामेण मुक्तो रण-कोविदेन
स्फुरन्नसौ वैरि-भयङ्करोऽभूत् सत्-पक्षपाती प्रदरो यथाऽग्यः",उपजाति,44,11.546,plausible,1.0,1.00 exact,auto_accepted,,dge_linked,B,[],none (spot-check optional)
kamadhenu_dataset/incoming_audio/dge_linked/sumadhva_vijaya/smv1.15.mp3,sumadhva_vijaya,sarga_1,15,full,sumadhva_vijaya:sarga_1:15,"गोभिः समानन्दित-रूपसीतः स्व-वह्नि-निर्दग्ध-पलाशि-राशिः
अहो हनूमन्नव-वारिदोऽसौ तीर्णाम्बुधिर्विष्णु-पदे ननाम",उपजाति,44,11.128,plausible,1.0,1.00 exact,auto_accepted,,dge_linked,B,[],none (spot-check optional)
kamadhenu_dataset/incoming_audio/dge_linked/sumadhva_vijaya/smv1.16.mp3,sumadhva_vijaya,sarga_1,16,full,sumadhva_vijaya:sarga_1:16,"अपक्ष-पाती पुरुषस्त्रिलोक्याम् अभोग-भोक्ता पतगाधि-राजम्
विश्वम्भरं बिभ्रदसौ जिगाय त्वरा-पराक्रान्तिषु चित्रमेतत्",उपजाति,44,11.389,plausible,1.0,1.00 exact,auto_accepted,,dge_linked,B,"[""exact_duplicate""]",none (spot-check optional)
kamadhenu_dataset/incoming_audio/dge_linked/sumadhva_vijaya/smv1.17.mp3,sumadhva_vijaya,sarga_1,17,full,sumadhva_vijaya:sarga_1:17,"निबद्धय सेतुं रघुवंश-केतु- भ्रू-भङ्ग-सम्भ्रान्त-पयोधि-मद्ध्ये
मुष्टि-प्रहारं दशकाय सीता- सन्तर्जनाग्र्योत्तरमेषकोऽदात्",अज्ञातम्,45,11.912,plausible,1.0,1.00 exact,auto_accepted,,dge_linked,B,"[""exact_duplicate""]",none (spot-check optional)
kamadhenu_dataset/incoming_audio/dge_linked/sumadhva_vijaya/smv1.18.mp3,sumadhva_vijaya,sarga_1,18,full,sumadhva_vijaya:sarga_1:18,"जाज्वल्यमानोज्ज्वल-राघवाग्नौ चक्रे स सुग्रीव-सु-यायजूके
आध्वर्यवं युद्ध-मखे प्रतिप्र- स्थात्रा सुमित्रा-तनयेन साकम्",इन्द्रवज्रा,44,11.86,plausible,1.0,1.00 exact,auto_accepted,,dge_linked,B,[],none (spot-check optional)
kamadhenu_dataset/incoming_audio/dge_linked/sumadhva_vijaya/smv1.19.mp3,sumadhva_vijaya,sarga_1,19,full,sumadhva_vijaya:sarga_1:19,"रामार्चने यो नयतः प्रसूनं द्वाभ्यां कराभ्यामभवत् प्रयत्नः
एकेन दोष्णा नयतो गिरीन्द्रं सञ्जीवनाद्याश्रयमस्य नाभूत्",इन्द्रवज्रा,44,12.33,plausible,1.0,1.00 exact,auto_accepted,,dge_linked,B,[],none (spot-check optional)
kamadhenu_dataset/incoming_audio/dge_linked/sumadhva_vijaya/smv1.2.mp3,sumadhva_vijaya,sarga_1,2,full,sumadhva_vijaya:sarga_1:2,"अनाकुलं गोकुलमुल्ललास यत्-पालितं नित्यमनाविलात्म
तस्मै नमो नीरद-नील-भासे कृष्णाय कृष्णा-रमण-प्रियाय",उपजाति,44,12.225,plausible,1.0,1.00 exact,auto_accepted,,dge_linked,B,[],none (spot-check optional)
kamadhenu_dataset/incoming_audio/dge_linked/sumadhva_vijaya/smv1.20.mp3,sumadhva_vijaya,sarga_1,20,full,sumadhva_vijaya:sarga_1:20,"स दारितारिं परमं पुमांसं समन्वयासीन्नर-देव-पुत्र्या
वह्नि-प्रवेशाधिगतात्म-शुद्ध्या विराजितं काञ्चन-मालयेव",उपजाति,44,11.546,plausible,1.0,1.00 exact,auto_accepted,,dge_linked,B,[],none (spot-check optional)
kamadhenu_dataset/incoming_audio/dge_linked/sumadhva_vijaya/smv1.21.mp3,sumadhva_vijaya,sarga_1,21,full,sumadhva_vijaya:sarga_1:21,"श्यामं स्मितास्यं पृथु-दीर्घ-हस्तं सरोज-नेत्रं गज-राज-यात्रम्
वपुर्जगन्मङ्गलमेष दृग्भ्यां चिरादयोद्ध्याधिपतेः सिषेवे",उपजाति,44,11.912,plausible,1.0,1.00 exact,auto_accepted,,dge_linked,B,"[""exact_duplicate""]",none (spot-check optional)
kamadhenu_dataset/incoming_audio/dge_linked/sumadhva_vijaya/smv1.22.mp3,sumadhva_vijaya,sarga_1,22,full,sumadhva_vijaya:sarga_1:22,"राज्याभिषेकेऽवसितेऽत्र सीता प्रेष्ठाय नस्तां भजतां दिशेति
रामस्य वाण्या मणि-मञ्जु-माला- व्याजेन दीर्घा करुणां बबन्ध",इन्द्रवज्रा,44,11.651,plausible,1.0,1.00 exact,auto_accepted,,dge_linked,B,[],none (spot-check optional)
kamadhenu_dataset/incoming_audio/dge_linked/sumadhva_vijaya/smv1.23.mp3,sumadhva_vijaya,sarga_1,23,full,sumadhva_vijaya:sarga_1:23,"हृदोरु-सौहार्द्द-भृताऽधिमौलि न्यस्तेन हस्तेन दयार्द्र-दृष्ट्या
सेवा-प्रसन्नोऽमृत-कल्प-वाचा दिदेश रामः सह-भोगमस्मै",उपजाति,44,11.755,plausible,1.0,1.00 exact,auto_accepted,,dge_linked,B,[],none (spot-check optional)
kamadhenu_dataset/incoming_audio/dge_linked/sumadhva_vijaya/smv1.24.mp3,sumadhva_vijaya,sarga_1,24,full,sumadhva_vijaya:sarga_1:24,"प्रेष्ठो न रामस्य बभूव तस्मा- न्न राम-राज्येऽसुलभं च किश्चित्
तत्-पाद-सेवा-रतिरेष नैच्छत् तथाऽपि भोगान् ननु सा विरक्तिः",उपजाति,44,11.18,plausible,1.0,1.00 exact,auto_accepted,,dge_linked,B,[],none (spot-check optional)
kamadhenu_dataset/incoming_audio/dge_linked/sumadhva_vijaya/smv1.25.mp3,sumadhva_vijaya,sarga_1,25,full,sumadhva_vijaya:sarga_1:25,"नमो नमो नाथ नमो नमस्ते नमो नमो राम नमो नमस्ते
पुनः-पुनस्ते चरणार-विन्दं नमामि नाथेति नमन् स रेमे",उपेन्द्रवज्रा,44,10.71,plausible,1.0,1.00 exact,auto_accepted,,dge_linked,B,[],none (spot-check optional)
kamadhenu_dataset/incoming_audio/dge_linked/sumadhva_vijaya/smv1.26.mp3,sumadhva_vijaya,sarga_1,26,full,sumadhva_vijaya:sarga_1:26,"किं वर्णयामः परमं प्रसादं सीता-पतेस्तत्र हरि-प्रबर्हे
मुञ्चन् महीं नित्य-निषेवणार्थं स्वात्मानमेवैष ददौ यदस्मै",इन्द्रवज्रा,44,11.755,plausible,1.0,1.00 exact,auto_accepted,,dge_linked,B,[],none (spot-check optional)
kamadhenu_dataset/incoming_audio/dge_linked/sumadhva_vijaya/smv1.27.mp3,sumadhva_vijaya,sarga_1,27,full,sumadhva_vijaya:sarga_1:27,"स्वानन्द-हेतौ भजतां जनानां मग्नः सदा राम-कथा-सुधायाम्
असाविदानीं च निषेवमाणो रामं पतिं किम्पुरुषे किलाऽस्ते",उपजाति,44,11.86,plausible,1.0,1.00 exact,auto_accepted,,dge_linked,B,[],none (spot-check optional)
kamadhenu_dataset/incoming_audio/dge_linked/sumadhva_vijaya/smv1.28.mp3,sumadhva_vijaya,sarga_1,28,full,sumadhva_vijaya:sarga_1:28,"तस्यैव वायोरवतारमेनं सन्तो द्वितीयं प्रवदन्ति भीमम्
स्पृष्टैव यं प्रीतिमताऽनिलेन नरेन्द्र-कान्ता सुषुवेऽत्र कुन्ती",उपजाति,44,11.494,plausible,1.0,1.00 exact,auto_accepted,,dge_linked,B,[],none (spot-check optional)
kamadhenu_dataset/incoming_audio/dge_linked/sumadhva_vijaya/smv1.29.mp3,sumadhva_vijaya,sarga_1,29,full,sumadhva_vijaya:sarga_1:29,"इन्द्रायुधं हीन्द्र-कराभिनुन्नं चिच्छेद पक्षान् क्षिति-धारिणां प्राक्
बिभेद भूभृद्-वपुरङ्ग-सङ्गात् चित्रं स पन्नो जननी-कराग्रात्",उपजाति,44,11.964,plausible,1.0,1.00 exact,auto_accepted,,dge_linked,B,[],none (spot-check optional)
kamadhenu_dataset/incoming_audio/dge_linked/sumadhva_vijaya/smv1.3.mp3,sumadhva_vijaya,sarga_1,3,full,sumadhva_vijaya:sarga_1:3,"अपि त्रिलोक्या बहिरुल्लसन्ती तमो हरन्ती मुहुरान्तरं च
दिश्याद् दृशं नो विशदां जयन्ती मध्वस्य कीर्त्तिर्द्दिन-नाथ-दीप्तिम्",उपजाति,44,11.964,plausible,1.0,1.00 exact,auto_accepted,,dge_linked,B,[],none (spot-check optional)
kamadhenu_dataset/incoming_audio/dge_linked/sumadhva_vijaya/smv1.30.mp3,sumadhva_vijaya,sarga_1,30,full,sumadhva_vijaya:sarga_1:30,"पुरे कुमारानलसान् विहारा- निरीक्ष्य सर्वानपि मन्दलीलः
कैशोर-लीलां हत-सिंह-सङ्घां वृत्तां वने प्राक् स्मरति स्म सूत्कः",उपजाति,44,11.285,plausible,1.0,1.00 exact,auto_accepted,,dge_linked,B,[],none (spot-check optional)
kamadhenu_dataset/incoming_audio/dge_linked/sumadhva_vijaya/smv1.31.mp3,sumadhva_vijaya,sarga_1,31,full,sumadhva_vijaya:sarga_1:31,"भुक्तं च जीर्णं परिपन्थि-दत्तं विषं विषण्णो विषभृद्-गणोऽतः
प्रमाण-कोटेः स हि हेळयाऽगात् नेदं जगज्जीवन-देऽत्र चित्रम्",उपजाति,44,11.755,plausible,1.0,1.00 exact,auto_accepted,,dge_linked,B,[],none (spot-check optional)
kamadhenu_dataset/incoming_audio/dge_linked/sumadhva_vijaya/smv1.32.mp3,sumadhva_vijaya,sarga_1,32,full,sumadhva_vijaya:sarga_1:32,"दग्ध्वा पुरं योग-बलात् स निर्य्यन् धर्मानिव स्वान् सहजान् दधानः
अदारि-भावेन जगत्सु पूज्यो योगीव नारायणमाससाद",उपजाति,44,11.285,plausible,1.0,1.00 exact,auto_accepted,,dge_linked,B,[],none (spot-check optional)
kamadhenu_dataset/incoming_audio/dge_linked/sumadhva_vijaya/smv1.33.mp3,sumadhva_vijaya,sarga_1,33,full,sumadhva_vijaya:sarga_1:33,"समप्र्ण्य कृत्यानि कृती कृतानि व्यासाय भूम्ने सुकृतानि यावत्
करिष्यमाणानि च तस्य पूजां सङ्कल्पयामास स शुद्ध-बुद्धिः",उपजाति,44,11.389,plausible,1.0,1.00 exact,auto_accepted,,dge_linked,B,[],none (spot-check optional)
kamadhenu_dataset/incoming_audio/dge_linked/sumadhva_vijaya/smv1.34.mp3,sumadhva_vijaya,sarga_1,34,full,sumadhva_vijaya:sarga_1:34,"विष्णोः-पद-श्रिद् बक-सन्निरासी क्षिप्तान्य-पक्षि-प्रकरः सु-पक्षः
स-सोदरोऽथाऽदित राज-हंसः स राज-हंसीमिव राज-कन्याम्",उपजाति,44,11.703,plausible,1.0,1.00 exact,auto_accepted,,dge_linked,B,[],none (spot-check optional)
kamadhenu_dataset/incoming_audio/dge_linked/sumadhva_vijaya/smv1.35.mp3,sumadhva_vijaya,sarga_1,35,full,sumadhva_vijaya:sarga_1:35,"इन्दीवर-श्री-जयि-सुन्दराभं स्मेराननेन्दुं दयितं मुकुन्दम्
स्व-मातुलेयं कमलायताक्षं समभ्यनन्दत् सुचिराय भीमः",उपजाति,44,11.285,plausible,1.0,1.00 exact,auto_accepted,,dge_linked,B,[],none (spot-check optional)
kamadhenu_dataset/incoming_audio/dge_linked/sumadhva_vijaya/smv1.36.mp3,sumadhva_vijaya,sarga_1,36,full,sumadhva_vijaya:sarga_1:36,"महा-गदं चण्ड-रणं पृथिव्यां बार्हद्रथं मनु निरस्य वीरः
राजानमत्युज्ज्वल-राज-सूयं चकार गोविन्द-सुरेन्द्रजाभ्याम्",अज्ञातम्,44,11.86,plausible,1.0,1.00 exact,auto_accepted,,dge_linked,B,[],none (spot-check optional)
kamadhenu_dataset/incoming_audio/dge_linked/sumadhva_vijaya/smv1.37.mp3,sumadhva_vijaya,sarga_1,37,full,sumadhva_vijaya:sarga_1:37,"दुःशासनेनाऽकुलितान् प्रियायाः सूक्ष्मानराळानसितांश्च केशान्
जिघांसया वैरि-जनस्य तीक्ष्णः स कृष्ण-सर्पानिव सञ्चिकाय",उपजाति,44,12.539,plausible,1.0,1.00 exact,auto_accepted,,dge_linked,B,[],none (spot-check optional)
kamadhenu_dataset/incoming_audio/dge_linked/sumadhva_vijaya/smv1.38.mp3,sumadhva_vijaya,sarga_1,38,full,sumadhva_vijaya:sarga_1:38,"जाज्वल्यमानस्य वने-वनेऽलं दिधक्षतः पार्थिव-सार्थमुग्रम्
सत्त्वानि पुंसां भयदानि नाशं वृकोदराग्नेर्गुरु-तेजसाऽऽपुः",उपजाति,44,11.494,plausible,1.0,1.00 exact,auto_accepted,,dge_linked,B,[],none (spot-check optional)
kamadhenu_dataset/incoming_audio/dge_linked/sumadhva_vijaya/smv1.39.mp3,sumadhva_vijaya,sarga_1,39,full,sumadhva_vijaya:sarga_1:39,"भोगाधिकाभोग-वतोऽरुणाक्षान् इतस्ततः संवलतो धरेन्द्रे
बहून् द्विजिह्वाँन् मणिमत्-पुरोगान् असौ कटून् क्रोध-वशान् जघान",उपजाति,44,11.651,plausible,1.0,1.00 exact,auto_accepted,,dge_linked,B,[],none (spot-check optional)
kamadhenu_dataset/incoming_audio/dge_linked/sumadhva_vijaya/smv1.4.mp3,sumadhva_vijaya,sarga_1,4,full,sumadhva_vijaya:sarga_1:4,"तमो-नुदाऽऽनन्दमवाप लोक- स्तत्व-प्रदीपाकृति-गो-गणेन
यदास्य-शीतांशु-भुवा गुरूंस्तान् त्रिविक्रमार्यान् प्रणमामि वर्यान्",उपजाति,44,12.278,plausible,1.0,1.00 exact,auto_accepted,,dge_linked,B,[],none (spot-check optional)
kamadhenu_dataset/incoming_audio/dge_linked/sumadhva_vijaya/smv1.40.mp3,sumadhva_vijaya,sarga_1,40,full,sumadhva_vijaya:sarga_1:40,"अथैष वेषान्तर-भस्म-लीनः क्रमेण वायु-प्रभवः सु-तेजाः
रुद्धाखिलाशं मुखरं प्रचण्डं भस्मी-चकाराखिल-कीचकौघम्",उपजाति,44,11.442,plausible,1.0,1.00 exact,auto_accepted,,dge_linked,B,[],none (spot-check optional)
kamadhenu_dataset/incoming_audio/dge_linked/sumadhva_vijaya/smv1.41.mp3,sumadhva_vijaya,sarga_1,41,full,sumadhva_vijaya:sarga_1:41,"विजयेन युक्तो स कृष्ण-वर्मा मुहुर्महा-हेति-धरोऽप्रधृष्यः
भीष्म-द्विजाद्यैरति-भीषणाभं विपक्ष-कक्षं क्षपयन् विरेजे",अज्ञातम्,44,12.121,plausible,1.0,1.00 exact,auto_accepted,,dge_linked,B,[],none (spot-check optional)
kamadhenu_dataset/incoming_audio/dge_linked/sumadhva_vijaya/smv1.42.mp3,sumadhva_vijaya,sarga_1,42,full,sumadhva_vijaya:sarga_1:42,"तरस्विनः प्रोच्चलितानधीरान् निर्दग्ध-पक्षानति-तीक्ष्ण-कोपान्
स धार्त्तराष्ट्रान् बहु-हेति-लीलो विनाश्य विश्वान् परया श्रियाऽऽभात्",उपजाति,44,11.964,plausible,1.0,1.00 exact,auto_accepted,,dge_linked,B,[],none (spot-check optional)
kamadhenu_dataset/incoming_audio/dge_linked/sumadhva_vijaya/smv1.43.mp3,sumadhva_vijaya,sarga_1,43,full,sumadhva_vijaya:sarga_1:43,"कृष्णाङ्घि-पङ्केरुह-भृङ्ग-राजः कृष्णा-मुखाम्भोरुह-हंस-राजः
प्रजा-सरोजावलि-रश्मि-राजः स-सोदरोऽराजत वीर-राजः",उपजाति,44,11.546,plausible,1.0,1.00 exact,auto_accepted,,dge_linked,B,[],none (spot-check optional)
kamadhenu_dataset/incoming_audio/dge_linked/sumadhva_vijaya/smv1.44.mp3,sumadhva_vijaya,sarga_1,44,full,sumadhva_vijaya:sarga_1:44,"पौत्रे पवित्राह्वय-जामि-पौत्रे धरां निधायासुर-धीषु तापम्
कीर्तिं त्रिलोक्यां हृदयं मुकुन्दे भेजे पदं स्वं सहजैः स भीमः",उपजाति,44,11.546,plausible,1.0,1.00 exact,auto_accepted,,dge_linked,B,[],none (spot-check optional)
kamadhenu_dataset/incoming_audio/dge_linked/sumadhva_vijaya/smv1.45.mp3,sumadhva_vijaya,sarga_1,45,full,sumadhva_vijaya:sarga_1:45,"विष्णोःपदान्तं भजताऽनिलेन घोर-प्रघातैरिति नाशितास्ते
रसोज्झिताश्चञ्चल-वृत्तयोऽलं शोभां न भेजुः सुर-वैरि-मेघाः",उपजाति,44,12.225,plausible,1.0,1.00 exact,auto_accepted,,dge_linked,B,[],none (spot-check optional)
kamadhenu_dataset/incoming_audio/dge_linked/sumadhva_vijaya/smv1.46.mp3,sumadhva_vijaya,sarga_1,46,full,sumadhva_vijaya:sarga_1:46,"एतत्-प्रतीपं किल कर्तुकामा नष्टौजसः सङ्कटमेवमाप्य
मुकुन्द-वैगुण्य-कथां स्व-योग्यां काले कलावाकलयन्त तेऽलम्",उपजाति,44,11.86,plausible,1.0,1.00 exact,auto_accepted,,dge_linked,B,[],none (spot-check optional)
kamadhenu_dataset/incoming_audio/dge_linked/sumadhva_vijaya/smv1.47.mp3,sumadhva_vijaya,sarga_1,47,full,sumadhva_vijaya:sarga_1:47,"यो भूरि-वैरो मणिमान् मृतः प्राग् वाग्ग्मी बुभूषुः परितोषितेशः
स सङ्कराख्योऽङ्गि-तळेषु जज्ञे स्पृधाऽपरेऽप्यासुरिहासुरेन्द्राः",उपजाति,44,12.121,plausible,1.0,1.00 exact,auto_accepted,,dge_linked,B,[],none (spot-check optional)
kamadhenu_dataset/incoming_audio/dge_linked/sumadhva_vijaya/smv1.48.mp3,sumadhva_vijaya,sarga_1,48,full,sumadhva_vijaya:sarga_1:48,"सान्नाय्यमव्यक्त-हृदाखु-भुग् वा श्वा वा पुरोडाशमसार-कामः
मणि-स्रजं वा प्लवगोऽव्यवस्थो जग्राह वेदादिकमेष पापः",उपजाति,44,11.912,plausible,1.0,1.00 exact,auto_accepted,,dge_linked,B,[],none (spot-check optional)
kamadhenu_dataset/incoming_audio/dge_linked/sumadhva_vijaya/smv1.49.mp3,sumadhva_vijaya,sarga_1,49,full,sumadhva_vijaya:sarga_1:49,"जनो नमेन्नापरथेति मत्वा शठश्चतुर्थाश्रममेष भेजे
पद्माकरं वा कलुषी-चिकीर्षुः सु-दुर्दमो दुष्ट-गजो विशुद्धम्",उपजाति,44,11.285,plausible,1.0,1.00 exact,auto_accepted,,dge_linked,B,[],none (spot-check optional)
kamadhenu_dataset/incoming_audio/dge_linked/sumadhva_vijaya/smv1.5.mp3,sumadhva_vijaya,sarga_1,5,full,sumadhva_vijaya:sarga_1:5,"मुकुन्द-भक्त्यै गुरु-भक्ति-जायै सतां प्रसत्त्यै च निरन्तरायै
गरीयसीं विश्व-गुरोर्विशुद्धां वक्ष्यामि वायोरवतार-लीलाम्",उपजाति,44,12.121,plausible,1.0,1.00 exact,auto_accepted,,dge_linked,B,[],none (spot-check optional)
kamadhenu_dataset/incoming_audio/dge_linked/sumadhva_vijaya/smv1.50.mp3,sumadhva_vijaya,sarga_1,50,full,sumadhva_vijaya:sarga_1:50,"अवैदिकं माद्ध्यमिकं निरस्तं निरीक्ष्य तत्-पक्ष-सुपक्ष-पाती
तमेव पक्षं प्रतिपादुकोऽसौ न्यरूरुपन्मार्गमिहानुरूपम्",उपेन्द्रवज्रा,44,10.553,plausible,1.0,1.00 exact,auto_accepted,,dge_linked,B,[],none (spot-check optional)
kamadhenu_dataset/incoming_audio/dge_linked/sumadhva_vijaya/smv1.51.mp3,sumadhva_vijaya,sarga_1,51,full,sumadhva_vijaya:sarga_1:51,"असत्-पदेऽसन् सदसद्-विविक्तं मायाख्यया संवृतिमभ्यधत्त
ब्रह्माप्यखण्डं बत शून्य-सिद्धयै प्रच्छन्न-बौद्धोऽयमतः प्रसिद्धः",अज्ञातम्,45,11.18,plausible,1.0,1.00 exact,auto_accepted,,dge_linked,B,[],none (spot-check optional)
kamadhenu_dataset/incoming_audio/dge_linked/sumadhva_vijaya/smv1.52.mp3,sumadhva_vijaya,sarga_1,52,full,sumadhva_vijaya:sarga_1:52,"यद् ब्रह्म-सूत्रोत्कर-भास्करं च प्रकाशयन्तं सकलं स्व-गोभिः
अचूचुरद् वेद-समूह-वाहं ततो महा-तस्करमेनमाहुः",उपजाति,44,11.233,plausible,1.0,1.00 exact,auto_accepted,,dge_linked,B,[],none (spot-check optional)
kamadhenu_dataset/incoming_audio/dge_linked/sumadhva_vijaya/smv1.53.mp3,sumadhva_vijaya,sarga_1,53,full,sumadhva_vijaya:sarga_1:53,"स्व-सूत्रजातस्य विरुद्ध-भाषी तद्-भाष्य-कारोऽहमिति ब्रुवन् यः
तं तत्-क्षणाद् यो न दिधक्षति स्म स व्यास-रूपो भगवान् क्षमाब्धिः",उपजाति,44,11.703,plausible,1.0,1.00 exact,auto_accepted,,dge_linked,B,[],none (spot-check optional)
kamadhenu_dataset/incoming_audio/dge_linked/sumadhva_vijaya/smv1.54.mp3,sumadhva_vijaya,sarga_1,54,full,sumadhva_vijaya:sarga_1:54,"निगम-सन्मणि-दीप-गणोऽभवत् तदुरु-वाग्गण-पङ्क-निगूढ-भाः
अविदुषामिति सङ्करता-करः स किल सङ्कर इत्यभि-शुश्रुवे",द्रुतविलम्बित,48,12.016,plausible,1.0,1.00 exact,auto_accepted,,dge_linked,B,[],none (spot-check optional)
kamadhenu_dataset/incoming_audio/dge_linked/sumadhva_vijaya/smv1.55.mp3,sumadhva_vijaya,sarga_1,55,full,sumadhva_vijaya:sarga_1:55,"विश्वं मिथ्या विभुरगुणवानात्मनां नास्ति भेदो दैत्या इत्थं व्यदधत गिरां दिक्षु भूयः प्रसिद्धिम्
आनन्दाद्यैर्गुरु-गुण-गणैः पूरितो वासुदेवो मन्दम्मन्दं मनसि च सतां हन्त नूनं तिरोऽभूत्",मन्दाक्रान्ता,68,19.278,plausible,1.0,1.00 exact,auto_accepted,,dge_linked,B,[],none (spot-check optional)
kamadhenu_dataset/incoming_audio/dge_linked/sumadhva_vijaya/smv1.6.mp3,sumadhva_vijaya,sarga_1,6,full,sumadhva_vijaya:sarga_1:6,"तां मन्त्र-वर्णैरनु-वर्णनीयां शर्वेन्द्र-पूर्वैरपि वक्तु-कामे
सङ्क्षिप्नु-वाक्ये मयि मन्द-बुद्धौ सन्तो गुणाढ्याः करुणां क्रियासुः",इन्द्रवज्रा,44,12.487,plausible,1.0,1.00 exact,auto_accepted,,dge_linked,B,[],none (spot-check optional)
kamadhenu_dataset/incoming_audio/dge_linked/sumadhva_vijaya/smv1.7.mp3,sumadhva_vijaya,sarga_1,7,full,sumadhva_vijaya:sarga_1:7,"उच्चावचा येन समस्त-चेष्टाः किं तत्र चित्रं चरितं निवेद्यम्
किन्तूत्तम-श्लोक-शिखा-मणीनां मनो-विशुद्ध्यै चरितानु-वादः",उपजाति,44,12.591,plausible,1.0,1.00 exact,auto_accepted,,dge_linked,B,[],none (spot-check optional)
kamadhenu_dataset/incoming_audio/dge_linked/sumadhva_vijaya/smv1.8.mp3,sumadhva_vijaya,sarga_1,8,full,sumadhva_vijaya:sarga_1:8,"माला-कृतस्तच्चरिताख्य-रत्तै- रसूक्ष्म-दृष्टेः स-कुतूहलस्य
पूर्वापरीकारमथापरं वा क्षाम्यन्तु मे हन्त मुहुर्महान्तः",उपजाति,44,12.121,plausible,1.0,1.00 exact,auto_accepted,,dge_linked,B,[],none (spot-check optional)
kamadhenu_dataset/incoming_audio/dge_linked/sumadhva_vijaya/smv1.9.mp3,sumadhva_vijaya,sarga_1,9,full,sumadhva_vijaya:sarga_1:9,"श्री-वल्लभाज्ञां स-सुरेन्द्र-याच्ञां सम्भाव्य सम्भाव्य-तमां त्रिलोक्याम्
प्राणेश्वरः प्राणि-गण-प्रणेता गुरुः सतां केसरिणो गृहेऽभूत्",उपजाति,44,12.905,plausible,1.0,1.00 exact,auto_accepted,,dge_linked,B,[],none (spot-check optional)
kamadhenu_dataset/incoming_audio/dge_linked/sumadhva_vijaya/smv10.1.mp3,sumadhva_vijaya,sarga_10,1,full,sumadhva_vijaya:sarga_10:1,"सपदि समस्कुरुत भृशं
माधव-गुण-साधकोऽथ मध्व-रविः
भृगु-कुल-तिलक-स्थानं
ताप-करः पाप-पान्थानाम्",आर्या,41,10.658,plausible,1.0,1.00 exact,auto_accepted,,dge_linked,B,[],none (spot-check optional)
kamadhenu_dataset/incoming_audio/dge_linked/sumadhva_vijaya/smv10.10.mp3,sumadhva_vijaya,sarga_10,10,full,sumadhva_vijaya:sarga_10:10,"वारयत-वारयत वैरि-सुहृदोऽमून्
मारयत-मारयत पार गमनात् प्राक्
आपतत आलपत इत्यवददुच्चैः
स त्वरक-राज-पुरुषानुचित-वाचा",इन्दुवदना,56,17.032,plausible,1.0,1.00 exact,auto_accepted,,dge_linked,B,[],none (spot-check optional)
kamadhenu_dataset/incoming_audio/dge_linked/sumadhva_vijaya/smv10.11.mp3,sumadhva_vijaya,sarga_10,11,full,sumadhva_vijaya:sarga_10:11,"न जलाज्जले पतत साहसादहो
न भयं हि वो बहुतयाऽबहोर्जनात्
भवतां पतिं क्षिति-पतिं दिदृक्षवः
प्रतियाम केन कलहं चिकीर्षथ",मञ्जुभाषिणी,52,15.36,plausible,1.0,1.00 exact,auto_accepted,,dge_linked,B,[],none (spot-check optional)
kamadhenu_dataset/incoming_audio/dge_linked/sumadhva_vijaya/smv10.12.mp3,sumadhva_vijaya,sarga_10,12,full,sumadhva_vijaya:sarga_10:12,"वचसेत्यनेन स परान् न्यरुणद्
भुजगान् नरेन्द्र इव मन्त्र-बलात्
उदतारयत् परि-जनं मृति-भी
सरितश्च देव-सरितश्च समम्",प्रमिताक्षरा,48,11.86,plausible,1.0,1.00 exact,auto_accepted,,dge_linked,B,[],none (spot-check optional)
kamadhenu_dataset/incoming_audio/dge_linked/sumadhva_vijaya/smv10.13.mp3,sumadhva_vijaya,sarga_10,13,full,sumadhva_vijaya:sarga_10:13,"निर्विकार-चरितोऽपि परीतः
क्रूर-किङ्कर-सहस्र-तयेन
स व्रजन्नुदलसज्जगधीशः
सिंहराडिव सृगाल-समूहे",स्वागता,44,11.18,plausible,1.0,1.00 exact,auto_accepted,,dge_linked,B,[],none (spot-check optional)
kamadhenu_dataset/incoming_audio/dge_linked/sumadhva_vijaya/smv10.14.mp3,sumadhva_vijaya,sarga_10,14,full,sumadhva_vijaya:sarga_10:14,"अप्रकम्प्य-वपुषं सुरासुरैः
सिंह-संहननमेनमुन्नतम्
प्राप्तमात्म-नगरान्तिकं नृपः
प्रेक्ष्य सौध-शिखरे स्थितोऽब्रवीत्",रथोद्धता,44,14.315,plausible,1.0,1.00 exact,auto_accepted,,dge_linked,B,[],none (spot-check optional)
kamadhenu_dataset/incoming_audio/dge_linked/sumadhva_vijaya/smv10.15.mp3,sumadhva_vijaya,sarga_10,15,full,sumadhva_vijaya:sarga_10:15,"रिपु-नृप-प्रणिधि-प्रति-शङ्कया
पथिक-पाटन-कर्म्मणि दीक्षितैः
सु-मुख मे पुरुषैः परुषैः कथं
यम-भटैरिव नासि विहिंसितः",द्रुतविलम्बित,48,14.681,plausible,1.0,1.00 exact,auto_accepted,,dge_linked,B,[],none (spot-check optional)
kamadhenu_dataset/incoming_audio/dge_linked/sumadhva_vijaya/smv10.16.mp3,sumadhva_vijaya,sarga_10,16,full,sumadhva_vijaya:sarga_10:16,"अप्लव देव नदी-तरणं ते
हन्त कथं च चिकीर्षसि किं त्वम्
तं निगदन्तमिति प्रभृतीह
स्माह महा-पुरुषोत्तम-दासः",दोधक,44,14.524,plausible,1.0,1.00 exact,auto_accepted,,dge_linked,B,[],none (spot-check optional)
kamadhenu_dataset/incoming_audio/dge_linked/sumadhva_vijaya/smv10.17.mp3,sumadhva_vijaya,sarga_10,17,full,sumadhva_vijaya:sarga_10:17,"योऽसौ देवो विश्व-दीपः प्रदीप्तः
कुर्मः सर्वं तत् परानुग्रहेण
यामस्तावत् तूर्णमाशामुदीचीम्
इत्याद्यं तद्-भाषया चित्र-वाक्यम्",शालिनी,44,13.897,plausible,1.0,1.00 exact,auto_accepted,,dge_linked,B,[],none (spot-check optional)
kamadhenu_dataset/incoming_audio/dge_linked/sumadhva_vijaya/smv10.18.mp3,sumadhva_vijaya,sarga_10,18,full,sumadhva_vijaya:sarga_10:18,"गाम्भीर्यं धृतिमुरु-वीर्य्यमार्य्य-भावं
तेजोऽयं गिरमपि देश-काल-युक्ताम्
राजाऽस्य स्फुटमुपलभ्य विस्मितोऽस्मै
राज्यार्द्धं सपदि समर्पयाम्बभूव",प्रहर्षिणी,52,15.203,plausible,1.0,1.00 exact,auto_accepted,,dge_linked,B,[],none (spot-check optional)
kamadhenu_dataset/incoming_audio/dge_linked/sumadhva_vijaya/smv10.19.mp3,sumadhva_vijaya,sarga_10,19,full,sumadhva_vijaya:sarga_10:19,"दण्डार्ह-बुद्धि-विषयो नृप-पूरुषाणां
राज्यार्ह-बुद्धि-विषयोऽभवदित्थमेषः
नीतिं प्रकाशयितुमेव विपत्सु कार्य्यां
गन्तुं प्रभुः प्रसभतोऽपि तथा व्यधात् सः",वसन्ततिलका,56,16.718,plausible,1.0,1.00 exact,auto_accepted,,dge_linked,B,[],none (spot-check optional)
kamadhenu_dataset/incoming_audio/dge_linked/sumadhva_vijaya/smv10.2.mp3,sumadhva_vijaya,sarga_10,2,full,sumadhva_vijaya:sarga_10:2,"दशमति-शिष्यः कश्चि
च्छुभ-जनतायै कुतूहल-नतायै
विविध-सु-वृत्तं वाक्यं
काव्यमिवोचे स-नायक-स्तवकम्",अज्ञातम्,41,11.651,plausible,1.0,1.00 exact,auto_accepted,,dge_linked,B,[],none (spot-check optional)
kamadhenu_dataset/incoming_audio/dge_linked/sumadhva_vijaya/smv10.20.mp3,sumadhva_vijaya,sarga_10,20,full,sumadhva_vijaya:sarga_10:20,"कदाचिच्चोराणां निकरमवलोक्याभि-पतताम्
अवस्थाप्य स्वीयान् कर-ग-पट-पिण्डार्थ-मति-कृत्
चरन्नेतेष्वेतानथ मिथ इहाघातयदहो
विभुः सम्मोह्य प्राग् विजय इव संशप्तक-गणान्",शिखरिणी,68,17.189,plausible,1.0,1.00 exact,auto_accepted,,dge_linked,B,[],none (spot-check optional)
kamadhenu_dataset/incoming_audio/dge_linked/sumadhva_vijaya/smv10.21.mp3,sumadhva_vijaya,sarga_10,21,full,sumadhva_vijaya:sarga_10:21,"अन्यत्र च चोरान् धन्य-प्रवरोऽसौ
शूरान् शत-सङ्ख्यान् प्राप्तान् स्व-जिघांसून्
एकेन तु शिष्येणाऽकृष्ट-कुठारान्
निस्ताडित-यूध्यानद्रावयत द्राक्",मणिमाला,48,14.681,plausible,1.0,1.00 exact,auto_accepted,,dge_linked,B,[],none (spot-check optional)
kamadhenu_dataset/incoming_audio/dge_linked/sumadhva_vijaya/smv10.22.mp3,sumadhva_vijaya,sarga_10,22,full,sumadhva_vijaya:sarga_10:22,"क्वचिच्छिला-च्छटा-भ्रमाद्
अमुं स-सङ्घमत्यजन्
अवेक्ष्य दस्यवः पुनः
कुतूहलात् तमानमन्",अनुष्टुप्,32,10.031,plausible,1.0,1.00 exact,auto_accepted,,dge_linked,B,[],none (spot-check optional)
kamadhenu_dataset/incoming_audio/dge_linked/sumadhva_vijaya/smv10.23.mp3,sumadhva_vijaya,sarga_10,23,full,sumadhva_vijaya:sarga_10:23,"सत्योच्छेदे सेच्छापातं
व्याघ्राकारं दैत्य-व्याघ्रम्
प्राळेयाद्रेः प्रान्ते प्राज्ञः
पाणेर्लीला-लेशेनाऽस्यत्",विद्युन्माला,32,12.539,plausible,1.0,1.00 exact,auto_accepted,,dge_linked,B,[],none (spot-check optional)
kamadhenu_dataset/incoming_audio/dge_linked/sumadhva_vijaya/smv10.24.mp3,sumadhva_vijaya,sarga_10,24,full,sumadhva_vijaya:sarga_10:24,"प्राप स नारायणतः
शुद्ध-शिलात्म-प्रतिमाः
यासु स पद्मा-सहितो
दोष्यहितः सन्निहितः",माणवक,32,9.352,plausible,1.0,1.00 exact,auto_accepted,,dge_linked,B,[],none (spot-check optional)
kamadhenu_dataset/incoming_audio/dge_linked/sumadhva_vijaya/smv10.25.mp3,sumadhva_vijaya,sarga_10,25,full,sumadhva_vijaya:sarga_10:25,"पाराशर्य्यः पर-तत्त्व-प्रसिद्ध्यै
तात्पर्य्यार्थं परमं भारतस्य
व्यक्तं वक्तुं नियुनक्ति स्म साक्षाद्
एनं धन्यं भुवने मन्यमानः",वातोर्मी,44,12.957,plausible,1.0,1.00 exact,auto_accepted,,dge_linked,B,[],none (spot-check optional)
kamadhenu_dataset/incoming_audio/dge_linked/sumadhva_vijaya/smv10.26.mp3,sumadhva_vijaya,sarga_10,26,full,sumadhva_vijaya:sarga_10:26,"तीर्थेषु-तीर्थेषु च सौख्य-तीर्थः
क्षेत्रेषु च क्षेत्र-विदां वरिष्ठः
गोविन्दमावन्द्य सहानुगोऽगाद्
गङ्गां पुनस्तुङ्ग-तरङ्ग-मालाम्",इन्द्रवज्रा,44,12.434,plausible,1.0,1.00 exact,auto_accepted,,dge_linked,B,[],none (spot-check optional)
kamadhenu_dataset/incoming_audio/dge_linked/sumadhva_vijaya/smv10.27.mp3,sumadhva_vijaya,sarga_10,27,full,sumadhva_vijaya:sarga_10:27,"प्लवैरपेतामवलोक्य सिन्धुं
सरोज-बन्धुं च तदाऽऽप्त-सिन्धुम्
तटे निषण्णानधिकं विषण्णान्
निरीक्ष्य शिष्यानतरत् स एताम्",उपेन्द्रवज्रा,44,11.703,plausible,1.0,1.00 exact,auto_accepted,,dge_linked,B,[],none (spot-check optional)
kamadhenu_dataset/incoming_audio/dge_linked/sumadhva_vijaya/smv10.28.mp3,sumadhva_vijaya,sarga_10,28,full,sumadhva_vijaya:sarga_10:28,"न वानरेन्द्रस्य विलङ्घिताब्धे
र्नवा नरेन्द्रस्य विहर्तुरस्याम्
इमेऽस्मरंस्तद्-वपुषोऽन्यथाऽस्य
शक्तस्य शङ्कयेत विपत् कथं तैः",अज्ञातम्,45,13.009,plausible,1.0,1.00 exact,auto_accepted,,dge_linked,B,[],none (spot-check optional)
kamadhenu_dataset/incoming_audio/dge_linked/sumadhva_vijaya/smv10.29.mp3,sumadhva_vijaya,sarga_10,29,full,sumadhva_vijaya:sarga_10:29,"जगत्-प्रदीपायित-गो-गणाढ्ये
दिवाकरे मध्य-दिवाकरे च
अव्यक्त-रूपे श्रियमत्यजन् द्राक्
सहाम्बुजैस्तन्नयनाम्बुजानि",उपजाति,44,12.487,plausible,1.0,1.00 exact,auto_accepted,,dge_linked,B,[],none (spot-check optional)
kamadhenu_dataset/incoming_audio/dge_linked/sumadhva_vijaya/smv10.3.mp3,sumadhva_vijaya,sarga_10,3,full,sumadhva_vijaya:sarga_10:3,"भुवनाद्भुत-मध्व-चेष्टितं
न वदेमापि सुरायुषा वयम्
सकलं खलु किन्तु किञ्चिद
प्यथ शुश्रूषु-जनाय वर्ण्यते","वियोगिनी, वैतालीय, सुन्दरी",42,12.016,plausible,1.0,1.00 exact,auto_accepted,,dge_linked,B,[],none (spot-check optional)
kamadhenu_dataset/incoming_audio/dge_linked/sumadhva_vijaya/smv10.30.mp3,sumadhva_vijaya,sarga_10,30,full,sumadhva_vijaya:sarga_10:30,"पदं पशोर्वा विनता-तनूज
स्तीर्त्वा नदीं तावददीन-सत्त्वः
अनार्द्र-वासाः स कुतूहलार्द्रै
र्नृदेव-भूदेव-मुखैर्ववन्दे",उपजाति,44,13.009,plausible,1.0,1.00 exact,auto_accepted,,dge_linked,B,[],none (spot-check optional)
kamadhenu_dataset/incoming_audio/dge_linked/sumadhva_vijaya/smv10.31.mp3,sumadhva_vijaya,sarga_10,31,full,sumadhva_vijaya:sarga_10:31,"भीतैररातेरति-मात्रमत्र
न-तारकैरप्यथ तारकैः सः
स्व-तेजसा विस्मित-भूप-नुन्नैः
प्लवेन शिष्यान् निरतारयत् ताम्",उपजाति,44,12.8,plausible,1.0,1.00 exact,auto_accepted,,dge_linked,B,[],none (spot-check optional)
kamadhenu_dataset/incoming_audio/dge_linked/sumadhva_vijaya/smv10.32.mp3,sumadhva_vijaya,sarga_10,32,full,sumadhva_vijaya:sarga_10:32,"विशङ्कटं स्वस्तटिनी-तटं ते
दीप-प्रदीप्तं जनताभि-पूर्णम्
सञ्चोदयत्-पण्डित-मण्डलाढ्यं
नाथावलोकोत्क-हृदोऽभ्यपश्यन्",उपजाति,44,12.33,plausible,1.0,1.00 exact,auto_accepted,,dge_linked,B,[],none (spot-check optional)
kamadhenu_dataset/incoming_audio/dge_linked/sumadhva_vijaya/smv10.33.mp3,sumadhva_vijaya,sarga_10,33,full,sumadhva_vijaya:sarga_10:33,"आम्नायमाम्नाय-विदां विदग्धं
सभाव-भेदं प्रवदन्तमत्र
दैव्यां सभायामिव पद्म-योनिं
प्रैक्षन्त साक्षात् सुख-तीर्थमेते",उपजाति,44,13.322,plausible,1.0,1.00 exact,auto_accepted,,dge_linked,B,"[""exact_duplicate""]",none (spot-check optional)
kamadhenu_dataset/incoming_audio/dge_linked/sumadhva_vijaya/smv10.34.mp3,sumadhva_vijaya,sarga_10,34,full,sumadhva_vijaya:sarga_10:34,"प्राप्तस्ततो हस्तिन-राज-धानीं
मासानुवासेह स वास-योग्यान्
मठान्तरेऽनन्त-गुणन्तरः सन्
एकान्त-देशे सरितोऽसमीपे",उपजाति,44,13.322,plausible,1.0,1.00 exact,auto_accepted,,dge_linked,B,"[""exact_duplicate""]",none (spot-check optional)
kamadhenu_dataset/incoming_audio/dge_linked/sumadhva_vijaya/smv10.35.mp3,sumadhva_vijaya,sarga_10,35,full,sumadhva_vijaya:sarga_10:35,"भित्त्वा भुवं देव नदी जगाम
शाखा-विशेषेण निषेवितुं तम्
वाणी च यत्-प्रेष्यतया कृतार्था
शिवादि-वन्द्या न तदत्र चित्रम्",उपजाति,44,12.643,plausible,1.0,1.00 exact,auto_accepted,,dge_linked,B,[],none (spot-check optional)
kamadhenu_dataset/incoming_audio/dge_linked/sumadhva_vijaya/smv10.36.mp3,sumadhva_vijaya,sarga_10,36,full,sumadhva_vijaya:sarga_10:36,"गुरु-प्रबर्हस्य पदारविन्दं
विदूरतः सा प्रणनाम मूर्त्ता
औदार्य्य-सौन्दर्य्य-तनुं तनुं तम्
आलक्ष्य शिष्यैरति-विस्मितं तैः",उपजाति,44,12.8,plausible,1.0,1.00 exact,auto_accepted,,dge_linked,B,[],none (spot-check optional)
kamadhenu_dataset/incoming_audio/dge_linked/sumadhva_vijaya/smv10.37.mp3,sumadhva_vijaya,sarga_10,37,full,sumadhva_vijaya:sarga_10:37,"तेनोप-यातेन कदा चनाथ
वाराणसीं पाप-निवारणेन
अवादि वाणी बलिनः स्व-शिष्यान्
विलोक्य लीलावसरेऽवलिप्तान्",उपजाति,44,11.285,plausible,1.0,1.00 exact,auto_accepted,,dge_linked,B,[],none (spot-check optional)
kamadhenu_dataset/incoming_audio/dge_linked/sumadhva_vijaya/smv10.38.mp3,sumadhva_vijaya,sarga_10,38,full,sumadhva_vijaya:sarga_10:38,"नियुद्ध-सिद्ध्यै युगपद्धि वीर
म्मन्या भवन्तोऽभिपतन्तु मां द्राक्
समस्त शक्तिं न युनक्ति यः स्वाम्
अत्रास्मदाज्ञां स निराकरोति",उपजाति,44,14.785,plausible,1.0,1.00 exact,auto_accepted,,dge_linked,B,[],none (spot-check optional)
kamadhenu_dataset/incoming_audio/dge_linked/sumadhva_vijaya/smv10.39.mp3,sumadhva_vijaya,sarga_10,39,full,sumadhva_vijaya:sarga_10:39,"इतीरयन् पञ्च दशैष यूनः
प्राप्तान् प्र-युद्धान् युगपन्निपात्य
उत्थीयतां यस्य समर्त्यता स्याद्
इति ब्रुवाणः शनकैर्ज्जहास",उपजाति,44,15.36,plausible,1.0,1.00 exact,auto_accepted,,dge_linked,B,[],none (spot-check optional)
kamadhenu_dataset/incoming_audio/dge_linked/sumadhva_vijaya/smv10.4.mp3,sumadhva_vijaya,sarga_10,4,full,sumadhva_vijaya:sarga_10:4,"क्वचिदीश्वर-देवमेष भूपं
खननं पान्थ-जनं विधापयन्तम्
स्वमपि प्रति-चोदयन्तमूचे
क्रियया नोऽकुशलान् प्रबोधयेति",वसन्तमालिका,46,14.367,plausible,1.0,1.00 exact,auto_accepted,,dge_linked,B,[],none (spot-check optional)
kamadhenu_dataset/incoming_audio/dge_linked/sumadhva_vijaya/smv10.40.mp3,sumadhva_vijaya,sarga_10,40,full,sumadhva_vijaya:sarga_10:40,"सौमेरवं गौरवमावहन्ति
तवाङ्गमङ्गाङ्गुलयश्च नोऽङ्गे
पुरा विनश्याम इतो दयालो
स्वामिन् विमुञ्चेत्यवदंस्तदा ते",उपजाति,44,14.681,plausible,1.0,1.00 exact,auto_accepted,,dge_linked,B,[],none (spot-check optional)
kamadhenu_dataset/incoming_audio/dge_linked/sumadhva_vijaya/smv10.41.mp3,sumadhva_vijaya,sarga_10,41,full,sumadhva_vijaya:sarga_10:41,"तेनाथ मुक्तैरति-विस्मयस्तै
रवाप्यनालोच्य हि तत्-स्वरूपम्
यद्-भ्रू-विजृम्भेण स-शम्भु शक्रं
जगत् समस्तं नियतं निकामम्",उपजाति,44,1.672,too_short,0.92,0.90–0.99 very strong,auto_accepted,,dge_linked,B,"[""low_volume""]",none (spot-check optional)
kamadhenu_dataset/incoming_audio/dge_linked/sumadhva_vijaya/smv10.42.mp3,sumadhva_vijaya,sarga_10,42,full,sumadhva_vijaya:sarga_10:42,"सदाक्ष्यमाक्षिप्त-समस्त पक्षको
यतिः प्रभुं कोऽप्यमरावती-पदः
जिगीषया ज्ञान-सहाय-कर्म्मणः
प्रसाद्ध्यतां साधनतेत्युदाहरत्",वंशस्थ,48,14.681,plausible,1.0,1.00 exact,auto_accepted,,dge_linked,B,[],none (spot-check optional)
kamadhenu_dataset/incoming_audio/dge_linked/sumadhva_vijaya/smv10.43.mp3,sumadhva_vijaya,sarga_10,43,full,sumadhva_vijaya:sarga_10:43,"संसाधितार्थे भगवत्ययुक्ति-वित्
पप्रच्छ स ज्ञान-पदार्थमुग्रधीः
ज्ञातः स ते ज्ञान्यसि चेन्न चेन्न स
प्रश्नो घटेतेति निराकृतैष तम्",इन्द्रवंशा,48,15.569,plausible,1.0,1.00 exact,auto_accepted,,dge_linked,B,[],none (spot-check optional)
kamadhenu_dataset/incoming_audio/dge_linked/sumadhva_vijaya/smv10.44.mp3,sumadhva_vijaya,sarga_10,44,full,sumadhva_vijaya:sarga_10:44,"वितत-तम-तमोऽन्तं साधयन्त्या नितान्तं
सदसि-सदसि रेजे व्याख्यया व्यास-शिष्यः
सकल-समयि-हस्ताम्भोज-बन्धाभिनन्दी
शरदि-शरदि चन्द्रश्चन्द्रिका सम्पदेव",मालिनी,60,16.823,plausible,1.0,1.00 exact,auto_accepted,,dge_linked,B,[],none (spot-check optional)
kamadhenu_dataset/incoming_audio/dge_linked/sumadhva_vijaya/smv10.45.mp3,sumadhva_vijaya,sarga_10,45,full,sumadhva_vijaya:sarga_10:45,"जननं समये-समये जगतः
प्रथिते समये समयेदमिते
सनिरासमयेऽसमये स्थिति-युक्
स्ववभास-मयेऽसमयेष्ट-धिया",तोटक,48,19.174,plausible,1.0,1.00 exact,auto_accepted,,dge_linked,B,[],none (spot-check optional)
kamadhenu_dataset/incoming_audio/dge_linked/sumadhva_vijaya/smv10.46.mp3,sumadhva_vijaya,sarga_10,46,full,sumadhva_vijaya:sarga_10:46,"वर्त्तस्वाद्ध्यधि सर्वं
दीव्येदं सोऽनिशं स्वतन्त्रो विष्णुः
उज्जासय दुष्टानां
संस्कुरु साधून् गुणाभिपूर्णोऽप्यगुणः",आर्यागीति,38,12.121,plausible,1.0,1.00 exact,auto_accepted,,dge_linked,B,[],none (spot-check optional)
kamadhenu_dataset/incoming_audio/dge_linked/sumadhva_vijaya/smv10.47.mp3,sumadhva_vijaya,sarga_10,47,full,sumadhva_vijaya:sarga_10:47,"असमोत्तमो मतोऽसौ
श्रियः पतिर्विश्वतो विभिन्नात्मा
परमान् प्रकाममर्थान्
प्रकाशयामास सेत्यादीन्",आर्या,36,10.815,plausible,1.0,1.00 exact,auto_accepted,,dge_linked,B,[],none (spot-check optional)
kamadhenu_dataset/incoming_audio/dge_linked/sumadhva_vijaya/smv10.48.mp3,sumadhva_vijaya,sarga_10,48,full,sumadhva_vijaya:sarga_10:48,"समानया याऽनमाऽऽस
मायया ततयाऽयमा
नयासना नाऽस या न
यातनाऽललना [ऽ] तया",अनुष्टुप् (vipulā/irregular — unverified),32,10.449,plausible,1.0,1.00 exact,auto_accepted,,dge_linked,B,[],none (spot-check optional)
kamadhenu_dataset/incoming_audio/dge_linked/sumadhva_vijaya/smv10.49.mp3,sumadhva_vijaya,sarga_10,49,full,sumadhva_vijaya:sarga_10:49,"प्राज्ञो राज्ञां त्रिदिव-पदवीं कौरवं क्षेत्रमाप्तः
सस्माराथ स्व-विहृति-पतद्धस्ति-युद्धोत्सवानाम्
सत्यात्माद्यैरिह परिवृतो भाविमारीच दृग्भि
र्विस्मेरैः स्वैर्न्निज-नृप-तनू-हेति दृष्ट्याऽतितुष्टैः",मन्दाक्रान्ता,68,17.763,plausible,1.0,1.00 exact,auto_accepted,,dge_linked,B,[],none (spot-check optional)
kamadhenu_dataset/incoming_audio/dge_linked/sumadhva_vijaya/smv10.5.mp3,sumadhva_vijaya,sarga_10,5,full,sumadhva_vijaya:sarga_10:5,"प्रकारं प्रकटीकर्त्तु
मारभ्य विरराम नो
महीयो-मति-माहात्म्याद्
वैवश्येन खनन् खलः",अनुष्टुप्,32,10.397,plausible,1.0,1.00 exact,auto_accepted,,dge_linked,B,[],none (spot-check optional)
kamadhenu_dataset/incoming_audio/dge_linked/sumadhva_vijaya/smv10.50.mp3,sumadhva_vijaya,sarga_10,50,full,sumadhva_vijaya:sarga_10:50,"विप्रात्मेशः क्षणार्थं कृत-नतिरशिति-श्रीर्हृषीकेश-देशे
स्पष्टं दृष्टोऽप्यदृष्टः सपदि विहितवान् विस्मयं देहभाजाम्
स्वप्ने स्व-प्रेरितान्य-स्थल-ग-निज-नरो-पाहृतैर्भक्ष्य-भोज्यैः
प्राज्यैः प्राभोजयत् स्वं गुरुमखिल-गुरुं वेदयन् वेदबन्धुम्",स्रग्धरा,84,25.548,plausible,1.0,1.00 exact,auto_accepted,,dge_linked,B,[],none (spot-check optional)
kamadhenu_dataset/incoming_audio/dge_linked/sumadhva_vijaya/smv10.51.mp3,sumadhva_vijaya,sarga_10,51,full,sumadhva_vijaya:sarga_10:51,"अवाप्तवान् पुनरिषु-पातमस्मरद्
रमा-पतिं स परशु-राममादरात्
स-राजकेळ्युरु-कदळी-सहस्रकं
तदाऽऽददत्त्यवसिति-दत्तमुत्तमम्",रुचिरा,52,12.852,plausible,1.0,1.00 exact,auto_accepted,,dge_linked,B,[],none (spot-check optional)
kamadhenu_dataset/incoming_audio/dge_linked/sumadhva_vijaya/smv10.52.mp3,sumadhva_vijaya,sarga_10,52,full,sumadhva_vijaya:sarga_10:52,"स शङ्कर-पद-द्विजोप-हृतमाप्य गोवाख्य-गां
गरिष्ठ-कदळी-लसद्-दश-शती-चतुष्कं चरन्
पयः कलश-पञ्चक-त्रिक-युगाभिपूर्णं पपा
वदृष्ट-गतिरप्यभून्नृप-नृ-मण्डलैरुद्यतैः",पृथ्वी,68,16.875,plausible,1.0,1.00 exact,auto_accepted,,dge_linked,B,[],none (spot-check optional)
kamadhenu_dataset/incoming_audio/dge_linked/sumadhva_vijaya/smv10.53.mp3,sumadhva_vijaya,sarga_10,53,full,sumadhva_vijaya:sarga_10:53,"अयमेव गो-विषयतोऽपि
सदसि जनतार्थितो जवात्
पुष्पमुत फलमो विदधे
जन-सुप्तिदानुपम-गान-सम्पदा",अन्यविधोद्गता,43,13.27,plausible,1.0,1.00 exact,auto_accepted,,dge_linked,B,[],none (spot-check optional)
kamadhenu_dataset/incoming_audio/dge_linked/sumadhva_vijaya/smv10.54.mp3,sumadhva_vijaya,sarga_10,54,full,sumadhva_vijaya:sarga_10:54,"धन्योऽमह्यत नाकिनामहितहृद्वाणस्समोऽजस्य यो
मध्वो ध्वस्त-दुरागमोग्रहिमगु-श्रीः काममायामि-हृत्
विष्णुं विश्व-जय-प्रदं स हि नमन् सेव्यं सु-सौख्यं मुदा
दाक्ष्याच्छ्री-धरमामयादि-विरही योगी सुहृत् सर्वदा",शार्दूलविक्रीडित,76,19.853,plausible,1.0,1.00 exact,auto_accepted,,dge_linked,B,[],none (spot-check optional)
kamadhenu_dataset/incoming_audio/dge_linked/sumadhva_vijaya/smv10.55.mp3,sumadhva_vijaya,sarga_10,55,full,sumadhva_vijaya:sarga_10:55,"इति भुवन-विभूषणस्य भूयां
स्यविगणितानि कृतान्तराणि हन्त
श्रवण-मनन-कीर्त्तनैरभीष्टं
प्रति-ददतीत्यमराः प्रकीर्त्तयन्ति","औपच्छन्दसिक, पुष्पिताग्रा",50,14.524,plausible,1.0,1.00 exact,auto_accepted,,dge_linked,B,[],none (spot-check optional)
kamadhenu_dataset/incoming_audio/dge_linked/sumadhva_vijaya/smv10.56.mp3,sumadhva_vijaya,sarga_10,56,full,sumadhva_vijaya:sarga_10:56,"इति विविध-गो-धारा-वारैर्विशारद-वारि-दो
हरि-पद-रतो विद्या-विद्युत्-प्रदीपित-दिङ्मुखः
भव-भय-महा-घर्म्मात्तप्तं सदङ्घ्रिप-मण्डलं
सफल-सुमनः सान्द्रानन्दं व्यधादविपल्लवम्",हरिणी,68,17.45,plausible,1.0,1.00 exact,auto_accepted,,dge_linked,B,[],none (spot-check optional)
kamadhenu_dataset/incoming_audio/dge_linked/sumadhva_vijaya/smv10.6.mp3,sumadhva_vijaya,sarga_10,6,full,sumadhva_vijaya:sarga_10:6,"नानेनेनानेना
नेनोनूनेन ननु नुन्नाः
नानाना नो नूनं
नानेनानूननाऽनुन्नः",उपगीति,29,11.128,plausible,1.0,1.00 exact,auto_accepted,,dge_linked,B,[],none (spot-check optional)
kamadhenu_dataset/incoming_audio/dge_linked/sumadhva_vijaya/smv10.7.mp3,sumadhva_vijaya,sarga_10,7,full,sumadhva_vijaya:sarga_10:7,"यमशेष-भव-प्रभवः स्मरता
मसुखाब्धिरपैति न चित्रमिदम्
मरुतीदृशि भान्ति हि यत्-स्तवने
यम-शेष-भव-प्रभवः स्म रताः",तोटक,48,14.054,plausible,1.0,1.00 exact,auto_accepted,,dge_linked,B,[],none (spot-check optional)
kamadhenu_dataset/incoming_audio/dge_linked/sumadhva_vijaya/smv10.8.mp3,sumadhva_vijaya,sarga_10,8,full,sumadhva_vijaya:sarga_10:8,"सञ्चरन्नञ्चनीयः कदाचिद् विभु
र्विष्णुपद्यास्तटं वैष्णवाग्रेसरः
प्रापदाप्तैर्निजैरेष शिष्यैर्वृत
स्त्यक्त-विश्व-प्लवं शात्रवातङ्कतः",स्रग्विणी,48,16.144,plausible,1.0,1.00 exact,auto_accepted,,dge_linked,B,[],none (spot-check optional)
kamadhenu_dataset/incoming_audio/dge_linked/sumadhva_vijaya/smv10.9.mp3,sumadhva_vijaya,sarga_10,9,full,sumadhva_vijaya:sarga_10:9,"इमान् स्व-स्व-पूर्वाश्रयानात्म-वाक्यात्
स-लीलं दयालुः स मूलाश्रयात्मा
निषेद्धूननादृत्य चानन्यलङ्घयां
तदाऽत्याययत् तां नदीं संसृतिं वा",अज्ञातम्,49,16.98,plausible,1.0,1.00 exact,auto_accepted,,dge_linked,B,[],none (spot-check optional)
kamadhenu_dataset/incoming_audio/dge_linked/sumadhva_vijaya/smv11.1.mp3,sumadhva_vijaya,sarga_11,1,full,sumadhva_vijaya:sarga_11:1,"प्रचुरान्तर-प्रवचनं फणि-राड्
उप-शुश्रुवान् स-सनकादि-मुनिः
गगनेऽल्प-दृष्ट-वपुरत्र जनै
स्त्वरितं निलीन-रुचिराप पदम्",प्रमिताक्षरा,48,11.598,plausible,1.0,1.00 exact,auto_accepted,,dge_linked,B,[],none (spot-check optional)
kamadhenu_dataset/incoming_audio/dge_linked/sumadhva_vijaya/smv11.10.mp3,sumadhva_vijaya,sarga_11,10,full,sumadhva_vijaya:sarga_11:10,"शबळा वळीक-घटित-स्फटिक
द्युतिभिर्हरिन्मणि-मयी वळभी
प्रति-भाति यमुना मिळिता
सित-सौर-सैन्धव-पयोभिरिव",अज्ञातम्,46,10.397,plausible,1.0,1.00 exact,auto_accepted,,dge_linked,B,[],none (spot-check optional)
kamadhenu_dataset/incoming_audio/dge_linked/sumadhva_vijaya/smv11.11.mp3,sumadhva_vijaya,sarga_11,11,full,sumadhva_vijaya:sarga_11:11,"यदि नाभविष्यदिह विभ्रमता
नियमो जनस्य निलयावळिषु
विकटा विटङ्क-कृत-पत्रि-ततिः
कृतकेत्यवैक्ष्यत कथञ्चन नो",प्रमिताक्षरा,48,10.24,plausible,1.0,1.00 exact,auto_accepted,,dge_linked,B,[],none (spot-check optional)
kamadhenu_dataset/incoming_audio/dge_linked/sumadhva_vijaya/smv11.12.mp3,sumadhva_vijaya,sarga_11,12,full,sumadhva_vijaya:sarga_11:12,"विविधस्तुलोप-गत-चित्र-पटी
सु-वितान-लम्बि-मणि-दाम-गणः
शरणान्तरेष्वधिक-पूरणतः
प्र-चकास्ति विभ्रम इवावगळन्",प्रमिताक्षरा,48,10.919,plausible,1.0,1.00 exact,auto_accepted,,dge_linked,B,[],none (spot-check optional)
kamadhenu_dataset/incoming_audio/dge_linked/sumadhva_vijaya/smv11.13.mp3,sumadhva_vijaya,sarga_11,13,full,sumadhva_vijaya:sarga_11:13,"विमला-कृतिः प्रकृतिरेव महा
मणि-हेम-मय्यखिल-वस्तु-मयी
इह सम्भवेत् सकल-कान्ति-रसः
कथितोऽधिकोक्तिभिरतः कविभिः",प्रमिताक्षरा,48,10.606,plausible,1.0,1.00 exact,auto_accepted,,dge_linked,B,[],none (spot-check optional)
kamadhenu_dataset/incoming_audio/dge_linked/sumadhva_vijaya/smv11.14.mp3,sumadhva_vijaya,sarga_11,14,full,sumadhva_vijaya:sarga_11:14,"तदनादि-काल-मित-मुक्ति-रते
रगणय्य-शम्भु-मुख-सङ्घततेः
नगरैर्म्महा-पुरमसंहतिम
ल्लसति प्रभोरयमहो महिमा",प्रमिताक्षरा,48,11.285,plausible,1.0,1.00 exact,auto_accepted,,dge_linked,B,[],none (spot-check optional)
kamadhenu_dataset/incoming_audio/dge_linked/sumadhva_vijaya/smv11.15.mp3,sumadhva_vijaya,sarga_11,15,full,sumadhva_vijaya:sarga_11:15,"भवनं विभाति भुवनैक-पते
र्भुवन-त्रयाद्भुत-गुणाति-शयि
वर-मन्दिर-प्रकर-मद्ध्य-गतं
द्विज-मण्डल-स्थ-शशि-मण्डलवत्",प्रमिताक्षरा,48,10.815,plausible,1.0,1.00 exact,auto_accepted,,dge_linked,B,[],none (spot-check optional)
kamadhenu_dataset/incoming_audio/dge_linked/sumadhva_vijaya/smv11.16.mp3,sumadhva_vijaya,sarga_11,16,full,sumadhva_vijaya:sarga_11:16,"स्वयमिन्दिरैव पति-मान-करी
गृह-कर्म्म यत्र कुरुते सुतराम्
अपि किङ्करी-दश-शती-महिता
श्रियमत्र वर्णयति वेश्मनि कः",प्रमिताक्षरा,48,10.71,plausible,1.0,1.00 exact,auto_accepted,,dge_linked,B,[],none (spot-check optional)
kamadhenu_dataset/incoming_audio/dge_linked/sumadhva_vijaya/smv11.17.mp3,sumadhva_vijaya,sarga_11,17,full,sumadhva_vijaya:sarga_11:17,"कमला-पतिः कमलयाऽमलया
कमनीयया कमल-लोचनया
अमृताहि-राज-मृदु-भोग-गतः
स्व-रतोऽपि तत्र रमते परमः",प्रमिताक्षरा,48,10.083,plausible,1.0,1.00 exact,auto_accepted,,dge_linked,B,[],none (spot-check optional)
kamadhenu_dataset/incoming_audio/dge_linked/sumadhva_vijaya/smv11.18.mp3,sumadhva_vijaya,sarga_11,18,full,sumadhva_vijaya:sarga_11:18,"तरुण-प्रभा-कर-सहस्र-रुचं
कनकाम्बरं मणि-मयाभरणम्
हसिताननेन्दुमरविन्द-दृशं
तमरीन्द्र-धारिणमनुस्मरत",प्रमिताक्षरा,48,10.397,plausible,1.0,1.00 exact,auto_accepted,,dge_linked,B,[],none (spot-check optional)
kamadhenu_dataset/incoming_audio/dge_linked/sumadhva_vijaya/smv11.19.mp3,sumadhva_vijaya,sarga_11,19,full,sumadhva_vijaya:sarga_11:19,"गणयेद् रमाऽस्य न गुणानखिलान्
चतुराननश्चतुर-वागपि नो
न वयं सहस्र-वदना अपि तान्
अपरोदितानति-वदेम पुनः",प्रमिताक्षरा,48,11.389,plausible,1.0,1.00 exact,auto_accepted,,dge_linked,B,[],none (spot-check optional)
kamadhenu_dataset/incoming_audio/dge_linked/sumadhva_vijaya/smv11.2.mp3,sumadhva_vijaya,sarga_11,2,full,sumadhva_vijaya:sarga_11:2,"अति-चित्र-धाम्नि निज-धानि रतं
स-सहस्र-मस्तकमनन्तममुम्
मुनयोऽभि-वाद्य विनयाभरणा
वरमन्वयुञ्जत तदाऽर्थमिमम्",प्रमिताक्षरा,48,10.919,plausible,1.0,1.00 exact,auto_accepted,,dge_linked,B,[],none (spot-check optional)
kamadhenu_dataset/incoming_audio/dge_linked/sumadhva_vijaya/smv11.20.mp3,sumadhva_vijaya,sarga_11,20,full,sumadhva_vijaya:sarga_11:20,"विधयो विहङ्ग-पतयोऽगणिता
रमणीयुताश्च फणिपेन्द्र-मुखाः
पर योग-भूरि-सुख भोग-मिता
अवलोक्य तं दधति मोद-रसम्",प्रमिताक्षरा,48,10.345,plausible,1.0,1.00 exact,auto_accepted,,dge_linked,B,[],none (spot-check optional)
kamadhenu_dataset/incoming_audio/dge_linked/sumadhva_vijaya/smv11.21.mp3,sumadhva_vijaya,sarga_11,21,full,sumadhva_vijaya:sarga_11:21,"स-चतुर्भुजा वनज-पत्र-दृशो
वर-वेषिणोऽत्र स-पिशङ्ग-पटाः
अरुण प्रभाश्च तरुणाभ्र-रुचो
विचरन्ति नाथ-रुचयः पुरुषाः",प्रमिताक्षरा,48,11.076,plausible,1.0,1.00 exact,auto_accepted,,dge_linked,B,[],none (spot-check optional)
kamadhenu_dataset/incoming_audio/dge_linked/sumadhva_vijaya/smv11.22.mp3,sumadhva_vijaya,sarga_11,22,full,sumadhva_vijaya:sarga_11:22,"भगवत्-समीपमुप-यातवतां
प्रमदो न केवलमलब्ध-तुलः
अपि तस्य लोकमति-लोक-गुणं
भजतां सु-दुर्लभमभूरि-शुभैः",प्रमिताक्षरा,48,10.24,plausible,1.0,1.00 exact,auto_accepted,,dge_linked,B,[],none (spot-check optional)
kamadhenu_dataset/incoming_audio/dge_linked/sumadhva_vijaya/smv11.23.mp3,sumadhva_vijaya,sarga_11,23,full,sumadhva_vijaya:sarga_11:23,"न भवन्ति यत्र मृति-जन्म-जरा
स्त्रिविधं भयं किमुत दुःख-गणः
अपरं च किञ्चिदशुभं न भवे
न्न गुणादि तत्-प्रभव-मूलमपि",प्रमिताक्षरा,48,10.71,plausible,1.0,1.00 exact,auto_accepted,,dge_linked,B,[],none (spot-check optional)
kamadhenu_dataset/incoming_audio/dge_linked/sumadhva_vijaya/smv11.24.mp3,sumadhva_vijaya,sarga_11,24,full,sumadhva_vijaya:sarga_11:24,"अनु-भूयते सुखमनन्त-सखैः
सकलैरलम्मति-पदं सततम्
अपि तारतम्य-सहितैः स्व-गुरु
प्रवणैः परस्परमुरु-प्रणयैः",प्रमिताक्षरा,48,10.971,plausible,1.0,1.00 exact,auto_accepted,,dge_linked,B,[],none (spot-check optional)
kamadhenu_dataset/incoming_audio/dge_linked/sumadhva_vijaya/smv11.25.mp3,sumadhva_vijaya,sarga_11,25,full,sumadhva_vijaya:sarga_11:25,"अति सुन्दराः सुरभयः पुरुषा
हरि चन्दनेन नव-चन्द्र-रुचा
चल-चारु-चामर-धरानु-चरा
विहरन्ति नित्य-तरुणा इह ते",प्रमिताक्षरा,48,10.815,plausible,1.0,1.00 exact,auto_accepted,,dge_linked,B,[],none (spot-check optional)
kamadhenu_dataset/incoming_audio/dge_linked/sumadhva_vijaya/smv11.26.mp3,sumadhva_vijaya,sarga_11,26,full,sumadhva_vijaya:sarga_11:26,"स-विलास-लास्य-परितुष्ट-दृशो
मृदु-गीत-वाद्य-मुदित-श्रवणाः
अनु-रञ्जयन्ति नव-कञ्ज-दृशो
रमणा अमी स्व-रमणीस्तरुणीः",प्रमिताक्षरा,48,9.927,plausible,1.0,1.00 exact,auto_accepted,,dge_linked,B,[],none (spot-check optional)
kamadhenu_dataset/incoming_audio/dge_linked/sumadhva_vijaya/smv11.27.mp3,sumadhva_vijaya,sarga_11,27,full,sumadhva_vijaya:sarga_11:27,"परिणायकानुप-वनाभि-मुखान्
अनुनिस्सरन्ति हरिणी-नयनाः
विमला विमान-वलयाच्छनकैः
शशि-मण्डलादिव रुचो रुचिराः",प्रमिताक्षरा,48,11.546,plausible,1.0,1.00 exact,auto_accepted,,dge_linked,B,[],none (spot-check optional)
kamadhenu_dataset/incoming_audio/dge_linked/sumadhva_vijaya/smv11.28.mp3,sumadhva_vijaya,sarga_11,28,full,sumadhva_vijaya:sarga_11:28,"अरुणाश्म-वर्ण-तनवस्तनवः
शुभ-हार-सन्निभ-रुचोऽप्यपराः
हरि-नील-नील-रुचयोऽत्र पराः
प्रकटीभवन्ति विविधाभरणाः",प्रमिताक्षरा,48,12.33,plausible,1.0,1.00 exact,auto_accepted,,dge_linked,B,[],none (spot-check optional)
kamadhenu_dataset/incoming_audio/dge_linked/sumadhva_vijaya/smv11.29.mp3,sumadhva_vijaya,sarga_11,29,full,sumadhva_vijaya:sarga_11:29,"सुचिर-द्युतीर्द्दधति सूक्ष्म-तरं
स्वयमम्बरं च खलु बिभ्रति याः
शुक-निःस्वना ध्रुवमिमा अपराः
सु-पयोधरा जलधरा-वलयः",प्रमिताक्षरा,48,11.651,plausible,1.0,1.00 exact,auto_accepted,,dge_linked,B,[],none (spot-check optional)
kamadhenu_dataset/incoming_audio/dge_linked/sumadhva_vijaya/smv11.3.mp3,sumadhva_vijaya,sarga_11,3,full,sumadhva_vijaya:sarga_11:3,"भगवत्तमस्य विपुल-प्रमतेः
समयं मनो-हर-तमं जगति
महितं भवद्भिरपि लोक-पते
पठतां मुहुः फलमुदेष्यति किम्",प्रमिताक्षरा,48,11.755,plausible,1.0,1.00 exact,auto_accepted,,dge_linked,B,"[""exact_duplicate""]",none (spot-check optional)
kamadhenu_dataset/incoming_audio/dge_linked/sumadhva_vijaya/smv11.30.mp3,sumadhva_vijaya,sarga_11,30,full,sumadhva_vijaya:sarga_11:30,"समतीत विद्रुम-भुवां सु-दृशां
पद-पल्लवाग्र्य-नख-रक्त-रुचीः
पर-भागतः स्फटिक-कुट्टिम-भूः
प्रकटीकरोति न पुरा प्रकटाः",प्रमिताक्षरा,48,11.546,plausible,1.0,1.00 exact,auto_accepted,,dge_linked,B,[],none (spot-check optional)
kamadhenu_dataset/incoming_audio/dge_linked/sumadhva_vijaya/smv11.31.mp3,sumadhva_vijaya,sarga_11,31,full,sumadhva_vijaya:sarga_11:31,"हरिणी-दृशां नि-वसनानि बृहत्
सु-नितम्ब-बिम्ब-रुचिरोरु-रुचा
शबळयन्ति मदनस्य जग
ज्जय-वैजयन्त्य इति निश्चिनुमः",अज्ञातम्,47,10.501,plausible,1.0,1.00 exact,auto_accepted,,dge_linked,B,[],none (spot-check optional)
kamadhenu_dataset/incoming_audio/dge_linked/sumadhva_vijaya/smv11.32.mp3,sumadhva_vijaya,sarga_11,32,full,sumadhva_vijaya:sarga_11:32,"कर-पल्लवैस्तरळितैर्लळितै
रसकृत् क्वणत्-कनक-कङ्कणकैः
नव-रोम-राजि-वलि-वल्गु-मृदु
प्र-तनूदरैरति-मनाक् तरळैः",प्रमिताक्षरा,48,11.912,plausible,1.0,1.00 exact,auto_accepted,,dge_linked,B,[],none (spot-check optional)
kamadhenu_dataset/incoming_audio/dge_linked/sumadhva_vijaya/smv11.33.mp3,sumadhva_vijaya,sarga_11,33,full,sumadhva_vijaya:sarga_11:33,"कुच-कुम्भ-पूर्ण-तर-कान्ति-सुधा
रस-शेष-बिन्दु-विसर-च्छविभिः
वर-हार-राजिभिरुतानु-पदं
परि-लोठिताभिरशनैरुरसि",प्रमिताक्षरा,48,10.606,plausible,1.0,1.00 exact,auto_accepted,,dge_linked,B,[],none (spot-check optional)
kamadhenu_dataset/incoming_audio/dge_linked/sumadhva_vijaya/smv11.34.mp3,sumadhva_vijaya,sarga_11,34,full,sumadhva_vijaya:sarga_11:34,"अपि लीलया कुवलयोल्लसितै
रपरैः करैः सहचरी-निहितैः
वदनैः शुचि-स्मित-कटाक्ष-रसै
श्चल-कुण्डलोल्लसित-गण्ड-युगैः",प्रमिताक्षरा,48,11.86,plausible,1.0,1.00 exact,auto_accepted,,dge_linked,B,[],none (spot-check optional)
kamadhenu_dataset/incoming_audio/dge_linked/sumadhva_vijaya/smv11.35.mp3,sumadhva_vijaya,sarga_11,35,full,sumadhva_vijaya:sarga_11:35,"प्रगतासु तासु रणितै रशना
मणि-नूपुरैरिव पुरा गदिताः
अनु-वीक्षितुं तनु-विलासमिमं
तरुणा भवन्त्यथ निवृत्त-मुखाः",प्रमिताक्षरा,48,10.553,plausible,1.0,1.00 exact,auto_accepted,,dge_linked,B,[],none (spot-check optional)
kamadhenu_dataset/incoming_audio/dge_linked/sumadhva_vijaya/smv11.36.mp3,sumadhva_vijaya,sarga_11,36,full,sumadhva_vijaya:sarga_11:36,"अनु-पालिताः स्व-दयितैर्द्दयिताः
कथमप्युपेत्य कुच-भार-नताः
शनकैः पुनस्तदवलम्ब-बलात्
किल ता विशन्ति परमोप-वनम्",प्रमिताक्षरा,48,14.211,plausible,1.0,1.00 exact,auto_accepted,,dge_linked,B,[],none (spot-check optional)
kamadhenu_dataset/incoming_audio/dge_linked/sumadhva_vijaya/smv11.37.mp3,sumadhva_vijaya,sarga_11,37,full,sumadhva_vijaya:sarga_11:37,"हसित-प्रसून-निकरोरु-भर
प्रणमत्-सुवर्ण-मणि-सर्व-तरून्
उपगूहयन्नमृत-सिन्धु-सखः
पवनो न कस्य सुखमेधयति",प्रमिताक्षरा,48,10.606,plausible,1.0,1.00 exact,auto_accepted,,dge_linked,B,[],none (spot-check optional)
kamadhenu_dataset/incoming_audio/dge_linked/sumadhva_vijaya/smv11.38.mp3,sumadhva_vijaya,sarga_11,38,full,sumadhva_vijaya:sarga_11:38,"वर-पारिभद्रक-सु-कल्पतरु
व्रज-पारिजात-हरि-चन्दन-वत्
सहितं समादि-पद-ताननगैः
परिभूषयन्ति तदहो ऋतवः",प्रमिताक्षरा,48,10.397,plausible,1.0,1.00 exact,auto_accepted,,dge_linked,B,[],none (spot-check optional)
kamadhenu_dataset/incoming_audio/dge_linked/sumadhva_vijaya/smv11.39.mp3,sumadhva_vijaya,sarga_11,39,full,sumadhva_vijaya:sarga_11:39,"स्मित-माधवी-कुसुम-रम्य-तरौ
नव-चम्पकादि-कुसुमोल्लसितौ
मधु माधवी मधुप-गीर्म्मधुरौ
मधुजित्-प्रियान् प्रमदमानयतः",प्रमिताक्षरा,48,10.971,plausible,1.0,1.00 exact,auto_accepted,,dge_linked,B,[],none (spot-check optional)
kamadhenu_dataset/incoming_audio/dge_linked/sumadhva_vijaya/smv11.4.mp3,sumadhva_vijaya,sarga_11,4,full,sumadhva_vijaya:sarga_11:4,"अधिकारिणां फलमलं विदुषां
भवति प्रवृत्तिरति-वीर्य्य-वती
इति तत् फलं स-फल-सङ्कथनो
भगवान् प्र-पञ्चयतु भूरि-दयः",प्रमिताक्षरा,48,11.755,plausible,1.0,1.00 exact,auto_accepted,,dge_linked,B,"[""exact_duplicate""]",none (spot-check optional)
kamadhenu_dataset/incoming_audio/dge_linked/sumadhva_vijaya/smv11.40.mp3,sumadhva_vijaya,sarga_11,40,full,sumadhva_vijaya:sarga_11:40,"नव-मल्लिका-स्रजमभीष्ट-तमः
शुचि सम्भवां प्रणयिनी-शिरसि
कलयन् स्वयं न कुशलेति किल
प्रति-घट्टयत्युरु-कुचावुरसा",प्रमिताक्षरा,48,11.964,plausible,1.0,1.00 exact,auto_accepted,,dge_linked,B,[],none (spot-check optional)
kamadhenu_dataset/incoming_audio/dge_linked/sumadhva_vijaya/smv11.41.mp3,sumadhva_vijaya,sarga_11,41,full,sumadhva_vijaya:sarga_11:41,"मधुर-स्वरास्तत-पतत्र-तति
प्रकटान्त-पाति-धृत-नेत्र-रुचः
शिखिनोऽनु-यान्ति हि सहस्र-दृशं
जलदर्तुलक्ष्म-निज-नृत्त-महः",प्रमिताक्षरा,48,12.016,plausible,1.0,1.00 exact,auto_accepted,,dge_linked,B,[],none (spot-check optional)
kamadhenu_dataset/incoming_audio/dge_linked/sumadhva_vijaya/smv11.42.mp3,sumadhva_vijaya,sarga_11,42,full,sumadhva_vijaya:sarga_11:42,"शरदोल्लसत्-कुवलयेक्षणया
विकचारविन्द-रुचिराननया
प्रियया च शोभन-शुक-स्वनया
मुखर-हंसकया रमते जनः",मात्रासमक,48,12.434,plausible,1.0,1.00 exact,auto_accepted,,dge_linked,B,[],none (spot-check optional)
kamadhenu_dataset/incoming_audio/dge_linked/sumadhva_vijaya/smv11.43.mp3,sumadhva_vijaya,sarga_11,43,full,sumadhva_vijaya:sarga_11:43,"अभिनन्दयन् हिमऋतुं सु-सखा
स्फटिकाचल-च्छल-हिमाधिकृतम्
फलिनी-कुलं कुसुमयञ्छिशिरो
हसतीव फुल्ल-नव-कुन्द-रुचा",प्रमिताक्षरा,48,12.643,plausible,1.0,1.00 exact,auto_accepted,,dge_linked,B,[],none (spot-check optional)
kamadhenu_dataset/incoming_audio/dge_linked/sumadhva_vijaya/smv11.44.mp3,sumadhva_vijaya,sarga_11,44,full,sumadhva_vijaya:sarga_11:44,"हिम-शीत-वर्ष-परिताप-पुर
स्सर-दोष-मूलमिह नर्चुगणः
प्रियमेव साधयति नित्यमहो
स विमुक्तिमानिति विमुक्तिमताम्",प्रमिताक्षरा,48,11.128,plausible,1.0,1.00 exact,auto_accepted,,dge_linked,B,[],none (spot-check optional)
kamadhenu_dataset/incoming_audio/dge_linked/sumadhva_vijaya/smv11.45.mp3,sumadhva_vijaya,sarga_11,45,full,sumadhva_vijaya:sarga_11:45,"अमृत-स्रगुत्तम-फल-प्रसवान् अमृताय तत्र जनताऽर्पयति
उपभोक्तुमप्यविधि बन्ध-वशा प्रकृतिं प्रयाति सकलोऽपि सदा",प्रमिताक्षरा,48,10.815,plausible,1.0,1.00 exact,auto_accepted,,dge_linked,B,[],none (spot-check optional)
kamadhenu_dataset/incoming_audio/dge_linked/sumadhva_vijaya/smv11.46.mp3,sumadhva_vijaya,sarga_11,46,full,sumadhva_vijaya:sarga_11:46,"प्रमदाति-रेकमुप-यातवता प्रमदा-गणेन चरतोपवने
उप-गीयते स्म मधुरं मधुजिच्चरितं सकान्त-ततिना समम्",अज्ञातम्,47,12.33,plausible,1.0,1.00 exact,auto_accepted,,dge_linked,B,[],none (spot-check optional)
kamadhenu_dataset/incoming_audio/dge_linked/sumadhva_vijaya/smv11.47.mp3,sumadhva_vijaya,sarga_11,47,full,sumadhva_vijaya:sarga_11:47,"ललना ललन्त्यभिवरं प्रवरा लळिता लुनन्ति कुसुमानि पराः
इतराः स्रजो वि-रचयन्ति पतीन् अनु-रञ्जयन्ति न हि काश्चन नो",प्रमिताक्षरा,48,11.389,plausible,1.0,1.00 exact,auto_accepted,,dge_linked,B,[],none (spot-check optional)
kamadhenu_dataset/incoming_audio/dge_linked/sumadhva_vijaya/smv11.48.mp3,sumadhva_vijaya,sarga_11,48,full,sumadhva_vijaya:sarga_11:48,"वन-लीलया विविधया मुदितास्तरुणा घन-स्तन-नतास्तरुणीः
सु-लतालयेषु परिरभ्य रतिं वदनारविन्द-मधुपा दधति",प्रमिताक्षरा,48,11.442,plausible,1.0,1.00 exact,auto_accepted,,dge_linked,B,[],none (spot-check optional)
kamadhenu_dataset/incoming_audio/dge_linked/sumadhva_vijaya/smv11.49.mp3,sumadhva_vijaya,sarga_11,49,full,sumadhva_vijaya:sarga_11:49,"रसिकाः सुधाप्सु सरसीषु ततो रुत-नूपुरानु-कृत-सारसिकाः
विहरन्ति साकमवगाह्य धवैर्ज्जल-मड्डुकोत्सव-हसद्-वदनाः",प्रमिताक्षरा,48,11.389,plausible,1.0,1.00 exact,auto_accepted,,dge_linked,B,[],none (spot-check optional)
kamadhenu_dataset/incoming_audio/dge_linked/sumadhva_vijaya/smv11.5.mp3,sumadhva_vijaya,sarga_11,5,full,sumadhva_vijaya:sarga_11:5,"इति तैरुदीरितमुदार-मति
र्वचनं निशम्य स जगाद गिरम्
शृणुताऽदरेण महनीय-तमं
महनीय-पाद-समयस्य फलम्",प्रमिताक्षरा,48,10.71,plausible,1.0,1.00 exact,auto_accepted,,dge_linked,B,"[""exact_duplicate""]",none (spot-check optional)
kamadhenu_dataset/incoming_audio/dge_linked/sumadhva_vijaya/smv11.50.mp3,sumadhva_vijaya,sarga_11,50,full,sumadhva_vijaya:sarga_11:50,"विविधा विधाय विहृतीः सलिले विकटेषु विद्रुम-तटेषु गताः
सुरभिं सुवर्णमथ वर्णकमाददते सखी-कर-गतं महिळाः",प्रमिताक्षरा,48,14.994,plausible,1.0,1.00 exact,auto_accepted,,dge_linked,B,[],none (spot-check optional)
kamadhenu_dataset/incoming_audio/dge_linked/sumadhva_vijaya/smv11.51.mp3,sumadhva_vijaya,sarga_11,51,full,sumadhva_vijaya:sarga_11:51,"जघनांशुकैरवयवाभरणैः कुच-कुङ्कुमैश्च कच-माल्य-वरैः
नयनाञ्जनैरपि मिथोऽब्ज-दृशां घटितैरलङ्कृतिरलं क्रियते",प्रमिताक्षरा,48,13.27,plausible,1.0,1.00 exact,auto_accepted,,dge_linked,B,[],none (spot-check optional)
kamadhenu_dataset/incoming_audio/dge_linked/sumadhva_vijaya/smv11.52.mp3,sumadhva_vijaya,sarga_11,52,full,sumadhva_vijaya:sarga_11:52,"तनुमध्यमा निज-गृहाणि गताः सममात्मनामसु-समैरसमैः
अमृतं पिबन्त्यसुलभं भविभिश्छषकैर्महा-रजत-रत्न-मयैः",प्रमिताक्षरा,48,13.479,plausible,1.0,1.00 exact,auto_accepted,,dge_linked,B,[],none (spot-check optional)
kamadhenu_dataset/incoming_audio/dge_linked/sumadhva_vijaya/smv11.53.mp3,sumadhva_vijaya,sarga_11,53,full,sumadhva_vijaya:sarga_11:53,"मृदु-कम्र-शय्यमनु-रागवतां मणि-मञ्चमञ्चित-दृशोऽवसरे
अपि चोदिता अधि-रुहन्ति शनैर्विनयो हि भूषयति सर्व-रसम्",प्रमिताक्षरा,48,13.27,plausible,1.0,1.00 exact,auto_accepted,,dge_linked,B,[],none (spot-check optional)
kamadhenu_dataset/incoming_audio/dge_linked/sumadhva_vijaya/smv11.54.mp3,sumadhva_vijaya,sarga_11,54,full,sumadhva_vijaya:sarga_11:54,"अभिकान्तमुन्नमित-कान्त-कुचा किल बध्नती स-कुसुमां कबरीम्
सुमुखी सु-लक्ष्य-भुज-मूल-वलिः परि-रभ्यते प्रणयिनाऽति-रसात्",प्रमिताक्षरा,48,12.905,plausible,1.0,1.00 exact,auto_accepted,,dge_linked,B,[],none (spot-check optional)
kamadhenu_dataset/incoming_audio/dge_linked/sumadhva_vijaya/smv11.55.mp3,sumadhva_vijaya,sarga_11,55,full,sumadhva_vijaya:sarga_11:55,"पृथु-वृत्त-तुङ्ग-कठिनोरसिज-द्वय-वारितायत-निजान्तरयोः
भुजयोर्युगेन रमणो रमणीं परिरभ्य कोऽत्र रमयेन्न सुखी",प्रमिताक्षरा,48,11.598,plausible,1.0,1.00 exact,auto_accepted,,dge_linked,B,[],none (spot-check optional)
kamadhenu_dataset/incoming_audio/dge_linked/sumadhva_vijaya/smv11.56.mp3,sumadhva_vijaya,sarga_11,56,full,sumadhva_vijaya:sarga_11:56,"स्मित-फुल्लमुल्लसित-झिल्लि-लसन्मणि-कुण्डलं मृदु-कटाक्ष-पटु
निभृतो निरीक्ष्य सु-चिरं सु-तनोः प्रति चुम्बति प्रियतमो वदनम्",प्रमिताक्षरा,48,11.546,plausible,1.0,1.00 exact,auto_accepted,,dge_linked,B,[],none (spot-check optional)
kamadhenu_dataset/incoming_audio/dge_linked/sumadhva_vijaya/smv11.57.mp3,sumadhva_vijaya,sarga_11,57,full,sumadhva_vijaya:sarga_11:57,"नतमुन्नमय्य मुख-चन्द्रमसं परिरम्भ-सम्भृत-मुदा सु-दृशः
उप-रम्यते न तरुणेन चिरं मधुराधरामृत-रसं पिबता",प्रमिताक्षरा,48,10.397,plausible,1.0,1.00 exact,auto_accepted,,dge_linked,B,"[""exact_duplicate""]",none (spot-check optional)
kamadhenu_dataset/incoming_audio/dge_linked/sumadhva_vijaya/smv11.58.mp3,sumadhva_vijaya,sarga_11,58,full,sumadhva_vijaya:sarga_11:58,"रभसावपातित-पृथूरसिजः परिरभ्य तत्-क्षण-वियात-तरः
मणितादि-सौरत-वितान-पटू रमयत्यमून् युवति-सङ्घ उत",प्रमिताक्षरा,48,10.397,plausible,1.0,1.00 exact,auto_accepted,,dge_linked,B,"[""exact_duplicate""]",none (spot-check optional)
kamadhenu_dataset/incoming_audio/dge_linked/sumadhva_vijaya/smv11.59.mp3,sumadhva_vijaya,sarga_11,59,full,sumadhva_vijaya:sarga_11:59,"अति-लौकिकान् रमयतो रमणान् रमयन्त्यलौकिक-गुणा ललनाः
अनुरूप-रूपमति-लोक-सुखं तदलौकिकं निधुवनं लसति",प्रमिताक्षरा,48,10.606,plausible,1.0,1.00 exact,auto_accepted,,dge_linked,B,[],none (spot-check optional)
kamadhenu_dataset/incoming_audio/dge_linked/sumadhva_vijaya/smv11.6.mp3,sumadhva_vijaya,sarga_11,6,full,sumadhva_vijaya:sarga_11:6,"त्रिदिवादि लभ्यमपि नास्य फलं
कथितं कृषेरिव पलाल-कुलम्
स्व-फलं तु मुक्ति-पदमुक्ति-पदं
शुक-शारदादि-परमार्थ-विदाम्",प्रमिताक्षरा,48,10.71,plausible,1.0,1.00 exact,auto_accepted,,dge_linked,B,"[""exact_duplicate""]",none (spot-check optional)
kamadhenu_dataset/incoming_audio/dge_linked/sumadhva_vijaya/smv11.60.mp3,sumadhva_vijaya,sarga_11,60,full,sumadhva_vijaya:sarga_11:60,"न रतिः श्रमादि-खचिता नियमाद्विरह-व्यथाऽपि न वधू-वरयोः
प्रतिकामिनी-प्रणयतः कलहो न समस्ति दोष-रहिते हि पदे",प्रमिताक्षरा,48,10.658,plausible,1.0,1.00 exact,auto_accepted,,dge_linked,B,[],none (spot-check optional)
kamadhenu_dataset/incoming_audio/dge_linked/sumadhva_vijaya/smv11.61.mp3,sumadhva_vijaya,sarga_11,61,full,sumadhva_vijaya:sarga_11:61,"सुख-संविदात्मक-तया वपुषां सुरभित्वमेव बहिरन्तरपि
हरि-धाम दम्पति-गणस्य ततो ननु मान्यतेऽपि मुनिभिः सुरतम्",प्रमिताक्षरा,48,12.069,plausible,1.0,1.00 exact,auto_accepted,,dge_linked,B,[],none (spot-check optional)
kamadhenu_dataset/incoming_audio/dge_linked/sumadhva_vijaya/smv11.62.mp3,sumadhva_vijaya,sarga_11,62,full,sumadhva_vijaya:sarga_11:62,"शृणुताप्यलोक-विषयं विषयं सकलस्य मुक्त-निकरस्य दृशाम्
वपुरिन्दिरापतिरमन्द-रसं ननु सुन्दरं प्रकटयत्यनिशम्",प्रमिताक्षरा,48,10.606,plausible,1.0,1.00 exact,auto_accepted,,dge_linked,B,[],none (spot-check optional)
kamadhenu_dataset/incoming_audio/dge_linked/sumadhva_vijaya/smv11.63.mp3,sumadhva_vijaya,sarga_11,63,full,sumadhva_vijaya:sarga_11:63,"मणि-राजि-राजित-महा-मकुटं शिति-कान्त-कुन्तल-सहस्र-तयम्
अलिकार्द्ध-चन्द्र-विलसत्-तिलकं श्रवणोल्लसन्मकर-कुण्डल-युक्",प्रमिताक्षरा,48,12.225,plausible,1.0,1.00 exact,auto_accepted,,dge_linked,B,[],none (spot-check optional)
kamadhenu_dataset/incoming_audio/dge_linked/sumadhva_vijaya/smv11.64.mp3,sumadhva_vijaya,sarga_11,64,full,sumadhva_vijaya:sarga_11:64,"परि-पूर्ण-चन्द्र-परि-हासि-मुखं जलजायताक्षमरुणोष्ठ-पुटम्
हसिताव-लोक-ललितैरतुलैरभिनन्दयत् प्रणतमात्म-जनम्",प्रमिताक्षरा,48,12.434,plausible,1.0,1.00 exact,auto_accepted,,dge_linked,B,[],none (spot-check optional)
kamadhenu_dataset/incoming_audio/dge_linked/sumadhva_vijaya/smv11.65.mp3,sumadhva_vijaya,sarga_11,65,full,sumadhva_vijaya:sarga_11:65,"नव-कम्बु-कण्ठ-महिमांशुमहो-महिमोपलेन्द्र-वर-हार-धरम्
रमणीय-रत्न-गणविद्ध-लसद्-वलयाङ्गुलीयक-वराङ्गद-वत्",प्रमिताक्षरा,48,10.971,plausible,1.0,1.00 exact,auto_accepted,,dge_linked,B,[],none (spot-check optional)
kamadhenu_dataset/incoming_audio/dge_linked/sumadhva_vijaya/smv11.66.mp3,sumadhva_vijaya,sarga_11,66,full,sumadhva_vijaya:sarga_11:66,"रवि-चक्र-रुक्-प्रकर-चक्र-करं विधु-बिम्ब-कम्बु-मधुराम्बुरुहम्
ज्वलन-ज्वलद्-गदमुदार-धनुः पृथु-वृत्त-हस्तमति-ताम्र-तलम्",प्रमिताक्षरा,48,9.979,plausible,1.0,1.00 exact,auto_accepted,,dge_linked,B,[],none (spot-check optional)
kamadhenu_dataset/incoming_audio/dge_linked/sumadhva_vijaya/smv11.67.mp3,sumadhva_vijaya,sarga_11,67,full,sumadhva_vijaya:sarga_11:67,"वर-पीवरांसमधि-राजदुरो-मणि-मण्डपाग्र्य-विलसत्-कमलम्
स-जगद्-द्वि-सप्तक-तनूदरकं शुभ-नाभि-कञ्ज-गत-कालि-नुतम्",प्रमिताक्षरा,48,11.389,plausible,1.0,1.00 exact,auto_accepted,,dge_linked,B,[],none (spot-check optional)
kamadhenu_dataset/incoming_audio/dge_linked/sumadhva_vijaya/smv11.68.mp3,sumadhva_vijaya,sarga_11,68,full,sumadhva_vijaya:sarga_11:68,"अतिकान्त-काञ्चि-पद-काञ्चि-मिलत्-तपनीय-भङ्ग-रुचि-पिङ्ग-पटम्
वर-हस्ति-हस्त-सदृशोरु-युगं क्रम-वृत्त-चारु-तर-जङ्घमुत",प्रमिताक्षरा,48,11.86,plausible,1.0,1.00 exact,auto_accepted,,dge_linked,B,[],none (spot-check optional)
kamadhenu_dataset/incoming_audio/dge_linked/sumadhva_vijaya/smv11.69.mp3,sumadhva_vijaya,sarga_11,69,full,sumadhva_vijaya:sarga_11:69,"वर-नूपुरं परम-रुक्-प्रपदं नव-विद्रुम-द्युति-नखावलि-मत्
अरि-वारिज-ध्वज-कलङ्क-लसत्-पद-पांसु-पावित-जगत्-त्रितयम्",प्रमिताक्षरा,48,11.389,plausible,1.0,1.00 exact,auto_accepted,,dge_linked,B,[],none (spot-check optional)
kamadhenu_dataset/incoming_audio/dge_linked/sumadhva_vijaya/smv11.7.mp3,sumadhva_vijaya,sarga_11,7,full,sumadhva_vijaya:sarga_11:7,"परमागमार्थ-वर-शास्त्रमिदं
भजताममानव-कला-रचितम्
व्रजतामहो परम-वैष्णवतां
रतये स्व-लोकमजितो दिशति",प्रमिताक्षरा,48,10.553,plausible,1.0,1.00 exact,auto_accepted,,dge_linked,B,[],none (spot-check optional)
kamadhenu_dataset/incoming_audio/dge_linked/sumadhva_vijaya/smv11.70.mp3,sumadhva_vijaya,sarga_11,70,full,sumadhva_vijaya:sarga_11:70,"निखिलागमावगमितैरमितैः सुख-संविदादिभिरनन्त-गुणैः
प्रपदादि-कान्त-सकलावयवा-कृतिभिः सदैक्यवददोष-लवम्",प्रमिताक्षरा,48,11.755,plausible,1.0,1.00 exact,auto_accepted,,dge_linked,B,[],none (spot-check optional)
kamadhenu_dataset/incoming_audio/dge_linked/sumadhva_vijaya/smv11.71.mp3,sumadhva_vijaya,sarga_11,71,full,sumadhva_vijaya:sarga_11:71,"अधिकारिणां गुण-विशेष-वशाद् द्विपदाद्यनन्त-चरणान्त-तया
अति-भासितं घन-गुणाप-घनैरितरैश्च तत्तदुचितै रुचितैः",प्रमिताक्षरा,48,15.726,plausible,1.0,1.00 exact,auto_accepted,,dge_linked,B,[],none (spot-check optional)
kamadhenu_dataset/incoming_audio/dge_linked/sumadhva_vijaya/smv11.72.mp3,sumadhva_vijaya,sarga_11,72,full,sumadhva_vijaya:sarga_11:72,"नव-भानु-भाः कनक-कान्ति-परं वर-हार-हारि हरि-नील-हरित्
शबल-प्रभादि-विविध-द्युतिमत् सुख-बोध-सौरभ-सु-रूप-गुणम्",प्रमिताक्षरा,48,12.434,plausible,1.0,1.00 exact,auto_accepted,,dge_linked,B,[],none (spot-check optional)
kamadhenu_dataset/incoming_audio/dge_linked/sumadhva_vijaya/smv11.73.mp3,sumadhva_vijaya,sarga_11,73,full,sumadhva_vijaya:sarga_11:73,"आश्चर्य रत्नेष्वधिकं जगत्-त्रयेऽप्याश्चर्यमाश्चर्यमहो मुहुर्मुहुः
सौन्दर्य-सारैक-रसं रमा-पते रूपं तदानन्दयतीह मोक्षिणः",इन्द्रवंशा,48,13.897,plausible,1.0,1.00 exact,auto_accepted,,dge_linked,B,[],none (spot-check optional)
kamadhenu_dataset/incoming_audio/dge_linked/sumadhva_vijaya/smv11.74.mp3,sumadhva_vijaya,sarga_11,74,full,sumadhva_vijaya:sarga_11:74,"इज्यते यज्ञ-शीलैः स यज्ञः प्राज्ञ-मध्ये परः प्रोच्यतेऽन्यैः
गीयते गेय-कीर्त्तिः सु-गीतैर्विद्ध्यबद्धैः सदाऽऽनन्द-सान्द्रैः",अज्ञातम्,40,11.912,plausible,1.0,1.00 exact,auto_accepted,,dge_linked,B,[],none (spot-check optional)
kamadhenu_dataset/incoming_audio/dge_linked/sumadhva_vijaya/smv11.75.mp3,sumadhva_vijaya,sarga_11,75,full,sumadhva_vijaya:sarga_11:75,"वैकुण्ठे ते श्री-विशेषा जनानामत्याश्चर्यं चित्त-वाचामभूमिः
वैकुण्ठे ते श्री-विशेषाजनाना-मुक्त-श्लाघ्ये युक्तमेतादृशत्वम्",शालिनी,44,13.322,plausible,1.0,1.00 exact,auto_accepted,,dge_linked,B,[],none (spot-check optional)
kamadhenu_dataset/incoming_audio/dge_linked/sumadhva_vijaya/smv11.76.mp3,sumadhva_vijaya,sarga_11,76,full,sumadhva_vijaya:sarga_11:76,"यं यं सुखी कामयतेऽर्थमत्र सङ्कल्प-मात्रात् सकलोऽपि स स्यात्
इत्येव वेदा अपि वेदयन्ति मुक्तिं ततः को विभवातिरेकः",इन्द्रवज्रा,44,14.106,plausible,1.0,1.00 exact,auto_accepted,,dge_linked,B,[],none (spot-check optional)
kamadhenu_dataset/incoming_audio/dge_linked/sumadhva_vijaya/smv11.77.mp3,sumadhva_vijaya,sarga_11,77,full,sumadhva_vijaya:sarga_11:77,"महानन्द-तीर्थस्य ये भाष्य-भावं मनोवाग्भिरा-वर्तयन्ते स्व-शक्त्या
सुराद्या नरान्ता मुकुन्द-प्रसादादिमं मोक्षमेते भजन्ते सदेति",भुजङ्गप्रयात,48,12.487,plausible,1.0,1.00 exact,auto_accepted,,dge_linked,B,[],none (spot-check optional)
kamadhenu_dataset/incoming_audio/dge_linked/sumadhva_vijaya/smv11.8.mp3,sumadhva_vijaya,sarga_11,8,full,sumadhva_vijaya:sarga_11:8,"ननु तत्र विश्व-विभवैक-पदं
परि-भाति पूर्ण-पुरुषस्य पुरी
उपलभ्यते यदुपमान-पदं
प्रतिबिम्बमेव मणि-वप्र-गतम्",प्रमिताक्षरा,48,10.658,plausible,1.0,1.00 exact,auto_accepted,,dge_linked,B,[],none (spot-check optional)
kamadhenu_dataset/incoming_audio/dge_linked/sumadhva_vijaya/smv11.9.mp3,sumadhva_vijaya,sarga_11,9,full,sumadhva_vijaya:sarga_11:9,"सित-सौध-सन्तति-रुचा स्फुरिता
परितोऽरुणाश्म-गृह-पति-रुचिः
इह मच्छरीर-वलये लसिताम्
अनुयाति मूर्त्तिमसुरासुहृतः",अज्ञातम्,48,11.076,plausible,1.0,1.00 exact,auto_accepted,,dge_linked,B,[],none (spot-check optional)
kamadhenu_dataset/incoming_audio/dge_linked/sumadhva_vijaya/smv12.1.mp3,sumadhva_vijaya,sarga_12,1,full,sumadhva_vijaya:sarga_12:1,"अत्रानन्त-स्वान्त-वेदान्ति-सिंहे मुख्य-व्याख्या-निस्वने जृम्भमाणे
सद्यो माद्यद्-वादि-दन्तीन्द्र-भीमे भेजे क्षोभो मायि-गोमायु-यूथैः",शालिनी,44,17.972,plausible,1.0,1.00 exact,auto_accepted,,dge_linked,B,[],none (spot-check optional)
kamadhenu_dataset/incoming_audio/dge_linked/sumadhva_vijaya/smv12.10.mp3,sumadhva_vijaya,sarga_12,10,full,sumadhva_vijaya:sarga_12:10,"प्रश्नः पृष्टः खण्ड्यते तेन नूनं
युक्तां युक्तिं वक्ति चासावखण्ड्याम्
वादि-व्रातं लज्जयेन्नो विशेषाद्
आक्षेप्तेति श्रूयते किं नु कुर्मः",शालिनी,44,15.621,plausible,1.0,1.00 exact,auto_accepted,,dge_linked,B,[],none (spot-check optional)
kamadhenu_dataset/incoming_audio/dge_linked/sumadhva_vijaya/smv12.11.mp3,sumadhva_vijaya,sarga_12,11,full,sumadhva_vijaya:sarga_12:11,"प्राच्यं शास्त्रं यत् स-पादं तु लक्षं
वाक्येनैकेनाऽक्षिपद्धर्ष-तीर्थः
इत्थं पान्थैर्वर्णितं शृण्वतः प्राग्
युष्मान् प्रापद् दूयमानं मनो मे",शालिनी,44,15.726,plausible,1.0,1.00 exact,auto_accepted,,dge_linked,B,[],none (spot-check optional)
kamadhenu_dataset/incoming_audio/dge_linked/sumadhva_vijaya/smv12.12.mp3,sumadhva_vijaya,sarga_12,12,full,sumadhva_vijaya:sarga_12:12,"वेद-व्यासो न्वेष वेदो नु मूर्ती
दिव्या मूर्त्तिर्यस्य सा सु-स्मितस्य
तद्-द्रष्टॄणां चेति वाणी-कृपाणी
नूनं माया-पक्ष-मूलं छिनत्ति",शालिनी,44,14.524,plausible,1.0,1.00 exact,auto_accepted,,dge_linked,B,[],none (spot-check optional)
kamadhenu_dataset/incoming_audio/dge_linked/sumadhva_vijaya/smv12.13.mp3,sumadhva_vijaya,sarga_12,13,full,sumadhva_vijaya:sarga_12:13,"अक्लिष्टं तत्-सूत्र-भाष्यं बलीयो
मानोपेतं का क्षतिर्भस्तथा चेत्
आस्माकाः केऽप्येवमुक्त्वा विलज्जा
लज्जा-सिन्धौ दुस्सहेऽमज्जयन् नः",शालिनी,44,15.935,plausible,1.0,1.00 exact,auto_accepted,,dge_linked,B,[],none (spot-check optional)
kamadhenu_dataset/incoming_audio/dge_linked/sumadhva_vijaya/smv12.14.mp3,sumadhva_vijaya,sarga_12,14,full,sumadhva_vijaya:sarga_12:14,"तस्य व्याप्तैः शिष्य-जालैस्तु गौणैः
संसत्-सिन्धौ शङ्ख-चक्रादि-भृद्भिः
मा गृह्येरन् विश्व-सत्त्वान्तराणि
क्षेमात्यै नस्तत्र नीतिं विधत्त",शालिनी,44,15.047,plausible,1.0,1.00 exact,auto_accepted,,dge_linked,B,[],none (spot-check optional)
kamadhenu_dataset/incoming_audio/dge_linked/sumadhva_vijaya/smv12.15.mp3,sumadhva_vijaya,sarga_12,15,full,sumadhva_vijaya:sarga_12:15,"गौणैस्तर्कैर्गौण-वाक्याभिगुप्तै
र्गौणीं बुद्धिं वर्द्धयन्ते नृणां ते
हंसानां नो वाग्-विघात-प्रवीणाः
सिन्धुं भूयो वारि-वर्षैरिवाब्दाः",शालिनी,44,14.838,plausible,1.0,1.00 exact,auto_accepted,,dge_linked,B,[],none (spot-check optional)
kamadhenu_dataset/incoming_audio/dge_linked/sumadhva_vijaya/smv12.16.mp3,sumadhva_vijaya,sarga_12,16,full,sumadhva_vijaya:sarga_12:16,"बाहुल्येन ह्येतदुक्त्वा खलु द्राग्
एते विश्वं प्राप्नुवन्ति प्रकामम्
अस्मिन्नस्मद्-दर्शनापाय-काले
यद्वल्लोकापाय-काले लयापः",शालिनी,44,12.748,plausible,1.0,1.00 exact,auto_accepted,,dge_linked,B,[],none (spot-check optional)
kamadhenu_dataset/incoming_audio/dge_linked/sumadhva_vijaya/smv12.17.mp3,sumadhva_vijaya,sarga_12,17,full,sumadhva_vijaya:sarga_12:17,"आकर्ण्यत्थं तस्य वाणीमथान्यो
मानी तेषां मानिनां चित्त-वेत्ता
स्वानां चेतो नन्दयन् मन्द-चेता
धृष्टामुच्चैर्वाचमाचष्ट कष्टः",शालिनी,44,16.039,plausible,1.0,1.00 exact,auto_accepted,,dge_linked,B,[],none (spot-check optional)
kamadhenu_dataset/incoming_audio/dge_linked/sumadhva_vijaya/smv12.18.mp3,sumadhva_vijaya,sarga_12,18,full,sumadhva_vijaya:sarga_12:18,"तेजः-शङ्का-मात्रतो यद् विलीनं
धिग् भीरूणां मानसं मान-हीनम्
एकान्तेन प्राप्त-तेजो-विलीनं
स्थेयो यस्माद् भाति हैयङ्गवीनम्",शालिनी,44,14.681,plausible,1.0,1.00 exact,auto_accepted,,dge_linked,B,[],none (spot-check optional)
kamadhenu_dataset/incoming_audio/dge_linked/sumadhva_vijaya/smv12.19.mp3,sumadhva_vijaya,sarga_12,19,full,sumadhva_vijaya:sarga_12:19,"येषां विद्या शाङ्करी शङ्करी नो
देवादीनां बाध्यतां साधयन्ती
शौक्रीवालं लज्जयेद् देव-पूज्यं
तेषामेषां सन्निधौ को विषादः",शालिनी,44,16.353,plausible,1.0,1.00 exact,auto_accepted,,dge_linked,B,[],none (spot-check optional)
kamadhenu_dataset/incoming_audio/dge_linked/sumadhva_vijaya/smv12.2.mp3,sumadhva_vijaya,sarga_12,2,full,sumadhva_vijaya:sarga_12:2,"सम्भूयामी चोल-ज-द्वीपि-पुर्योः पार्श्वे पापा मन्त्रयामासुरुग्राः
सासूया भू-भूषणे वायु-देवे मूढा यद्वद् धार्तराष्ट्रान्तिके प्राक्",शालिनी,44,18.338,plausible,1.0,1.00 exact,auto_accepted,,dge_linked,B,[],none (spot-check optional)
kamadhenu_dataset/incoming_audio/dge_linked/sumadhva_vijaya/smv12.20.mp3,sumadhva_vijaya,sarga_12,20,full,sumadhva_vijaya:sarga_12:20,"यद्यद्वैतं कर्कशैर्गौण-तर्कैः
रुद्धं साध्यं नैव भात्यस्तु तावत्
षट्कर्म-ज्ञैर्दिव्य-मन्त्रौषधाढ्यै
रेतैर्गुप्तान् नो विजेता न कश्चित्",शालिनी,44,15.83,plausible,1.0,1.00 exact,auto_accepted,,dge_linked,B,[],none (spot-check optional)
kamadhenu_dataset/incoming_audio/dge_linked/sumadhva_vijaya/smv12.21.mp3,sumadhva_vijaya,sarga_12,21,full,sumadhva_vijaya:sarga_12:21,"यद्यप्येवं न ह्युपेक्ष्यो विपक्षः
किन्तु प्राप्तो नाधुनाऽऽक्रन्द-कालः
अप्यद्वन्द्व-स्वात्म-बोध-प्रतीतै
राचार्यैर्यच्छङ्कयते शङ्कराद्यैः",अज्ञातम्,45,16.196,plausible,1.0,1.00 exact,auto_accepted,,dge_linked,B,[],none (spot-check optional)
kamadhenu_dataset/incoming_audio/dge_linked/sumadhva_vijaya/smv12.22.mp3,sumadhva_vijaya,sarga_12,22,full,sumadhva_vijaya:sarga_12:22,"पारम्पर्येणागतं तत्त्व-शास्त्रं
हन्तोत्सन्नं नूतनेनेत्युदीर्य
तेषां दोषा वर्णनीया विदग्धैः
सन्तोऽसन्तो वाऽपि मध्यस्थ-लोके",शालिनी,44,15.778,plausible,1.0,1.00 exact,auto_accepted,,dge_linked,B,[],none (spot-check optional)
kamadhenu_dataset/incoming_audio/dge_linked/sumadhva_vijaya/smv12.23.mp3,sumadhva_vijaya,sarga_12,23,full,sumadhva_vijaya:sarga_12:23,"स्वाभिप्रायो ब्रह्मवत् स्यादवाच्यो
माया-शक्त्या सर्व-निर्वाह-सिद्धिः
इत्थं नीत्या शास्त्र-नीत्येव बाध्यः
सर्वो लोकः स्वात्मनो यः परः स्यात्",शालिनी,44,16.144,plausible,1.0,1.00 exact,auto_accepted,,dge_linked,B,[],none (spot-check optional)
kamadhenu_dataset/incoming_audio/dge_linked/sumadhva_vijaya/smv12.24.mp3,sumadhva_vijaya,sarga_12,24,full,sumadhva_vijaya:sarga_12:24,"ग्रामे ग्रामे वार्यतां माननैषां
पूर्वं-पूर्वम् साम-पूर्वैरुपायैः
सम्प्राप्तानां मान-भङ्गाय कार्यं
ग्रन्थाकर्षाद्युद्यतैरस्मदीयैः",शालिनी,44,16.562,plausible,1.0,1.00 exact,auto_accepted,,dge_linked,B,[],none (spot-check optional)
kamadhenu_dataset/incoming_audio/dge_linked/sumadhva_vijaya/smv12.25.mp3,sumadhva_vijaya,sarga_12,25,full,sumadhva_vijaya:sarga_12:25,"इत्याद्येते कार्यमालोच्य काले
चक्रुर्वक्राश्चक्रि-भक्त-प्रतीपम्
योग्या मङ्कं तेऽन्यथा स्युः कथं वा
दुःखोग्राम्भस्यन्ध-तामिस्र-सिन्धौ",शालिनी,44,14.681,plausible,1.0,1.00 exact,auto_accepted,,dge_linked,B,[],none (spot-check optional)
kamadhenu_dataset/incoming_audio/dge_linked/sumadhva_vijaya/smv12.26.mp3,sumadhva_vijaya,sarga_12,26,full,sumadhva_vijaya:sarga_12:26,"व्रत्याकारं वासुदेव-द्विषं ते
प्राज्ञम्मन्यं पुण्डरीकाभिधानम्
वाद-व्याजाक्षेप-कामाः कुमन्त्रा
च्चक्रुर्यत्नं रूप्य-पीठालयेऽमी",शालिनी,44,14.629,plausible,1.0,1.00 exact,auto_accepted,,dge_linked,B,[],none (spot-check optional)
kamadhenu_dataset/incoming_audio/dge_linked/sumadhva_vijaya/smv12.27.mp3,sumadhva_vijaya,sarga_12,27,full,sumadhva_vijaya:sarga_12:27,"यद्वत् सिंहं ग्राम-सिंहोऽशुचीच्छो
हंसं काको यद्वदेवैक-दृष्टिः
यद्वन्मायी भूरिमायस्तरक्षूं
तद्वद् विद्वद्-वर्यमाह्वास्त मूढः",शालिनी,44,14.942,plausible,1.0,1.00 exact,auto_accepted,,dge_linked,B,[],none (spot-check optional)
kamadhenu_dataset/incoming_audio/dge_linked/sumadhva_vijaya/smv12.28.mp3,sumadhva_vijaya,sarga_12,28,full,sumadhva_vijaya:sarga_12:28,"अप्यल्पोऽसौ न ह्युपेक्षाम्बभूवे
लोलात्मेवादक्ष-पक्षः पतङ्गः
मध्वेनाहो दुस्तरेण स्व-भावात्
तेजो-राजी-राजितेनाग्निनेव",शालिनी,44,15.151,plausible,1.0,1.00 exact,auto_accepted,,dge_linked,B,[],none (spot-check optional)
kamadhenu_dataset/incoming_audio/dge_linked/sumadhva_vijaya/smv12.29.mp3,sumadhva_vijaya,sarga_12,29,full,sumadhva_vijaya:sarga_12:29,"मानैर्मान्यैर्भासमानोऽसमानै
राक्षिप्यैनं स्वं मतं साधयित्वा
प्रीत्यै विष्णोरुत्तम-प्रीति-तीर्थो
वेद-व्याख्यां वेद-वेदी चकार",शालिनी,44,16.823,plausible,1.0,1.00 exact,auto_accepted,,dge_linked,B,[],none (spot-check optional)
kamadhenu_dataset/incoming_audio/dge_linked/sumadhva_vijaya/smv12.3.mp3,sumadhva_vijaya,sarga_12,3,full,sumadhva_vijaya:sarga_12:3,"सन्मात्सर्यं बद्धमूचेऽशुभानां वाचाऽलोलं कोऽपि गां धारकस्य
मध्ये तेषां नीच-नीत्या समानो वाचालोऽलं कोऽपि गान्धारकस्य",शालिनी,44,17.032,plausible,1.0,1.00 exact,auto_accepted,,dge_linked,B,[],none (spot-check optional)
kamadhenu_dataset/incoming_audio/dge_linked/sumadhva_vijaya/smv12.30.mp3,sumadhva_vijaya,sarga_12,30,full,sumadhva_vijaya:sarga_12:30,"आम्नायं ये पेठुराम्नाय-पूर्वं
प्राप्ता विप्रास्तत्र कौतूहलेन
पर्यासीनास्तावदाचार्य-वर्यं
प्रेक्ष्यं प्रेक्षाञ्चक्रिरेऽनेक-सङ्ख्याः",शालिनी,44,15.412,plausible,1.0,1.00 exact,auto_accepted,,dge_linked,B,[],none (spot-check optional)
kamadhenu_dataset/incoming_audio/dge_linked/sumadhva_vijaya/smv12.31.mp3,sumadhva_vijaya,sarga_12,31,full,sumadhva_vijaya:sarga_12:31,"उक्ताङ्गेभ्यः कादिकान् व्यञ्जयन्तं
तत्-तन्मात्रा-व्यञ्जनादौ प्रवीणम्
तिस्रोऽवस्थास्तद्-गुणैर्भावयन्तं
देवा दृष्ट्वा ह्यस्मरन् देव-देवम्",शालिनी,44,14.942,plausible,1.0,1.00 exact,auto_accepted,,dge_linked,B,[],none (spot-check optional)
kamadhenu_dataset/incoming_audio/dge_linked/sumadhva_vijaya/smv12.32.mp3,sumadhva_vijaya,sarga_12,32,full,sumadhva_vijaya:sarga_12:32,"आदौ ह्रस्वत्वेन वत्सानुसृत्यां
मात्रा-पादौ वर्तयन् दृश्यमानः
कुर्वन्नन्याश्चाग्र्य-रूपा विवृत्ती
र्गोविन्दश्रीरास गोविन्द-भक्तः",शालिनी,44,15.464,plausible,1.0,1.00 exact,auto_accepted,,dge_linked,B,[],none (spot-check optional)
kamadhenu_dataset/incoming_audio/dge_linked/sumadhva_vijaya/smv12.33.mp3,sumadhva_vijaya,sarga_12,33,full,sumadhva_vijaya:sarga_12:33,"मङ्गल्याङ्ग-व्यक्त-भावा त्रि-लोकीं
रङ्गारूढा विस्मयं प्रापयन्ती
कृष्णेवान्या मान्य-विन्यास-पादा
रेजे माध्वी सुस्वरा वेद-वाणी",शालिनी,44,14.681,plausible,1.0,1.00 exact,auto_accepted,,dge_linked,B,[],none (spot-check optional)
kamadhenu_dataset/incoming_audio/dge_linked/sumadhva_vijaya/smv12.34.mp3,sumadhva_vijaya,sarga_12,34,full,sumadhva_vijaya:sarga_12:34,"गाम्भीर्याद्यैर्युक्तमौदार्य-कार्यं
र्नाना-नाद-श्लाघ्यमुच्चारणं तत्
शीक्षा-शिक्षा-लक्षणानां हि लक्ष्यं
मान्यं मन्ये धन्य-बुद्धेरतुल्यम्",शालिनी,44,14.838,plausible,1.0,1.00 exact,auto_accepted,,dge_linked,B,[],none (spot-check optional)
kamadhenu_dataset/incoming_audio/dge_linked/sumadhva_vijaya/smv12.35.mp3,sumadhva_vijaya,sarga_12,35,full,sumadhva_vijaya:sarga_12:35,"काल्पीः क्लृप्तीर्व्यञ्जयंश्छान्दसीश्च
व्यक्तं शाब्दं शास्त्रमुद्भाव्य भूयः
स व्याख्यावुक्त-नैरुक्त-मार्गौ
ज्यायान् ज्योतिर्वेदिनां वेदमित्थम्",अज्ञातम्,43,14.315,plausible,1.0,1.00 exact,auto_accepted,,dge_linked,B,[],none (spot-check optional)
kamadhenu_dataset/incoming_audio/dge_linked/sumadhva_vijaya/smv12.36.mp3,sumadhva_vijaya,sarga_12,36,full,sumadhva_vijaya:sarga_12:36,"श्रौते व्याख्योच्चारणे चारुणी ते
मादृग् देही वर्णयेदस्य को नु
वागीशानैर्वाग्विहङ्गेन्द्र-जीवै
र्भूर्याश्चर्यैर्वर्णिते ये प्रणम्य",शालिनी,44,16.98,plausible,1.0,1.00 exact,auto_accepted,,dge_linked,B,[],none (spot-check optional)
kamadhenu_dataset/incoming_audio/dge_linked/sumadhva_vijaya/smv12.37.mp3,sumadhva_vijaya,sarga_12,37,full,sumadhva_vijaya:sarga_12:37,"छन्दस्सार्थं सार्थमत्रामुनेत्थं
प्रोक्तं श्रुत्वा ब्राह्मणा ब्रह्मणेव
सर्वे सौम्या जिष्णु-जिज्ञासयाऽमी
प्राप्य प्रोचुश्चित्र-कायाभिधानम्",शालिनी,44,15.203,plausible,1.0,1.00 exact,auto_accepted,,dge_linked,B,[],none (spot-check optional)
kamadhenu_dataset/incoming_audio/dge_linked/sumadhva_vijaya/smv12.38.mp3,sumadhva_vijaya,sarga_12,38,full,sumadhva_vijaya:sarga_12:38,"प्राज्य-प्रज्ञः प्राज्यया प्रज्ञयाऽसौ
हन्तावोचन्मन्त्र-वर्णाभिधेयम्
तत्-प्रत्यर्थी प्रार्थ्यते वक्तुमेतत्
प्राज्ञास्माभिः श्रोतुकामैर्भवांश्च",शालिनी,44,15.256,plausible,1.0,1.00 exact,auto_accepted,,dge_linked,B,[],none (spot-check optional)
kamadhenu_dataset/incoming_audio/dge_linked/sumadhva_vijaya/smv12.39.mp3,sumadhva_vijaya,sarga_12,39,full,sumadhva_vijaya:sarga_12:39,"इत्युक्तस्तैरेष विस्तारि-बुद्धेः
प्राप्तुं साम्यं सम्प्रवृत्तो दुरात्मा
हास्योऽत्राभूद् वासुदेव-प्रभार्थी
यद्वत् पूर्वं पौण्ड्रको वासुदेवः",शालिनी,44,15.883,plausible,1.0,1.00 exact,auto_accepted,,dge_linked,B,[],none (spot-check optional)
kamadhenu_dataset/incoming_audio/dge_linked/sumadhva_vijaya/smv12.4.mp3,sumadhva_vijaya,sarga_12,4,full,sumadhva_vijaya:sarga_12:4,"एकं तत्त्वं वष्टि माया-मयीयं वाक्यैः प्राच्यैरप्यवाच्यं विधत्ते
पूर्वाऽपूर्वा हन्त दौर्घट्य-भूषा चित्रश्चित्रं दर्शनाचार्य-नीतिः",शालिनी,44,16.927,plausible,1.0,1.00 exact,auto_accepted,,dge_linked,B,[],none (spot-check optional)
kamadhenu_dataset/incoming_audio/dge_linked/sumadhva_vijaya/smv12.40.mp3,sumadhva_vijaya,sarga_12,40,full,sumadhva_vijaya:sarga_12:40,"आङादेशादुत्तरं रादि-शब्दं
श्रुत्वा नारेत्युक्तवन्तं पदं तम्
व्याख्या-लौल्यादैतरेयादि-सूक्ते
पृथ्वी-देवा निन्दनीयं निनिन्दुः",शालिनी,44,15.36,plausible,1.0,1.00 exact,auto_accepted,,dge_linked,B,[],none (spot-check optional)
kamadhenu_dataset/incoming_audio/dge_linked/sumadhva_vijaya/smv12.41.mp3,sumadhva_vijaya,sarga_12,41,full,sumadhva_vijaya:sarga_12:41,"शार्दूलाख्यां प्राप्य सम्भावितः प्राग्
लोके धूर्तो मायि-गोमायुरेषः
वादि-द्वीपि-ध्वंसिनं मध्व-सिंहं
प्राप्तो हीत्थं शब्द-शेषो बभूव",शालिनी,44,15.83,plausible,1.0,1.00 exact,auto_accepted,,dge_linked,B,[],none (spot-check optional)
kamadhenu_dataset/incoming_audio/dge_linked/sumadhva_vijaya/smv12.42.mp3,sumadhva_vijaya,sarga_12,42,full,sumadhva_vijaya:sarga_12:42,"कृष्णाभीष्टा शास्त्र-विस्पष्ट-संज्ञा
या स्वीया श्रीः पालिता सद्-द्विजेन
पद्माख्यासत्-सैन्धेवेनाहृतां तां
शुश्रावाग्र्यानन्द-तीर्थाख्य-पार्थः",अज्ञातम्,44,16.457,plausible,1.0,1.00 exact,auto_accepted,,dge_linked,B,[],none (spot-check optional)
kamadhenu_dataset/incoming_audio/dge_linked/sumadhva_vijaya/smv12.43.mp3,sumadhva_vijaya,sarga_12,43,full,sumadhva_vijaya:sarga_12:43,"तूर्णं तीर्णादभ्र-मार्गोऽथ सार्यः
सम्प्राप्तोऽसौ गो-गणैर्भीषयित्वा
संयम्यान्तर्यन्तृ-कामेन हास्यं
सम्प्राप्त-श्रीर्निर्जितं तं जहास",शालिनी,44,15.569,plausible,1.0,1.00 exact,auto_accepted,,dge_linked,B,[],none (spot-check optional)
kamadhenu_dataset/incoming_audio/dge_linked/sumadhva_vijaya/smv12.44.mp3,sumadhva_vijaya,sarga_12,44,full,sumadhva_vijaya:sarga_12:44,"दुष्टात्माऽसौ सौभद्रमेकाकिनं यः
क्षेप्तुं हेतुः सौख्य-दाख्यं बभूव
हर्यंशोऽयं तं न चक्षाम भूयो
तोके सने सूकरं केसरीव",अज्ञातम्,45,13.636,plausible,1.0,1.00 exact,auto_accepted,,dge_linked,B,[],none (spot-check optional)
kamadhenu_dataset/incoming_audio/dge_linked/sumadhva_vijaya/smv12.45.mp3,sumadhva_vijaya,sarga_12,45,full,sumadhva_vijaya:sarga_12:45,"तस्य त्रासात् पृष्ठतस्तिष्ठतोऽभूत्
क्षेमापेक्षी यो जनः प्राग् जितोऽपि
मध्येऽन्येषां गोततीस्तत्प्रयुक्ताः
सोऽप्यज्जिष्णुः पञ्चषैर्गोविशेषैः",शालिनी,44,15.935,plausible,1.0,1.00 exact,auto_accepted,,dge_linked,B,[],none (spot-check optional)
kamadhenu_dataset/incoming_audio/dge_linked/sumadhva_vijaya/smv12.46.mp3,sumadhva_vijaya,sarga_12,46,full,sumadhva_vijaya:sarga_12:46,"विष्णोर्भूयः शोभयद्भिः पदान्तं
पारम्पर्येणेर्यमाणैरवाय्यैः
गोव्रातैस्तं दारयित्वा न्यगृह्णात्
कञ्जाख्यानं सिन्धुपं मध्वपार्थः",शालिनी,44,14.89,plausible,1.0,1.00 exact,auto_accepted,,dge_linked,B,[],none (spot-check optional)
kamadhenu_dataset/incoming_audio/dge_linked/sumadhva_vijaya/smv12.47.mp3,sumadhva_vijaya,sarga_12,47,full,sumadhva_vijaya:sarga_12:47,"आस्तामास्तामेष वो विश्वमोषो
रेरे मायावादिचोरा द्रवेत
द्रष्टा द्रष्टा निग्रहीता ध्रुवं वः
प्राप्तः कालो द्राग् गुहान्तं प्रवेष्टुम्",शालिनी,44,14.315,plausible,1.0,1.00 exact,auto_accepted,,dge_linked,B,[],none (spot-check optional)
kamadhenu_dataset/incoming_audio/dge_linked/sumadhva_vijaya/smv12.48.mp3,sumadhva_vijaya,sarga_12,48,full,sumadhva_vijaya:sarga_12:48,"तेजो विद्वच्चक्रचन्द्रस्य लीनं
विध्वस्ताऽलं वादिनक्षत्रलक्ष्मीः
विश्वं व्याप्तं यत्तु तद्दीप्तिमूलं
युष्मत्प्रेष्ठं तन्निरस्तं तमश्च",शालिनी,44,14.472,plausible,1.0,1.00 exact,auto_accepted,,dge_linked,B,[],none (spot-check optional)
kamadhenu_dataset/incoming_audio/dge_linked/sumadhva_vijaya/smv12.49.mp3,sumadhva_vijaya,sarga_12,49,full,sumadhva_vijaya:sarga_12:49,"पूर्वाशामापूर्य विश्वप्रकाशी
गोसन्दोहैः सप्तविद्याख्यवाहः
युष्माभिः किं नैक्षि देदीप्यतेऽसौ
देवः साक्षात् सर्ववित् सर्वदीपः",शालिनी,44,19.069,plausible,1.0,1.00 exact,auto_accepted,,dge_linked,B,[],none (spot-check optional)
kamadhenu_dataset/incoming_audio/dge_linked/sumadhva_vijaya/smv12.5.mp3,sumadhva_vijaya,sarga_12,5,full,sumadhva_vijaya:sarga_12:5,"मर्त्यामर्त्यामर्त्य-विद्विट्-पुरोगं
विश्वं दृश्यं विप्र-चण्डाल-पूर्वम्
भेदापेतं भेदि मानैः समानैः
साधीयः कः साधयेत् तामलब्ध्वा",शालिनी,44,17.502,plausible,1.0,1.00 exact,auto_accepted,,dge_linked,B,[],none (spot-check optional)
kamadhenu_dataset/incoming_audio/dge_linked/sumadhva_vijaya/smv12.50.mp3,sumadhva_vijaya,sarga_12,50,full,sumadhva_vijaya:sarga_12:50,"सर्वाधारं ब्रह्मसञ्ज्ञं विहायो
रम्याकारं शारदेन्दीवराभम्
सन्निर्णीतं गुण्यलं शब्दभेदै
र्मध्वादित्यं संश्रितं कोऽपिधत्ते",शालिनी,44,13.375,plausible,1.0,1.00 exact,auto_accepted,,dge_linked,B,[],none (spot-check optional)
kamadhenu_dataset/incoming_audio/dge_linked/sumadhva_vijaya/smv12.51.mp3,sumadhva_vijaya,sarga_12,51,full,sumadhva_vijaya:sarga_12:51,"विधावत विधावत त्वरितमत्रिवादासुरा
अदभ्रधिषणाभिधो नरहरिर्हि जाज्वल्यते
स युक्तिनखरैः खरैर्मुखरमूर्खदुःखाङ्कुरै
र्विदारयति दारुणप्रवचनप्रणादोऽप्रियान्",पृथ्वी,68,19.278,plausible,1.0,1.00 exact,auto_accepted,,dge_linked,B,[],none (spot-check optional)
kamadhenu_dataset/incoming_audio/dge_linked/sumadhva_vijaya/smv12.52.mp3,sumadhva_vijaya,sarga_12,52,full,sumadhva_vijaya:sarga_12:52,"धत्ते रूपाण्यनन्तान्यपि भुवनपतेर्हृदाऽप्येकपक्षो
दक्षः सद्भ्योऽखिलेभ्योऽप्यमृतमिह ददौ केवलं यो न मात्रे
पक्षिश्रेष्ठोऽपरः सन्नमितमतिपदोऽसम्पदे स्यादयं वो
मा दर्पं मायिसर्पा भजत भजत तास्ता गुहा द्राग् द्विजिह्वाः",अज्ञातम्,83,22.57,plausible,1.0,1.00 exact,auto_accepted,,dge_linked,B,[],none (spot-check optional)
kamadhenu_dataset/incoming_audio/dge_linked/sumadhva_vijaya/smv12.53.mp3,sumadhva_vijaya,sarga_12,53,full,sumadhva_vijaya:sarga_12:53,"वेदव्रातसुदर्शनः परिलसत्तर्काख्यशङ्खध्वनिर्
विभ्राजिष्णुपुराणसंहतिगदः श्लोकौघशार्ङ्गान्वितः
सत्सूत्रेष्वितिहासनन्दकचणो मध्वाख्यनारायणः
प्राप्तो वो निजिघृक्षया द्रवत हे मायाविदेवद्विषः",शार्दूलविक्रीडित,76,19.069,plausible,1.0,1.00 exact,auto_accepted,,dge_linked,B,[],none (spot-check optional)
kamadhenu_dataset/incoming_audio/dge_linked/sumadhva_vijaya/smv12.54.mp3,sumadhva_vijaya,sarga_12,54,full,sumadhva_vijaya:sarga_12:54,"इति निगदति मायावाविविद्वेषवेषे
शुभजननिकरे स्वारामतोऽस्मात् प्रयातः
न्यवसदमरधिष्ण्ये प्राग्रवाटाभिधाने
गुरुमतिरभिनन्दन् देवमानन्दमूर्तिम्",मालिनी,60,14.994,plausible,1.0,1.00 exact,auto_accepted,,dge_linked,B,[],none (spot-check optional)
kamadhenu_dataset/incoming_audio/dge_linked/sumadhva_vijaya/smv12.6.mp3,sumadhva_vijaya,sarga_12,6,full,sumadhva_vijaya:sarga_12:6,"सत्यं सत्यं व्यावहार्यं विधत्ते
सर्वं मोहे सर्व निर्वाहिणी सा
ज्ञाने जाते दग्ध-वस्त्र-प्रतीतं
पक्के तस्मिंस्तप्त-लोहात्त-वारिवत्",अज्ञातम्,45,15.935,plausible,1.0,1.00 exact,auto_accepted,,dge_linked,B,[],none (spot-check optional)
kamadhenu_dataset/incoming_audio/dge_linked/sumadhva_vijaya/smv12.7.mp3,sumadhva_vijaya,sarga_12,7,full,sumadhva_vijaya:sarga_12:7,"ज्ञान-श्रेष्ठ-श्रेष्ठ-विज्ञानि-वर्गे
नैर्गुण्य-स्थे साम्प्रतं नाथ-भूताः
आक्रन्दं मे हन्त शृण्वन्तु सोऽयं
हा हा माया-वाद उत्सादमेति",शालिनी,44,15.464,plausible,1.0,1.00 exact,auto_accepted,,dge_linked,B,[],none (spot-check optional)
kamadhenu_dataset/incoming_audio/dge_linked/sumadhva_vijaya/smv12.8.mp3,sumadhva_vijaya,sarga_12,8,full,sumadhva_vijaya:sarga_12:8,"भ्रष्टा भाट्टा न प्रभा-कृत्-प्रभाऽभूत्
स्ता माहायानिकाद्याश्च यत्र
दुर्गं माया-वाद-सत्रं दिधक्षो
र्नपेक्ष्या नस्तत्त्व-वादाग्नि-जिह्वा",अज्ञातम्,43,15.726,plausible,1.0,1.00 exact,auto_accepted,,dge_linked,B,[],none (spot-check optional)
kamadhenu_dataset/incoming_audio/dge_linked/sumadhva_vijaya/smv12.9.mp3,sumadhva_vijaya,sarga_12,9,full,sumadhva_vijaya:sarga_12:9,"यं यं प्रापद् भूरि-चित्तः प्रदेशं
तस्मात्-तस्मादागतेरन्तरायः
प्रत्यज्ञायि व्यक्तमार्येण सोऽपि
प्राप्नोत् पार्श्वं ही वयं भाग्य-हीनाः",शालिनी,44,14.785,plausible,1.0,1.00 exact,auto_accepted,,dge_linked,B,[],none (spot-check optional)
kamadhenu_dataset/incoming_audio/dge_linked/sumadhva_vijaya/smv13.1.mp3,sumadhva_vijaya,sarga_13,1,full,sumadhva_vijaya:sarga_13:1,"पृथु-दर्शनमुत्थितं कृतार्थं पृथिवी-भृत्-प्रणतिं गृहीतवन्तम्
निज-शिष्यमुदेऽथ सह्यमाप्तं पुरुषः कश्चिदुपाययौ कदाचित्",अज्ञातम्,46,15.151,plausible,1.0,1.00 exact,auto_accepted,,dge_linked,B,[],none (spot-check optional)
kamadhenu_dataset/incoming_audio/dge_linked/sumadhva_vijaya/smv13.10.mp3,sumadhva_vijaya,sarga_13,10,full,sumadhva_vijaya:sarga_13:10,"क्षणदामिह तावदूषिवांसं विहिताहर्मुख-योग्य-योगमेनम्
गमनोद्यम-लक्षणैरजानन् गमनायोद्यतमाशु शिष्य-सङ्घाः",अज्ञातम्,46,15.412,plausible,1.0,1.00 exact,auto_accepted,,dge_linked,B,[],none (spot-check optional)
kamadhenu_dataset/incoming_audio/dge_linked/sumadhva_vijaya/smv13.11.mp3,sumadhva_vijaya,sarga_13,11,full,sumadhva_vijaya:sarga_13:11,"पुरतो विसृताः समाधि-शुद्ध्यै यतयस्तत्र पटीः कषाय-वेषाः
सहसोदहरन् स्व-योग्य-मुद्रायुत-दण्डादिक-धारणोद्यमेन",अज्ञातम्,46,14.942,plausible,1.0,1.00 exact,auto_accepted,,dge_linked,B,[],none (spot-check optional)
kamadhenu_dataset/incoming_audio/dge_linked/sumadhva_vijaya/smv13.12.mp3,sumadhva_vijaya,sarga_13,12,full,sumadhva_vijaya:sarga_13:12,"अवधार्य्य विशेषकारि-शङ्ख-प्रकटाङ्कान् सु-धिया गतार्द्र-भावान्
लसिता तुळसी-स्रगस्य कण्ठे हरि-निर्माल्यतयोचिता न्यधायि",अज्ञातम्,46,13.74,plausible,1.0,1.00 exact,auto_accepted,,dge_linked,B,[],none (spot-check optional)
kamadhenu_dataset/incoming_audio/dge_linked/sumadhva_vijaya/smv13.13.mp3,sumadhva_vijaya,sarga_13,13,full,sumadhva_vijaya:sarga_13:13,"यत-धीर्गुरु-चक्रि-मूर्त्ति-पूर्णं यत-निश्वास-वचा विशोध्य पाणी
गुण-कुण्डल-मण्डितं विमानं गुण-बन्धं कवचावृतं बभार",अज्ञातम्,46,14.472,plausible,1.0,1.00 exact,auto_accepted,,dge_linked,B,[],none (spot-check optional)
kamadhenu_dataset/incoming_audio/dge_linked/sumadhva_vijaya/smv13.14.mp3,sumadhva_vijaya,sarga_13,14,full,sumadhva_vijaya:sarga_13:14,"स-कमण्डलु-मण्डलावलम्बं स्वयमेवालघु-पुस्तकादि-भारम्
युव-शिष्य-गणो दधे नयत्नान्न हि दाक्ष्यस्य समो गुणोऽपरोऽस्ति",अज्ञातम्,46,12.591,plausible,1.0,1.00 exact,auto_accepted,,dge_linked,B,[],none (spot-check optional)
kamadhenu_dataset/incoming_audio/dge_linked/sumadhva_vijaya/smv13.15.mp3,sumadhva_vijaya,sarga_13,15,full,sumadhva_vijaya:sarga_13:15,"अति-सम्भ्रमतः परि-भ्रमन्तं भर-दामानवलोकिनं चिराय
अनुयोग-परं मुहुः प्रमत्तं जहसुर्नूतन-शिष्यमत्र केचित्",अज्ञातम्,46,14.524,plausible,1.0,1.00 exact,auto_accepted,,dge_linked,B,"[""exact_duplicate""]",none (spot-check optional)
kamadhenu_dataset/incoming_audio/dge_linked/sumadhva_vijaya/smv13.16.mp3,sumadhva_vijaya,sarga_13,16,full,sumadhva_vijaya:sarga_13:16,"अथ तत्-क्षण-घट्टितोरु-घण्टा-घन-नाद-व्यपदेशतः परेण
अमित-प्रमतिः प्रचोदितोऽसाविति निर्य्यत्सु निजेषु निर्जगाम",अज्ञातम्,46,14.524,plausible,1.0,1.00 exact,auto_accepted,,dge_linked,B,"[""exact_duplicate""]",none (spot-check optional)
kamadhenu_dataset/incoming_audio/dge_linked/sumadhva_vijaya/smv13.17.mp3,sumadhva_vijaya,sarga_13,17,full,sumadhva_vijaya:sarga_13:17,"धृतमातप-वारणं वरेण्यं व्रति-राजं तमुपर्युपर्य्युदारम्
उदयन्मिहिरोपरिष्ठ-पूर्ण-द्विज-राज-श्रियमाययावभूताम्",अज्ञातम्,46,13.427,plausible,1.0,1.00 exact,auto_accepted,,dge_linked,B,[],none (spot-check optional)
kamadhenu_dataset/incoming_audio/dge_linked/sumadhva_vijaya/smv13.18.mp3,sumadhva_vijaya,sarga_13,18,full,sumadhva_vijaya:sarga_13:18,"भुवन-त्रय-धारिणं मुकुन्दं दधदन्तः स दधे गुरुः स्वयं च
अपि केनचिदित्यदो न चित्रं ननु स प्राण-पतिर्बभार तं च",अज्ञातम्,46,14.367,plausible,1.0,1.00 exact,auto_accepted,,dge_linked,B,[],none (spot-check optional)
kamadhenu_dataset/incoming_audio/dge_linked/sumadhva_vijaya/smv13.19.mp3,sumadhva_vijaya,sarga_13,19,full,sumadhva_vijaya:sarga_13:19,"यतयो गृहिणोऽथ वर्ष्णि-मुख्याः श्रुतिगास्त्यक्त-निषिद्ध-काम्य-भावाः
इह मूर्त्ति-धरा इव स्व-धर्म्माः शत-सङ्ख्याः शत-सङ्ख्यमन्वगच्छन्",अज्ञातम्,46,14.994,plausible,1.0,1.00 exact,auto_accepted,,dge_linked,B,[],none (spot-check optional)
kamadhenu_dataset/incoming_audio/dge_linked/sumadhva_vijaya/smv13.2.mp3,sumadhva_vijaya,sarga_13,2,full,sumadhva_vijaya:sarga_13:2,"भगवानिह नः स्व-किङ्कराणामचिरेणाऽव्रजतादनुग्रहाय
इति कार्य्य-चिकीर्षयाऽर्थयत् त्वां नृप इत्यभ्यधितैष तं प्रणम्य",अज्ञातम्,46,15.203,plausible,1.0,1.00 exact,auto_accepted,,dge_linked,B,[],none (spot-check optional)
kamadhenu_dataset/incoming_audio/dge_linked/sumadhva_vijaya/smv13.20.mp3,sumadhva_vijaya,sarga_13,20,full,sumadhva_vijaya:sarga_13:20,"परिवार-जना न मार्ग-दुःखं प्रययुः पूरुष-रत्नमीक्षमाणाः
इति नाद्भुतमस्य हि प्रयान्ति स्मृति-मात्राद् भविनो भवापवर्गम्",अज्ञातम्,46,14.681,plausible,1.0,1.00 exact,auto_accepted,,dge_linked,B,[],none (spot-check optional)
kamadhenu_dataset/incoming_audio/dge_linked/sumadhva_vijaya/smv13.21.mp3,sumadhva_vijaya,sarga_13,21,full,sumadhva_vijaya:sarga_13:21,"मदनेश्वर-वल्लभ-प्रदेशे प्रभुमायान्तमथाभ्यपद्यत द्राक्
जयसिंह इमं नृ-सिंह-वर्य्यः शुभ-धीः स्तम्भ-विशिष्ट-सिंह-नामा",अज्ञातम्,46,13.166,plausible,1.0,1.00 exact,auto_accepted,,dge_linked,B,[],none (spot-check optional)
kamadhenu_dataset/incoming_audio/dge_linked/sumadhva_vijaya/smv13.22.mp3,sumadhva_vijaya,sarga_13,22,full,sumadhva_vijaya:sarga_13:22,"अवतीर्य्य पुरैव वाहनात् स्वादपि मार्गादपसार्य्य सैनिकान् सः
सह कैश्चन भू-सुरैरवाप्तस्त्रिजगत्-पूज्य-पदान्तिके ननाम",अज्ञातम्,46,13.636,plausible,1.0,1.00 exact,auto_accepted,,dge_linked,B,[],none (spot-check optional)
kamadhenu_dataset/incoming_audio/dge_linked/sumadhva_vijaya/smv13.23.mp3,sumadhva_vijaya,sarga_13,23,full,sumadhva_vijaya:sarga_13:23,"पृथिवी-पतिनाऽनु-गम्यमानो विनयाद् भक्ति-रसार्द्र-मानसेन
अचिरेण स विष्णु-मङ्गलस्य प्रययावायतनोत्तमस्य पार्श्वम्",अज्ञातम्,46,13.74,plausible,1.0,1.00 exact,auto_accepted,,dge_linked,B,[],none (spot-check optional)
kamadhenu_dataset/incoming_audio/dge_linked/sumadhva_vijaya/smv13.24.mp3,sumadhva_vijaya,sarga_13,24,full,sumadhva_vijaya:sarga_13:24,"नर-देव-दिदृक्षया समेता उभय-ग्राम-जना जनाः परे च
उपयान्तमनन्त-मानसं तं मुहुरैक्षन्त कुतूहलाब्धि-मग्नाः",अज्ञातम्,46,13.061,plausible,1.0,1.00 exact,auto_accepted,,dge_linked,B,[],none (spot-check optional)
kamadhenu_dataset/incoming_audio/dge_linked/sumadhva_vijaya/smv13.25.mp3,sumadhva_vijaya,sarga_13,25,full,sumadhva_vijaya:sarga_13:25,"पुरतो मधुर-स्वनैर्वदद्भिः स्व-कृताः कर्ण-सुखा मुकुन्द-गाथाः
धृत-पङ्कज-बीज-चक्र-चिह्नः कृत-नृत्तैश्चतुरैर्न्निषेव्यमाणम्",अज्ञातम्,46,14.158,plausible,1.0,1.00 exact,auto_accepted,,dge_linked,B,[],none (spot-check optional)
kamadhenu_dataset/incoming_audio/dge_linked/sumadhva_vijaya/smv13.26.mp3,sumadhva_vijaya,sarga_13,26,full,sumadhva_vijaya:sarga_13:26,"कलिताञ्जलिना स्फुटानुयातं जन-सम्बाध-सहेन भूमि-भर्त्रा
करुणाविषयं चिकीर्षुणा स्वं व्रजता किङ्करतामकैतवेन",अज्ञातम्,46,14.629,plausible,1.0,1.00 exact,auto_accepted,,dge_linked,B,[],none (spot-check optional)
kamadhenu_dataset/incoming_audio/dge_linked/sumadhva_vijaya/smv13.27.mp3,sumadhva_vijaya,sarga_13,27,full,sumadhva_vijaya:sarga_13:27,"इदमित्थमितीक्षणैर्नराणामपरिच्छेद्य-महिष्ठ-धाम-रूपम्
अधिकं धरणीमलञ्चिकीर्षुं स्फुटमुद्यन्तमिव द्यु-नाथमन्यम्",अज्ञातम्,46,15.726,plausible,1.0,1.00 exact,auto_accepted,,dge_linked,B,[],none (spot-check optional)
kamadhenu_dataset/incoming_audio/dge_linked/sumadhva_vijaya/smv13.28.mp3,sumadhva_vijaya,sarga_13,28,full,sumadhva_vijaya:sarga_13:28,"अशनैः शनकैरिवाऽव्रजन्तं युव-सिंह-प्रवर-प्रगल्भ-यानम्
अतिपाटल-पाद-पल्लवाभ्यामवनीं पावनतामलं नयन्तम्",अज्ञातम्,46,14.211,plausible,1.0,1.00 exact,auto_accepted,,dge_linked,B,[],none (spot-check optional)
kamadhenu_dataset/incoming_audio/dge_linked/sumadhva_vijaya/smv13.29.mp3,sumadhva_vijaya,sarga_13,29,full,sumadhva_vijaya:sarga_13:29,"नख-निर्जित-पद्म-राग-रागं वर-कूर्म्म-प्रपदं निगूढ-गुल्फम्
सुर-वर्य्य-कराग्र-सेव्य-जङ्घं द्विरदोदार-करोपमोरु-युग्मम्",अज्ञातम्,46,15.203,plausible,1.0,1.00 exact,auto_accepted,,dge_linked,B,[],none (spot-check optional)
kamadhenu_dataset/incoming_audio/dge_linked/sumadhva_vijaya/smv13.3.mp3,sumadhva_vijaya,sarga_13,3,full,sumadhva_vijaya:sarga_13:3,"अथ माघवतीमपास्य काष्ठां व्रजता प्रैधित-तेजसा प्रतीचीम्
परिशोधयता स्व-पाद-सङ्गात् पृथिवीं प्राज्ञ-दिवाकरेण रेजे",अज्ञातम्,46,14.367,plausible,1.0,1.00 exact,auto_accepted,,dge_linked,B,[],none (spot-check optional)
kamadhenu_dataset/incoming_audio/dge_linked/sumadhva_vijaya/smv13.30.mp3,sumadhva_vijaya,sarga_13,30,full,sumadhva_vijaya:sarga_13:30,"शुभ-शुद्ध-नितम्ब-बिम्ब-राजनव-कौशेय-विशेष-बाह्यवस्त्रम्
तनु-कुक्षि-गळाळिकेषु रेखा-त्रितयेन प्रकटेन शोभमानम्",अज्ञातम्,46,12.957,plausible,1.0,1.00 exact,auto_accepted,,dge_linked,B,[],none (spot-check optional)
kamadhenu_dataset/incoming_audio/dge_linked/sumadhva_vijaya/smv13.31.mp3,sumadhva_vijaya,sarga_13,31,full,sumadhva_vijaya:sarga_13:31,"मृदु-सूक्ष्म-घनारुणाविकाच्छ-प्रकट-प्रावरणेन भासमानम्
अति-नूतन-तिग्म-भानु-भासां निकरेणेव सुवर्ण-सानुमन्तम्",अज्ञातम्,46,12.748,plausible,1.0,1.00 exact,auto_accepted,,dge_linked,B,[],none (spot-check optional)
kamadhenu_dataset/incoming_audio/dge_linked/sumadhva_vijaya/smv13.32.mp3,sumadhva_vijaya,sarga_13,32,full,sumadhva_vijaya:sarga_13:32,"पृथु-वक्षसमुन्नतांसभित्तिं गुरु-वृत्तायत-हृद्य-बाहु-दण्डम्
परमारुण-पाणि-पल्लवान्तःस्फुरितोर्ध्व-ध्वज-लाञ्छनादि-मन्तम्",अज्ञातम्,46,14.681,plausible,1.0,1.00 exact,auto_accepted,,dge_linked,B,[],none (spot-check optional)
kamadhenu_dataset/incoming_audio/dge_linked/sumadhva_vijaya/smv13.33.mp3,sumadhva_vijaya,sarga_13,33,full,sumadhva_vijaya:sarga_13:33,"परि-पूर्ण-शशाङ्क-बिम्ब-शङ्का-विषयं प्राक् सहसाऽवलोकनेन
अकळङ्क-तया परं विविक्तं वदनं बिभ्रतमच्छ-विभ्रमाब्धिम्",अज्ञातम्,46,13.531,plausible,1.0,1.00 exact,auto_accepted,,dge_linked,B,[],none (spot-check optional)
kamadhenu_dataset/incoming_audio/dge_linked/sumadhva_vijaya/smv13.34.mp3,sumadhva_vijaya,sarga_13,34,full,sumadhva_vijaya:sarga_13:34,"अति-भासुर-मन्द-हास-राजन्नव-कुन्दाभ-रदं शुभारुणोष्ठम्
कमळायत-लोचनाव-लोकैरपि लोकान् सकलान् प्र-हर्षयन्तम्",अज्ञातम्,46,13.636,plausible,1.0,1.00 exact,auto_accepted,,dge_linked,B,[],none (spot-check optional)
kamadhenu_dataset/incoming_audio/dge_linked/sumadhva_vijaya/smv13.35.mp3,sumadhva_vijaya,sarga_13,35,full,sumadhva_vijaya:sarga_13:35,"अति-भासुर-कर्ण-भासित-श्री-तुळसी-गुच्छमतुच्छ-कान्ति-गण्डम्
भुवन-त्रय-भूत्यभूति-दाने चतुर-भ्रू-वर-विभ्रमं सु-मौलिम्",अज्ञातम्,46,14.576,plausible,1.0,1.00 exact,auto_accepted,,dge_linked,B,[],none (spot-check optional)
kamadhenu_dataset/incoming_audio/dge_linked/sumadhva_vijaya/smv13.36.mp3,sumadhva_vijaya,sarga_13,36,full,sumadhva_vijaya:sarga_13:36,"सकलावयवान् स्फुटं मिमानाः प्रतिमा-लक्षण-लक्षणाय लक्ष्यम्
चतुरा विदधुर्य्यदीय-गात्रं स सु-लक्ष्मेत्यधुना निगद्यते नो",अज्ञातम्,46,13.688,plausible,1.0,1.00 exact,auto_accepted,,dge_linked,B,[],none (spot-check optional)
kamadhenu_dataset/incoming_audio/dge_linked/sumadhva_vijaya/smv13.37.mp3,sumadhva_vijaya,sarga_13,37,full,sumadhva_vijaya:sarga_13:37,"अति-लोल-दृशां समीक्षितुं स्वं जन-सम्बाध-भयेन दूर-भाजाम्
समदर्शयदूर्ध्वमोरसोऽसौ दययैवोरु-जनौघ-मद्ध्यगोऽपि",अज्ञातम्,46,14.89,plausible,1.0,1.00 exact,auto_accepted,,dge_linked,B,[],none (spot-check optional)
kamadhenu_dataset/incoming_audio/dge_linked/sumadhva_vijaya/smv13.38.mp3,sumadhva_vijaya,sarga_13,38,full,sumadhva_vijaya:sarga_13:38,"स-विकास-दृशां कृताञ्जलीनां जनतानां परमादरान्नतानाम्
वलयेन वृतः प्रियं मुरारेः प्रविवेशाऽयतनं प्रबर्ह-बोधः",अज्ञातम्,46,16.196,plausible,1.0,1.00 exact,auto_accepted,,dge_linked,B,[],none (spot-check optional)
kamadhenu_dataset/incoming_audio/dge_linked/sumadhva_vijaya/smv13.39.mp3,sumadhva_vijaya,sarga_13,39,full,sumadhva_vijaya:sarga_13:39,"विविध-प्रभु-मद्ध्य-सन्निषण्णो नर-देवेन समं स गूढ-देवः
विबभावुडुराडिवोडु-मद्ध्ये सह मह्यास्तनयेन पूर्ण-बिम्बः",अज्ञातम्,46,14.367,plausible,1.0,1.00 exact,auto_accepted,,dge_linked,B,[],none (spot-check optional)
kamadhenu_dataset/incoming_audio/dge_linked/sumadhva_vijaya/smv13.4.mp3,sumadhva_vijaya,sarga_13,4,full,sumadhva_vijaya:sarga_13:4,"अशुभानपहाय मायि-जुष्टानधमाद्रीनिव गोत्र-निम्नगौघैः
सु-जनैस्तरसाऽभिगम्यमानः परम-स्नेहतया क्रम-प्रसन्नैः",अज्ञातम्,46,15.047,plausible,1.0,1.00 exact,auto_accepted,,dge_linked,B,[],none (spot-check optional)
kamadhenu_dataset/incoming_audio/dge_linked/sumadhva_vijaya/smv13.40.mp3,sumadhva_vijaya,sarga_13,40,full,sumadhva_vijaya:sarga_13:40,"अवदत् स कथां रथाङ्ग-पाणेर्भगवान् भागवते भवाप-हन्त्रीम्
अनुकूल-गुण-स्वरादि-भाजा निज-शिष्य-प्रवरेण वाच्यमाने",अज्ञातम्,46,13.949,plausible,1.0,1.00 exact,auto_accepted,,dge_linked,B,[],none (spot-check optional)
kamadhenu_dataset/incoming_audio/dge_linked/sumadhva_vijaya/smv13.41.mp3,sumadhva_vijaya,sarga_13,41,full,sumadhva_vijaya:sarga_13:41,"कथनं तदुदार-धैर्य्य-सारं मधुरं पुष्कल-भाववत् प्रसन्नम्
विदुषोऽविदुषोऽपि शृण्वतोऽलं व्यधिताऽनन्द-रसाम्बुधौ निमग्नान्",अज्ञातम्,46,14.315,plausible,1.0,1.00 exact,auto_accepted,,dge_linked,B,[],none (spot-check optional)
kamadhenu_dataset/incoming_audio/dge_linked/sumadhva_vijaya/smv13.42.mp3,sumadhva_vijaya,sarga_13,42,full,sumadhva_vijaya:sarga_13:42,"गमनासन-सङ्कथादि-लीलाः स्मृति-मात्रेण भवापवर्ग-दात्रीः
कथमप्यमराः प्रपञ्चयेयुर्ननु मध्वस्य न मादृशोऽल्प-बोधाः",अज्ञातम्,46,14.054,plausible,1.0,1.00 exact,auto_accepted,,dge_linked,B,[],none (spot-check optional)
kamadhenu_dataset/incoming_audio/dge_linked/sumadhva_vijaya/smv13.43.mp3,sumadhva_vijaya,sarga_13,43,full,sumadhva_vijaya:sarga_13:43,"सु-तपः-कवितादि-सद्-गुणानां लिकुचानां कुल-जोऽङ्गिरोन्वयानाम्
अभवद् गुह-नामको विपश्चित् कवि-वर्य्योऽखिल-वादि-वन्दनीयः",अज्ञातम्,46,15.256,plausible,1.0,1.00 exact,auto_accepted,,dge_linked,B,[],none (spot-check optional)
kamadhenu_dataset/incoming_audio/dge_linked/sumadhva_vijaya/smv13.44.mp3,sumadhva_vijaya,sarga_13,44,full,sumadhva_vijaya:sarga_13:44,"दयिताऽस्य सती गुणानुरूपा विधि-वीर्येण मुहुर्मृत-प्रजाऽपि
अभजद् भुवन-प्रभू हरीशौ सुत-कामा वसुदेव-सूनु-भक्ता",अज्ञातम्,46,12.852,plausible,1.0,1.00 exact,auto_accepted,,dge_linked,B,[],none (spot-check optional)
kamadhenu_dataset/incoming_audio/dge_linked/sumadhva_vijaya/smv13.45.mp3,sumadhva_vijaya,sarga_13,45,full,sumadhva_vijaya:sarga_13:45,"परमेश्वरयोः प्रसाद-योगात् सुत-रत्नं तदसूत सूरि-पत्नी
परिषत्-पद-पट्टनेषु नार्घो विविदे यस्य समः परीक्षकाग्र्यैः",अज्ञातम्,46,15.099,plausible,1.0,1.00 exact,auto_accepted,,dge_linked,B,[],none (spot-check optional)
kamadhenu_dataset/incoming_audio/dge_linked/sumadhva_vijaya/smv13.46.mp3,sumadhva_vijaya,sarga_13,46,full,sumadhva_vijaya:sarga_13:46,"वदनेन्दुमवेक्ष्य नन्दनस्य स्व-कुलोत्तारण-दक्ष-लक्षणस्य
कृत-कृत्य-तया क्रियाः प्रकुर्वन् कविराख्यादुचितां त्रि-विक्रमाख्याम्",अज्ञातम्,46,14.524,plausible,1.0,1.00 exact,auto_accepted,,dge_linked,B,[],none (spot-check optional)
kamadhenu_dataset/incoming_audio/dge_linked/sumadhva_vijaya/smv13.47.mp3,sumadhva_vijaya,sarga_13,47,full,sumadhva_vijaya:sarga_13:47,"कळ-भाषण एव सूरि-पोतः कविरासीदनवद्य-पद्य-वादी
अवभाति ननु प्रभा-प्रभावी भगवान् बालतरोऽपि तिग्म-भानुः",अज्ञातम्,46,14.106,plausible,1.0,1.00 exact,auto_accepted,,dge_linked,B,[],none (spot-check optional)
kamadhenu_dataset/incoming_audio/dge_linked/sumadhva_vijaya/smv13.48.mp3,sumadhva_vijaya,sarga_13,48,full,sumadhva_vijaya:sarga_13:48,"सकलाङ्ग-युतावभात-शाखः समये प्राप्त उदार-पक्षि-सेव्यः
स ससर्ज सदध्व-गोपकृत्यै लिकुचः काव्य-फलं रसाभि-रामम्",अज्ञातम्,46,13.897,plausible,1.0,1.00 exact,auto_accepted,,dge_linked,B,[],none (spot-check optional)
kamadhenu_dataset/incoming_audio/dge_linked/sumadhva_vijaya/smv13.49.mp3,sumadhva_vijaya,sarga_13,49,full,sumadhva_vijaya:sarga_13:49,"प्रति-पादितमात्मना यथार्थं पृथु-माया-समयस्य दुर्घटत्वम्
स्व-गुरौ परिहर्तुमक्षमेऽपि श्रुतवांस्तं स वयस्य-बोधितोऽलम्",अज्ञातम्,46,14.785,plausible,1.0,1.00 exact,auto_accepted,,dge_linked,B,[],none (spot-check optional)
kamadhenu_dataset/incoming_audio/dge_linked/sumadhva_vijaya/smv13.5.mp3,sumadhva_vijaya,sarga_13,5,full,sumadhva_vijaya:sarga_13:5,"सुमनः-फल-शोभिनोऽत्र पुंसो नमयन् गोभिरनोकहानिवोच्चान्
अपि भङ्गमुपानयन्ननम्रान् दृढ-भावादपरानवार्य्य-वीर्य्यः",अज्ञातम्,46,14.785,plausible,1.0,1.00 exact,auto_accepted,,dge_linked,B,[],none (spot-check optional)
kamadhenu_dataset/incoming_audio/dge_linked/sumadhva_vijaya/smv13.50.mp3,sumadhva_vijaya,sarga_13,50,full,sumadhva_vijaya:sarga_13:50,"भगवत्युदिते स-गो-विलासे वटु-भावं त्यजति त्रिविक्रमाख्ये
अपि भानु-पुरस्सराः समस्ताः प्रययुः कीट-मणि-प्रभत्वमाशु",अज्ञातम्,46,14.211,plausible,1.0,1.00 exact,auto_accepted,,dge_linked,B,[],none (spot-check optional)
kamadhenu_dataset/incoming_audio/dge_linked/sumadhva_vijaya/smv13.51.mp3,sumadhva_vijaya,sarga_13,51,full,sumadhva_vijaya:sarga_13:51,"अतिदक्ष-मतिं सपाद-लक्षे समये मायि-जनस्य युक्ति-शूरम्
महितं हि मही-तळे महिम्ना जनको नन्दनमब्रवीदुपांशु",अज्ञातम्,46,13.375,plausible,1.0,1.00 exact,auto_accepted,,dge_linked,B,[],none (spot-check optional)
kamadhenu_dataset/incoming_audio/dge_linked/sumadhva_vijaya/smv13.52.mp3,sumadhva_vijaya,sarga_13,52,full,sumadhva_vijaya:sarga_13:52,"शृणु वाचमिमां विचारितार्थां न कलौ निर्गुण-भावना सुखाय
इति गौण-विमुक्तये गुणाढ्यं भज देवं वसुदेव-सूनुमेव",अज्ञातम्,46,14.472,plausible,1.0,1.00 exact,auto_accepted,,dge_linked,B,[],none (spot-check optional)
kamadhenu_dataset/incoming_audio/dge_linked/sumadhva_vijaya/smv13.53.mp3,sumadhva_vijaya,sarga_13,53,full,sumadhva_vijaya:sarga_13:53,"इति तात-वचो निशम्य किञ्चित् तरळात्माऽपि विचार्य्य शास्त्र-सारम्
परमेव स पारमारुरुक्षुर्विगुणोपास्तिमुपाशृणोत् परेभ्यः",अज्ञातम्,46,13.061,plausible,1.0,1.00 exact,auto_accepted,,dge_linked,B,[],none (spot-check optional)
kamadhenu_dataset/incoming_audio/dge_linked/sumadhva_vijaya/smv13.54.mp3,sumadhva_vijaya,sarga_13,54,full,sumadhva_vijaya:sarga_13:54,"निज-धर्म्म-रतो गृहि-प्रबर्हः कलि-कालाकुलितान्तरोऽपि हन्त
नितरां निशितात्मना निसर्गात् स्फुटमालोचयदित्यसौ कदाचित्",अज्ञातम्,46,15.151,plausible,1.0,1.00 exact,auto_accepted,,dge_linked,B,[],none (spot-check optional)
kamadhenu_dataset/incoming_audio/dge_linked/sumadhva_vijaya/smv13.55.mp3,sumadhva_vijaya,sarga_13,55,full,sumadhva_vijaya:sarga_13:55,"रचितं ननु सूत्रमत्र मानं विदुषा सत्यवती-सुतेन साक्षात्
अपरस्पर-सङ्गतानि भाष्याण्यपि सर्वाणि न मानतां व्रजेयुः",अज्ञातम्,46,14.629,plausible,1.0,1.00 exact,auto_accepted,,dge_linked,B,[],none (spot-check optional)
kamadhenu_dataset/incoming_audio/dge_linked/sumadhva_vijaya/smv13.56.mp3,sumadhva_vijaya,sarga_13,56,full,sumadhva_vijaya:sarga_13:56,"यदि तेषु निराग्रहान्तराः स्मः सु-घटं नोप-लभामहे हि किञ्चित्
न तथाऽपि परम्परोपयातं न पठामः प्रणयेन शाङ्करीयम्",अज्ञातम्,46,12.905,plausible,1.0,1.00 exact,auto_accepted,,dge_linked,B,[],none (spot-check optional)
kamadhenu_dataset/incoming_audio/dge_linked/sumadhva_vijaya/smv13.57.mp3,sumadhva_vijaya,sarga_13,57,full,sumadhva_vijaya:sarga_13:57,"घटनोपनिषत्सु नाल्प-बुद्धेः सुघटेत्यभ्युपगम्य चिन्तयामः
न विमुक्तिमुपैति कोऽपि मुक्त्वा समयोक्तामिह यामिमामुपास्तिम्",अज्ञातम्,46,13.584,plausible,1.0,1.00 exact,auto_accepted,,dge_linked,B,[],none (spot-check optional)
kamadhenu_dataset/incoming_audio/dge_linked/sumadhva_vijaya/smv13.58.mp3,sumadhva_vijaya,sarga_13,58,full,sumadhva_vijaya:sarga_13:58,"विततः सुख-सच्चिदद्वयात्मा समुपास्यो विहितो हि तत्व-विद्भिः
स च नावयवी निरूप्यते चेद् द्युति-मात्रं च न हीत्यदो रहस्यम्",अज्ञातम्,46,12.643,plausible,1.0,1.00 exact,auto_accepted,,dge_linked,B,[],none (spot-check optional)
kamadhenu_dataset/incoming_audio/dge_linked/sumadhva_vijaya/smv13.59.mp3,sumadhva_vijaya,sarga_13,59,full,sumadhva_vijaya:sarga_13:59,"यदि चेदृगुपास्यतेऽस्य रूपं तिमिरत्वेन विभाति पारिशेष्यात्
फलमप्यथ मुक्तिरीदृशी स्यादिति नो नैव धिनोत्युपास्तिरेषा",अज्ञातम्,46,14.315,plausible,1.0,1.00 exact,auto_accepted,,dge_linked,B,[],none (spot-check optional)
kamadhenu_dataset/incoming_audio/dge_linked/sumadhva_vijaya/smv13.6.mp3,sumadhva_vijaya,sarga_13,6,full,sumadhva_vijaya:sarga_13:6,"गमनोत्सव-विस्मितैर्निषेव्यो विविधैर्जानपदैर्ज्जनैरजस्रम्
परिसृत्वर-कीर्त्तिरार्त्ति-मुक्त्यै पुरुषैर्द्दर-भुवश्च गम्यमानः",अज्ञातम्,46,15.621,plausible,1.0,1.00 exact,auto_accepted,,dge_linked,B,[],none (spot-check optional)
kamadhenu_dataset/incoming_audio/dge_linked/sumadhva_vijaya/smv13.60.mp3,sumadhva_vijaya,sarga_13,60,full,sumadhva_vijaya:sarga_13:60,"अथ वेद-पुराण-भारतानि स्वयमालोच्य यथावबोधमत्र
गुणवन्तमुपास्महे मुकुन्दं स्मृति-धर्म्मान् स्फुटमा-चरन्त एव",अज्ञातम्,46,12.069,plausible,1.0,1.00 exact,auto_accepted,,dge_linked,B,[],none (spot-check optional)
kamadhenu_dataset/incoming_audio/dge_linked/sumadhva_vijaya/smv13.61.mp3,sumadhva_vijaya,sarga_13,61,full,sumadhva_vijaya:sarga_13:61,"अवधार्य्य यदेति कार्य्यमार्य्यः स विवेकादुपचक्रमे विधातुम्
परि-पूर्ण-मतेर्ज्जगत्सु कीर्त्तिं परि-पूर्णामशृणोत् तदा विशुद्धाम्",अज्ञातम्,46,14.472,plausible,1.0,1.00 exact,auto_accepted,,dge_linked,B,[],none (spot-check optional)
kamadhenu_dataset/incoming_audio/dge_linked/sumadhva_vijaya/smv13.62.mp3,sumadhva_vijaya,sarga_13,62,full,sumadhva_vijaya:sarga_13:62,"वि-हिनस्ति हि नो जनोऽतिवाग्मी समयं कोऽपि परम्परोपयातम्
क्षिप तं त्वमुदार-युक्ति-शूरो न परे तत्र समर्त्यतां व्रजेयुः",अज्ञातम्,46,13.375,plausible,1.0,1.00 exact,auto_accepted,,dge_linked,B,[],none (spot-check optional)
kamadhenu_dataset/incoming_audio/dge_linked/sumadhva_vijaya/smv13.63.mp3,sumadhva_vijaya,sarga_13,63,full,sumadhva_vijaya:sarga_13:63,"तव वेद-नदीर्विगाह्य भूयः समयाम्भोधिषु कुर्वतो विहारम्
नव-काव्य-रस-प्रियस्य वादि-द्विरदेन्द्र प्रति-वारणो न जज्ञे",अज्ञातम्,46,14.002,plausible,1.0,1.00 exact,auto_accepted,,dge_linked,B,[],none (spot-check optional)
kamadhenu_dataset/incoming_audio/dge_linked/sumadhva_vijaya/smv13.64.mp3,sumadhva_vijaya,sarga_13,64,full,sumadhva_vijaya:sarga_13:64,"उप-याहि यशः शशाङ्क-गौरं निज-यूथस्य भयं निराकुरु त्वम्
अधुना विधिनोप-पादितं तं प्रति-वादि-प्रति-वारणं निवार्य",अज्ञातम्,46,12.957,plausible,1.0,1.00 exact,auto_accepted,,dge_linked,B,[],none (spot-check optional)
kamadhenu_dataset/incoming_audio/dge_linked/sumadhva_vijaya/smv13.65.mp3,sumadhva_vijaya,sarga_13,65,full,sumadhva_vijaya:sarga_13:65,"इति मायि-जनेन तत्रतत्र स्व-जनत्वेन स तावदर्थ्यमानः
अनुकूल-वचा महिष्ठ-मानो मनसा संशयमाप संशय-च्छित्",अज्ञातम्,46,12.748,plausible,1.0,1.00 exact,auto_accepted,,dge_linked,B,[],none (spot-check optional)
kamadhenu_dataset/incoming_audio/dge_linked/sumadhva_vijaya/smv13.66.mp3,sumadhva_vijaya,sarga_13,66,full,sumadhva_vijaya:sarga_13:66,"शित-मध्व-वचः-सृणि-प्रयोक्तॄन् पुरुषानेष विषादयन् कवीभः
विविधोत्तर-धूळि-पातनेन प्रतिघेनाधिकमन्धयाञ्चकार",अज्ञातम्,46,13.897,plausible,1.0,1.00 exact,auto_accepted,,dge_linked,B,[],none (spot-check optional)
kamadhenu_dataset/incoming_audio/dge_linked/sumadhva_vijaya/smv13.67.mp3,sumadhva_vijaya,sarga_13,67,full,sumadhva_vijaya:sarga_13:67,"क्षणदासु विचक्षणः स वीक्ष्य प्रचुर-प्रज्ञ-मनोज्ञ-शास्त्र-सारम्
अपराविदितः प्रसाद-गर्भं विदधौ विस्मयमान्तरं महान्तम्",अज्ञातम्,46,12.957,plausible,1.0,1.00 exact,auto_accepted,,dge_linked,B,[],none (spot-check optional)
kamadhenu_dataset/incoming_audio/dge_linked/sumadhva_vijaya/smv13.68.mp3,sumadhva_vijaya,sarga_13,68,full,sumadhva_vijaya:sarga_13:68,"विदितवान् व्यवहृत्य सु-दर्शनं बहळ-बोधमवेक्ष्य स निश्चयात्
अपि न तस्य मतं सहसाऽऽददे ननु विमृश्य कृती कुरुतेऽखिलम्",द्रुतविलम्बित,48,13.845,plausible,1.0,1.00 exact,auto_accepted,,dge_linked,B,[],none (spot-check optional)
kamadhenu_dataset/incoming_audio/dge_linked/sumadhva_vijaya/smv13.69.mp3,sumadhva_vijaya,sarga_13,69,full,sumadhva_vijaya:sarga_13:69,"तं विष्णुमङ्गल-गतं बहळ-प्रबोधं प्राप्याभ्यवन्दत तदाऽयुग-विक्रमार्य्यः
आनन्द-दं स चतुरानन-हास-लक्ष्म्या तत्वं प्रवेत्तुममरेन्द्र इवाब्ज-योनिम्",वसन्ततिलका,56,15.726,plausible,1.0,1.00 exact,auto_accepted,,dge_linked,B,[],none (spot-check optional)
kamadhenu_dataset/incoming_audio/dge_linked/sumadhva_vijaya/smv13.7.mp3,sumadhva_vijaya,sarga_13,7,full,sumadhva_vijaya:sarga_13:7,"अमरैरमरानुगैर्मुनीन्द्रैरपरेक्षाविषयैश्च सेव्यमानः
हरि-पाद-सरोज-सङ्ग-सारो भुवने पावन-पावनो निकामम्",अज्ञातम्,46,14.367,plausible,1.0,1.00 exact,auto_accepted,,dge_linked,B,[],none (spot-check optional)
kamadhenu_dataset/incoming_audio/dge_linked/sumadhva_vijaya/smv13.8.mp3,sumadhva_vijaya,sarga_13,8,full,sumadhva_vijaya:sarga_13:8,"अयमप्रति-वारणः प्रयाणे परमानन्द-सु-तीर्थ-सूरि-राजः
विबभावति-वेलमच्छ-रूपः सुर-सिन्धोरिव सन्तत-प्रवाहः",अज्ञातम्,46,14.002,plausible,1.0,1.00 exact,auto_accepted,,dge_linked,B,[],none (spot-check optional)
kamadhenu_dataset/incoming_audio/dge_linked/sumadhva_vijaya/smv13.9.mp3,sumadhva_vijaya,sarga_13,9,full,sumadhva_vijaya:sarga_13:9,"समयेन गतोऽमहीयसाऽसौ विषयं स्तम्भ-पदोप-सर्ज्जनाख्यम्
मदनाधिपतेः सु-धाम धाम प्रविवेशाखिल-लोक-वन्दनीयम्",अज्ञातम्,46,14.263,plausible,1.0,1.00 exact,auto_accepted,,dge_linked,B,[],none (spot-check optional)
kamadhenu_dataset/incoming_audio/dge_linked/sumadhva_vijaya/smv14.1.mp3,sumadhva_vijaya,sarga_14,1,full,sumadhva_vijaya:sarga_14:1,"परिवृढ-घन-सद्-राज-सिंहोर्ज-शक्त्या त्यजति मलिन-भावं नीरस-त्वान्निकामम्
स्फुटमुदयति तेजस्वयुज्ज्वले मध्व-भानौ सु-जन-जलज-कान्त्यै विश्वमासीन्मनोज्ञम्",अज्ञातम्,60,19.331,plausible,1.0,1.00 exact,auto_accepted,,dge_linked,B,[],none (spot-check optional)
kamadhenu_dataset/incoming_audio/dge_linked/sumadhva_vijaya/smv14.10.mp3,sumadhva_vijaya,sarga_14,10,full,sumadhva_vijaya:sarga_14:10,"श्रवण-मनन-हेतोः प्राक् चिरायास्त-निद्रः
सपदि विवशयन्त्या निद्रया ग्रस्त-चेताः
स्वयमपि नयति द्रागङ्ग-वस्त्रादि पूज्ये
झटिति विगत-निद्रः कोऽपि शिष्योऽन्वशेत",मालिनी,60,21.003,plausible,1.0,1.00 exact,auto_accepted,,dge_linked,B,[],none (spot-check optional)
kamadhenu_dataset/incoming_audio/dge_linked/sumadhva_vijaya/smv14.11.mp3,sumadhva_vijaya,sarga_14,11,full,sumadhva_vijaya:sarga_14:11,"विहितमविहितं प्रागेव कस्माद् विनिद्रै
रिति गुरु-परिवादाशङ्कया नम्र-गात्राः
चिरमनवतरन्तः श्रावका मुक्त-मार्गा
गुरुषु जल-सकाश-स्थेषु तूष्णीमतिष्ठन्",मालिनी,60,16.353,plausible,1.0,1.00 exact,auto_accepted,,dge_linked,B,[],none (spot-check optional)
kamadhenu_dataset/incoming_audio/dge_linked/sumadhva_vijaya/smv14.12.mp3,sumadhva_vijaya,sarga_14,12,full,sumadhva_vijaya:sarga_14:12,"विपुल-हृदय-पार्श्वे दीप-दीप्ति-प्रदीप्ते
दर-वर-परिपूर्णैर्वार्भिरर्घ्यादि दत्त्वा
यतिरतियत-चेताश्चक्रिणोऽर्चा-निकायात्
कुसुम-समितिमग्र्यामादरादुज्जहार",मालिनी,60,16.666,plausible,1.0,1.00 exact,auto_accepted,,dge_linked,B,[],none (spot-check optional)
kamadhenu_dataset/incoming_audio/dge_linked/sumadhva_vijaya/smv14.13.mp3,sumadhva_vijaya,sarga_14,13,full,sumadhva_vijaya:sarga_14:13,"अमृतमपि निरीक्ष्याऽस्रावि निर्माल्य-सूने
घृतमिदमिति सद्यो भ्रान्तिमन्तोऽपि शिष्याः
श्रद्दधुरधिक-वाक्यैर्विभ्रमास्तच्च पश्चा
दनुदिनममृतान्नैस्तस्य सेव्यस्य शक्त्या",अज्ञातम्,60,18.233,plausible,1.0,1.00 exact,auto_accepted,,dge_linked,B,[],none (spot-check optional)
kamadhenu_dataset/incoming_audio/dge_linked/sumadhva_vijaya/smv14.14.mp3,sumadhva_vijaya,sarga_14,14,full,sumadhva_vijaya:sarga_14:14,"अगमदुचित-मन्त्रैस्तूदयानां त्रयाणां
कृतिभिरनुमतात्मा तत्र पञ्चाङ्ग-विद्भिः
उदयमहिम-रोचिश्चक्र-वर्त्ती त्रि-शक्ति
र्दधदति-बृहदन्तः षड्गुणं स्वात्म-तेजः",मालिनी,60,17.972,plausible,1.0,1.00 exact,auto_accepted,,dge_linked,B,[],none (spot-check optional)
kamadhenu_dataset/incoming_audio/dge_linked/sumadhva_vijaya/smv14.15.mp3,sumadhva_vijaya,sarga_14,15,full,sumadhva_vijaya:sarga_14:15,"तिमिर-निकर-कुम्भि-व्रातमत्यन्त-तीव्रं
स्थिर-तरमखिलानां प्राणिनां रुद्ध-मार्गम्
भुवन-भवन-पूर्णं भानुमानञ्ज-नाभं
हरिरिव नखरैः प्राग् रश्मि-जालैर्निरास",मालिनी,60,16.875,plausible,1.0,1.00 exact,auto_accepted,,dge_linked,B,[],none (spot-check optional)
kamadhenu_dataset/incoming_audio/dge_linked/sumadhva_vijaya/smv14.16.mp3,sumadhva_vijaya,sarga_14,16,full,sumadhva_vijaya:sarga_14:16,"मधुर-पतग-रावाः शान्त-नैशाम्बु-बाष्पाः
सपदि विपुल-रागाः स्वाभिसारात् प्रसन्नाः
अरुण-तरणिरत्यच्छाम्बरा दिक्-पुरन्ध्रीः
स्मित-सरसिज-वक्त्राः स्वैः करैरालिलिङ्गे",मालिनी,60,16.771,plausible,1.0,1.00 exact,auto_accepted,,dge_linked,B,[],none (spot-check optional)
kamadhenu_dataset/incoming_audio/dge_linked/sumadhva_vijaya/smv14.17.mp3,sumadhva_vijaya,sarga_14,17,full,sumadhva_vijaya:sarga_14:17,"प्रणति-रभस-धूली-बद्ध-शोभा-विशेषा
दधुरुपकृति-मत्तां साधु-जालान्तराप्ताः
समयमुपनतं सं-वेदयन्तो वयस्या
इव दश-शत-केतोः केतवः श्रावकाणाम्",मालिनी,60,16.98,plausible,1.0,1.00 exact,auto_accepted,,dge_linked,B,[],none (spot-check optional)
kamadhenu_dataset/incoming_audio/dge_linked/sumadhva_vijaya/smv14.18.mp3,sumadhva_vijaya,sarga_14,18,full,sumadhva_vijaya:sarga_14:18,"निहितमुचितमुच्चं योग-पीठं प्रवक्तुः
परिषदि परितोऽमी सत्वराः सत्त्व-भाजः
द्रुतमवसित-कृत्यैर्द्धन्य-सन्यासि-वर्गैः
श्रवण-परम-कृत्यायोप-तस्थुः समेताः",मालिनी,60,16.718,plausible,1.0,1.00 exact,auto_accepted,,dge_linked,B,[],none (spot-check optional)
kamadhenu_dataset/incoming_audio/dge_linked/sumadhva_vijaya/smv14.19.mp3,sumadhva_vijaya,sarga_14,19,full,sumadhva_vijaya:sarga_14:19,"बभुरमल-गुणानां शोभनाच्छादनानां
मुर-रिपु-निलयानां हन्त वैदान्तिकीनाम्
सपदि सु-विवृतानामन्तरर्था धियां वा
विविध-कवलिकानां सञ्चयाः पत्रिकाणाम्",मालिनी,60,17.032,plausible,1.0,1.00 exact,auto_accepted,,dge_linked,B,[],none (spot-check optional)
kamadhenu_dataset/incoming_audio/dge_linked/sumadhva_vijaya/smv14.2.mp3,sumadhva_vijaya,sarga_14,2,full,sumadhva_vijaya:sarga_14:2,"कृतमपकृतमार्यैः क्षम्यतां क्षान्ति-भूषैरिति मृदु वदतां च प्रार्थनाभिः प्रभूणाम्
अपहृतमपरेषां मन्त्रतो ग्रन्थ-जातं दश-हृदय-नियोगादग्रहीच्छङ्करार्य्यः",मालिनी,60,17.92,plausible,1.0,1.00 exact,auto_accepted,,dge_linked,B,[],none (spot-check optional)
kamadhenu_dataset/incoming_audio/dge_linked/sumadhva_vijaya/smv14.20.mp3,sumadhva_vijaya,sarga_14,20,full,sumadhva_vijaya:sarga_14:20,"अनति-विरल-भावा अप्यनन्योन्य-सङ्गा
ऋजु-तर-तत-नाना-पङ्क्ति-साम्याप्त-शोभाः
द्विरद-तुरग-देश्या दूरतो वर्जितान्ताः
कुशल-लिखित-रूपा रेजिरे तेषु वर्णाः",मालिनी,60,17.189,plausible,1.0,1.00 exact,auto_accepted,,dge_linked,B,"[""exact_duplicate""]",none (spot-check optional)
kamadhenu_dataset/incoming_audio/dge_linked/sumadhva_vijaya/smv14.21.mp3,sumadhva_vijaya,sarga_14,21,full,sumadhva_vijaya:sarga_14:21,"सपदि ददृशुरेके वाचनीयादि-भागं
परिचय-पटुताभ्यां तावदेके चिरेण
हरि-गुरु-नमनं द्राग् यत्नतोऽमी विधाय
प्रययुरपर-साम्यं सिद्धये स्याद्धि यत्नः",मालिनी,60,17.189,plausible,1.0,1.00 exact,auto_accepted,,dge_linked,B,"[""exact_duplicate""]",none (spot-check optional)
kamadhenu_dataset/incoming_audio/dge_linked/sumadhva_vijaya/smv14.22.mp3,sumadhva_vijaya,sarga_14,22,full,sumadhva_vijaya:sarga_14:22,"यत-वचसि जनेऽस्मिन्ना-नते सन्निरस्यन्
सिचय-यवनिकां तां सान्द्रय-जीमूत-रक्ताम्
रविरिव रवि-पूज्याङ्घ्रिः समाजान्तरिक्षे
व्यलसदति-शयालुः सन् सहस्र-प्रकाशः",अज्ञातम्,61,1.045,too_short,0.92,0.90–0.99 very strong,auto_accepted,,dge_linked,B,"[""low_volume""]",none (spot-check optional)
kamadhenu_dataset/incoming_audio/dge_linked/sumadhva_vijaya/smv14.23.mp3,sumadhva_vijaya,sarga_14,23,full,sumadhva_vijaya:sarga_14:23,"त्रिभुवन-वर-तेजो-व्यक्त-वेदार्थ-शुक्ल
त्रियरसतया ये वर्णिता वर्ण-वर्याः
पृथु-मतिरथ तेषामैक्यमापाद्य सम्यक्
प्रवचन-परिशुद्ध्यै स्म प्रणौति प्रवीणः",अज्ञातम्,59,17.763,plausible,1.0,1.00 exact,auto_accepted,,dge_linked,B,[],none (spot-check optional)
kamadhenu_dataset/incoming_audio/dge_linked/sumadhva_vijaya/smv14.24.mp3,sumadhva_vijaya,sarga_14,24,full,sumadhva_vijaya:sarga_14:24,"स्वरमचरम-काले मन्द्रमेवात्यजद्भिः
स्फुटमुपनिषदन्ते वाचकैर्वाच्यमाने
प्रवचनमतिचित्रं प्राण-भाजां श्रुतीनाम्
अमृतममृत-भावस्यैष हेतुं चकार",मालिनी,60,17.084,plausible,1.0,1.00 exact,auto_accepted,,dge_linked,B,[],none (spot-check optional)
kamadhenu_dataset/incoming_audio/dge_linked/sumadhva_vijaya/smv14.25.mp3,sumadhva_vijaya,sarga_14,25,full,sumadhva_vijaya:sarga_14:25,"धनमिव स-धनायेभ्योऽर्क-सूनुः प्रसन्नः
शर-शतमिव पार्थः संयुगार्थिभ्य उग्रः
अरति-विरहितः सोऽनारतं नादिशन्नो
प्रति-वचनमदीनं चोदकेभ्योऽखिलेभ्यः",मालिनी,60,16.823,plausible,1.0,1.00 exact,auto_accepted,,dge_linked,B,[],none (spot-check optional)
kamadhenu_dataset/incoming_audio/dge_linked/sumadhva_vijaya/smv14.26.mp3,sumadhva_vijaya,sarga_14,26,full,sumadhva_vijaya:sarga_14:26,"अथ दश-शत-शोचिष्याप्रयाति प्रतीच्यां
प्रवचनमवसाय स्नातुमायात् तटाकम्
पृथु-मतिरिह तावच्छ्रेष्ठ-संसर्ग-लोलैः
समगमि सपदि स्वर्निम्नगाद्यैश्च तीर्थैः",मालिनी,60,16.927,plausible,1.0,1.00 exact,auto_accepted,,dge_linked,B,[],none (spot-check optional)
kamadhenu_dataset/incoming_audio/dge_linked/sumadhva_vijaya/smv14.27.mp3,sumadhva_vijaya,sarga_14,27,full,sumadhva_vijaya:sarga_14:27,"घन-रस-निकरोऽसावन्तरत्यन्त-शुद्धो
मुनि-गण इव भूयः स्नेहवान् प्राग् दधानः
प्रतिकृतिमखिल-ज्ञस्याऽपरोक्ष्येण तावत्
स्फुटमलभत रूपं मज्जने सज्जनेष्टम्",मालिनी,60,15.935,plausible,1.0,1.00 exact,auto_accepted,,dge_linked,B,[],none (spot-check optional)
kamadhenu_dataset/incoming_audio/dge_linked/sumadhva_vijaya/smv14.28.mp3,sumadhva_vijaya,sarga_14,28,full,sumadhva_vijaya:sarga_14:28,"अपरिमित-मनीषस्योल्लसच्छङ्ख-बाहो
रथ-चरण-शिलानां तन्वतोऽत्राभिषेकम्
प्रति-तनव उदारास्तास्त्वलं सन्निधातु
स्तनव इव विरेजुः पाञ्च-जन्य-प्रियस्य",मालिनी,60,15.987,plausible,1.0,1.00 exact,auto_accepted,,dge_linked,B,[],none (spot-check optional)
kamadhenu_dataset/incoming_audio/dge_linked/sumadhva_vijaya/smv14.29.mp3,sumadhva_vijaya,sarga_14,29,full,sumadhva_vijaya:sarga_14:29,"अभि-दधति मुनीन्द्रा द्वादशाब्दोपवास
प्रतिम-फलमलं यत्-सेवनं भक्ति-युक्तम्
अधिकममर-नद्याद्याप्लवाद् धन्यमान्या
दपिबदलव-बोधो विष्णु-पादोदकं तत्",मालिनी,60,16.196,plausible,1.0,1.00 exact,auto_accepted,,dge_linked,B,[],none (spot-check optional)
kamadhenu_dataset/incoming_audio/dge_linked/sumadhva_vijaya/smv14.3.mp3,sumadhva_vijaya,sarga_14,3,full,sumadhva_vijaya:sarga_14:3,"परि-वृतमव-नम्रैर्ग्रामणी-ग्राम्य-पूर्वैर्-अवनतमुरुचेतः-पाद-पार्श्वे नृसिंहम्
सहज-विजयतोऽयुग्-विक्रमार्य्यः प्रसन्नः कवि-कुल-तिलकोऽसावाशिषाऽतोषयत् तम्",मालिनी,60,17.345,plausible,1.0,1.00 exact,auto_accepted,,dge_linked,B,[],none (spot-check optional)
kamadhenu_dataset/incoming_audio/dge_linked/sumadhva_vijaya/smv14.30.mp3,sumadhva_vijaya,sarga_14,30,full,sumadhva_vijaya:sarga_14:30,"तरणिभिरिव गौरैरूर्ध्व-पुण्ड्रैर्द्वि-षड्भिः
स-दर-परम-चक्रोदीर्ण-तेजा हरीष्टः
मुर-रिपु-विमुखानां दुस्सहो देह-भाजां
लय-समय इवान्यो मान्यधीरा-बभासे",मालिनी,60,16.091,plausible,1.0,1.00 exact,auto_accepted,,dge_linked,B,[],none (spot-check optional)
kamadhenu_dataset/incoming_audio/dge_linked/sumadhva_vijaya/smv14.31.mp3,sumadhva_vijaya,sarga_14,31,full,sumadhva_vijaya:sarga_14:31,"समधिक-धिषणस्य प्रेक्षमाणो जनौघः
प्रकृति-मधुरमास्य-व्याज-पूर्णेन्दु-बिम्बम्
अमुचदपसरेति श्रावकोक्तेः पुराऽस्मिन्
प्रचलति पदवीं तां प्राञ्जलिस्तूर्णमारात्",मालिनी,60,16.823,plausible,1.0,1.00 exact,auto_accepted,,dge_linked,B,[],none (spot-check optional)
kamadhenu_dataset/incoming_audio/dge_linked/sumadhva_vijaya/smv14.32.mp3,sumadhva_vijaya,sarga_14,32,full,sumadhva_vijaya:sarga_14:32,"गुरु-चरण-सरोज-द्वन्द्वनिर्णेजनाम्भो
दधति जन-निकाये सर्वमुर्वी-गतं च
अवनिरनभिनन्दिन्यप्यदश्चक्षमेऽसौ
कथमपि कथमेव स्यात् क्षमाख्याऽन्यथाऽस्याः",मालिनी,60,16.718,plausible,1.0,1.00 exact,auto_accepted,,dge_linked,B,[],none (spot-check optional)
kamadhenu_dataset/incoming_audio/dge_linked/sumadhva_vijaya/smv14.33.mp3,sumadhva_vijaya,sarga_14,33,full,sumadhva_vijaya:sarga_14:33,"अविदित-रस-भेदं शीतळं लघ्वगन्धं
विमलममल-पाणिः पाणिजैरप्रविष्टम्
वदन-पवन-भीत्या पार्श्वतो बिभ्रदयं
कमथ करक-पूर्णं संयमीहाऽनिनाय",अज्ञातम्,60,16.091,plausible,1.0,1.00 exact,auto_accepted,,dge_linked,B,[],none (spot-check optional)
kamadhenu_dataset/incoming_audio/dge_linked/sumadhva_vijaya/smv14.34.mp3,sumadhva_vijaya,sarga_14,34,full,sumadhva_vijaya:sarga_14:34,"विहसित-बिस-भङ्ग-श्री-प्रकर्षं सितिम्ना
जल-जममृत-पूरैः पूरयामास रम्यम्
समय-गुण-विशेषालोचकैर्लाळनीयः
सु-सुरभि-सुमनोभिः स स्फुटं गौर-पक्षः",मालिनी,60,15.517,plausible,1.0,1.00 exact,auto_accepted,,dge_linked,B,[],none (spot-check optional)
kamadhenu_dataset/incoming_audio/dge_linked/sumadhva_vijaya/smv14.35.mp3,sumadhva_vijaya,sarga_14,35,full,sumadhva_vijaya:sarga_14:35,"विमल-मलयजाम्भो-बिन्दुभिर्चर्चिताङ्गं
नव-लळित-तुळस्या पुष्प-राज्याऽऽर्चिचत् सः
स्थलज-जलज-वल्ली-वृक्ष-वीरुत्-समस्त
प्रसव-विजय-लक्ष्म्या मूर्त्तयेवेन्दिरेशम्",मालिनी,60,16.562,plausible,1.0,1.00 exact,auto_accepted,,dge_linked,B,[],none (spot-check optional)
kamadhenu_dataset/incoming_audio/dge_linked/sumadhva_vijaya/smv14.36.mp3,sumadhva_vijaya,sarga_14,36,full,sumadhva_vijaya:sarga_14:36,"स दददधिक-बोधः षोडशात्रोपचारान्
व्यरहयदगुणान् द्वात्रिंशदागः-पुरोगान्
अगणित-गुणमुच्चैस्तोषयन् शार्ङ्ग-पाणिं
षडपि परम-भक्त्याऽनूपचारान् दिदेश",मालिनी,60,16.3,plausible,1.0,1.00 exact,auto_accepted,,dge_linked,B,"[""exact_duplicate""]",none (spot-check optional)
kamadhenu_dataset/incoming_audio/dge_linked/sumadhva_vijaya/smv14.37.mp3,sumadhva_vijaya,sarga_14,37,full,sumadhva_vijaya:sarga_14:37,"तमरुण-मणि-वर्णं दिव्य-देहाख्य-गेहे
स्नपितमति-पृथु-श्रद्धा-नदी-चित्त-वार्भिः
ननु स यजति नित्यं हृत्सरोजासन-स्थं
न तु सकृदिति पुष्पैरष्टभिर्भाव-पुष्पैः",मालिनी,60,16.3,plausible,1.0,1.00 exact,auto_accepted,,dge_linked,B,"[""exact_duplicate""]",none (spot-check optional)
kamadhenu_dataset/incoming_audio/dge_linked/sumadhva_vijaya/smv14.38.mp3,sumadhva_vijaya,sarga_14,38,full,sumadhva_vijaya:sarga_14:38,"कृत-परम-सपर्य्यः सान्द्र-सच्चन्दनाम्भः
परिमळित-भुजोरो-मण्डलांसो मनीषी
स्मित-रुचिर-मुखेन्दुः स्निग्ध-कौशेय-वासाः
स मुनि-सुर-नराणां चक्षुषामुत्सवोऽभूत्",मालिनी,60,16.144,plausible,1.0,1.00 exact,auto_accepted,,dge_linked,B,[],none (spot-check optional)
kamadhenu_dataset/incoming_audio/dge_linked/sumadhva_vijaya/smv14.39.mp3,sumadhva_vijaya,sarga_14,39,full,sumadhva_vijaya:sarga_14:39,"परमथ परमान्नं प्राप्तमेवाप्रयासं
प्रभुरिह बुभुजेऽसौ वेद-वाद-प्रवीणः
अजित-परम-भक्तः सन्ततं मन्यमानः
सकल-जगदधीशः प्रीयतां शौरिरित्थम्",मालिनी,60,15.935,plausible,1.0,1.00 exact,auto_accepted,,dge_linked,B,[],none (spot-check optional)
kamadhenu_dataset/incoming_audio/dge_linked/sumadhva_vijaya/smv14.4.mp3,sumadhva_vijaya,sarga_14,4,full,sumadhva_vijaya:sarga_14:4,"उप-चरति नितान्तं हन्त पौरन्दरी धूर्द्यु-सदसि भजतो यं दुर्लभा दभ्र-भाग्यैः
दिशतु स परमाग्र्यानन्द-तीर्थाङ्घ्रिरेणुर्द्धरणि-धर सुखं ते सन्ततं स्वान्तरेति",मालिनी,60,18.181,plausible,1.0,1.00 exact,auto_accepted,,dge_linked,B,[],none (spot-check optional)
kamadhenu_dataset/incoming_audio/dge_linked/sumadhva_vijaya/smv14.40.mp3,sumadhva_vijaya,sarga_14,40,full,sumadhva_vijaya:sarga_14:40,"सहचर-परिक्लृप्ते सूक्ष्म-वस्त्रास्तृतेऽसा
ववि-तनु-रुह-रूपौशीर-वर्म्मे निषण्णः
अरमयदिह नाना-हृद्य-विद्या-विलासैः
कवि-जन-परिवारं मण्डयन् मण्डपाग्र्यम्",अज्ञातम्,60,16.614,plausible,1.0,1.00 exact,auto_accepted,,dge_linked,B,[],none (spot-check optional)
kamadhenu_dataset/incoming_audio/dge_linked/sumadhva_vijaya/smv14.41.mp3,sumadhva_vijaya,sarga_14,41,full,sumadhva_vijaya:sarga_14:41,"अवसरमधिगम्य भ्रू-विजृम्भादभीष्टो
मुख-सतत-ग-लक्षीभूत-पाणि-प्रवाळः
स्मित-नयन-विकासैस्तस्य विज्ञात-भावः
श्रवसि किमपि कार्य्यं मन्त्रयामास मङ्क्षु",मालिनी,60,15.987,plausible,1.0,1.00 exact,auto_accepted,,dge_linked,B,[],none (spot-check optional)
kamadhenu_dataset/incoming_audio/dge_linked/sumadhva_vijaya/smv14.42.mp3,sumadhva_vijaya,sarga_14,42,full,sumadhva_vijaya:sarga_14:42,"प्रणति-परम-कृत्याः सन्मतेर्ये जनौघा
विबभुरनति-दूरे संहतास्तानतीत्य
अहमहमिकयाऽऽशु प्राप्य पार्श्वं प्रणेमु
र्बहव इह गृहस्थाः पूर्वसेवां विधातुम्",मालिनी,60,17.241,plausible,1.0,1.00 exact,auto_accepted,,dge_linked,B,[],none (spot-check optional)
kamadhenu_dataset/incoming_audio/dge_linked/sumadhva_vijaya/smv14.43.mp3,sumadhva_vijaya,sarga_14,43,full,sumadhva_vijaya:sarga_14:43,"विविध-जन-पद-स्थाः प्राक् श्रुतेभ्यो गुणेभ्यः
शत-गुण-गुणमेनं विस्मिता वीक्षमाणाः
मुकुळित-कर-पद्मा आस्यतामित्यवाप्ताः
प्रचुरतर-हृदा सम्भावयाञ्चक्रिरेऽन्ये",मालिनी,60,17.084,plausible,1.0,1.00 exact,auto_accepted,,dge_linked,B,[],none (spot-check optional)
kamadhenu_dataset/incoming_audio/dge_linked/sumadhva_vijaya/smv14.44.mp3,sumadhva_vijaya,sarga_14,44,full,sumadhva_vijaya:sarga_14:44,"अलमलमनु-वादेनानुवाच्येत पश्चा
न्ननु गुरव इदानीमुद्यता हि प्रवक्तुम्
न मननमधुना द्रागाव्रजेत्याह्वयत् तान्
श्रुत-परिचय-सक्तान् श्रावकान् श्रावकाग्र्यः",मालिनी,60,17.711,plausible,1.0,1.00 exact,auto_accepted,,dge_linked,B,[],none (spot-check optional)
kamadhenu_dataset/incoming_audio/dge_linked/sumadhva_vijaya/smv14.45.mp3,sumadhva_vijaya,sarga_14,45,full,sumadhva_vijaya:sarga_14:45,"अधिक-धिषणमेनं व्याख्यया शोभमानं
हरिमिव कवि-वर्यं सत्य-वत्यास्तनूजम्
सततमनिमिषं सन्दृश्य सानन्द-चित्ताः
समयमपि गतं संविद्रते न स्म लोकाः",मालिनी,60,17.659,plausible,1.0,1.00 exact,auto_accepted,,dge_linked,B,[],none (spot-check optional)
kamadhenu_dataset/incoming_audio/dge_linked/sumadhva_vijaya/smv14.46.mp3,sumadhva_vijaya,sarga_14,46,full,sumadhva_vijaya:sarga_14:46,"उदयमित इवास्तं यंश्च भानुर्बभासे
स्फुटमकलुष-रूपो दर्शनीयोऽनुरागी
शुचि हरिपदमापत्सम्पदोराश्रितानां
न हि भवति विशेषः स्व-प्रकाशोन्नतानाम्",मालिनी,60,16.98,plausible,1.0,1.00 exact,auto_accepted,,dge_linked,B,[],none (spot-check optional)
kamadhenu_dataset/incoming_audio/dge_linked/sumadhva_vijaya/smv14.47.mp3,sumadhva_vijaya,sarga_14,47,full,sumadhva_vijaya:sarga_14:47,"मरतक-मणि-वर्णे भूत-धात्री-पुरन्ध्या
लसति जलधि-वासस्यर्द्ध-लीनः क्षणार्द्धम्
अरुण-तरणि-बिम्ब-च्छद्मना पद्म-रागः
कपिश-कर-कलापोल्लास्यभूत् प्रेक्षणीयः",मालिनी,60,15.464,plausible,1.0,1.00 exact,auto_accepted,,dge_linked,B,[],none (spot-check optional)
kamadhenu_dataset/incoming_audio/dge_linked/sumadhva_vijaya/smv14.48.mp3,sumadhva_vijaya,sarga_14,48,full,sumadhva_vijaya:sarga_14:48,"अवनि-वन-वन-ध्रुग्-वायु-खाहम्महत्सु
प्रकृति-गुण-समेता-व्याकृताकाश एकम्
ततमतनु-मनाः सोऽचिन्तयत् सत्-समाधा
वसुर-सुर-नरेभ्यः सद्गुणं नाथमन्यम्",मालिनी,60,18.495,plausible,1.0,1.00 exact,auto_accepted,,dge_linked,B,[],none (spot-check optional)
kamadhenu_dataset/incoming_audio/dge_linked/sumadhva_vijaya/smv14.49.mp3,sumadhva_vijaya,sarga_14,49,full,sumadhva_vijaya:sarga_14:49,"व्यदधत परिदृष्ट-ज्योतिषः साधु सान्द्रयं
नियममवनि-देवा ज्योतिषोऽप्याऽवलोकात्
विहितमनु-सरन्तो धर्म्म-शास्त्र-प्रवीणाः
सवितरि सवितारं चिन्तयन्तस्त्रिलोक्याः",अज्ञातम्,61,18.808,plausible,1.0,1.00 exact,auto_accepted,,dge_linked,B,[],none (spot-check optional)
kamadhenu_dataset/incoming_audio/dge_linked/sumadhva_vijaya/smv14.5.mp3,sumadhva_vijaya,sarga_14,5,full,sumadhva_vijaya:sarga_14:5,"अनति-परिचितस्याप्यस्य सोऽयं कवीन्द्रो
गुण-रसमति-गूढं ज्ञातवानित्यचित्रम्
मधु मधुकर-राजो निष्पतन् पौष्पमाप्तुं
ननु परिचय-हीनः काननेऽपि प्रभुः स्यात्",मालिनी,60,16.666,plausible,1.0,1.00 exact,auto_accepted,,dge_linked,B,[],none (spot-check optional)
kamadhenu_dataset/incoming_audio/dge_linked/sumadhva_vijaya/smv14.50.mp3,sumadhva_vijaya,sarga_14,50,full,sumadhva_vijaya:sarga_14:50,"विविदुरति-तरां ये देवताः षोडशोक्ता
हर-हरिहय-पूर्वान्त्याः कलाभेदतोऽस्य
सु-हुतमति-सृजन्तोऽग्न्याहितास्तेऽग्निहोत्रं
व्यधुरुचितमपूर्वं येन गायत्त्र-लोकः",मालिनी,60,17.816,plausible,1.0,1.00 exact,auto_accepted,,dge_linked,B,[],none (spot-check optional)
kamadhenu_dataset/incoming_audio/dge_linked/sumadhva_vijaya/smv14.51.mp3,sumadhva_vijaya,sarga_14,51,full,sumadhva_vijaya:sarga_14:51,"विधुरयमकळङ्कः स्याद् यदि स्यादवश्यं
ननु निज-सहजायाः सुन्दरास्येन्दु
इति सुर-ललनाभिलळितः खेचरीभिः
समधिक-मधुरिम्णा पूर्ण-चन्द्रस्तदैत्",अज्ञातम्,57,16.457,plausible,1.0,1.00 exact,auto_accepted,,dge_linked,B,[],none (spot-check optional)
kamadhenu_dataset/incoming_audio/dge_linked/sumadhva_vijaya/smv14.52.mp3,sumadhva_vijaya,sarga_14,52,full,sumadhva_vijaya:sarga_14:52,"इन-विरहमसह्यं प्राप्य पद्यैः सचक्रै
श्चिरमिह परितप्तं पूर्व-तप्तैः सु-तुष्टम्
मृदु-कुमुद-चकोरैः पाद-सङ्गेन राज्ञः
कमपि सकल-हृद्यं कल्पयेन्नैव दैवम्",मालिनी,60,16.562,plausible,1.0,1.00 exact,auto_accepted,,dge_linked,B,[],none (spot-check optional)
kamadhenu_dataset/incoming_audio/dge_linked/sumadhva_vijaya/smv14.53.mp3,sumadhva_vijaya,sarga_14,53,full,sumadhva_vijaya:sarga_14:53,"दलितेन्द्र-नील-मणि-नील-विभ्रमं
नव-कुन्द-कुड्मल-सित-द्विजावलि
स्मितया नगोत्तम-शिरस्सु-जातया
वन-मालया सुरभिताशयाऽन्वितम्",मञ्जुभाषिणी,52,14.315,plausible,1.0,1.00 exact,auto_accepted,,dge_linked,B,[],none (spot-check optional)
kamadhenu_dataset/incoming_audio/dge_linked/sumadhva_vijaya/smv14.54.mp3,sumadhva_vijaya,sarga_14,54,full,sumadhva_vijaya:sarga_14:54,"मृदुगामि-विमान-सम्पदो
रमयत् सुस्मित-गोप-सुन्दरीः
परिताप-विहीनमुज्ज्वलं
सु-ततं सूक्ष्मतराम्बरं वरम्","वियोगिनी, वैतालीय, सुन्दरी",42,13.845,plausible,1.0,1.00 exact,auto_accepted,,dge_linked,B,[],none (spot-check optional)
kamadhenu_dataset/incoming_audio/dge_linked/sumadhva_vijaya/smv14.55.mp3,sumadhva_vijaya,sarga_14,55,full,sumadhva_vijaya:sarga_14:55,"गोभिस्तमांस्यपनयन् गति-दं प्रजाना
मर्थान्तरं स भगवान् प्रकटीचकार
आनन्द-चिद्गुण-गणं परिपूर्ण-संवित्
चन्द्रस्तु शब्द-गुणमित्ययमेव भेदः",वसन्ततिलका,56,15.151,plausible,1.0,1.00 exact,auto_accepted,,dge_linked,B,[],none (spot-check optional)
kamadhenu_dataset/incoming_audio/dge_linked/sumadhva_vijaya/smv14.6.mp3,sumadhva_vijaya,sarga_14,6,full,sumadhva_vijaya:sarga_14:6,"अखिल-खल-कुलानां वर्द्धयन् द्वेष-दोषं
विदधदपि नराणां कौतुकं मध्यमानाम्
स्व-गति-समुचितानां भूति-दायी शुभानां
बहल-हृदिह निन्ये शर्वरीः काश्चिदेवम्",मालिनी,60,18.599,plausible,1.0,1.00 exact,auto_accepted,,dge_linked,B,[],none (spot-check optional)
kamadhenu_dataset/incoming_audio/dge_linked/sumadhva_vijaya/smv14.7.mp3,sumadhva_vijaya,sarga_14,7,full,sumadhva_vijaya:sarga_14:7,"उदयति विनताया नन्दने श्लाघ्य-काले
स कृत-सकल-कृत्यः कृत्य-वेदि-प्रवेकः
अरुण-यवनिकान्तर्ब्रह्म नारायणाख्यं
गुरु-गुणमभि-दध्यौ योग्य-योगासनस्थः",मालिनी,60,16.457,plausible,1.0,1.00 exact,auto_accepted,,dge_linked,B,[],none (spot-check optional)
kamadhenu_dataset/incoming_audio/dge_linked/sumadhva_vijaya/smv14.8.mp3,sumadhva_vijaya,sarga_14,8,full,sumadhva_vijaya:sarga_14:8,"अति-धवलित-दन्ता दन्त-काष्ठैः प्रशस्तै
रपि युगपदनेके सस्रुस्तत्र व्रतीन्द्राः
गुरुभिरभिहितेष्वाचार-भेदेषु निष्ठां
स्फुटमव-गमयन्तः सौष्ठवात् कर्मणां च",अज्ञातम्,60,18.129,plausible,1.0,1.00 exact,auto_accepted,,dge_linked,B,[],none (spot-check optional)
kamadhenu_dataset/incoming_audio/dge_linked/sumadhva_vijaya/smv14.9.mp3,sumadhva_vijaya,sarga_14,9,full,sumadhva_vijaya:sarga_14:9,"चरम-समय-सुप्ताः पूर्वमुत्थाय शिष्या
गुरु-जन-परि-चर्यां चक्रिरे दुष्करां च
स-बहु-मति तदाद्यप्याऽर्द्ध-रात्रात् प्रसन्नाः
सु-गतिरपरथैषां स्यात् कथङ्कारमिष्टा",मालिनी,60,17.659,plausible,1.0,1.00 exact,auto_accepted,,dge_linked,B,[],none (spot-check optional)
kamadhenu_dataset/incoming_audio/dge_linked/sumadhva_vijaya/smv15.1.mp3,sumadhva_vijaya,sarga_15,1,full,sumadhva_vijaya:sarga_15:1,"भूयो-बोधस्ततो भूयो
व्याचख्यौ भाष्यमद्भुतम्
ग्रामे ग्रामीण-सामान्ये
वसंस्तत्रामरालये",अनुष्टुप्,32,12.643,plausible,1.0,1.00 exact,auto_accepted,,dge_linked,B,[],none (spot-check optional)
kamadhenu_dataset/incoming_audio/dge_linked/sumadhva_vijaya/smv15.10.mp3,sumadhva_vijaya,sarga_15,10,full,sumadhva_vijaya:sarga_15:10,"विवादाद्ध्यासिता सृष्टि-श्चेतनेच्छानु-सारिणी
सृष्टित्वात् पट-सृष्टिर्वे-त्यनुमा पक्ष-साधिका",अनुष्टुप्,32,10.971,plausible,1.0,1.00 exact,auto_accepted,,dge_linked,B,[],none (spot-check optional)
kamadhenu_dataset/incoming_audio/dge_linked/sumadhva_vijaya/smv15.100.mp3,sumadhva_vijaya,sarga_15,100,full,sumadhva_vijaya:sarga_15:100,"स दान्तिभक्तिमाधुर्य्यपरिचर्य्यादिमेदुरैः
महाविटपिनं चक्रे गुरोः स्वस्थं कृपाङ्कुरम्",अनुष्टुप्,32,8.882,plausible,1.0,1.00 exact,auto_accepted,,dge_linked,B,[],none (spot-check optional)
kamadhenu_dataset/incoming_audio/dge_linked/sumadhva_vijaya/smv15.101.mp3,sumadhva_vijaya,sarga_15,101,full,sumadhva_vijaya:sarga_15:101,"अनन्तमति-कारुण्यकल्पद्रुमवतो जनैः
अवर्ण्यो महिमा तस्य लौल्यात्संवर्ण्यते मनाक्",अनुष्टुप्,32,9.718,plausible,1.0,1.00 exact,auto_accepted,,dge_linked,B,[],none (spot-check optional)
kamadhenu_dataset/incoming_audio/dge_linked/sumadhva_vijaya/smv15.102.mp3,sumadhva_vijaya,sarga_15,102,full,sumadhva_vijaya:sarga_15:102,"चतुरोऽसौ प्रवचने मनुसंसिद्धिमान् मनः
सङ्ख्या मा पूरणी मा गान्मध्वदासमिति व्यधात्",अनुष्टुप् (vipulā/irregular — unverified),32,9.665,plausible,1.0,1.00 exact,auto_accepted,,dge_linked,B,[],none (spot-check optional)
kamadhenu_dataset/incoming_audio/dge_linked/sumadhva_vijaya/smv15.103.mp3,sumadhva_vijaya,sarga_15,103,full,sumadhva_vijaya:sarga_15:103,"दिशं प्रयातं शशिनश्वरन्तं पर्य्यशोधयत्
तीर्थकं विष्णुतीर्थं च विष्णुतीर्थश्च तीर्थकम्",अनुष्टुप् (vipulā/irregular — unverified),32,10.083,plausible,1.0,1.00 exact,auto_accepted,,dge_linked,B,[],none (spot-check optional)
kamadhenu_dataset/incoming_audio/dge_linked/sumadhva_vijaya/smv15.104.mp3,sumadhva_vijaya,sarga_15,104,full,sumadhva_vijaya:sarga_15:104,"अकामानामनेकेषां सिद्धिभूमिं तपस्विनाम्
तिरोहितात्मा प्रापासौ हरिश्चन्द्रमहीधरम्",अनुष्टुप् (vipulā/irregular — unverified),32,10.762,plausible,1.0,1.00 exact,auto_accepted,,dge_linked,B,[],none (spot-check optional)
kamadhenu_dataset/incoming_audio/dge_linked/sumadhva_vijaya/smv15.105.mp3,sumadhva_vijaya,sarga_15,105,full,sumadhva_vijaya:sarga_15:105,"द्वन्द्व-दुःखानले वीरो मात्सर्येण वि-मत्सरः
तत्याज मत्वा तस्यासावशनादीन्धनायितम्",अनुष्टुप् (vipulā/irregular — unverified),32,10.24,plausible,1.0,1.00 exact,auto_accepted,,dge_linked,B,[],none (spot-check optional)
kamadhenu_dataset/incoming_audio/dge_linked/sumadhva_vijaya/smv15.106.mp3,sumadhva_vijaya,sarga_15,106,full,sumadhva_vijaya:sarga_15:106,"भक्तैरनु-गिरं नीतं प्रार्थितो यति-शेखरः
पञ्चगव्यं पपौ किञ्चित् पञ्चमे पञ्चमे दिने",अनुष्टुप्,32,9.77,plausible,1.0,1.00 exact,auto_accepted,,dge_linked,B,[],none (spot-check optional)
kamadhenu_dataset/incoming_audio/dge_linked/sumadhva_vijaya/smv15.107.mp3,sumadhva_vijaya,sarga_15,107,full,sumadhva_vijaya:sarga_15:107,"स त्यजन् साहसी तच्च तपस्तेपेऽति-तापसम्
बिल्व-पर्णैः क्षितौ पन्नैस्तृप्ति-मान् सलिलैरपि",अनुष्टुप्,32,8.986,plausible,1.0,1.00 exact,auto_accepted,,dge_linked,B,[],none (spot-check optional)
kamadhenu_dataset/incoming_audio/dge_linked/sumadhva_vijaya/smv15.108.mp3,sumadhva_vijaya,sarga_15,108,full,sumadhva_vijaya:sarga_15:108,"यथेष्टमद्ध्यास्त शिलां यमी सु-नियमी सताम्
नायासते यामेकाहं दैव-भग्नास्तपस्विनः",अनुष्टुप् (vipulā/irregular — unverified),32,10.501,plausible,1.0,1.00 exact,auto_accepted,,dge_linked,B,"[""exact_duplicate""]",none (spot-check optional)
kamadhenu_dataset/incoming_audio/dge_linked/sumadhva_vijaya/smv15.109.mp3,sumadhva_vijaya,sarga_15,109,full,sumadhva_vijaya:sarga_15:109,"पवनांशानुजो जित्वा पवनं रेचकादिभिः
विषयेभ्यो हृषीकाश्वान् मनो-यन्त्रा समाहरत्",अनुष्टुप्,32,10.501,plausible,1.0,1.00 exact,auto_accepted,,dge_linked,B,"[""exact_duplicate""]",none (spot-check optional)
kamadhenu_dataset/incoming_audio/dge_linked/sumadhva_vijaya/smv15.11.mp3,sumadhva_vijaya,sarga_15,11,full,sumadhva_vijaya:sarga_15:11,"यच्चेतनाचेतनयो-रङ्गाङ्गि-त्वादि मन्वते
सृष्टावीशानपेक्षायां तन्न शोभन-तां व्रजेत्",अनुष्टुप् (vipulā/irregular — unverified),32,10.449,plausible,1.0,1.00 exact,auto_accepted,,dge_linked,B,[],none (spot-check optional)
kamadhenu_dataset/incoming_audio/dge_linked/sumadhva_vijaya/smv15.110.mp3,sumadhva_vijaya,sarga_15,110,full,sumadhva_vijaya:sarga_15:110,"स्मरन् मुरारेराकारं दद्ध्यावद्ध्यात्म-कोविदः
समाधिमाधि-शमनं योगि-लभ्यं स लब्धवान्",अनुष्टुप् (vipulā/irregular — unverified),32,10.031,plausible,1.0,1.00 exact,auto_accepted,,dge_linked,B,[],none (spot-check optional)
kamadhenu_dataset/incoming_audio/dge_linked/sumadhva_vijaya/smv15.111.mp3,sumadhva_vijaya,sarga_15,111,full,sumadhva_vijaya:sarga_15:111,"मौकुन्दे सुन्दरे रूपे स्वानन्दादि-गुणार्णवे
स्वाश्चर्य्य-रत्ने मग्नात्मा नान्यत् किञ्चिद् विवेद सः",अनुष्टुप् (vipulā/irregular — unverified),32,11.546,plausible,1.0,1.00 exact,auto_accepted,,dge_linked,B,[],none (spot-check optional)
kamadhenu_dataset/incoming_audio/dge_linked/sumadhva_vijaya/smv15.112.mp3,sumadhva_vijaya,sarga_15,112,full,sumadhva_vijaya:sarga_15:112,"काम-त्रास-वि-हीनस्य तस्य सु-ज्ञान-चक्षुषः
विना कैवल्य-साम्राज्यं नार्घो योग-मणेरभूत्",अनुष्टुप्,32,10.71,plausible,1.0,1.00 exact,auto_accepted,,dge_linked,B,[],none (spot-check optional)
kamadhenu_dataset/incoming_audio/dge_linked/sumadhva_vijaya/smv15.113.mp3,sumadhva_vijaya,sarga_15,113,full,sumadhva_vijaya:sarga_15:113,"मध्वानुजे मध्व-नाथो यं प्रसादं व्यधात् तदा
स चित्ताविषयत्वाद् वा गोप्यत्वाद् वा न वर्ण्यते",अनुष्टुप् (vipulā/irregular — unverified),32,11.546,plausible,1.0,1.00 exact,auto_accepted,,dge_linked,B,[],none (spot-check optional)
kamadhenu_dataset/incoming_audio/dge_linked/sumadhva_vijaya/smv15.114.mp3,sumadhva_vijaya,sarga_15,114,full,sumadhva_vijaya:sarga_15:114,"अहो महा-बोध-सेवा-महिमाऽस्मिन् युगे यतः
धन्योऽसौ सिद्धिमापेमां सोऽमरैरित्यलाळ्यत",अनुष्टुप् (vipulā/irregular — unverified),32,9.979,plausible,1.0,1.00 exact,auto_accepted,,dge_linked,B,[],none (spot-check optional)
kamadhenu_dataset/incoming_audio/dge_linked/sumadhva_vijaya/smv15.115.mp3,sumadhva_vijaya,sarga_15,115,full,sumadhva_vijaya:sarga_15:115,"तीव्र-व्रतोऽतीन्द्रिय-विद् विद्याब्धिस्तर्कपण्डितः
अनिरुद्ध-पदाधारः प्रेष्ठः शिष्यस्तमा-ययौ",अनुष्टुप् (vipulā/irregular — unverified),32,10.71,plausible,1.0,1.00 exact,auto_accepted,,dge_linked,B,[],none (spot-check optional)
kamadhenu_dataset/incoming_audio/dge_linked/sumadhva_vijaya/smv15.116.mp3,sumadhva_vijaya,sarga_15,116,full,sumadhva_vijaya:sarga_15:116,"तेन सम्प्रार्थितं यातं रूप्य-पीठमिमं पुनः
कृत्स्न-ज्ञं कृपया स्वेषु सम्प्राप्तं मेनिरे प्रजाः",अनुष्टुप्,32,10.919,plausible,1.0,1.00 exact,auto_accepted,,dge_linked,B,[],none (spot-check optional)
kamadhenu_dataset/incoming_audio/dge_linked/sumadhva_vijaya/smv15.117.mp3,sumadhva_vijaya,sarga_15,117,full,sumadhva_vijaya:sarga_15:117,"कवीन्द्र-तिलको विद्वच्छेखरस्तापसाग्रणीः
मध्व-केळी-शुकोऽस्याभूच्छिष्यो व्यास-पदाश्रयः",अनुष्टुप्,32,9.822,plausible,1.0,1.00 exact,auto_accepted,,dge_linked,B,[],none (spot-check optional)
kamadhenu_dataset/incoming_audio/dge_linked/sumadhva_vijaya/smv15.118.mp3,sumadhva_vijaya,sarga_15,118,full,sumadhva_vijaya:sarga_15:118,"असौ दास्यं ध्रुवं यातं महान्तं महतामपि
व्यधादनुग्रहं कुर्वन् सामर्थ्यैः कौतुकं नृणाम्",अनुष्टुप्,32,9.77,plausible,1.0,1.00 exact,auto_accepted,,dge_linked,B,[],none (spot-check optional)
kamadhenu_dataset/incoming_audio/dge_linked/sumadhva_vijaya/smv15.119.mp3,sumadhva_vijaya,sarga_15,119,full,sumadhva_vijaya:sarga_15:119,"आरुरोह दुरारोहं स परैः प्रीति-कृद्धरेः
महान्तं महिमानं च महीध्रं च गुह-प्रियम्",अनुष्टुप्,32,9.456,plausible,1.0,1.00 exact,auto_accepted,,dge_linked,B,[],none (spot-check optional)
kamadhenu_dataset/incoming_audio/dge_linked/sumadhva_vijaya/smv15.12.mp3,sumadhva_vijaya,sarga_15,12,full,sumadhva_vijaya:sarga_15:12,"सर्व-विन्निर्मितं सर्वं कादाचित्कत्व-हेतुतः
न यदेवं नो तदेवं यथाऽऽत्मेतीश्वरानुमा",अनुष्टुप् (vipulā/irregular — unverified),32,10.188,plausible,1.0,1.00 exact,auto_accepted,,dge_linked,B,[],none (spot-check optional)
kamadhenu_dataset/incoming_audio/dge_linked/sumadhva_vijaya/smv15.120.mp3,sumadhva_vijaya,sarga_15,120,full,sumadhva_vijaya:sarga_15:120,"आ-कृष्टोऽस्य गुणैर्व्याप्तैर्यो गोदाया उपाययौ
स पद्मनाभ-तीर्थाख्यः शिष्योऽन्योऽभूत् सु-चेतसः",अनुष्टुप्,32,10.501,plausible,1.0,1.00 exact,auto_accepted,,dge_linked,B,[],none (spot-check optional)
kamadhenu_dataset/incoming_audio/dge_linked/sumadhva_vijaya/smv15.121.mp3,sumadhva_vijaya,sarga_15,121,full,sumadhva_vijaya:sarga_15:121,"श्रुत्या मत्या सदा भक्त्या विरक्त्या नित्य-सेवया
यस्मै प्रसन्नः प्राज्येक्षः सद्यो विद्यां ददौ शुभाम्",अनुष्टुप् (vipulā/irregular — unverified),32,10.292,plausible,1.0,1.00 exact,auto_accepted,,dge_linked,B,[],none (spot-check optional)
kamadhenu_dataset/incoming_audio/dge_linked/sumadhva_vijaya/smv15.122.mp3,sumadhva_vijaya,sarga_15,122,full,sumadhva_vijaya:sarga_15:122,"वेदान्ताब्धिं न यो जातु जहौ विद्वत्-तिमिङ्गिलः
युक्ति-प्रवाह-संरम्भात् पर-शास्त्र-नदी-चरः",अनुष्टुप्,32,9.352,plausible,1.0,1.00 exact,auto_accepted,,dge_linked,B,[],none (spot-check optional)
kamadhenu_dataset/incoming_audio/dge_linked/sumadhva_vijaya/smv15.123.mp3,sumadhva_vijaya,sarga_15,123,full,sumadhva_vijaya:sarga_15:123,"व्याख्या-प्रणाद-मात्रेण वीरम्मन्यान् स्व-मण्डले
मायावि-ग्राम-सिंहान् यो वादि-सिंहो निराकरोत्",अनुष्टुप्,32,10.762,plausible,1.0,1.00 exact,auto_accepted,,dge_linked,B,[],none (spot-check optional)
kamadhenu_dataset/incoming_audio/dge_linked/sumadhva_vijaya/smv15.124.mp3,sumadhva_vijaya,sarga_15,124,full,sumadhva_vijaya:sarga_15:124,"मत्त-दुर्वादि-मातङ्ग-तर्क-मस्तक-दारणे
पञ्चास्यो योऽभवद् व्यक्तं चतुरास्योऽपि केवलम्",अनुष्टुप्,32,8.882,plausible,1.0,1.00 exact,auto_accepted,,dge_linked,B,[],none (spot-check optional)
kamadhenu_dataset/incoming_audio/dge_linked/sumadhva_vijaya/smv15.125.mp3,sumadhva_vijaya,sarga_15,125,full,sumadhva_vijaya:sarga_15:125,"सन्न्याय-रत्नावळिरप्युदपादि यतः परा
टीका परानु-याख्याया अनर्घा बोध-सागरात्",अनुष्टुप् (vipulā/irregular — unverified),32,9.718,plausible,1.0,1.00 exact,auto_accepted,,dge_linked,B,[],none (spot-check optional)
kamadhenu_dataset/incoming_audio/dge_linked/sumadhva_vijaya/smv15.126.mp3,sumadhva_vijaya,sarga_15,126,full,sumadhva_vijaya:sarga_15:126,"वेद-प्रवचनाचार्य्य-शिष्योऽसाविति पूजितः
सभ्यः सभायां यो वेदं व्याचख्यौ वेद-सारवित्",अनुष्टुप् (vipulā/irregular — unverified),32,9.143,plausible,1.0,1.00 exact,auto_accepted,,dge_linked,B,[],none (spot-check optional)
kamadhenu_dataset/incoming_audio/dge_linked/sumadhva_vijaya/smv15.127.mp3,sumadhva_vijaya,sarga_15,127,full,sumadhva_vijaya:sarga_15:127,"अनयोः प्रथमे शिष्याश्रमे चाभवन्निह
अनन्त-बोधस्यानेके यतीन्द्रा बहु-देशजाः",अज्ञातम्,31,9.404,plausible,1.0,1.00 exact,auto_accepted,,dge_linked,B,[],none (spot-check optional)
kamadhenu_dataset/incoming_audio/dge_linked/sumadhva_vijaya/smv15.128.mp3,sumadhva_vijaya,sarga_15,128,full,sumadhva_vijaya:sarga_15:128,"वशीकृत-हृषीकाश्च जननाद्युप-मर्द्दिनः
नर-सिंह-पदाधारा अभ्यस्तोपेन्द्र-नामकाः",अनुष्टुप्,32,8.725,plausible,1.0,1.00 exact,auto_accepted,,dge_linked,B,[],none (spot-check optional)
kamadhenu_dataset/incoming_audio/dge_linked/sumadhva_vijaya/smv15.129.mp3,sumadhva_vijaya,sarga_15,129,full,sumadhva_vijaya:sarga_15:129,"अदीर्घान्याभिधानाश्च श्रीमद्राम-पदाश्रयाः
अप्रत्यक्ष-गुणोद्रिक्ता भक्ति-वैराग्य-सागराः",अनुष्टुप्,32,11.18,plausible,1.0,1.00 exact,auto_accepted,,dge_linked,B,[],none (spot-check optional)
kamadhenu_dataset/incoming_audio/dge_linked/sumadhva_vijaya/smv15.13.mp3,sumadhva_vijaya,sarga_15,13,full,sumadhva_vijaya:sarga_15:13,"बलाय सर्वानुमानां वेदाः स्युर्यैरपालिताः
कामादेताः प्रवर्त्तन्ते कामिन्य इव भर्तृभिः",अनुष्टुप् (vipulā/irregular — unverified),32,10.867,plausible,1.0,1.00 exact,auto_accepted,,dge_linked,B,[],none (spot-check optional)
kamadhenu_dataset/incoming_audio/dge_linked/sumadhva_vijaya/smv15.130.mp3,sumadhva_vijaya,sarga_15,130,full,sumadhva_vijaya:sarga_15:130,"पादैः पुनन्तः पृथिवीं दर्शयन्तो हरेः पदम्
धूत-दुःसमय-ध्वान्ता भास्करा इव गां गताः",अनुष्टुप् (vipulā/irregular — unverified),32,10.658,plausible,1.0,1.00 exact,auto_accepted,,dge_linked,B,[],none (spot-check optional)
kamadhenu_dataset/incoming_audio/dge_linked/sumadhva_vijaya/smv15.131.mp3,sumadhva_vijaya,sarga_15,131,full,sumadhva_vijaya:sarga_15:131,"मोक्ष-शास्त्रामृताम्भोधि-सेवया नित्य-निर्वृताः
चक्रि-चारु-तरार्चासु चक्रिणश्चरणार्च्चकाः",अनुष्टुप्,32,9.247,plausible,1.0,1.00 exact,auto_accepted,,dge_linked,B,[],none (spot-check optional)
kamadhenu_dataset/incoming_audio/dge_linked/sumadhva_vijaya/smv15.132.mp3,sumadhva_vijaya,sarga_15,132,full,sumadhva_vijaya:sarga_15:132,"मध्व-प्रशिष्या बहवो शिष्या एषां मुहुस्तथा
अलञ्चक्रुरलं पृथ्वीं सर्वे सद्-गुण-भूषणाः",अनुष्टुप् (vipulā/irregular — unverified),32,9.456,plausible,1.0,1.00 exact,auto_accepted,,dge_linked,B,[],none (spot-check optional)
kamadhenu_dataset/incoming_audio/dge_linked/sumadhva_vijaya/smv15.133.mp3,sumadhva_vijaya,sarga_15,133,full,sumadhva_vijaya:sarga_15:133,"सदा सकल-सच्छास्त्र-व्याख्या-सौख्यामृताब्धि-गाः
सर्वे दुर्वादि-दुर्वाद-काण्ड-खण्डन-मण्डनाः",अनुष्टुप्,32,9.091,plausible,1.0,1.00 exact,auto_accepted,,dge_linked,B,[],none (spot-check optional)
kamadhenu_dataset/incoming_audio/dge_linked/sumadhva_vijaya/smv15.134.mp3,sumadhva_vijaya,sarga_15,134,full,sumadhva_vijaya:sarga_15:134,"भूरि-भक्ति-भराः केचिदेष्वल्प-श्रुत-सम्पदः
अप्यल्प-बोधा अपरे बहु-श्रुत-महा-गुणाः",अनुष्टुप् (vipulā/irregular — unverified),32,7.941,plausible,1.0,1.00 exact,auto_accepted,,dge_linked,B,[],none (spot-check optional)
kamadhenu_dataset/incoming_audio/dge_linked/sumadhva_vijaya/smv15.135.mp3,sumadhva_vijaya,sarga_15,135,full,sumadhva_vijaya:sarga_15:135,"बहवो गृहिणोऽप्यस्मात् समग्रानुग्रहं ययुः
दीप्रा यत्रानय इव त्रयो लिकुच-शेखराः",अनुष्टुप् (vipulā/irregular — unverified),32,9.874,plausible,1.0,1.00 exact,auto_accepted,,dge_linked,B,[],none (spot-check optional)
kamadhenu_dataset/incoming_audio/dge_linked/sumadhva_vijaya/smv15.136.mp3,sumadhva_vijaya,sarga_15,136,full,sumadhva_vijaya:sarga_15:136,"माध्वं नियोगं ये प्रायो नात्यजन् विदुषां वराः
शिष्य-क्षेत्रेषु सद्विद्या-बीजावापैक-दीक्षिता",अनुष्टुप् (vipulā/irregular — unverified),32,10.24,plausible,1.0,1.00 exact,auto_accepted,,dge_linked,B,[],none (spot-check optional)
kamadhenu_dataset/incoming_audio/dge_linked/sumadhva_vijaya/smv15.137.mp3,sumadhva_vijaya,sarga_15,137,full,sumadhva_vijaya:sarga_15:137,"ग्रामण्यो ब्राह्मणाग्रण्यः प्रापुः पूर्णेक्ष-शिष्यताम्
येषां सद्-गुप्ति-मात्रेण भवेत् किल परं पदम्",अनुष्टुप्,32,10.083,plausible,1.0,1.00 exact,auto_accepted,,dge_linked,B,[],none (spot-check optional)
kamadhenu_dataset/incoming_audio/dge_linked/sumadhva_vijaya/smv15.138.mp3,sumadhva_vijaya,sarga_15,138,full,sumadhva_vijaya:sarga_15:138,"शुश्रूषा-पक्ष-पाताद्यैः केभ्यश्चित् केवलं ददौ
राम-प्रियो राम इव स्वां गतिं योगि-दुर्लभाम्",अनुष्टुप् (vipulā/irregular — unverified),32,9.927,plausible,1.0,1.00 exact,auto_accepted,,dge_linked,B,[],none (spot-check optional)
kamadhenu_dataset/incoming_audio/dge_linked/sumadhva_vijaya/smv15.139.mp3,sumadhva_vijaya,sarga_15,139,full,sumadhva_vijaya:sarga_15:139,"शिष्य-प्रशिष्यातिशया ईदृशा यद्-दयोदयात्
को नेच्छेत् सुलभं भक्त्या तत्-पाद-सुर-पादपम्",अनुष्टुप् (vipulā/irregular — unverified),32,9.247,plausible,1.0,1.00 exact,auto_accepted,,dge_linked,B,[],none (spot-check optional)
kamadhenu_dataset/incoming_audio/dge_linked/sumadhva_vijaya/smv15.14.mp3,sumadhva_vijaya,sarga_15,14,full,sumadhva_vijaya:sarga_15:14,"कारणं परिणामि स्याद् ब्रह्म नो चेतनत्वतः
न यदित्थं नो तदित्थं यथा क्षीर-पुरस्सरम्",अनुष्टुप् (vipulā/irregular — unverified),32,10.136,plausible,1.0,1.00 exact,auto_accepted,,dge_linked,B,[],none (spot-check optional)
kamadhenu_dataset/incoming_audio/dge_linked/sumadhva_vijaya/smv15.140.mp3,sumadhva_vijaya,sarga_15,140,full,sumadhva_vijaya:sarga_15:140,"इत्थं सद्भिः सद्भिरर्यो धरायां
चक्रे वासं शेष-शय्ये शयाने
ग्रामे वातैः पाविते काण्व-तीर्थे
भक्त-प्रीत्या सन्मठेऽनून-बोधः",शालिनी,44,15.256,plausible,1.0,1.00 exact,auto_accepted,,dge_linked,B,[],none (spot-check optional)
kamadhenu_dataset/incoming_audio/dge_linked/sumadhva_vijaya/smv15.141.mp3,sumadhva_vijaya,sarga_15,141,full,sumadhva_vijaya:sarga_15:141,"आनन्दतीर्थ-भगवद्-वदनेन्दु-बिम्बं
विद्या-सुधा-वितत-कान्ति सु-कान्ति-कान्तम्
यैः प्रैक्ष्यतात्र भव-ताप-शमाय भक्तै
स्तद्दास-दास्यमपि किं न ददाति पुंसः",वसन्ततिलका,56,14.681,plausible,1.0,1.00 exact,auto_accepted,,dge_linked,B,[],none (spot-check optional)
kamadhenu_dataset/incoming_audio/dge_linked/sumadhva_vijaya/smv15.15.mp3,sumadhva_vijaya,sarga_15,15,full,sumadhva_vijaya:sarga_15:15,"न विश्व-कृत् पशु-पतिः श्रूयमाणागुणत्वतः
चैत्र-वत् किं पुनर्विघ्न-व्राताद्या बाल-शङ्किताः",अनुष्टुप् (vipulā/irregular — unverified),32,9.665,plausible,1.0,1.00 exact,auto_accepted,,dge_linked,B,[],none (spot-check optional)
kamadhenu_dataset/incoming_audio/dge_linked/sumadhva_vijaya/smv15.16.mp3,sumadhva_vijaya,sarga_15,16,full,sumadhva_vijaya:sarga_15:16,"ननु सौख्यादिमान् नेशो दुःखादिरहित-त्वतः
यो नैवं स्यात् स नैवं स्याद् यथा संसृतिमानिति",अनुष्टुप्,32,10.919,plausible,1.0,1.00 exact,auto_accepted,,dge_linked,B,[],none (spot-check optional)
kamadhenu_dataset/incoming_audio/dge_linked/sumadhva_vijaya/smv15.17.mp3,sumadhva_vijaya,sarga_15,17,full,sumadhva_vijaya:sarga_15:17,"एवं चेद् विमतो ज्ञानी न भ्रान्ति-रहितत्वतः
यो नैवं स्यात् स नैवं स्याद् भवीवेत्यनुमीयते",अनुष्टुप्,32,10.553,plausible,1.0,1.00 exact,auto_accepted,,dge_linked,B,[],none (spot-check optional)
kamadhenu_dataset/incoming_audio/dge_linked/sumadhva_vijaya/smv15.18.mp3,sumadhva_vijaya,sarga_15,18,full,sumadhva_vijaya:sarga_15:18,"सर्वज्ञस्याज्ञतां वेदः श्रद्धेयो विरुणद्धि चेत्
तस्यैवामन्दमानन्दं वदन्नाश्राव्यसौ कथम्",अनुष्टुप्,32,11.233,plausible,1.0,1.00 exact,auto_accepted,,dge_linked,B,[],none (spot-check optional)
kamadhenu_dataset/incoming_audio/dge_linked/sumadhva_vijaya/smv15.19.mp3,sumadhva_vijaya,sarga_15,19,full,sumadhva_vijaya:sarga_15:19,"दुःखं परि-जिहीर्षन् यः सुखं नोरी-चिकीर्षति
स हन्ताऽपतितं दुःखम् ईशस्य व्यस्मरज्जळः",अनुष्टुप्,32,9.561,plausible,1.0,1.00 exact,auto_accepted,,dge_linked,B,[],none (spot-check optional)
kamadhenu_dataset/incoming_audio/dge_linked/sumadhva_vijaya/smv15.2.mp3,sumadhva_vijaya,sarga_15,2,full,sumadhva_vijaya:sarga_15:2,"पर-पक्ष-रथारूढं
खर-तर्क-महायुधम्
त्रिविक्रमार्य्यं सोऽपश्यत्
प्रति-वीरमिवाग्रतः",अनुष्टुप् (vipulā/irregular — unverified),32,11.024,plausible,1.0,1.00 exact,auto_accepted,,dge_linked,B,[],none (spot-check optional)
kamadhenu_dataset/incoming_audio/dge_linked/sumadhva_vijaya/smv15.20.mp3,sumadhva_vijaya,sarga_15,20,full,sumadhva_vijaya:sarga_15:20,"यो दुःख-समवायोऽयं चैत्रे तेन ह्यभेदवान्
समवायः कश्चिदीशे तदनेक-त्वमन्यथा",अनुष्टुप् (vipulā/irregular — unverified),32,10.188,plausible,1.0,1.00 exact,auto_accepted,,dge_linked,B,[],none (spot-check optional)
kamadhenu_dataset/incoming_audio/dge_linked/sumadhva_vijaya/smv15.21.mp3,sumadhva_vijaya,sarga_15,21,full,sumadhva_vijaya:sarga_15:21,"औपाधिकोऽस्य भेदश्चेत् सत्योऽसत्यः स्विदुच्यताम्
तद् द्वयं चोक्त-दोषं हि मायि-वन्मा वदेत् परम्",अनुष्टुप्,32,10.606,plausible,1.0,1.00 exact,auto_accepted,,dge_linked,B,[],none (spot-check optional)
kamadhenu_dataset/incoming_audio/dge_linked/sumadhva_vijaya/smv15.22.mp3,sumadhva_vijaya,sarga_15,22,full,sumadhva_vijaya:sarga_15:22,"ब्रूयुरौपाधिकं भेदं ज्ञानादीनां यदात्मनः
नीत्याऽनया तन्निरासात् स्यात् तस्यानन्त-धर्म्मता",अनुष्टुप् (vipulā/irregular — unverified),32,11.18,plausible,1.0,1.00 exact,auto_accepted,,dge_linked,B,[],none (spot-check optional)
kamadhenu_dataset/incoming_audio/dge_linked/sumadhva_vijaya/smv15.23.mp3,sumadhva_vijaya,sarga_15,23,full,sumadhva_vijaya:sarga_15:23,"गुणादि-भेदे सम्बन्ध-मपेक्ष्याप्यनवस्थितेः
विशेष-मात्रेणाऽनन्त्यं गुणानां शोभते विभोः",अनुष्टुप् (vipulā/irregular — unverified),32,9.979,plausible,1.0,1.00 exact,auto_accepted,,dge_linked,B,[],none (spot-check optional)
kamadhenu_dataset/incoming_audio/dge_linked/sumadhva_vijaya/smv15.24.mp3,sumadhva_vijaya,sarga_15,24,full,sumadhva_vijaya:sarga_15:24,"मन्यन्ते शून्यमेवान्ये तत्वमागम-वैरिणः
मता माद्ध्यमिकास्तेऽपि व्यक्ताश्छन्ना इति द्वये",अनुष्टुप्,32,10.762,plausible,1.0,1.00 exact,auto_accepted,,dge_linked,B,[],none (spot-check optional)
kamadhenu_dataset/incoming_audio/dge_linked/sumadhva_vijaya/smv15.25.mp3,sumadhva_vijaya,sarga_15,25,full,sumadhva_vijaya:sarga_15:25,"शून्यं ब्रह्माह्वयेनाऽहुः स्वांश्च वेदान्तिनोऽभ्यधुः
अतत्वावेदकं वेदं वदन्तश्चरमे खलाः",अनुष्टुप्,32,9.874,plausible,1.0,1.00 exact,auto_accepted,,dge_linked,B,[],none (spot-check optional)
kamadhenu_dataset/incoming_audio/dge_linked/sumadhva_vijaya/smv15.26.mp3,sumadhva_vijaya,sarga_15,26,full,sumadhva_vijaya:sarga_15:26,"पर-तत्व-विवर्त्तत्वाद् अपरस्याखिलस्य च
अ-विशेषत्वतश्चास्य नान्तरन्तरमेतयोः",अनुष्टुप्,32,9.561,plausible,1.0,1.00 exact,auto_accepted,,dge_linked,B,[],none (spot-check optional)
kamadhenu_dataset/incoming_audio/dge_linked/sumadhva_vijaya/smv15.27.mp3,sumadhva_vijaya,sarga_15,27,full,sumadhva_vijaya:sarga_15:27,"अखण्ड-खण्डन-न्यायान् अखण्डमपि खण्डयन्
अखण्डयदखण्ड-ज्ञो द्वयांश्चाखण्डल-द्विषः",अनुष्टुप्,32,10.71,plausible,1.0,1.00 exact,auto_accepted,,dge_linked,B,[],none (spot-check optional)
kamadhenu_dataset/incoming_audio/dge_linked/sumadhva_vijaya/smv15.28.mp3,sumadhva_vijaya,sarga_15,28,full,sumadhva_vijaya:sarga_15:28,"विमतं कारणं न स्यादसत्त्वान्न यदीदृशम्
नेदृशं तद् यथा कुम्भकर्त्तेत्यत्रानुमीयते",अनुष्टुप्,32,10.606,plausible,1.0,1.00 exact,auto_accepted,,dge_linked,B,[],none (spot-check optional)
kamadhenu_dataset/incoming_audio/dge_linked/sumadhva_vijaya/smv15.29.mp3,sumadhva_vijaya,sarga_15,29,full,sumadhva_vijaya:sarga_15:29,"अङ्घो तापस नो शून्यं कारणं कुम्भ-कर्त्तृवत्
यत्-संवृत्युत्थितं विश्वं तत् कारणमितीर्य्यते",अनुष्टुप्,32,10.292,plausible,1.0,1.00 exact,auto_accepted,,dge_linked,B,[],none (spot-check optional)
kamadhenu_dataset/incoming_audio/dge_linked/sumadhva_vijaya/smv15.3.mp3,sumadhva_vijaya,sarga_15,3,full,sumadhva_vijaya:sarga_15:3,"तदा तदाननाम्भोजाद्
वृत्तोपन्यासभारती
सेना सेनाग्रहा दिव्या
शिबिरादिव निर्य्ययौ",अनुष्टुप्,32,11.546,plausible,1.0,1.00 exact,auto_accepted,,dge_linked,B,[],none (spot-check optional)
kamadhenu_dataset/incoming_audio/dge_linked/sumadhva_vijaya/smv15.30.mp3,sumadhva_vijaya,sarga_15,30,full,sumadhva_vijaya:sarga_15:30,"एवं चेत् कारणं मा स्म ब्रवीः शून्यं कथञ्चन
आयुष्मंस्तदधिष्ठानं व्युत्पित्सस्व गुरोर्गृहे",अनुष्टुप्,32,10.606,plausible,1.0,1.00 exact,auto_accepted,,dge_linked,B,[],none (spot-check optional)
kamadhenu_dataset/incoming_audio/dge_linked/sumadhva_vijaya/smv15.31.mp3,sumadhva_vijaya,sarga_15,31,full,sumadhva_vijaya:sarga_15:31,"विवादस्य पदं न स्यादधिष्ठानमसत्त्वतः
वैधर्म्येणैष दृष्टान्तः शुक्त्यादि-वदितीर्य्यते",अनुष्टुप्,32,10.345,plausible,1.0,1.00 exact,auto_accepted,,dge_linked,B,[],none (spot-check optional)
kamadhenu_dataset/incoming_audio/dge_linked/sumadhva_vijaya/smv15.32.mp3,sumadhva_vijaya,sarga_15,32,full,sumadhva_vijaya:sarga_15:32,"अतत्वावेदकं मानमिति स्व-व्याहतं यतः
तद्-वादी तेन वेदस्य सोऽभिप्रैत्यप्रमाणताम्",अनुष्टुप्,32,9.874,plausible,1.0,1.00 exact,auto_accepted,,dge_linked,B,[],none (spot-check optional)
kamadhenu_dataset/incoming_audio/dge_linked/sumadhva_vijaya/smv15.33.mp3,sumadhva_vijaya,sarga_15,33,full,sumadhva_vijaya:sarga_15:33,"यं तत्वावेदकं वेद वेदांशं वेद-दूषकः
तत्वस्यावर्णनीयत्वात् स तत्वावेदकः कथम्",अनुष्टुप्,32,11.128,plausible,1.0,1.00 exact,auto_accepted,,dge_linked,B,[],none (spot-check optional)
kamadhenu_dataset/incoming_audio/dge_linked/sumadhva_vijaya/smv15.34.mp3,sumadhva_vijaya,sarga_15,34,full,sumadhva_vijaya:sarga_15:34,"लक्षणाभिः प्रवर्त्तन्ते वाक्यानि तिसृभिर्य्यदि
विषयत्वं लक्षणानां तस्यैवानिष्टमागतम्",अनुष्टुप् (vipulā/irregular — unverified),32,9.822,plausible,1.0,1.00 exact,auto_accepted,,dge_linked,B,[],none (spot-check optional)
kamadhenu_dataset/incoming_audio/dge_linked/sumadhva_vijaya/smv15.35.mp3,sumadhva_vijaya,sarga_15,35,full,sumadhva_vijaya:sarga_15:35,"किञ्चाखण्डेऽत्र वाक्यानि किञ्चिद् विदधते न हि
तान्यभ्यधुरभावं चेज्जाड्यास्तन्न शोभते",अज्ञातम्,31,10.24,plausible,1.0,1.00 exact,auto_accepted,,dge_linked,B,"[""exact_duplicate""]",none (spot-check optional)
kamadhenu_dataset/incoming_audio/dge_linked/sumadhva_vijaya/smv15.36.mp3,sumadhva_vijaya,sarga_15,36,full,sumadhva_vijaya:sarga_15:36,"अभाव-भावस्याभावाद् भाव-रूपस्य तस्य तु
भावाभाव-विशेषाणामभावादविशेषिणः",अनुष्टुप् (vipulā/irregular — unverified),32,10.24,plausible,1.0,1.00 exact,auto_accepted,,dge_linked,B,"[""exact_duplicate""]",none (spot-check optional)
kamadhenu_dataset/incoming_audio/dge_linked/sumadhva_vijaya/smv15.37.mp3,sumadhva_vijaya,sarga_15,37,full,sumadhva_vijaya:sarga_15:37,"यो वेद-वेदितार्थानां नित्य-सन्त्याग-संश्रवी
वेद-बाह्यो विपश्चिद्भिरेष निश्चीयतां ततः",अनुष्टुप्,32,9.613,plausible,1.0,1.00 exact,auto_accepted,,dge_linked,B,[],none (spot-check optional)
kamadhenu_dataset/incoming_audio/dge_linked/sumadhva_vijaya/smv15.38.mp3,sumadhva_vijaya,sarga_15,38,full,sumadhva_vijaya:sarga_15:38,"ज्यायसो दूषणेनैव धूर्त्तम्मन्योऽपि दूषितः
पक्षयोरविशेषत्वादनयोः सद्-विपक्षयोः",अनुष्टुप्,32,9.77,plausible,1.0,1.00 exact,auto_accepted,,dge_linked,B,[],none (spot-check optional)
kamadhenu_dataset/incoming_audio/dge_linked/sumadhva_vijaya/smv15.39.mp3,sumadhva_vijaya,sarga_15,39,full,sumadhva_vijaya:sarga_15:39,"असत्त्वादित्यसौ हेतुरसिद्धो ब्रह्मवादिनः
मेति भाष्यविशेषत्वादेतयोर्ब्रह्म-शून्ययोः",अनुष्टुप्,32,8.986,plausible,1.0,1.00 exact,auto_accepted,,dge_linked,B,[],none (spot-check optional)
kamadhenu_dataset/incoming_audio/dge_linked/sumadhva_vijaya/smv15.4.mp3,sumadhva_vijaya,sarga_15,4,full,sumadhva_vijaya:sarga_15:4,"नात्यत्वरा नाति-रया
न-स्खलन्ती निरन्तरा
अनानावयवेत्येव
दवीयोभिः प्र-तर्किता",अनुष्टुप् (vipulā/irregular — unverified),32,10.971,plausible,1.0,1.00 exact,auto_accepted,,dge_linked,B,[],none (spot-check optional)
kamadhenu_dataset/incoming_audio/dge_linked/sumadhva_vijaya/smv15.40.mp3,sumadhva_vijaya,sarga_15,40,full,sumadhva_vijaya:sarga_15:40,"सोऽङ्गीकरोति चेत् सत्त्वं ब्रह्मणः स्याद् विशेषिता
न चेत् प्राप्तं पारिशेष्यादसत्त्वं न निरस्यतु",अनुष्टुप् (vipulā/irregular — unverified),32,9.613,plausible,1.0,1.00 exact,auto_accepted,,dge_linked,B,[],none (spot-check optional)
kamadhenu_dataset/incoming_audio/dge_linked/sumadhva_vijaya/smv15.41.mp3,sumadhva_vijaya,sarga_15,41,full,sumadhva_vijaya:sarga_15:41,"विगीतं न विचार्य्यं स्यान्न भाव्यं न फल-प्रदम्
शून्यं ब्रह्माद्यमद्वैतं विधि-धी-गोचरो न यत्",अनुष्टुप्,32,9.143,plausible,1.0,1.00 exact,auto_accepted,,dge_linked,B,[],none (spot-check optional)
kamadhenu_dataset/incoming_audio/dge_linked/sumadhva_vijaya/smv15.42.mp3,sumadhva_vijaya,sarga_15,42,full,sumadhva_vijaya:sarga_15:42,"ख-पुष्पवदखण्डत्वाद् व्यतिरिक्तं निदर्शनम्
प्रमाणादिवदित्येवमूहनीयं यथेप्सितम्",अनुष्टुप्,32,7.941,plausible,1.0,1.00 exact,auto_accepted,,dge_linked,B,[],none (spot-check optional)
kamadhenu_dataset/incoming_audio/dge_linked/sumadhva_vijaya/smv15.43.mp3,sumadhva_vijaya,sarga_15,43,full,sumadhva_vijaya:sarga_15:43,"आम्नायानाममानत्वे धर्म्मादेरप्रमाणता
धर्म्माद्यभावे नो मानं प्रत्यक्षैक-प्रमाणिनः",अनुष्टुप् (vipulā/irregular — unverified),32,10.606,plausible,1.0,1.00 exact,auto_accepted,,dge_linked,B,[],none (spot-check optional)
kamadhenu_dataset/incoming_audio/dge_linked/sumadhva_vijaya/smv15.44.mp3,sumadhva_vijaya,sarga_15,44,full,sumadhva_vijaya:sarga_15:44,"न पौरुषेयं वचनं प्रामाण्येन विनिश्चितम्
पौरुषेयत्वतो यद्वद् वाक्यमुन्मत्त-भाषितम्",अनुष्टुप् (vipulā/irregular — unverified),32,9.927,plausible,1.0,1.00 exact,auto_accepted,,dge_linked,B,[],none (spot-check optional)
kamadhenu_dataset/incoming_audio/dge_linked/sumadhva_vijaya/smv15.45.mp3,sumadhva_vijaya,sarga_15,45,full,sumadhva_vijaya:sarga_15:45,"विमतः पुरुषोऽज्ञः स्यात्
स्याच्चासौ विप्रलम्भकः
पुंस्त्वाच्चैत्रवदित्यस्ता
सर्वज्ञे केवलानुमा",अनुष्टुप्,32,9.561,plausible,1.0,1.00 exact,auto_accepted,,dge_linked,B,[],none (spot-check optional)
kamadhenu_dataset/incoming_audio/dge_linked/sumadhva_vijaya/smv15.46.mp3,sumadhva_vijaya,sarga_15,46,full,sumadhva_vijaya:sarga_15:46,"दुःखाकरोति यद् दैवं
दुःशास्त्रेषूग्र आग्रहः
दुःखाकरोऽति-घोरः स्या
ल्लोकोऽतस्तद्वतां ध्रुवः",अनुष्टुप्,32,10.188,plausible,1.0,1.00 exact,auto_accepted,,dge_linked,B,[],none (spot-check optional)
kamadhenu_dataset/incoming_audio/dge_linked/sumadhva_vijaya/smv15.47.mp3,sumadhva_vijaya,sarga_15,47,full,sumadhva_vijaya:sarga_15:47,"आस्माकेऽपेक्षिते पक्षे
मोक्षं दद्यादधोक्षजः
यत्र स्वानन्दिनः सन्तः
सेवन्ते विषयान् बहून्",अनुष्टुप्,32,9.665,plausible,1.0,1.00 exact,auto_accepted,,dge_linked,B,[],none (spot-check optional)
kamadhenu_dataset/incoming_audio/dge_linked/sumadhva_vijaya/smv15.48.mp3,sumadhva_vijaya,sarga_15,48,full,sumadhva_vijaya:sarga_15:48,"स्व-व्याहत्यादिनोपेक्ष्या
मुक्तिर्या निर्विशेषिता
कदेत्याद्यनुयोगेऽस्या
विशेषः स्यान्ननूत्तरे",अनुष्टुप्,32,10.083,plausible,1.0,1.00 exact,auto_accepted,,dge_linked,B,[],none (spot-check optional)
kamadhenu_dataset/incoming_audio/dge_linked/sumadhva_vijaya/smv15.49.mp3,sumadhva_vijaya,sarga_15,49,full,sumadhva_vijaya:sarga_15:49,"अपि बुद्ध्यादि-रहितः
पुरुषार्थी न सर्वथा
निखिलानु-भवाभावात्
पुत्तळीका-पुरोगवत्",अनुष्टुप् (vipulā/irregular — unverified),32,8.725,plausible,1.0,1.00 exact,auto_accepted,,dge_linked,B,[],none (spot-check optional)
kamadhenu_dataset/incoming_audio/dge_linked/sumadhva_vijaya/smv15.5.mp3,sumadhva_vijaya,sarga_15,5,full,sumadhva_vijaya:sarga_15:5,"सूत्र-स्यन्दन-वृन्दाढ्या दुर्वार-श्रुति-वारणा
सूपपत्ति-महापत्तिर्विचित्र-स्मृति-सप्तिका",अनुष्टुप्,32,11.024,plausible,1.0,1.00 exact,auto_accepted,,dge_linked,B,[],none (spot-check optional)
kamadhenu_dataset/incoming_audio/dge_linked/sumadhva_vijaya/smv15.50.mp3,sumadhva_vijaya,sarga_15,50,full,sumadhva_vijaya:sarga_15:50,"ज्ञानप्रयत्नवाञ्छावान्
ईशो न ह्यशुभं भजेत्
स्वसामर्थ्येन तेनैव
तं च कुर्य्यात् स तादृशम्",अनुष्टुप्,32,10.031,plausible,1.0,1.00 exact,auto_accepted,,dge_linked,B,[],none (spot-check optional)
kamadhenu_dataset/incoming_audio/dge_linked/sumadhva_vijaya/smv15.51.mp3,sumadhva_vijaya,sarga_15,51,full,sumadhva_vijaya:sarga_15:51,"दुःखव्याप्तं सुखं बद्धे
दृष्ट्वा मुक्ते निरस्यता
स्वरूपं च निरस्येत
शून्यवादी तदा भवेत्",अनुष्टुप्,32,10.919,plausible,1.0,1.00 exact,auto_accepted,,dge_linked,B,[],none (spot-check optional)
kamadhenu_dataset/incoming_audio/dge_linked/sumadhva_vijaya/smv15.52.mp3,sumadhva_vijaya,sarga_15,52,full,sumadhva_vijaya:sarga_15:52,"ननु विप्रतिपन्नः स्या
दूर्म्मिमान् देहवत्त्वतः
चैत्रो यथेत्युपाधिः स्यात्
तत्र चाशुद्धदेहिता",अनुष्टुप्,32,9.509,plausible,1.0,1.00 exact,auto_accepted,,dge_linked,B,[],none (spot-check optional)
kamadhenu_dataset/incoming_audio/dge_linked/sumadhva_vijaya/smv15.53.mp3,sumadhva_vijaya,sarga_15,53,full,sumadhva_vijaya:sarga_15:53,"अनैकान्तिकता हेतो
र्देहवत्त्वादधीशितुः
सोऽदेहश्चेदनिच्छादि
र्भवेच्छशविषाणवत्",अनुष्टुप्,32,9.352,plausible,1.0,1.00 exact,auto_accepted,,dge_linked,B,[],none (spot-check optional)
kamadhenu_dataset/incoming_audio/dge_linked/sumadhva_vijaya/smv15.54.mp3,sumadhva_vijaya,sarga_15,54,full,sumadhva_vijaya:sarga_15:54,"ज्ञात्रादिरूपमस्य स्याद्
वैलक्षण्याय चेत् ततः
तदेव देहशब्दोक्तं
न ह्यसौ प्राकृताकृतिः",अनुष्टुप्,32,8.934,plausible,1.0,1.00 exact,auto_accepted,,dge_linked,B,[],none (spot-check optional)
kamadhenu_dataset/incoming_audio/dge_linked/sumadhva_vijaya/smv15.55.mp3,sumadhva_vijaya,sarga_15,55,full,sumadhva_vijaya:sarga_15:55,"एवं स्वरूप-देहत्वं
मुक्तस्याप्युररीकृतम्
नानिष्ट-भोगस्तेन स्यात्
प्राकृत-क्षेत्र-सम्भवः",अनुष्टुप् (vipulā/irregular — unverified),32,9.143,plausible,1.0,1.00 exact,auto_accepted,,dge_linked,B,[],none (spot-check optional)
kamadhenu_dataset/incoming_audio/dge_linked/sumadhva_vijaya/smv15.56.mp3,sumadhva_vijaya,sarga_15,56,full,sumadhva_vijaya:sarga_15:56,"विमतो नावयववान्
विनाशित्व-प्रसङ्गतः
पटवच्चेदवयवा
निरस्यन्तेऽत्र कीदृशाः",अनुष्टुप् (vipulā/irregular — unverified),32,8.934,plausible,1.0,1.00 exact,auto_accepted,,dge_linked,B,[],none (spot-check optional)
kamadhenu_dataset/incoming_audio/dge_linked/sumadhva_vijaya/smv15.57.mp3,sumadhva_vijaya,sarga_15,57,full,sumadhva_vijaya:sarga_15:57,"सिद्ध-साधनता हेतो
स्ते भिन्नाश्चेदचिन्मयाः
आत्मनो भेद-रहिता
एष्टव्या एव वादिभिः",अनुष्टुप् (vipulā/irregular — unverified),32,9.247,plausible,1.0,1.00 exact,auto_accepted,,dge_linked,B,[],none (spot-check optional)
kamadhenu_dataset/incoming_audio/dge_linked/sumadhva_vijaya/smv15.58.mp3,sumadhva_vijaya,sarga_15,58,full,sumadhva_vijaya:sarga_15:58,"परमाण्वादि-देशेषु
व्याप्त्यै व्यामादिकेष्वपि
यथाऽऽत्मनः प्रदेशाः स्यु
स्तेषां नोऽवयवास्तथा",अनुष्टुप्,32,9.874,plausible,1.0,1.00 exact,auto_accepted,,dge_linked,B,[],none (spot-check optional)
kamadhenu_dataset/incoming_audio/dge_linked/sumadhva_vijaya/smv15.59.mp3,sumadhva_vijaya,sarga_15,59,full,sumadhva_vijaya:sarga_15:59,"मुक्तो रूपादि-वित् सत्त्वा
ज्जडान्यत्वे सतीशवत्
दृष्टान्तोऽसाध्य-विकल
स्तस्य सर्वज्ञताग्रहात्",अनुष्टुप् (vipulā/irregular — unverified),32,10.971,plausible,1.0,1.00 exact,auto_accepted,,dge_linked,B,[],none (spot-check optional)
kamadhenu_dataset/incoming_audio/dge_linked/sumadhva_vijaya/smv15.6.mp3,sumadhva_vijaya,sarga_15,6,full,sumadhva_vijaya:sarga_15:6,"वर्द्धितोर्मि-हरि-प्रेष्ठा सु-पयोधर-सु-स्वरा
सवितान-प्रकाशार्था सागरी श्रीरिवापरा",अनुष्टुप्,32,11.18,plausible,1.0,1.00 exact,auto_accepted,,dge_linked,B,[],none (spot-check optional)
kamadhenu_dataset/incoming_audio/dge_linked/sumadhva_vijaya/smv15.60.mp3,sumadhva_vijaya,sarga_15,60,full,sumadhva_vijaya:sarga_15:60,"ईश्वरो न सुखी तेन
रूपाद्यनुभवन्नपि
दुःख-प्रसङ्गादिति मा
वादि तद्-व्याप्ति-दूषणात्",अनुष्टुप् (vipulā/irregular — unverified),32,11.755,plausible,1.0,1.00 exact,auto_accepted,,dge_linked,B,[],none (spot-check optional)
kamadhenu_dataset/incoming_audio/dge_linked/sumadhva_vijaya/smv15.61.mp3,sumadhva_vijaya,sarga_15,61,full,sumadhva_vijaya:sarga_15:61,"दृष्टान्तो यस्य नेष्टोऽयं
तस्य स्याद् व्यतिरेकवान्
शिलावदित्यतः शुद्ध
चिद्-देहेन्द्रिय-भोग्यसौ",अनुष्टुप्,32,11.233,plausible,1.0,1.00 exact,auto_accepted,,dge_linked,B,[],none (spot-check optional)
kamadhenu_dataset/incoming_audio/dge_linked/sumadhva_vijaya/smv15.62.mp3,sumadhva_vijaya,sarga_15,62,full,sumadhva_vijaya:sarga_15:62,"स्वानन्द-विषये मोक्षे
वेदोक्ते युक्ति-साधिते
द्वेषोऽयं वादिनां कस्मात्
तद्विरुद्धेऽथवाऽऽग्रहः",अनुष्टुप्,32,12.225,plausible,1.0,1.00 exact,auto_accepted,,dge_linked,B,[],none (spot-check optional)
kamadhenu_dataset/incoming_audio/dge_linked/sumadhva_vijaya/smv15.63.mp3,sumadhva_vijaya,sarga_15,63,full,sumadhva_vijaya:sarga_15:63,"ततः स्वतः प्रमाणेन
वेदेनैवावबोधितः
विष्णुर्मोक्षस्य दातेति
विश्वं भवति शोभनम्",अनुष्टुप्,32,9.352,plausible,1.0,1.00 exact,auto_accepted,,dge_linked,B,[],none (spot-check optional)
kamadhenu_dataset/incoming_audio/dge_linked/sumadhva_vijaya/smv15.64.mp3,sumadhva_vijaya,sarga_15,64,full,sumadhva_vijaya:sarga_15:64,"इत्यादीन् दर्शयन्त्यर्थान्
व्याख्योपन्यास-संयुता
तदा त्रि-विक्रमार्येण
विश्वाभिज्ञस्य शुश्रुवे",अनुष्टुप्,32,11.807,plausible,1.0,1.00 exact,auto_accepted,,dge_linked,B,[],none (spot-check optional)
kamadhenu_dataset/incoming_audio/dge_linked/sumadhva_vijaya/smv15.65.mp3,sumadhva_vijaya,sarga_15,65,full,sumadhva_vijaya:sarga_15:65,"अथ प्रायुङ्क विविधान् बोध-चाप-गुणेरितान्
विपक्ष-युक्तान् वीर्येण तीक्ष्णांस्तर्क-शरानसौ",अनुष्टुप् (vipulā/irregular — unverified),32,10.815,plausible,1.0,1.00 exact,auto_accepted,,dge_linked,B,[],none (spot-check optional)
kamadhenu_dataset/incoming_audio/dge_linked/sumadhva_vijaya/smv15.66.mp3,sumadhva_vijaya,sarga_15,66,full,sumadhva_vijaya:sarga_15:66,"चिच्छेदातुच्छ-धिषणस्तांस्तदा तर्क-सायकैः
प्रयुक्त-मात्रान् प्रहसँल्लीलयाऽति-शयालुभिः",अनुष्टुप् (vipulā/irregular — unverified),32,9.143,plausible,1.0,1.00 exact,auto_accepted,,dge_linked,B,[],none (spot-check optional)
kamadhenu_dataset/incoming_audio/dge_linked/sumadhva_vijaya/smv15.67.mp3,sumadhva_vijaya,sarga_15,67,full,sumadhva_vijaya:sarga_15:67,"अधार्याणीतर-जनैरनिवर्त्यानि पूरुषैः
विजिगीषुर्द्विज-श्रेष्ठो वेदास्त्राणि प्रयुक्तवान्",अनुष्टुप् (vipulā/irregular — unverified),32,10.501,plausible,1.0,1.00 exact,auto_accepted,,dge_linked,B,[],none (spot-check optional)
kamadhenu_dataset/incoming_audio/dge_linked/sumadhva_vijaya/smv15.68.mp3,sumadhva_vijaya,sarga_15,68,full,sumadhva_vijaya:sarga_15:68,"वाक्यैरति-बलीयोभिः प्रत्यस्त्रैरिव वैदिकैः
अर्थान्तरं प्रकटयंस्तान्यसौ संन्यवर्तयत्",अनुष्टुप् (vipulā/irregular — unverified),32,10.397,plausible,1.0,1.00 exact,auto_accepted,,dge_linked,B,[],none (spot-check optional)
kamadhenu_dataset/incoming_audio/dge_linked/sumadhva_vijaya/smv15.69.mp3,sumadhva_vijaya,sarga_15,69,full,sumadhva_vijaya:sarga_15:69,"सप्ताष्टानि दिनान्येवं वादं कृत्वा सहामुना
निरुत्तरं तं निश्चोद्यं चक्रे चक्रायुध-प्रियः",अनुष्टुप् (vipulā/irregular — unverified),32,11.076,plausible,1.0,1.00 exact,auto_accepted,,dge_linked,B,[],none (spot-check optional)
kamadhenu_dataset/incoming_audio/dge_linked/sumadhva_vijaya/smv15.7.mp3,sumadhva_vijaya,sarga_15,7,full,sumadhva_vijaya:sarga_15:7,"पद्मेश-पद-पद्म-श्रित् कृत्याङ्गं पद्म-जन्मनः
लाळिता शिरसेशेन गङ्गेवाशेष-पावनी",अनुष्टुप्,32,9.665,plausible,1.0,1.00 exact,auto_accepted,,dge_linked,B,[],none (spot-check optional)
kamadhenu_dataset/incoming_audio/dge_linked/sumadhva_vijaya/smv15.70.mp3,sumadhva_vijaya,sarga_15,70,full,sumadhva_vijaya:sarga_15:70,"प्रणम्याऽचष्ट शिष्टोऽसौ क्षम्यतां नाथ चापलम्
पद-पद्म-रजो-दास्यं ध्रुवं मे दीयतामिति",अनुष्टुप्,32,10.345,plausible,1.0,1.00 exact,auto_accepted,,dge_linked,B,[],none (spot-check optional)
kamadhenu_dataset/incoming_audio/dge_linked/sumadhva_vijaya/smv15.71.mp3,sumadhva_vijaya,sarga_15,71,full,sumadhva_vijaya:sarga_15:71,"व्याख्यां भाष्यस्य भूयोधीः श्रवणं सूरिनन्दनः
सन्तः प्रीतिमसन्तोऽन्यां सममारेभिरे ततः",अनुष्टुप्,32,11.337,plausible,1.0,1.00 exact,auto_accepted,,dge_linked,B,[],none (spot-check optional)
kamadhenu_dataset/incoming_audio/dge_linked/sumadhva_vijaya/smv15.72.mp3,sumadhva_vijaya,sarga_15,72,full,sumadhva_vijaya:sarga_15:72,"गुर्वाज्ञा-गौरवाट्टीकां कुर्वन् भाष्यस्य दुष्कराम्
षडर्द्ध-विक्रमार्योऽसौ महा-चार्यमभाषत",अनुष्टुप्,32,10.971,plausible,1.0,1.00 exact,auto_accepted,,dge_linked,B,[],none (spot-check optional)
kamadhenu_dataset/incoming_audio/dge_linked/sumadhva_vijaya/smv15.73.mp3,sumadhva_vijaya,sarga_15,73,full,sumadhva_vijaya:sarga_15:73,"कवीन्द्रैर्न समाप्यन्ते सङ्गृह्यापि यतोऽनिशम्
न्याय-रत्नानि भाष्याब्धेरस्य गाम्भीर्यमद्भुतम्",अनुष्टुप्,32,10.397,plausible,1.0,1.00 exact,auto_accepted,,dge_linked,B,[],none (spot-check optional)
kamadhenu_dataset/incoming_audio/dge_linked/sumadhva_vijaya/smv15.74.mp3,sumadhva_vijaya,sarga_15,74,full,sumadhva_vijaya:sarga_15:74,"दशोपनिषदो देवीर्देवा इव समीप्सिताः
युक्ताः प्रसादयन्त्यर्था एषु भाष्यालयेष्वलम्",अनुष्टुप्,32,10.136,plausible,1.0,1.00 exact,auto_accepted,,dge_linked,B,[],none (spot-check optional)
kamadhenu_dataset/incoming_audio/dge_linked/sumadhva_vijaya/smv15.75.mp3,sumadhva_vijaya,sarga_15,75,full,sumadhva_vijaya:sarga_15:75,"गीता-तात्पर्य-भाष्याभ्यामाभ्यां विश्वं प्रकाश्यते
गो-गणैरप्रतीकारैरर्केन्दुभ्यामिवाधिकम्",अनुष्टुप्,32,9.718,plausible,1.0,1.00 exact,auto_accepted,,dge_linked,B,[],none (spot-check optional)
kamadhenu_dataset/incoming_audio/dge_linked/sumadhva_vijaya/smv15.76.mp3,sumadhva_vijaya,sarga_15,76,full,sumadhva_vijaya:sarga_15:76,"इतिहास-पुराणाब्धेर्भवच्चित्ताद्रि-लोळितात्
जातां भारत-तात्पर्य-सुधां कः सन्न सेवते",अनुष्टुप्,32,9.404,plausible,1.0,1.00 exact,auto_accepted,,dge_linked,B,[],none (spot-check optional)
kamadhenu_dataset/incoming_audio/dge_linked/sumadhva_vijaya/smv15.77.mp3,sumadhva_vijaya,sarga_15,77,full,sumadhva_vijaya:sarga_15:77,"पुराण-स्थान-पान्थानामभाषा-त्रय-वेदिनाम्
भवता सु-सखा चक्रे श्रीभागवत-निर्णयः",अनुष्टुप्,32,9.456,plausible,1.0,1.00 exact,auto_accepted,,dge_linked,B,[],none (spot-check optional)
kamadhenu_dataset/incoming_audio/dge_linked/sumadhva_vijaya/smv15.78.mp3,sumadhva_vijaya,sarga_15,78,full,sumadhva_vijaya:sarga_15:78,"कस्तन्त्रसारं सम्प्राप्य न स्यात् पर्याप्त-वाञ्छितः
अमरैराश्रित-च्छायं कल्प-द्रुममिवोत्तमम्",अनुष्टुप् (vipulā/irregular — unverified),32,10.188,plausible,1.0,1.00 exact,auto_accepted,,dge_linked,B,[],none (spot-check optional)
kamadhenu_dataset/incoming_audio/dge_linked/sumadhva_vijaya/smv15.79.mp3,sumadhva_vijaya,sarga_15,79,full,sumadhva_vijaya:sarga_15:79,"लोकानामवलोकाय मार्गस्यास्य व्यधाद् भवान्
करुणाकर नेत्राभे वाद-सन्मान-लक्षणे",अनुष्टुप्,32,9.665,plausible,1.0,1.00 exact,auto_accepted,,dge_linked,B,[],none (spot-check optional)
kamadhenu_dataset/incoming_audio/dge_linked/sumadhva_vijaya/smv15.8.mp3,sumadhva_vijaya,sarga_15,8,full,sumadhva_vijaya:sarga_15:8,"नारायणोऽनन्त-गुणो ब्रह्माख्यो वेद-वेदितः
विश्व-कर्तेति विश्व-ज्ञः श्रुत्या युक्त्याऽप्यसीषधत्",अनुष्टुप् (vipulā/irregular — unverified),32,10.553,plausible,1.0,1.00 exact,auto_accepted,,dge_linked,B,[],none (spot-check optional)
kamadhenu_dataset/incoming_audio/dge_linked/sumadhva_vijaya/smv15.80.mp3,sumadhva_vijaya,sarga_15,80,full,sumadhva_vijaya:sarga_15:80,"एकाकी किल यश्चक्रे पदं मौलिषु विद्विषाम्
तत्व-निर्णय-पार्थोऽयं केन नाम न पूज्यते",अनुष्टुप्,32,9.822,plausible,1.0,1.00 exact,auto_accepted,,dge_linked,B,[],none (spot-check optional)
kamadhenu_dataset/incoming_audio/dge_linked/sumadhva_vijaya/smv15.81.mp3,sumadhva_vijaya,sarga_15,81,full,sumadhva_vijaya:sarga_15:81,"वादादयः प्रकरण-स्फुलिङ्गास्तनवोऽप्यलम्
विपक्ष-कक्षं क्षिण्वन्ति मारुतेन त्वयेरिताः",अनुष्टुप् (vipulā/irregular — unverified),32,8.359,plausible,1.0,1.00 exact,auto_accepted,,dge_linked,B,[],none (spot-check optional)
kamadhenu_dataset/incoming_audio/dge_linked/sumadhva_vijaya/smv15.82.mp3,sumadhva_vijaya,sarga_15,82,full,sumadhva_vijaya:sarga_15:82,"अनन्तोऽर्थः प्रकटितस्त्वयाऽणौ भाष्य-सङ्ग्रहे
अहो आत्म-परिज्ञप्त्यै कृष्णेनेवाऽननान्तरे",अनुष्टुप् (vipulā/irregular — unverified),32,10.136,plausible,1.0,1.00 exact,auto_accepted,,dge_linked,B,[],none (spot-check optional)
kamadhenu_dataset/incoming_audio/dge_linked/sumadhva_vijaya/smv15.83.mp3,sumadhva_vijaya,sarga_15,83,full,sumadhva_vijaya:sarga_15:83,"भगवंश्चित्र-कवितां लौकिकीं दर्शयन् किल
गोप्यं भारत-सङ्क्षेपमकृथा विश्व-विस्मयम्",अनुष्टुप् (vipulā/irregular — unverified),32,9.352,plausible,1.0,1.00 exact,auto_accepted,,dge_linked,B,[],none (spot-check optional)
kamadhenu_dataset/incoming_audio/dge_linked/sumadhva_vijaya/smv15.84.mp3,sumadhva_vijaya,sarga_15,84,full,sumadhva_vijaya:sarga_15:84,"नाना-सुभाषित-स्तोत्र-गाथादि-कृति-सत्कृतीः
त्वयि रत्नाकरे रत्न-श्रेणीर्वा गणयन्ति के",अनुष्टुप्,32,8.725,plausible,1.0,1.00 exact,auto_accepted,,dge_linked,B,[],none (spot-check optional)
kamadhenu_dataset/incoming_audio/dge_linked/sumadhva_vijaya/smv15.85.mp3,sumadhva_vijaya,sarga_15,85,full,sumadhva_vijaya:sarga_15:85,"एषु दभ्रमतीन्दभ्रान्हसत्युच्चैः सतां सभा
चिन्तामणींश्चिन्तयन्ती मितानप्यमितार्थदान्",अनुष्टुप् (vipulā/irregular — unverified),32,10.71,plausible,1.0,1.00 exact,auto_accepted,,dge_linked,B,[],none (spot-check optional)
kamadhenu_dataset/incoming_audio/dge_linked/sumadhva_vijaya/smv15.86.mp3,sumadhva_vijaya,sarga_15,86,full,sumadhva_vijaya:sarga_15:86,"अपरोऽपीष्यतेऽस्माभिर्ग्रन्थेष्वेतेषु सत्स्वपि
सत्स्वपीन्द्रादिषु पुरा तारकारिरिवामरैः",अनुष्टुप् (vipulā/irregular — unverified),32,9.509,plausible,1.0,1.00 exact,auto_accepted,,dge_linked,B,[],none (spot-check optional)
kamadhenu_dataset/incoming_audio/dge_linked/sumadhva_vijaya/smv15.87.mp3,sumadhva_vijaya,sarga_15,87,full,sumadhva_vijaya:sarga_15:87,"ग्रन्थेभ्य एभ्योऽगाधेभ्यो युक्तयो नो दुरुद्धराः
मनोमान्द्यात्ततो ग्रन्थं व्यक्ततर्कततिं कुरु",अनुष्टुप् (vipulā/irregular — unverified),32,9.77,plausible,1.0,1.00 exact,auto_accepted,,dge_linked,B,[],none (spot-check optional)
kamadhenu_dataset/incoming_audio/dge_linked/sumadhva_vijaya/smv15.88.mp3,sumadhva_vijaya,sarga_15,88,full,sumadhva_vijaya:sarga_15:88,"इत्यर्थितो व्यधान्मध्वः सोऽनुव्याख्यां सतां सुधाम्
दुर्वादिगर्वाद्रिपविं मायिध्वान्तरविद्युतिम्",अनुष्टुप् (vipulā/irregular — unverified),32,13.218,plausible,1.0,1.00 exact,auto_accepted,,dge_linked,B,[],none (spot-check optional)
kamadhenu_dataset/incoming_audio/dge_linked/sumadhva_vijaya/smv15.89.mp3,sumadhva_vijaya,sarga_15,89,full,sumadhva_vijaya:sarga_15:89,"युगपद्रचयन्नेनां कदाचित्स निरन्तरम्
चतुरश्चतुरः शिष्याँल्लीलयाऽलेखयत्खलु",अनुष्टुप्,32,10.136,plausible,1.0,1.00 exact,auto_accepted,,dge_linked,B,[],none (spot-check optional)
kamadhenu_dataset/incoming_audio/dge_linked/sumadhva_vijaya/smv15.9.mp3,sumadhva_vijaya,sarga_15,9,full,sumadhva_vijaya:sarga_15:9,"प्रधानमपराधीनं कारणं परिणामि यत्
पयोवदिति चेत् साद्ध्य-वैकल्यं स्यान्निदर्शने",अनुष्टुप्,32,12.225,plausible,1.0,1.00 exact,auto_accepted,,dge_linked,B,[],none (spot-check optional)
kamadhenu_dataset/incoming_audio/dge_linked/sumadhva_vijaya/smv15.90.mp3,sumadhva_vijaya,sarga_15,90,full,sumadhva_vijaya:sarga_15:90,"युक्ताया युक्तिमालायाः प्रोक्तायास्तत्र चात्मना
व्यक्तं चक्रे विवरणं कवीन्द्रैरेष दुष्करम्",अनुष्टुप् (vipulā/irregular — unverified),32,10.815,plausible,1.0,1.00 exact,auto_accepted,,dge_linked,B,[],none (spot-check optional)
kamadhenu_dataset/incoming_audio/dge_linked/sumadhva_vijaya/smv15.91.mp3,sumadhva_vijaya,sarga_15,91,full,sumadhva_vijaya:sarga_15:91,"मध्वेन्दोर्नित्यसम्बन्धान्निस्तमस्तापचेतसोः
वैकुण्ठं यातयोः पित्रोर्गेहेऽस्यावरजोऽवसत्",अनुष्टुप्,32,12.225,plausible,1.0,1.00 exact,auto_accepted,,dge_linked,B,[],none (spot-check optional)
kamadhenu_dataset/incoming_audio/dge_linked/sumadhva_vijaya/smv15.92.mp3,sumadhva_vijaya,sarga_15,92,full,sumadhva_vijaya:sarga_15:92,"विधिभ्रूविभ्रमभ्रश्यद्धनगोधान्यसम्पदा
निर्वेदिना वेदविदा तेनापे वेदवादिराट्",अनुष्टुप् (vipulā/irregular — unverified),32,9.247,plausible,1.0,1.00 exact,auto_accepted,,dge_linked,B,[],none (spot-check optional)
kamadhenu_dataset/incoming_audio/dge_linked/sumadhva_vijaya/smv15.93.mp3,sumadhva_vijaya,sarga_15,93,full,sumadhva_vijaya:sarga_15:93,"पारिव्राज्यं प्रार्थयन्तं पादानम्रमिमं मुहुः
समयापेक्षयोर्वीक्षो गमयामास धाम तम्",अनुष्टुप् (vipulā/irregular — unverified),32,9.3,plausible,1.0,1.00 exact,auto_accepted,,dge_linked,B,[],none (spot-check optional)
kamadhenu_dataset/incoming_audio/dge_linked/sumadhva_vijaya/smv15.94.mp3,sumadhva_vijaya,sarga_15,94,full,sumadhva_vijaya:sarga_15:94,"न जघास न सुष्वाप न जहास स धीरधीः
समयार्थी स्मरन् ज्येष्ठं रामं रामानुजो यथा",अनुष्टुप्,32,9.247,plausible,1.0,1.00 exact,auto_accepted,,dge_linked,B,[],none (spot-check optional)
kamadhenu_dataset/incoming_audio/dge_linked/sumadhva_vijaya/smv15.95.mp3,sumadhva_vijaya,sarga_15,95,full,sumadhva_vijaya:sarga_15:95,"राज्ये कथञ्चित्संस्थाप्य राजानं विरहार्द्दितम्
अवतारभुवं प्रायाद्भगवान् शरदत्यये",अनुष्टुप् (vipulā/irregular — unverified),32,8.359,plausible,1.0,1.00 exact,auto_accepted,,dge_linked,B,[],none (spot-check optional)
kamadhenu_dataset/incoming_audio/dge_linked/sumadhva_vijaya/smv15.96.mp3,sumadhva_vijaya,sarga_15,96,full,sumadhva_vijaya:sarga_15:96,"विशुद्धद्विकुलं श्रौतं शुचिं कृतपितृक्रियम्
विरक्तं विषयान् भुक्त्वा व्यधान्मध्वोऽनुजं यतिम्",अनुष्टुप्,32,9.665,plausible,1.0,1.00 exact,auto_accepted,,dge_linked,B,[],none (spot-check optional)
kamadhenu_dataset/incoming_audio/dge_linked/sumadhva_vijaya/smv15.97.mp3,sumadhva_vijaya,sarga_15,97,full,sumadhva_vijaya:sarga_15:97,"रहस्यतिरहस्यं तद्ब्रह्म ब्रह्मसमो ददौ
अमुष्मै पञ्चतपसो न विदुर्य्यत्तपस्विनः",अनुष्टुप् (vipulā/irregular — unverified),32,8.673,plausible,1.0,1.00 exact,auto_accepted,,dge_linked,B,[],none (spot-check optional)
kamadhenu_dataset/incoming_audio/dge_linked/sumadhva_vijaya/smv15.98.mp3,sumadhva_vijaya,sarga_15,98,full,sumadhva_vijaya:sarga_15:98,"प्रेमामृतप्रसन्नास्यस्मिताङ्गापाङ्गपूर्वकम्
श्रीविष्णुतीर्थनामास्मै प्रीतीर्थः प्रदत्तवान्",अज्ञातम्,31,10.188,plausible,1.0,1.00 exact,auto_accepted,,dge_linked,B,[],none (spot-check optional)
kamadhenu_dataset/incoming_audio/dge_linked/sumadhva_vijaya/smv15.99.mp3,sumadhva_vijaya,sarga_15,99,full,sumadhva_vijaya:sarga_15:99,"श्रवणेनानुवादेन मननेनावृथाऽकरोत्
कालं वेदान्तशास्त्रस्य वेदान्तगुरुसोदरः",अनुष्टुप्,32,9.613,plausible,1.0,1.00 exact,auto_accepted,,dge_linked,B,[],none (spot-check optional)
kamadhenu_dataset/incoming_audio/dge_linked/sumadhva_vijaya/smv16.1.mp3,sumadhva_vijaya,sarga_16,1,full,sumadhva_vijaya:sarga_16:1,"साधुभ्यो मधुमथनाङ्घ्रिभक्तिभाग्भ्यः
श्रौतेभ्यो विततमतेर्महानुभावम्
वेदान्तं स्वयमिव बन्धमोक्षमूलं
व्याचष्ट स्फुटमथ कोऽपि कोविदोऽग्र्यः",प्रहर्षिणी,52,14.733,plausible,1.0,1.00 exact,auto_accepted,,dge_linked,B,[],none (spot-check optional)
kamadhenu_dataset/incoming_audio/dge_linked/sumadhva_vijaya/smv16.10.mp3,sumadhva_vijaya,sarga_16,10,full,sumadhva_vijaya:sarga_16:10,"सङ्घातैरधिकघनैरलङ्कृताध्वा
शिष्याणां यतमनसामुतेतरेषाम्
यत्रामा वसति तथाविनेन चन्द्र
स्तत्रासौ सकलमतिः ससार सिन्धुम्",प्रहर्षिणी,52,14.576,plausible,1.0,1.00 exact,auto_accepted,,dge_linked,B,[],none (spot-check optional)
kamadhenu_dataset/incoming_audio/dge_linked/sumadhva_vijaya/smv16.11.mp3,sumadhva_vijaya,sarga_16,11,full,sumadhva_vijaya:sarga_16:11,"आर्द्राङ्गाः सपदि निमज्जनात् सरस्यां
कण्वस्य द्विजवृषभस्य वल्लभायाम्
तत्राऽयन् खरकिरणोपरागहेतो
र्ग्रामीणा अपि सकलाः सबालवृद्धाः",प्रहर्षिणी,52,14.785,plausible,1.0,1.00 exact,auto_accepted,,dge_linked,B,[],none (spot-check optional)
kamadhenu_dataset/incoming_audio/dge_linked/sumadhva_vijaya/smv16.12.mp3,sumadhva_vijaya,sarga_16,12,full,sumadhva_vijaya:sarga_16:12,"सर्वज्ञं सपरिजनं समीक्षमाणाः
फुल्लाक्षाः स्मितवदनाः शुभा ननन्दुः
दौर्मुख्यं दधत उतापरे निनिन्दु
र्नाश्चर्यं द्वयमपि तत् स्वभावतन्त्रम्",प्रहर्षिणी,52,14.994,plausible,1.0,1.00 exact,auto_accepted,,dge_linked,B,[],none (spot-check optional)
kamadhenu_dataset/incoming_audio/dge_linked/sumadhva_vijaya/smv16.13.mp3,sumadhva_vijaya,sarga_16,13,full,sumadhva_vijaya:sarga_16:13,"मामैवं भुवनगुरुं विनिन्दतेत्थं
निर्भर्त्स्याभ्यपतदिवोत्तरङ्गहस्तः
सङ्क्षोभी घनघनघोषघोरवेषः
संरम्भी खलदमनाय सिन्धुराजः",प्रहर्षिणी,52,13.897,plausible,1.0,1.00 exact,auto_accepted,,dge_linked,B,[],none (spot-check optional)
kamadhenu_dataset/incoming_audio/dge_linked/sumadhva_vijaya/smv16.14.mp3,sumadhva_vijaya,sarga_16,14,full,sumadhva_vijaya:sarga_16:14,"सम्मोदात् तरळतरो द्रुताभिगामी
गम्भीरस्वननुतिमान् सुफेनहासः
वीच्यङ्गैरधिकतरैरिहाधिवेलं
मध्वाय प्रणतिमिव व्यधात् समुद्रः",प्रहर्षिणी,52,13.949,plausible,1.0,1.00 exact,auto_accepted,,dge_linked,B,[],none (spot-check optional)
kamadhenu_dataset/incoming_audio/dge_linked/sumadhva_vijaya/smv16.15.mp3,sumadhva_vijaya,sarga_16,15,full,sumadhva_vijaya:sarga_16:15,"गोलीलास्वतिशयिनावगाधभावा
न्नोल्लङ्घ्यौ विविधगुणप्रकाशरत्नौ
मध्वाब्धी परममतेः प्रियं जनानां
लावण्यं न तु जलधेरयं विशेषः",प्रहर्षिणी,52,14.211,plausible,1.0,1.00 exact,auto_accepted,,dge_linked,B,[],none (spot-check optional)
kamadhenu_dataset/incoming_audio/dge_linked/sumadhva_vijaya/smv16.16.mp3,sumadhva_vijaya,sarga_16,16,full,sumadhva_vijaya:sarga_16:16,"अम्भोधेस्त्वरिततरोर्मिपाणिमृष्टे
स्वच्छेऽसौ विकटतटासने निषण्णः
व्याचख्यावतिचिरमैतरेयशाखा
सूक्तानि प्रभुरतिसुन्दरप्रकारम्",प्रहर्षिणी,52,14.367,plausible,1.0,1.00 exact,auto_accepted,,dge_linked,B,[],none (spot-check optional)
kamadhenu_dataset/incoming_audio/dge_linked/sumadhva_vijaya/smv16.17.mp3,sumadhva_vijaya,sarga_16,17,full,sumadhva_vijaya:sarga_16:17,"गाम्भीर्य्यात् स्वनमधरीकरोति सिन्धोः
श्राव्यत्वं वहति तथाऽप्यहो स्वनोऽस्य
पूर्णेन्दुप्रभवदनः क एष धन्यो
मत्वेत्थं जनजलधिस्तमाशु पर्यैत्",प्रहर्षिणी,52,14.994,plausible,1.0,1.00 exact,auto_accepted,,dge_linked,B,[],none (spot-check optional)
kamadhenu_dataset/incoming_audio/dge_linked/sumadhva_vijaya/smv16.18.mp3,sumadhva_vijaya,sarga_16,18,full,sumadhva_vijaya:sarga_16:18,"वेदानां समुचितभाववाददक्षं
ये वेदद्विषमिममूचिरे महेयाः
धिग्धिग् तानिति जनता जगाद तत्र
स्वाश्चर्यात् किल कलिताञ्जलिर्नमन्ती",प्रहर्षिणी,52,13.218,plausible,1.0,1.00 exact,auto_accepted,,dge_linked,B,[],none (spot-check optional)
kamadhenu_dataset/incoming_audio/dge_linked/sumadhva_vijaya/smv16.19.mp3,sumadhva_vijaya,sarga_16,19,full,sumadhva_vijaya:sarga_16:19,"सन्नामं विपुलहृदे विधाय भक्त्या
बिभ्राणाश्चरणरजः सुरेन्द्रसेव्यम्
तत्स्नानादधिकशुचौ नदाधिराजे
सस्रुस्ते द्विजनिकराः प्रशस्तकाले",प्रहर्षिणी,52,14.211,plausible,1.0,1.00 exact,auto_accepted,,dge_linked,B,[],none (spot-check optional)
kamadhenu_dataset/incoming_audio/dge_linked/sumadhva_vijaya/smv16.2.mp3,sumadhva_vijaya,sarga_16,2,full,sumadhva_vijaya:sarga_16:2,"गोमत्यास्तटनिकटेऽच्छकीर्त्तिचन्द्रं
विश्वज्ञं क्षितिपतिरन्त्यवर्णजन्मा
विद्वेष्टा श्रुतिगुणसाधकं श्रुतीनां
वाचालो वचनमुवाच वाग्मिवर्य्यम्",प्रहर्षिणी,52,14.263,plausible,1.0,1.00 exact,auto_accepted,,dge_linked,B,[],none (spot-check optional)
kamadhenu_dataset/incoming_audio/dge_linked/sumadhva_vijaya/smv16.20.mp3,sumadhva_vijaya,sarga_16,20,full,sumadhva_vijaya:sarga_16:20,"कल्लोलैः करि-निकरैरिवानिवार्यै
रुल्लोलैर्ज्जन-निकरान् निपातयद्भिः
आक्रान्ताः प्रबलतरैश्च लोठ्यमाना
हास्यत्वं प्रययुरुदन्वतीह नैके",प्रहर्षिणी,52,14.629,plausible,1.0,1.00 exact,auto_accepted,,dge_linked,B,[],none (spot-check optional)
kamadhenu_dataset/incoming_audio/dge_linked/sumadhva_vijaya/smv16.21.mp3,sumadhva_vijaya,sarga_16,21,full,sumadhva_vijaya:sarga_16:21,"मज्जन्तं पृथु-लहरी-निगूढ-मूर्त्तिं
सम्पूर्ण-प्रमतिमसज्जनो जहास
यो लोक-त्रय-विजयी गुरुः प्रसिद्धः
सोऽयं ही पतति लघूर्म्मि-लीलयेति",प्रहर्षिणी,52,14.733,plausible,1.0,1.00 exact,auto_accepted,,dge_linked,B,[],none (spot-check optional)
kamadhenu_dataset/incoming_audio/dge_linked/sumadhva_vijaya/smv16.22.mp3,sumadhva_vijaya,sarga_16,22,full,sumadhva_vijaya:sarga_16:22,"नीचानामवच-वचांस्यजीगणन्नो
दभ्राणां क्षुभित-कराण्यदभ्र-बोधः
क्रोष्टूनां श्व-कळकळ-प्रदं विरावं
पञ्चास्यो न हि गणयेदुदार-वीर्य्यः",प्रहर्षिणी,52,14.681,plausible,1.0,1.00 exact,auto_accepted,,dge_linked,B,[],none (spot-check optional)
kamadhenu_dataset/incoming_audio/dge_linked/sumadhva_vijaya/smv16.23.mp3,sumadhva_vijaya,sarga_16,23,full,sumadhva_vijaya:sarga_16:23,"जन्मस्थित्यवसिति-दायिनं कटाक्षं
लोकानामघटयदम्बुधौ बृहद्-धीः
आक्रान्तोऽधिक-गुरुणा स तेन ताव
न्मुञ्चन् सञ्चलनमभूत् तटाक-देश्यः",प्रहर्षिणी,52,14.472,plausible,1.0,1.00 exact,auto_accepted,,dge_linked,B,[],none (spot-check optional)
kamadhenu_dataset/incoming_audio/dge_linked/sumadhva_vijaya/smv16.24.mp3,sumadhva_vijaya,sarga_16,24,full,sumadhva_vijaya:sarga_16:24,"इत्याद्यैरपि चरितैरनन्य-साद्ध्यै
स्थेष्ठां बहु-मतिमाप दुर्जनोऽस्मिन्
विद्वेषं व्यधित पुनर्निरस्त-भाग्ये
तस्मिन् दुर्म्मनसि तदेव शोभनं स्यात्",अज्ञातम्,51,16.039,plausible,1.0,1.00 exact,auto_accepted,,dge_linked,B,[],none (spot-check optional)
kamadhenu_dataset/incoming_audio/dge_linked/sumadhva_vijaya/smv16.25.mp3,sumadhva_vijaya,sarga_16,25,full,sumadhva_vijaya:sarga_16:25,"सम्प्राप्तं सह सह-जेन गण्ड-वाटं
स्वोजस्सम्प्रकटने आदिशद् विशङ्कम्
शुश्रूषामयमुचितो विधातुमीष
ल्लोकानामिति वचसा परीक्षकाणाम्",अज्ञातम्,52,16.927,plausible,1.0,1.00 exact,auto_accepted,,dge_linked,B,[],none (spot-check optional)
kamadhenu_dataset/incoming_audio/dge_linked/sumadhva_vijaya/smv16.26.mp3,sumadhva_vijaya,sarga_16,26,full,sumadhva_vijaya:sarga_16:26,"श्रीकान्तेश्वर-सदनेऽनयत् किलैको
यस्त्रिंशन्नर-वर-नीत-केतु-यष्टिम्
आहत्या गुरु-गदयैव नाळिकेराद्
यो लेभे तरळ-तरात् फलानि कामम्",प्रहर्षिणी,52,14.42,plausible,1.0,1.00 exact,auto_accepted,,dge_linked,B,[],none (spot-check optional)
kamadhenu_dataset/incoming_audio/dge_linked/sumadhva_vijaya/smv16.27.mp3,sumadhva_vijaya,sarga_16,27,full,sumadhva_vijaya:sarga_16:27,"एतादृग्-बल-विभवः स तस्य कण्ठं
तज्ज्येष्ठोऽप्यभित उभौ समं गृहीत्वा
निष्पेष्टुं परममवापतुः प्रयत्नं
सङ्घर्षात् क्रम-परि-वर्द्धमान-तैक्ष्ण्यम्",प्रहर्षिणी,52,14.524,plausible,1.0,1.00 exact,auto_accepted,,dge_linked,B,[],none (spot-check optional)
kamadhenu_dataset/incoming_audio/dge_linked/sumadhva_vijaya/smv16.28.mp3,sumadhva_vijaya,sarga_16,28,full,sumadhva_vijaya:sarga_16:28,"आस्विन्नावलस-तरौ गुरोर्नियोगा
च्छत्राग्र्यानिल-महितौ च तावुभाभ्याम्
मुक्त्वाऽयः-कठिन-तर-त्वचं शिरोधिं
पर्य्यायस्फुट-वचनां निपेततुः कौ",प्रहर्षिणी,52,15.099,plausible,1.0,1.00 exact,auto_accepted,,dge_linked,B,[],none (spot-check optional)
kamadhenu_dataset/incoming_audio/dge_linked/sumadhva_vijaya/smv16.29.mp3,sumadhva_vijaya,sarga_16,29,full,sumadhva_vijaya:sarga_16:29,"आश्वस्तौ शुचि-हृदिमावनून-माना
वुद्धर्तुं समगददङ्गुलिं धरास्थाम्
सङ्गृह्य प्रसभ-रसादपि प्रयत्तौ
सामर्थ्यं ययतुरिमौ न कम्पनेऽस्याः",प्रहर्षिणी,52,14.994,plausible,1.0,1.00 exact,auto_accepted,,dge_linked,B,[],none (spot-check optional)
kamadhenu_dataset/incoming_audio/dge_linked/sumadhva_vijaya/smv16.3.mp3,sumadhva_vijaya,sarga_16,3,full,sumadhva_vijaya:sarga_16:3,"उन्मत्तप्रलपितवन्न तद्धि मानं
यद् वाक्यं व्यभिचरति क्वचित् फलेऽत्र
दृष्टान्तो भवति तदप्रमाणतायां
सर्वेषां श्रुतिवचसां च सर्वथेति",प्रहर्षिणी,52,14.942,plausible,1.0,1.00 exact,auto_accepted,,dge_linked,B,[],none (spot-check optional)
kamadhenu_dataset/incoming_audio/dge_linked/sumadhva_vijaya/smv16.30.mp3,sumadhva_vijaya,sarga_16,30,full,sumadhva_vijaya:sarga_16:30,"निर्य्यत्नं वटुमधि-रुह्य मन्द-हासी
स प्रायादिह परितो नृसिंह-गेहम्
ऐश्वर्यैरिति लघिमादिकैरुपेतो
मध्वोऽभूत् त्रिभुवन-चित्र-रत्न-राजः",प्रहर्षिणी,52,14.733,plausible,1.0,1.00 exact,auto_accepted,,dge_linked,B,[],none (spot-check optional)
kamadhenu_dataset/incoming_audio/dge_linked/sumadhva_vijaya/smv16.31.mp3,sumadhva_vijaya,sarga_16,31,full,sumadhva_vijaya:sarga_16:31,"पञ्चाशन्नर-प-नरोपनीत-मात्रां
यो वार्क्षी गृहमधि-रोहिणीं निनाय
स व्याख्यास्वर-दमनाय पूर्व-वाटो
निर्देशाद् व्यधित गुरोर्गळ-प्रपेषम्",प्रहर्षिणी,52,15.883,plausible,1.0,1.00 exact,auto_accepted,,dge_linked,B,[],none (spot-check optional)
kamadhenu_dataset/incoming_audio/dge_linked/sumadhva_vijaya/smv16.32.mp3,sumadhva_vijaya,sarga_16,32,full,sumadhva_vijaya:sarga_16:32,"स्विन्नेऽस्मिन्नपि यतमान आग्रहोग्रे
प्राच्यात् तत्-प्रवचन-निस्वनोऽति-रेजे
उद्धर्तुं विपुल-हृदङ्गुलीं च नालं
सोऽभूदित्यजनि कुतूहलं जनानाम्",प्रहर्षिणी,52,14.733,plausible,1.0,1.00 exact,auto_accepted,,dge_linked,B,[],none (spot-check optional)
kamadhenu_dataset/incoming_audio/dge_linked/sumadhva_vijaya/smv16.33.mp3,sumadhva_vijaya,sarga_16,33,full,sumadhva_vijaya:sarga_16:33,"पर्यैक्षि प्रभुरितरैः शिवाग्नि-पूर्वै
र्नैपैक्षि प्रबलतरैस्तथा प्रयत्नैः
नावैक्षि क्वचिदपि शक्त्यपूर्त्तिरस्मि
नुत्प्रेक्षि स्वयमपि भीम इत्यवश्यम्",प्रहर्षिणी,52,14.472,plausible,1.0,1.00 exact,auto_accepted,,dge_linked,B,[],none (spot-check optional)
kamadhenu_dataset/incoming_audio/dge_linked/sumadhva_vijaya/smv16.34.mp3,sumadhva_vijaya,sarga_16,34,full,sumadhva_vijaya:sarga_16:34,"लेखिन्यां मुहुरपि-नह्य कृष्यमाणं
नाप्येकं तनु-रुहमस्य तूदपाटि
नासाग्रे मृदुनि कृतैश्च मुष्टि-घातै
र्नस्येन्दोरति-बलिभिः प्रसन्नताऽऽसि",प्रहर्षिणी,52,16.509,plausible,1.0,1.00 exact,auto_accepted,,dge_linked,B,[],none (spot-check optional)
kamadhenu_dataset/incoming_audio/dge_linked/sumadhva_vijaya/smv16.35.mp3,sumadhva_vijaya,sarga_16,35,full,sumadhva_vijaya:sarga_16:35,"पञ्चास्यः श्वभिरिव ही विहीन-सारै
रम्भोधिर्न्नग-सरितां जलैरिवाल्पैः
खद्योतैरिव तरणिर्विडम्बयन् नॄन्
प्रत्यर्थि-स्व-सम-नरैर्व्यवाहरत् सः",प्रहर्षिणी,52,16.666,plausible,1.0,1.00 exact,auto_accepted,,dge_linked,B,[],none (spot-check optional)
kamadhenu_dataset/incoming_audio/dge_linked/sumadhva_vijaya/smv16.36.mp3,sumadhva_vijaya,sarga_16,36,full,sumadhva_vijaya:sarga_16:36,"पारन्ती-सुर-सदनं विशाल-संवित्
सम्प्राप्तः खलु सुचिरान्निवेद्य-हीनम्
ग्राम्याग्य-क्षिति-पतिभिर्द्दिनार्द्ध-मात्रात्
तद्भूतीर्य्यधित स भूत-बल्यनल्पाः",प्रहर्षिणी,52,16.248,plausible,1.0,1.00 exact,auto_accepted,,dge_linked,B,[],none (spot-check optional)
kamadhenu_dataset/incoming_audio/dge_linked/sumadhva_vijaya/smv16.37.mp3,sumadhva_vijaya,sarga_16,37,full,sumadhva_vijaya:sarga_16:37,"भीमत्वे सह सहजैः प्रतिष्ठितः प्राक्
पञ्चात्मा मुर-रिपु-रचितो यत्र
पाञ्चाल्या बलि-सलिलं समं ददत्या
सोऽस्मार्षीत् तमिममथ प्रपूज्य पूज्यः",अज्ञातम्,51,14.994,plausible,1.0,1.00 exact,auto_accepted,,dge_linked,B,[],none (spot-check optional)
kamadhenu_dataset/incoming_audio/dge_linked/sumadhva_vijaya/smv16.38.mp3,sumadhva_vijaya,sarga_16,38,full,sumadhva_vijaya:sarga_16:38,"आयास्यन् किल सरिदन्तराख्य-देशं
ग्रीष्मे निर्जलमिह शुश्रुवांस्तटाकम्
तत्-काले परमभि-वर्षयन् घनौघं
तत्पूर्त्यै व्यधित कुतूहलं जनानाम्",प्रहर्षिणी,52,14.838,plausible,1.0,1.00 exact,auto_accepted,,dge_linked,B,[],none (spot-check optional)
kamadhenu_dataset/incoming_audio/dge_linked/sumadhva_vijaya/smv16.39.mp3,sumadhva_vijaya,sarga_16,39,full,sumadhva_vijaya:sarga_16:39,"दुर्मन्त्रैः खल-पटलैः प्र-चोद्यमानो
ग्रामेशो वृषळ-पतिः प्रहर्त्तुमेनम्
सम्प्राप्तस्तत उत यान्तमीक्षमाणः
प्रोद्यन्तं रविमिव विस्मितो ननाम",प्रहर्षिणी,52,14.158,plausible,1.0,1.00 exact,auto_accepted,,dge_linked,B,[],none (spot-check optional)
kamadhenu_dataset/incoming_audio/dge_linked/sumadhva_vijaya/smv16.4.mp3,sumadhva_vijaya,sarga_16,4,full,sumadhva_vijaya:sarga_16:4,"वेदोक्तं फलमलमाप्यतेऽधिकाराद्
इत्युक्तोऽतनुमनसाऽभ्यधत्त धूर्त्तः
योग्यत्वे सति न हि दृश्यतेऽधिकारी
नातः स्यात् स खरविषाणवत् सदेति",प्रहर्षिणी,52,14.994,plausible,1.0,1.00 exact,auto_accepted,,dge_linked,B,[],none (spot-check optional)
kamadhenu_dataset/incoming_audio/dge_linked/sumadhva_vijaya/smv16.40.mp3,sumadhva_vijaya,sarga_16,40,full,sumadhva_vijaya:sarga_16:40,"क्षेत्राग्र्यं त्रिभुवनवैद्यनाथनाथं
प्रस्थाय प्रचुरतरान्तरः प्रभावी
श्रीकृष्णामृतपरमाणवाभिधानां
चक्रे सद्वचनततिं स्वभक्तभूत्यै",प्रहर्षिणी,52,13.688,plausible,1.0,1.00 exact,auto_accepted,,dge_linked,B,[],none (spot-check optional)
kamadhenu_dataset/incoming_audio/dge_linked/sumadhva_vijaya/smv16.41.mp3,sumadhva_vijaya,sarga_16,41,full,sumadhva_vijaya:sarga_16:41,"स ग्रामं परमपि यात उच्चभूतिं
विद्वांसः क्व कुहरकूपदर्दुराभाः
इत्यूचे मदमतिमानिनोऽखिलज्ञ
म्मन्यस्य क्षपयितुमेव तज्जनस्य",प्रहर्षिणी,52,13.636,plausible,1.0,1.00 exact,auto_accepted,,dge_linked,B,[],none (spot-check optional)
kamadhenu_dataset/incoming_audio/dge_linked/sumadhva_vijaya/smv16.42.mp3,sumadhva_vijaya,sarga_16,42,full,sumadhva_vijaya:sarga_16:42,"सर्वज्ञोऽप्ययमधिकं न यज्ञभङ्गीं
संवेत्ति यतिरिति बद्धनिश्चयोऽसौ
आभान्तं परिषदि मत्सरादपृच्छत्
कर्म्मार्थश्रुतिगहनार्थखण्डभावम्",अज्ञातम्,52,13.949,plausible,1.0,1.00 exact,auto_accepted,,dge_linked,B,[],none (spot-check optional)
kamadhenu_dataset/incoming_audio/dge_linked/sumadhva_vijaya/smv16.43.mp3,sumadhva_vijaya,sarga_16,43,full,sumadhva_vijaya:sarga_16:43,"छन्दोभ्यश्च्युतरससङ्ग्रहप्रवीणान्
षष्ठेऽह्नि विहितान् प्रजाधिपेन
नाराशंस्यचरमचारुमन्त्रभेदान्
सोऽसौ तमभिदधद्विशंशयांशः",अज्ञातम्,49,14.211,plausible,1.0,1.00 exact,auto_accepted,,dge_linked,B,[],none (spot-check optional)
kamadhenu_dataset/incoming_audio/dge_linked/sumadhva_vijaya/smv16.44.mp3,sumadhva_vijaya,sarga_16,44,full,sumadhva_vijaya:sarga_16:44,"पाण्डित्यं परममवेत्य तस्य तादृक्
सङ्घर्षक्षुभितमना विपक्षसङ्घः
नार्थः स्यादयमिति वर्णयन्नथ त्वं
तं ब्रूहीत्युरुमतिनेरितोऽद्रवद् द्राक्",प्रहर्षिणी,52,14.158,plausible,1.0,1.00 exact,auto_accepted,,dge_linked,B,[],none (spot-check optional)
kamadhenu_dataset/incoming_audio/dge_linked/sumadhva_vijaya/smv16.45.mp3,sumadhva_vijaya,sarga_16,45,full,sumadhva_vijaya:sarga_16:45,"सोऽपृच्छत् तमथ महाह्वयोपसर्गा
यत्रोक्ता मनुचरणोपसृज्यरूपाः
तस्यार्थं वचनचयस्य तं ब्रुवाणः
स्थैर्य्यार्थं सपदि स लेखयाम्बभूव",प्रहर्षिणी,52,14.733,plausible,1.0,1.00 exact,auto_accepted,,dge_linked,B,[],none (spot-check optional)
kamadhenu_dataset/incoming_audio/dge_linked/sumadhva_vijaya/smv16.46.mp3,sumadhva_vijaya,sarga_16,46,full,sumadhva_vijaya:sarga_16:46,"सम्पूर्णं शशिनमिवोदितं कृशः श्वा
चुक्षोभाशुभनिकरो निरीक्ष्य मध्वम्
प्रत्यर्थी स्वयमिति दूरतोऽभिधावन्
किं तेन क्षतममृताकरस्य तस्य",प्रहर्षिणी,52,13.793,plausible,1.0,1.00 exact,auto_accepted,,dge_linked,B,[],none (spot-check optional)
kamadhenu_dataset/incoming_audio/dge_linked/sumadhva_vijaya/smv16.47.mp3,sumadhva_vijaya,sarga_16,47,full,sumadhva_vijaya:sarga_16:47,"निःस्वानां कतिपयभुक्तियुक्तभक्तं
भक्तानां व्यधित चतुर्गुणं दयालुः
भुङ्क्ते स्म त्रिदशनरोपभोग्यमन्नं
सम्प्रीत्यै स धनवतां बृहत्प्रबोधः",प्रहर्षिणी,52,14.263,plausible,1.0,1.00 exact,auto_accepted,,dge_linked,B,[],none (spot-check optional)
kamadhenu_dataset/incoming_audio/dge_linked/sumadhva_vijaya/smv16.48.mp3,sumadhva_vijaya,sarga_16,48,full,sumadhva_vijaya:sarga_16:48,"वृष्ट्यादेः स नियमनादि चक्र एत
च्चित्रं किं भुवननियामके समीरे
अप्येवं भुवनगुरोः कृतानुवादः
कृत्येषु प्रवर इतीह वर्णयामः",प्रहर्षिणी,52,13.897,plausible,1.0,1.00 exact,auto_accepted,,dge_linked,B,[],none (spot-check optional)
kamadhenu_dataset/incoming_audio/dge_linked/sumadhva_vijaya/smv16.49.mp3,sumadhva_vijaya,sarga_16,49,full,sumadhva_vijaya:sarga_16:49,"इत्यूचे धरणीसुरेण केवलं नो
माध्वीयं विविधकथा कथासु मान्या
साक्षादप्यमरवरैरुदीर्य्यमाणा
गन्धर्वैर्द्युसदसि तन्मुदे जगेऽसौ",अज्ञातम्,52,13.793,plausible,1.0,1.00 exact,auto_accepted,,dge_linked,B,[],none (spot-check optional)
kamadhenu_dataset/incoming_audio/dge_linked/sumadhva_vijaya/smv16.5.mp3,sumadhva_vijaya,sarga_16,5,full,sumadhva_vijaya:sarga_16:5,"आक्षेपं तमसहमान उच्चमानः
सद्योऽसौ निजकरपल्लवद्वयेन
आदाय व्यतनुत बीजमोषधीनां
सूक्तेनाङ्कुरदलपुष्पबीजसृष्टिम्",प्रहर्षिणी,52,15.151,plausible,1.0,1.00 exact,auto_accepted,,dge_linked,B,[],none (spot-check optional)
kamadhenu_dataset/incoming_audio/dge_linked/sumadhva_vijaya/smv16.50.mp3,sumadhva_vijaya,sarga_16,50,full,sumadhva_vijaya:sarga_16:50,"तां पद्यप्रणिगदितां तु मूर्च्छयित्वा
तानानामुचिततयाऽऽत्तपञ्चमाद्याः
गान्धारं द्युविषयमुज्ज्वलं सृजन्तो
ग्रामं ते प्रजगुरकाकिकम्रकण्ठाः",प्रहर्षिणी,52,14.42,plausible,1.0,1.00 exact,auto_accepted,,dge_linked,B,[],none (spot-check optional)
kamadhenu_dataset/incoming_audio/dge_linked/sumadhva_vijaya/smv16.51.mp3,sumadhva_vijaya,sarga_16,51,full,sumadhva_vijaya:sarga_16:51,"आनम्रैः सु-मकुट-मौलिभिः कराग्रै
राताम्रैः प्रतिकलितैः स्मितैर्मुखाब्जैः
आश्रावि स्थिरतरभक्तिभिः सुरेन्द्रै
स्तद्गीता दशधिषणार्य्यवर्य्यचर्य्या",प्रहर्षिणी,52,17.241,plausible,1.0,1.00 exact,auto_accepted,,dge_linked,B,[],none (spot-check optional)
kamadhenu_dataset/incoming_audio/dge_linked/sumadhva_vijaya/smv16.52.mp3,sumadhva_vijaya,sarga_16,52,full,sumadhva_vijaya:sarga_16:52,"गीर्वाणैर्विजयमहोत्सवस्य पूजां
कुर्वाणैरविरळसंविदस्तदानीम्
विस्मेरैर्मुनि-निकरोपदेव-युक्तैः
सुस्मेरैरथ तमवेक्षितुं प्रजग्मे",प्रहर्षिणी,52,14.524,plausible,1.0,1.00 exact,auto_accepted,,dge_linked,B,[],none (spot-check optional)
kamadhenu_dataset/incoming_audio/dge_linked/sumadhva_vijaya/smv16.53.mp3,sumadhva_vijaya,sarga_16,53,full,sumadhva_vijaya:sarga_16:53,"आदर्शं गुणगणदर्शने मुरारेः
सच्छास्त्रं रचितमनेन वर्णयन्तः
प्रद्योतैरुडुपदवीं प्रकाशयन्तः
प्रेक्षन्त प्रचुरमनोविलासमेते",प्रहर्षिणी,52,13.688,plausible,1.0,1.00 exact,auto_accepted,,dge_linked,B,[],none (spot-check optional)
kamadhenu_dataset/incoming_audio/dge_linked/sumadhva_vijaya/smv16.54.mp3,sumadhva_vijaya,sarga_16,54,full,sumadhva_vijaya:sarga_16:54,"नाकीन्द्रास्तमवनिभागमावसन्तं
सुश्लोकैरपि भुवनानि भूषयन्तम्
नेमुः स्वादूपनिषदं तदैतरेयीं
व्याख्यान्तं विविधविशिष्टशिष्यमध्ये",अज्ञातम्,52,14.054,plausible,1.0,1.00 exact,auto_accepted,,dge_linked,B,[],none (spot-check optional)
kamadhenu_dataset/incoming_audio/dge_linked/sumadhva_vijaya/smv16.55.mp3,sumadhva_vijaya,sarga_16,55,full,sumadhva_vijaya:sarga_16:55,"श्रीमन्तं शशिवदनं कुशेशयाक्षं
गम्भीरस्वरमतिदिव्यलक्षणाढ्यम्
पश्यन्तः स्वगुरुमथार्चयन् कृतार्था
वाण्या तं हरिरतिपूर्णकाममेते",प्रहर्षिणी,52,13.949,plausible,1.0,1.00 exact,auto_accepted,,dge_linked,B,[],none (spot-check optional)
kamadhenu_dataset/incoming_audio/dge_linked/sumadhva_vijaya/smv16.56.mp3,sumadhva_vijaya,sarga_16,56,full,sumadhva_vijaya:sarga_16:56,"अहरो दुरागम-तमः स्व-गो-गणै
रकरोर्मुकुन्द-गुण-वृन्द-दर्शनम्
अजयश्चतुर्द्दश जगन्ति सद्-गुणैः
शरणं गुरो करुणयाऽपि नो भवेः",मञ्जुभाषिणी,52,13.74,plausible,1.0,1.00 exact,auto_accepted,,dge_linked,B,[],none (spot-check optional)
kamadhenu_dataset/incoming_audio/dge_linked/sumadhva_vijaya/smv16.57.mp3,sumadhva_vijaya,sarga_16,57,full,sumadhva_vijaya:sarga_16:57,"नमस्ते प्राणेश प्रणतविभवायावनिमगाः
नमः स्वामिन् रामप्रियतम हनूमन् गुरुगुण
नमस्तुभ्यं भीम प्रबलतम कृष्णेष्ट भगवन्
नमः श्रीमन्मध्व प्रदिश सुदृशं नो जय जय",शिखरिणी,68,15.308,plausible,1.0,1.00 exact,auto_accepted,,dge_linked,B,[],none (spot-check optional)
kamadhenu_dataset/incoming_audio/dge_linked/sumadhva_vijaya/smv16.58.mp3,sumadhva_vijaya,sarga_16,58,full,sumadhva_vijaya:sarga_16:58,"इति निगदितवन्तस्तत्र वृन्दारकेन्द्रा
गुरुविजयमहं तं लाळयन्तो महान्तम्
ववृषुरखिलदृश्यं पुष्पवारं सुगन्धं
हरिदयितवरिष्ठे श्रीमदानन्दतीर्थे",मालिनी,60,16.405,plausible,1.0,1.00 exact,auto_accepted,,dge_linked,B,[],none (spot-check optional)
kamadhenu_dataset/incoming_audio/dge_linked/sumadhva_vijaya/smv16.6.mp3,sumadhva_vijaya,sarga_16,6,full,sumadhva_vijaya:sarga_16:6,"व्याख्याता निशि स कदाचन प्रदीपे
संशान्ते पुनरपि वाचयाम्बभूव
शिष्यान् स्वान् पुरुकरुणाम्बुधिर्निजानै
रङ्गुष्ठस्फुटनखरान्तरोचिषैव",प्रहर्षिणी,52,15.308,plausible,1.0,1.00 exact,auto_accepted,,dge_linked,B,[],none (spot-check optional)
kamadhenu_dataset/incoming_audio/dge_linked/sumadhva_vijaya/smv16.7.mp3,sumadhva_vijaya,sarga_16,7,full,sumadhva_vijaya:sarga_16:7,"तीर्थार्थं पृथुतरवप्रपातिवारां
धाराणां रयसहनक्षमां महेक्षः
आनीतां दशशतपुम्भिरत्यशक्त्या
प्रेक्ष्योचे विपुलशिलां क्वचित् स मुक्ताम्",प्रहर्षिणी,52,16.562,plausible,1.0,1.00 exact,auto_accepted,,dge_linked,B,[],none (spot-check optional)
kamadhenu_dataset/incoming_audio/dge_linked/sumadhva_vijaya/smv16.8.mp3,sumadhva_vijaya,sarga_16,8,full,sumadhva_vijaya:sarga_16:8,"लोकानामुपकृतये कुतः शिलेयं
निन्ये नो इति जनता जगाद तत्र
नेतारो यतिवर मानवा न हीमां
भीमश्चेदिह यतते नयेन्न वेति",प्रहर्षिणी,52,13.897,plausible,1.0,1.00 exact,auto_accepted,,dge_linked,B,[],none (spot-check optional)
kamadhenu_dataset/incoming_audio/dge_linked/sumadhva_vijaya/smv16.9.mp3,sumadhva_vijaya,sarga_16,9,full,sumadhva_vijaya:sarga_16:9,"निन्ये तां गिरिमिव वानरीकृतात्मा
लीलावत्करकमलेन सोऽमलेन
तत्रापि न्यधित तयाऽस्य सूच्यतेऽलं
तत् तुङ्गां ननु निकषाऽधुनाऽपि कर्म्म",प्रहर्षिणी,52,14.367,plausible,1.0,1.00 exact,auto_accepted,,dge_linked,B,[],none (spot-check optional)
kamadhenu_dataset/incoming_audio/dge_linked/sumadhva_vijaya/smv2.1.mp3,sumadhva_vijaya,sarga_2,1,full,sumadhva_vijaya:sarga_2:1,"विज्ञान-भानुमति काल-बलेन लीने दुर्भाष्य-सन्तमस-सन्तति-तो जनेऽन्धे
मार्गात् सतां स्खलति खिन्न-हृदो मुकुन्दं देवाश्चतुर्मुख-मुखाः शरणं प्रजग्मुः",वसन्ततिलका,56,17.45,plausible,1.0,1.00 exact,auto_accepted,,dge_linked,B,[],none (spot-check optional)
kamadhenu_dataset/incoming_audio/dge_linked/sumadhva_vijaya/smv2.10.mp3,sumadhva_vijaya,sarga_2,10,full,sumadhva_vijaya:sarga_2:10,"वेदाद्रि-सद्रजत-पीठ-पुरेश्वराभ्यां ग्रामो विभूषित-तरः शिव-रूप्य-नामा
हेमाद्रि-राज-विभु-राजदिळा-वृताभ- स्तस्याभवद् गुरु-गुणः खलु मूल-भूमिः",वसन्ततिलका,56,15.464,plausible,1.0,1.00 exact,auto_accepted,,dge_linked,B,[],none (spot-check optional)
kamadhenu_dataset/incoming_audio/dge_linked/sumadhva_vijaya/smv2.11.mp3,sumadhva_vijaya,sarga_2,11,full,sumadhva_vijaya:sarga_2:11,"रामाधिवेशित-हरि-स्वसृ-मौलि-माला- राजद्-विमान-गिरि-शोभितमद्ध्युवास
क्षेत्रं स पाजक-पदं त्रि-कुलैक-केतुः कं यद् दधाति सततं खलु विश्व-पाजात्",वसन्ततिलका,56,14.733,plausible,1.0,1.00 exact,auto_accepted,,dge_linked,B,[],none (spot-check optional)
kamadhenu_dataset/incoming_audio/dge_linked/sumadhva_vijaya/smv2.12.mp3,sumadhva_vijaya,sarga_2,12,full,sumadhva_vijaya:sarga_2:12,"अर्थं कमप्यनवमं पुरुषार्थ-हेतुं पुंसां प्रदातुमुचितामुचित-स्वरूपाम्
कन्यां सुवर्ण-लसितामिव वेद-विद्यां जग्राह विप्र-वृषभ-प्रतिपादितां सः",वसन्ततिलका,56,16.144,plausible,1.0,1.00 exact,auto_accepted,,dge_linked,B,[],none (spot-check optional)
kamadhenu_dataset/incoming_audio/dge_linked/sumadhva_vijaya/smv2.13.mp3,sumadhva_vijaya,sarga_2,13,full,sumadhva_vijaya:sarga_2:13,"रेमेऽच्छयोपनिषदेव महा-विवेको भक्त्येव शुद्ध-करणः परम-श्रिताऽलम्
मित्थ्याभिमान-रहितः परयेव मुक्त्या स्वानन्द-सन्तति-कृता स तया द्विजेन्द्रः",वसन्ततिलका,56,15.256,plausible,1.0,1.00 exact,auto_accepted,,dge_linked,B,[],none (spot-check optional)
kamadhenu_dataset/incoming_audio/dge_linked/sumadhva_vijaya/smv2.14.mp3,sumadhva_vijaya,sarga_2,14,full,sumadhva_vijaya:sarga_2:14,"तस्य प्रभोश्चरणयोः कुल-देवताया भक्तिं बबन्ध निज-धर्म-रतः स धीरः
विज्ञात-भारत-पुराण-महा-रहस्यं यं भट्ट इत्यभिवदन्ति जना विनीतम्",वसन्ततिलका,56,16.3,plausible,1.0,1.00 exact,auto_accepted,,dge_linked,B,[],none (spot-check optional)
kamadhenu_dataset/incoming_audio/dge_linked/sumadhva_vijaya/smv2.15.mp3,sumadhva_vijaya,sarga_2,15,full,sumadhva_vijaya:sarga_2:15,"गोविन्द-सुन्दर-कथा-सुधया स नृणाम् आनन्दयन्न किल केवलमिन्द्रियाणि
किन्तु प्रभो रजत-पीठ-पुरे पदाब्जं श्री-वल्लभस्य भजतामपि दैवतानाम्",अज्ञातम्,56,15.726,plausible,1.0,1.00 exact,auto_accepted,,dge_linked,B,"[""exact_duplicate""]",none (spot-check optional)
kamadhenu_dataset/incoming_audio/dge_linked/sumadhva_vijaya/smv2.16.mp3,sumadhva_vijaya,sarga_2,16,full,sumadhva_vijaya:sarga_2:16,"इत्थं हरेर्गुण-कथा-सुधया सु-तृप्तो नैर्गुण्य-वादिषु जनेष्वपि साग्रहेषु
तत्वे स काल-चलधीरति-संशयालु- र्धीमान् धिया श्रवण-शोधितया प्रदद्धयौ",अज्ञातम्,57,15.726,plausible,1.0,1.00 exact,auto_accepted,,dge_linked,B,"[""exact_duplicate""]",none (spot-check optional)
kamadhenu_dataset/incoming_audio/dge_linked/sumadhva_vijaya/smv2.17.mp3,sumadhva_vijaya,sarga_2,17,full,sumadhva_vijaya:sarga_2:17,"त्राता य एव नरकात् स हि पुत्त्र-नामा मुख्यावनं न सुलभं पुरुषादपूर्णात्
तस्मात् समस्त-विदपत्यमवद्यहीनं विद्याकराकृति लभेमहि कैरुपायैः",वसन्ततिलका,56,15.621,plausible,1.0,1.00 exact,auto_accepted,,dge_linked,B,[],none (spot-check optional)
kamadhenu_dataset/incoming_audio/dge_linked/sumadhva_vijaya/smv2.18.mp3,sumadhva_vijaya,sarga_2,18,full,sumadhva_vijaya:sarga_2:18,"पूर्वेऽपि कर्द्दम-पराशर-पाण्डु-मुख्या यत्-सेवया गुण-गणाढ्यमपत्यमापुः
तं पूर्ण षड्गुण-तनुं करुणामृताब्धिं नारायणं कुलपतिं शरणं ब्रजेम",वसन्ततिलका,56,15.464,plausible,1.0,1.00 exact,auto_accepted,,dge_linked,B,[],none (spot-check optional)
kamadhenu_dataset/incoming_audio/dge_linked/sumadhva_vijaya/smv2.19.mp3,sumadhva_vijaya,sarga_2,19,full,sumadhva_vijaya:sarga_2:19,"इत्थं विचिन्त्य स विचिन्त्यमनन्य-बन्धुः प्रेष्ठ-प्रदं रजत-पीठ-पुराधिवासम्
भक्त्या भवाब्धि-भय-भङ्ग-दया शुभात्मा भेजे भुजङ्ग-शयनं द्वि-षडब्द-कालम्",वसन्ततिलका,56,15.151,plausible,1.0,1.00 exact,auto_accepted,,dge_linked,B,[],none (spot-check optional)
kamadhenu_dataset/incoming_audio/dge_linked/sumadhva_vijaya/smv2.2.mp3,sumadhva_vijaya,sarga_2,2,full,sumadhva_vijaya:sarga_2:2,"नाथः कलौ त्रि-युग-हूतिरनुद्-बुभूषु- ब्रह्माणमप्यनवतारमनादिदिक्षुः
सर्वज्ञमन्यमनवेक्ष्य सकार्य्य-वीर्य्य स्मेराननो भुवन-जीवनमाबभाषे",वसन्ततिलका,56,20.428,plausible,1.0,1.00 exact,auto_accepted,,dge_linked,B,[],none (spot-check optional)
kamadhenu_dataset/incoming_audio/dge_linked/sumadhva_vijaya/smv2.20.mp3,sumadhva_vijaya,sarga_2,20,full,sumadhva_vijaya:sarga_2:20,"पन्या समं भगवतः स भजन् पदाब्जं भोगान् लघूनपि पुनर्लघयाञ्चकार
दान्तं स्वयं च हृदयं दमयाञ्चकार स्वच्छं च देहमधिकं विमलीचकार",वसन्ततिलका,56,15.569,plausible,1.0,1.00 exact,auto_accepted,,dge_linked,B,"[""exact_duplicate""]",none (spot-check optional)
kamadhenu_dataset/incoming_audio/dge_linked/sumadhva_vijaya/smv2.21.mp3,sumadhva_vijaya,sarga_2,21,full,sumadhva_vijaya:sarga_2:21,"तीत्रैः पयो-व्रत-मुखैर्विविध-व्रताग्यै- ज्र्जाया-पती गुण-गणार्णव-पुत्रकामौ
सम्पूर्ण-पूरुषमतोषयतां नितान्तं देवेरिताविव पुराऽदितिकाश्यपौ तौ",वसन्ततिलका,56,15.569,plausible,1.0,1.00 exact,auto_accepted,,dge_linked,B,"[""exact_duplicate""]",none (spot-check optional)
kamadhenu_dataset/incoming_audio/dge_linked/sumadhva_vijaya/smv2.22.mp3,sumadhva_vijaya,sarga_2,22,full,sumadhva_vijaya:sarga_2:22,"नाथस्य भूरि-करुणा-सुधयाऽभिषिक्तौ श्री-श्रीधर-प्रतति-शार-शरीर-यष्टी
भूरि-व्रत-प्रभव-दिव्य-सुकान्ति-मन्तौ तौ देह-शुद्धिमति-मात्रमथाऽलभेताम्",वसन्ततिलका,56,14.681,plausible,1.0,1.00 exact,auto_accepted,,dge_linked,B,[],none (spot-check optional)
kamadhenu_dataset/incoming_audio/dge_linked/sumadhva_vijaya/smv2.23.mp3,sumadhva_vijaya,sarga_2,23,full,sumadhva_vijaya:sarga_2:23,"कान्तादृतौ समुचितेऽथ बभार गर्भ सा भू-सुरेन्द्र-दुहिता जगतां हिताय
अच्छाम्बरेव रजनी परिपूरिताशा भाविन्यपास्त-तमसं विधुमाद्यपक्षात्",वसन्ततिलका,56,15.412,plausible,1.0,1.00 exact,auto_accepted,,dge_linked,B,[],none (spot-check optional)
kamadhenu_dataset/incoming_audio/dge_linked/sumadhva_vijaya/smv2.24.mp3,sumadhva_vijaya,sarga_2,24,full,sumadhva_vijaya:sarga_2:24,"तं पूर्व-पक्ष-सित-बिम्बमिव प्रवृद्धं यावद् द्विजेन्द्र-वनिता सुषुवेऽत्र तावत्
अंशेन वायुरवतीर्य्य स रूप्य-पीठे विष्णुं प्रणम्य भवनं प्रययौ तदीयम्",वसन्ततिलका,56,14.994,plausible,1.0,1.00 exact,auto_accepted,,dge_linked,B,[],none (spot-check optional)
kamadhenu_dataset/incoming_audio/dge_linked/sumadhva_vijaya/smv2.25.mp3,sumadhva_vijaya,sarga_2,25,full,sumadhva_vijaya:sarga_2:25,"सम्पूर्ण-लक्षण-चणं नव-राजमान- द्वारान्तरं परम-सुन्दरमन्दिरं तत्
राजेव सत्-पुर-वरं भुवनाधि-राजो निष्कासयन् परमसौ भगवान् विवेश",वसन्ततिलका,56,13.74,plausible,1.0,1.00 exact,auto_accepted,,dge_linked,B,[],none (spot-check optional)
kamadhenu_dataset/incoming_audio/dge_linked/sumadhva_vijaya/smv2.26.mp3,sumadhva_vijaya,sarga_2,26,full,sumadhva_vijaya:sarga_2:26,"सन्तुष्यतां सकल-सन्निकरैरसद्भिः खिद्येत वायुरयमाविरभूत् पृथिव्याम्
आख्यानितीव सुर-दुन्दुभि-मन्द्र-नादः प्राश्रावि कौतुक-वशैरिह मानुषैश्च",वसन्ततिलका,56,13.531,plausible,1.0,1.00 exact,auto_accepted,,dge_linked,B,[],none (spot-check optional)
kamadhenu_dataset/incoming_audio/dge_linked/sumadhva_vijaya/smv2.27.mp3,sumadhva_vijaya,sarga_2,27,full,sumadhva_vijaya:sarga_2:27,"नाथं निषेव्य भवनानति-दूरमाप्तः प्राज्ञो मह-प्रकृत-दुन्दभि-नाद-पूर्वात्
पुत्रोद्भव-श्रवणतो महदाप्य सौख्यं ज्ञानं परोक्ष-पदमप्यमतेष्ट-हेतुम्",वसन्ततिलका,56,14.106,plausible,1.0,1.00 exact,auto_accepted,,dge_linked,B,[],none (spot-check optional)
kamadhenu_dataset/incoming_audio/dge_linked/sumadhva_vijaya/smv2.28.mp3,sumadhva_vijaya,sarga_2,28,full,sumadhva_vijaya:sarga_2:28,"आविश्य वेश्म निज-नन्दनमिन्दु-वक्त्रं भूयोऽभिनन्य स मुकुन्द-दयां प्रवन्ध
जातस्य तस्य गुण-जात-वहस्य जात- कर्मादि-कर्म-निवहं विदधे सु-कर्मा",वसन्ततिलका,56,14.315,plausible,1.0,1.00 exact,auto_accepted,,dge_linked,B,[],none (spot-check optional)
kamadhenu_dataset/incoming_audio/dge_linked/sumadhva_vijaya/smv2.29.mp3,sumadhva_vijaya,sarga_2,29,full,sumadhva_vijaya:sarga_2:29,"ज्ञानार्थमेव यदभूदसु-देव एष यद् वासुदेव-पद-भक्ति-रतः सदाऽसौ
तद् वासुदेव-पदमन्ववदन् सुरेन्द्रा- स्तातेन यन्निगदितं सुत-नाम-कर्त्ता",वसन्ततिलका,56,14.158,plausible,1.0,1.00 exact,auto_accepted,,dge_linked,B,[],none (spot-check optional)
kamadhenu_dataset/incoming_audio/dge_linked/sumadhva_vijaya/smv2.3.mp3,sumadhva_vijaya,sarga_2,3,full,sumadhva_vijaya:sarga_2:3,"वेदान्त-मार्ग-परिमार्गण-दीन-दूना दैवीः प्रजा विशरणाः करुणा-पदं नः
आनन्दयेः सु-मुख भूषित-भूमि-भागो रूपान्तरेण मम सद्-गुण-निर्णयेन",वसन्ततिलका,56,15.935,plausible,1.0,1.00 exact,auto_accepted,,dge_linked,B,[],none (spot-check optional)
kamadhenu_dataset/incoming_audio/dge_linked/sumadhva_vijaya/smv2.30.mp3,sumadhva_vijaya,sarga_2,30,full,sumadhva_vijaya:sarga_2:30,"पातुं पयांसि शिशवे किल गो-प्रदोऽस्मै पूर्वालयः स्व-सुत-सूनुतया प्रजातः
निर्वाण-हेतुमलभिष्ट परात्म-विद्यां दानं ध्रुवं फलति पात्र-गुणानुकूल्यात्",वसन्ततिलका,56,14.681,plausible,1.0,1.00 exact,auto_accepted,,dge_linked,B,[],none (spot-check optional)
kamadhenu_dataset/incoming_audio/dge_linked/sumadhva_vijaya/smv2.31.mp3,sumadhva_vijaya,sarga_2,31,full,sumadhva_vijaya:sarga_2:31,"अत्रस्तमेव सततं परि-फुल्ल-चक्षुः कान्त्या विडम्बित-नवेन्दु जगत्यनर्घम्
तत् पुत्र-रत्नमुपगृह्य कदाचिदाप्तः स्व-स्वामिने बुध उपायनमार्पयत् सः",वसन्ततिलका,56,13.845,plausible,1.0,1.00 exact,auto_accepted,,dge_linked,B,[],none (spot-check optional)
kamadhenu_dataset/incoming_audio/dge_linked/sumadhva_vijaya/smv2.32.mp3,sumadhva_vijaya,sarga_2,32,full,sumadhva_vijaya:sarga_2:32,"नत्वा हरिं रजत-पीठ-पुरालयं तं बालस्य सम्पदमनापदमत्र्थयित्वा
साकं सुतेन परिवार-जनान्वितोऽसौ प्रायान्निशीथ-समये निजमेव धाम",वसन्ततिलका,56,13.636,plausible,1.0,1.00 exact,auto_accepted,,dge_linked,B,[],none (spot-check optional)
kamadhenu_dataset/incoming_audio/dge_linked/sumadhva_vijaya/smv2.33.mp3,sumadhva_vijaya,sarga_2,33,full,sumadhva_vijaya:sarga_2:33,"दोषेयुषां सममनेन वनेऽतिभीमे तत्-क्रीडित-ग्रह इहैक-तमं तुतोद
उद्वान्त-रक्तमवलोक्य तमभ्यधायि केनाप्यहो न शिशु-तुत् कथमेष इत्थम्",वसन्ततिलका,56,14.106,plausible,1.0,1.00 exact,auto_accepted,,dge_linked,B,[],none (spot-check optional)
kamadhenu_dataset/incoming_audio/dge_linked/sumadhva_vijaya/smv2.34.mp3,sumadhva_vijaya,sarga_2,34,full,sumadhva_vijaya:sarga_2:34,"आविश्य पूरुषमुवाच महा-ग्रहोऽसौ- अस्मद्-विहार-समयोप-गतान् समस्तान्
यच्छक्ति-गुप्ति-रहितानलमस्मि हन्तुं लोकेश्वरः स बत बाल-तमः किलेति",वसन्ततिलका,56,14.211,plausible,1.0,1.00 exact,auto_accepted,,dge_linked,B,[],none (spot-check optional)
kamadhenu_dataset/incoming_audio/dge_linked/sumadhva_vijaya/smv2.35.mp3,sumadhva_vijaya,sarga_2,35,full,sumadhva_vijaya:sarga_2:35,"स्तन्येन बालमनुतोष्य मुहुः स्व-धाम्नो माता कदाचन ययौ विरहासहाऽपि
विश्वस्य विश्व-परिपालक-पालनाय कन्यां निजामनु-गुणां किल भीरुरेषा",वसन्ततिलका,56,13.845,plausible,1.0,1.00 exact,auto_accepted,,dge_linked,B,[],none (spot-check optional)
kamadhenu_dataset/incoming_audio/dge_linked/sumadhva_vijaya/smv2.36.mp3,sumadhva_vijaya,sarga_2,36,full,sumadhva_vijaya:sarga_2:36,"सा बालकं प्ररुदितं परि-सान्त्वयन्ती मुग्धाक्षरेण वचसाऽनुनिनाय मुग्धा
मा तात तात सुमुखेति पुनः प्ररोदी- र्माता तनोति रुचितं त्वरितं तवेति",वसन्ततिलका,56,14.681,plausible,1.0,1.00 exact,auto_accepted,,dge_linked,B,[],none (spot-check optional)
kamadhenu_dataset/incoming_audio/dge_linked/sumadhva_vijaya/smv2.37.mp3,sumadhva_vijaya,sarga_2,37,full,sumadhva_vijaya:sarga_2:37,"रोदे क्रिया-समभि-हारत एव वृत्ते पोतस्य मातरि चिरादपि नाऽगतायाम्
जग्राह बालमथ चैक्षत मातृ-मार्गं साऽपि क्रिया-समभि-हारत एव बाला",वसन्ततिलका,56,14.211,plausible,1.0,1.00 exact,auto_accepted,,dge_linked,B,[],none (spot-check optional)
kamadhenu_dataset/incoming_audio/dge_linked/sumadhva_vijaya/smv2.38.mp3,sumadhva_vijaya,sarga_2,38,full,sumadhva_vijaya:sarga_2:38,"कर्त्तव्यमौढ्यमभिपद्य निरूप्य सा तं प्राभोजयत् खलु कुलस्थ-कुलं प्रपक्कम्
शीतं पयोऽपि सततं परि-पाययन्ती यस्योष्ण-रोगमतिवेलमशङ्कताम्बा",वसन्ततिलका,56,14.785,plausible,1.0,1.00 exact,auto_accepted,,dge_linked,B,[],none (spot-check optional)
kamadhenu_dataset/incoming_audio/dge_linked/sumadhva_vijaya/smv2.39.mp3,sumadhva_vijaya,sarga_2,39,full,sumadhva_vijaya:sarga_2:39,"नूनं पिपासुरति-रोदिति हन्त बालो धिङ् मां दया-विरहितां पर-कृत्य-सक्ताम्
इत्याकुला गृहमुपेत्य तदा प्रसन्नं पूर्णोदरं सुतमवैक्षत विप्र-पत्नी",वसन्ततिलका,56,14.315,plausible,1.0,1.00 exact,auto_accepted,,dge_linked,B,[],none (spot-check optional)
kamadhenu_dataset/incoming_audio/dge_linked/sumadhva_vijaya/smv2.4.mp3,sumadhva_vijaya,sarga_2,4,full,sumadhva_vijaya:sarga_2:4,"आदेश-मौलि-मणिमुज्ज्वल-वर्णमेनं बद्धाञ्जलिर्म्मरुदनर्घमधत्त मूर्ध्वा
हारावळीमिव हृदा विबुधेन्द्र-याच्ञां बिभ्रन्निजाननु-जिघृक्षुरवातितीर्षत्",वसन्ततिलका,56,17.189,plausible,1.0,1.00 exact,auto_accepted,,dge_linked,B,[],none (spot-check optional)
kamadhenu_dataset/incoming_audio/dge_linked/sumadhva_vijaya/smv2.40.mp3,sumadhva_vijaya,sarga_2,40,full,sumadhva_vijaya:sarga_2:40,"पृष्ट्वाऽवगम्य सकलं च ततः प्रवृत्तं यूनां च दुस्सहमिदं शिशुनोप-भुक्तम्
इत्थं विचिन्त्य तनयां बहु भत्सयन्त्या भीतं तयोत कुपितं मनसाऽनुतप्तम्",वसन्ततिलका,56,14.263,plausible,1.0,1.00 exact,auto_accepted,,dge_linked,B,[],none (spot-check optional)
kamadhenu_dataset/incoming_audio/dge_linked/sumadhva_vijaya/smv2.41.mp3,sumadhva_vijaya,sarga_2,41,full,sumadhva_vijaya:sarga_2:41,"आरोग्य-शालिनि पुरेव तदाऽपि पुत्रे विस्मेरतामुपजगाम जनन्यमुष्य
यस्य त्रिलोक-जननी जननी विषेऽपि पीते न विस्मयमवाप समस्त-शक्तेः",वसन्ततिलका,56,14.472,plausible,1.0,1.00 exact,auto_accepted,,dge_linked,B,[],none (spot-check optional)
kamadhenu_dataset/incoming_audio/dge_linked/sumadhva_vijaya/smv2.42.mp3,sumadhva_vijaya,sarga_2,42,full,sumadhva_vijaya:sarga_2:42,"स्तन्यं मुहुः किल ददौ जननी गृहीत्वा क्षेमाय तं किल दधज्जनको जजाप
अन्यो जनोऽपि किल लाळयति स्म किन्तु सर्वोऽपि तन्मुख-सुहास-रसायनोत्कः",वसन्ततिलका,56,14.002,plausible,1.0,1.00 exact,auto_accepted,,dge_linked,B,[],none (spot-check optional)
kamadhenu_dataset/incoming_audio/dge_linked/sumadhva_vijaya/smv2.43.mp3,sumadhva_vijaya,sarga_2,43,full,sumadhva_vijaya:sarga_2:43,"देवादि-सद्भिरनुपालितयाऽऽदरेण देव्याऽऽत्मनेव विलसत्-पदया नितान्तम्
अव्यक्तया प्रथमतो वदनेऽस्य वाण्या शालीनयेव भुवनार्चितया विजहे",अज्ञातम्,56,14.315,plausible,1.0,1.00 exact,auto_accepted,,dge_linked,B,[],none (spot-check optional)
kamadhenu_dataset/incoming_audio/dge_linked/sumadhva_vijaya/smv2.44.mp3,sumadhva_vijaya,sarga_2,44,full,sumadhva_vijaya:sarga_2:44,"प्राग् रिङ्खणं स्वयमथ स्थितिमेष चक्रे पश्चाद् गतिं परिचयेन किल क्रमेण
विश्वस्य चेष्टितमहो यदनुग्रहेण सर्वं तदस्य पवनस्य विडम्बनं हि",वसन्ततिलका,56,13.949,plausible,1.0,1.00 exact,auto_accepted,,dge_linked,B,[],none (spot-check optional)
kamadhenu_dataset/incoming_audio/dge_linked/sumadhva_vijaya/smv2.45.mp3,sumadhva_vijaya,sarga_2,45,full,sumadhva_vijaya:sarga_2:45,"पुच्छान्तमच्छमव-लम्ब्य कदा-चिदेष प्रातर्ब्रजाद् व्रजत एव निजर्षभस्य
प्रायात् प्रियस्य सहसा स्वजनैरदृष्टो नाना-वनेषु चरतश्चरतस्तृणानि",वसन्ततिलका,56,14.315,plausible,1.0,1.00 exact,auto_accepted,,dge_linked,B,[],none (spot-check optional)
kamadhenu_dataset/incoming_audio/dge_linked/sumadhva_vijaya/smv2.46.mp3,sumadhva_vijaya,sarga_2,46,full,sumadhva_vijaya:sarga_2:46,"उत्तुङ्ग-शृङ्ग-लसितस्य महिष्ठ-मूर्तेः पादावृतावनि-तळस्य सु-रन्ध्रकस्य
आश्रित्य तस्य शुशुभेऽवयवैक-देशं बालो दिवा-कर इवोदय-पर्वतस्य",वसन्ततिलका,56,14.472,plausible,1.0,1.00 exact,auto_accepted,,dge_linked,B,[],none (spot-check optional)
kamadhenu_dataset/incoming_audio/dge_linked/sumadhva_vijaya/smv2.47.mp3,sumadhva_vijaya,sarga_2,47,full,sumadhva_vijaya:sarga_2:47,"लीलां करोति नु गृहान्तर-गो नु बालः कूपान्तरे नु पतितः प्रकृति-स्वतन्त्रः
इत्थं विचिन्त्य स मुहुः स्व-जनो विमृग्य हन्तानवेक्ष्य तनयं हृदि तापमाप",वसन्ततिलका,56,13.27,plausible,1.0,1.00 exact,auto_accepted,,dge_linked,B,[],none (spot-check optional)
kamadhenu_dataset/incoming_audio/dge_linked/sumadhva_vijaya/smv2.48.mp3,sumadhva_vijaya,sarga_2,48,full,sumadhva_vijaya:sarga_2:48,"बालस्य बाल-परि-लम्बन-गोचरं तद् व्यश्वस्यतापि वचनं वन-गोचरोक्तम्
यत् सायमैक्षत जनः शिशुमाव्रजन्तम् एकाब्दकं वृषभ-बाल-कृताव-लम्बम्",वसन्ततिलका,56,13.949,plausible,1.0,1.00 exact,auto_accepted,,dge_linked,B,[],none (spot-check optional)
kamadhenu_dataset/incoming_audio/dge_linked/sumadhva_vijaya/smv2.49.mp3,sumadhva_vijaya,sarga_2,49,full,sumadhva_vijaya:sarga_2:49,"चिन्ता-मणीन्द्रमिव चिन्तित-दं दरिद्रो विज्ञान-मार्गमिव विष्णु-परं मुमुक्षुः
नष्टं च नन्दनमिति स्व-जनोऽस्य लब्ध्वा नाथस्य तस्य तमनुग्रहमेव मेने",वसन्ततिलका,56,14.106,plausible,1.0,1.00 exact,auto_accepted,,dge_linked,B,[],none (spot-check optional)
kamadhenu_dataset/incoming_audio/dge_linked/sumadhva_vijaya/smv2.5.mp3,sumadhva_vijaya,sarga_2,5,full,sumadhva_vijaya:sarga_2:5,"कालः स एव समवर्त्तत नाम यावत् चिन्ता-कुलं विविध-साधु-कुलं बभूव
वेदान्त-सन्तत-कृतान्त-रसं न विद्मः श्रेयो लभेमहि कथं नु वयं बतेति",वसन्ततिलका,56,18.233,plausible,1.0,1.00 exact,auto_accepted,,dge_linked,B,[],none (spot-check optional)
kamadhenu_dataset/incoming_audio/dge_linked/sumadhva_vijaya/smv2.50.mp3,sumadhva_vijaya,sarga_2,50,full,sumadhva_vijaya:sarga_2:50,"लीलावसान-समये सहसा कदाचिद् आर्योऽमुनाऽभ्यव-हृतिं प्रति चोद्यमानः
रोद्वैष नोऽस्ति धनिको वृष-विक्रयीति प्रोवाच नन्दन-मुखेन्दुमवेक्ष्य मन्दम्",वसन्ततिलका,56,14.524,plausible,1.0,1.00 exact,auto_accepted,,dge_linked,B,[],none (spot-check optional)
kamadhenu_dataset/incoming_audio/dge_linked/sumadhva_vijaya/smv2.51.mp3,sumadhva_vijaya,sarga_2,51,full,sumadhva_vijaya:sarga_2:51,"लीलाकरेण स करेण सु-कोमलेन बीजान्तराणि किल कानि-चिदाशु तस्मै
स्मित्वाऽर्भकोऽभिमत-निष्क-पदे यदाऽदाद् आदत्त तानि धनिको बहुमान-पूर्वम्",वसन्ततिलका,56,15.047,plausible,1.0,1.00 exact,auto_accepted,,dge_linked,B,[],none (spot-check optional)
kamadhenu_dataset/incoming_audio/dge_linked/sumadhva_vijaya/smv2.52.mp3,sumadhva_vijaya,sarga_2,52,full,sumadhva_vijaya:sarga_2:52,"लब्धं सुतादिति वदन् द्विज-पुङ्गवेन कालान्तरे निज-धने प्रतिदित्सितेऽपि
साक्षादमानव-नवाकृतितः स लेभे बीज-च्छलेन पुरुषार्थमहो विशिष्टम्",वसन्ततिलका,56,14.733,plausible,1.0,1.00 exact,auto_accepted,,dge_linked,B,[],none (spot-check optional)
kamadhenu_dataset/incoming_audio/dge_linked/sumadhva_vijaya/smv2.53.mp3,sumadhva_vijaya,sarga_2,53,full,sumadhva_vijaya:sarga_2:53,"वासु-देवमिह वाऽसु-देवता- सत्-कलामभि-ननन्द तं जनः
वासु-देवमिति वासु-देवसन्- नामकं विविध-लीलमर्भकम्",रथोद्धता,44,11.128,plausible,1.0,1.00 exact,auto_accepted,,dge_linked,B,[],none (spot-check optional)
kamadhenu_dataset/incoming_audio/dge_linked/sumadhva_vijaya/smv2.54.mp3,sumadhva_vijaya,sarga_2,54,full,sumadhva_vijaya:sarga_2:54,"इति विहरति मह्यां विष्णु-दासेऽपि गूढे समजनि सु-जनानां चित्तमानन्द-पूर्णम्
उदयति घन-माला-लीन-भानौ च भानौ ननु जन-नयनाब्जैर्लभ्यतेऽलं विकासः",मालिनी,60,16.405,plausible,1.0,1.00 exact,auto_accepted,,dge_linked,B,[],none (spot-check optional)
kamadhenu_dataset/incoming_audio/dge_linked/sumadhva_vijaya/smv2.6.mp3,sumadhva_vijaya,sarga_2,6,full,sumadhva_vijaya:sarga_2:6,"तत्-प्रीतये रजत-पीठ-पुराधिवासी देवो विवेश पुरुषं शुभ-सूचनाय
प्राप्ते महाय महिताय महा-जनौघे कोलाहलेन स-कुतूहलिनि प्रवृत्ते",वसन्ततिलका,56,16.666,plausible,1.0,1.00 exact,auto_accepted,,dge_linked,B,[],none (spot-check optional)
kamadhenu_dataset/incoming_audio/dge_linked/sumadhva_vijaya/smv2.7.mp3,sumadhva_vijaya,sarga_2,7,full,sumadhva_vijaya:sarga_2:7,"आविष्टवानकुशलं पुरुषं प्रकृत्या प्रत्याययन्निह जनान् नितरामनृत्यत्
उत्तुङ्ग-केतु-शिखरे स कृताङ्ग-हारो रङ्गान्तरे नट इवाखिल-विस्मयात्मा",वसन्ततिलका,56,16.405,plausible,1.0,1.00 exact,auto_accepted,,dge_linked,B,[],none (spot-check optional)
kamadhenu_dataset/incoming_audio/dge_linked/sumadhva_vijaya/smv2.8.mp3,sumadhva_vijaya,sarga_2,8,full,sumadhva_vijaya:sarga_2:8,"आभाष्य सोऽत्र जनतां शपथानुविद्धम् उच्चैरिदं वचनमुद्धृत-दोर्बभाषे
उत्पत्स्यते जगति विश्व-जनीन-वृत्ति- र्विश्वज्ञ एव भगवानचिरादिहेति",वसन्ततिलका,56,16.614,plausible,1.0,1.00 exact,auto_accepted,,dge_linked,B,[],none (spot-check optional)
kamadhenu_dataset/incoming_audio/dge_linked/sumadhva_vijaya/smv2.9.mp3,sumadhva_vijaya,sarga_2,9,full,sumadhva_vijaya:sarga_2:9,"स-द्वीप-वारि-निधि-सप्तक-भूत-धात्र्या मद्ध्येऽपि कर्म-भुवि भारत-नाम-खण्डे
काले कलौ सु-विमलान्वय-लब्ध-जन्मा सन्मद्ध्य-गेह-कुल-मौलि-मणिर्द्विजोऽभूत्",वसन्ततिलका,56,15.726,plausible,1.0,1.00 exact,auto_accepted,,dge_linked,B,[],none (spot-check optional)
kamadhenu_dataset/incoming_audio/dge_linked/sumadhva_vijaya/smv3.1.mp3,sumadhva_vijaya,sarga_3,1,full,sumadhva_vijaya:sarga_3:1,"अथ कदाचन सुन्दर-नन्दन- स्मित-मुखेन्दु-दृशां दयितौ नृणाम्
महमतो निज-बन्धु-मुदे मुदा प्रययतुः स्व-जनैः सह दम्पती",द्रुतविलम्बित,48,15.36,plausible,1.0,1.00 exact,auto_accepted,,dge_linked,B,[],none (spot-check optional)
kamadhenu_dataset/incoming_audio/dge_linked/sumadhva_vijaya/smv3.10.mp3,sumadhva_vijaya,sarga_3,10,full,sumadhva_vijaya:sarga_3:10,"विरह-दून-तयोगमनोन्मुखं न्यरुणदश्रु पुरा स ययोर्दृशोः
अथ तयोः प्रमदोत्थितमप्यदः प्रति-निरुद्धय गिरं गुरुरब्रवीत्",अज्ञातम्,49,18.233,plausible,1.0,1.00 exact,auto_accepted,,dge_linked,B,"[""long_trailing_silence""]",none (spot-check optional)
kamadhenu_dataset/incoming_audio/dge_linked/sumadhva_vijaya/smv3.11.mp3,sumadhva_vijaya,sarga_3,11,full,sumadhva_vijaya:sarga_3:11,"अयि सुतेदमुदाहर तत्वतो ननु समागतवानसि साम्प्रतम्
स्व-जनता-रहितस्य तु कोऽत्र ते सह-चरोऽर्भक दीर्घ-तमे पथि",द्रुतविलम्बित,48,16.823,plausible,1.0,1.00 exact,auto_accepted,,dge_linked,B,[],none (spot-check optional)
kamadhenu_dataset/incoming_audio/dge_linked/sumadhva_vijaya/smv3.12.mp3,sumadhva_vijaya,sarga_3,12,full,sumadhva_vijaya:sarga_3:12,"जनक-वाचमिमामव-धारयन् कळमुदाहरदम्बु-रुहेक्षणः
स्व-पदमाव्रजतो व्रजतोऽप्यतो ननु सखा मम कानन-गो विभुः",द्रुतविलम्बित,48,18.756,plausible,1.0,1.00 exact,auto_accepted,,dge_linked,B,"[""long_trailing_silence""]",none (spot-check optional)
kamadhenu_dataset/incoming_audio/dge_linked/sumadhva_vijaya/smv3.13.mp3,sumadhva_vijaya,sarga_3,13,full,sumadhva_vijaya:sarga_3:13,"तदितरायतनात्तु यदाऽगमं कृत-रतिः खलु तत्र हरिः सखा
अहमिहापि महेन्द्र-दिगालयं प्रणतवानुत यावदधीश्वरम्",द्रुतविलम्बित,48,15.674,plausible,1.0,1.00 exact,auto_accepted,,dge_linked,B,[],none (spot-check optional)
kamadhenu_dataset/incoming_audio/dge_linked/sumadhva_vijaya/smv3.14.mp3,sumadhva_vijaya,sarga_3,14,full,sumadhva_vijaya:sarga_3:14,"अपि ततोऽहमुपेत्य सहामुना भगवतेऽत्र सते प्रणतिं व्यधाम्
इति निगद्य विभाति शिशुः स्म वि- स्मित-सभा-जन-चीर्ण-सभाजनः",द्रुतविलम्बित,48,13.949,plausible,1.0,1.00 exact,auto_accepted,,dge_linked,B,[],none (spot-check optional)
kamadhenu_dataset/incoming_audio/dge_linked/sumadhva_vijaya/smv3.15.mp3,sumadhva_vijaya,sarga_3,15,full,sumadhva_vijaya:sarga_3:15,"विरहित-स्वजनं चरण-प्रियं विविध-भूत-भयङ्कर-वर्त्मनि
अयि कृपालय पालय बालकं लघु-शुभस्य ममेत्यनमद् द्विजः",द्रुतविलम्बित,48,17.032,plausible,1.0,1.00 exact,auto_accepted,,dge_linked,B,[],none (spot-check optional)
kamadhenu_dataset/incoming_audio/dge_linked/sumadhva_vijaya/smv3.16.mp3,sumadhva_vijaya,sarga_3,16,full,sumadhva_vijaya:sarga_3:16,"तमुपगृह्य सुतं सु-तपो-निधि- गृहमसौ गृहिणी-सहितो ययौ
उदयतीति हि बाल-दिवाकरे स्मितमभूत् सु-जनानन-वारिजम्",द्रुतविलम्बित,48,16.405,plausible,1.0,1.00 exact,auto_accepted,,dge_linked,B,[],none (spot-check optional)
kamadhenu_dataset/incoming_audio/dge_linked/sumadhva_vijaya/smv3.17.mp3,sumadhva_vijaya,sarga_3,17,full,sumadhva_vijaya:sarga_3:17,"वर-विमान-गिरावपि चण्डिका शिशुमहो जननी तमलाळयत्
अपरथा परितुष्ट-मनाः कथं चिरमिहैष वसेद् वि-सहायकः",द्रुतविलम्बित,48,18.547,plausible,1.0,1.00 exact,auto_accepted,,dge_linked,B,[],none (spot-check optional)
kamadhenu_dataset/incoming_audio/dge_linked/sumadhva_vijaya/smv3.18.mp3,sumadhva_vijaya,sarga_3,18,full,sumadhva_vijaya:sarga_3:18,"सकल-शब्दमयी च सरस्वती सततमा-नमति स्वयमेव यम्
द्विज-वरोऽथ कदाचन मातृकाः किल सुतं परि-चाययति स्म तम्",द्रुतविलम्बित,48,16.927,plausible,1.0,1.00 exact,auto_accepted,,dge_linked,B,[],none (spot-check optional)
kamadhenu_dataset/incoming_audio/dge_linked/sumadhva_vijaya/smv3.19.mp3,sumadhva_vijaya,sarga_3,19,full,sumadhva_vijaya:sarga_3:19,"लिपि-कुलं ननु तात गते दिने लिखितमेव पुनर्लिखितं कुतः
इति निज-प्रतिभा-गुण-भावितं हरि-पदस्य वचस्तमनन्दयत्",द्रुतविलम्बित,48,17.241,plausible,1.0,1.00 exact,auto_accepted,,dge_linked,B,[],none (spot-check optional)
kamadhenu_dataset/incoming_audio/dge_linked/sumadhva_vijaya/smv3.2.mp3,sumadhva_vijaya,sarga_3,2,full,sumadhva_vijaya:sarga_3:2,"स्व-जनतापगमागम-सङ्गम- प्रति-सभाजित-पूर्वक-सम्भ्रमे
अविदुषी जननीति स बालकः शरणतो रणतो निरगान्नृभिः",द्रुतविलम्बित,48,17.502,plausible,1.0,1.00 exact,auto_accepted,,dge_linked,B,"[""long_trailing_silence""]",none (spot-check optional)
kamadhenu_dataset/incoming_audio/dge_linked/sumadhva_vijaya/smv3.20.mp3,sumadhva_vijaya,sarga_3,20,full,sumadhva_vijaya:sarga_3:20,"शिशुरसौ प्रतिभाम्बुधिरित्यलं जन-मनो-वचन-ग्रह-पीडना
न भवतादिति तं विजन-स्थले स्व-तनयं समशिक्षयदेषकः",द्रुतविलम्बित,48,16.3,plausible,1.0,1.00 exact,auto_accepted,,dge_linked,B,[],none (spot-check optional)
kamadhenu_dataset/incoming_audio/dge_linked/sumadhva_vijaya/smv3.21.mp3,sumadhva_vijaya,sarga_3,21,full,sumadhva_vijaya:sarga_3:21,"महवता स्व-जनेन समीरित- स्व-जननी-सहितेन कदाचन
रुचिर-वाचनयाऽर्चित-वाक्छ्रिया प्रतियये प्रभुणा घृत-वल्ल्यपि",द्रुतविलम्बित,48,16.875,plausible,1.0,1.00 exact,auto_accepted,,dge_linked,B,[],none (spot-check optional)
kamadhenu_dataset/incoming_audio/dge_linked/sumadhva_vijaya/smv3.22.mp3,sumadhva_vijaya,sarga_3,22,full,sumadhva_vijaya:sarga_3:22,"परिषदा नितरां परि-वारितः शिव-पदः किल धौत-पटोद्भवः
इह कथां कथयन् ददृशे ततः पृथु-धिया पृथुकाकृतिनाऽमुना",द्रुतविलम्बित,48,17.345,plausible,1.0,1.00 exact,auto_accepted,,dge_linked,B,[],none (spot-check optional)
kamadhenu_dataset/incoming_audio/dge_linked/sumadhva_vijaya/smv3.23.mp3,sumadhva_vijaya,sarga_3,23,full,sumadhva_vijaya:sarga_3:23,"इदमुवाच विचार-विचक्षणः शुचि वचः शनकैः स जनान्तरे
अपरथा कथितं कथक त्वया ननु मतान्महतामिति स-स्मितम्",द्रुतविलम्बित,48,17.241,plausible,1.0,1.00 exact,auto_accepted,,dge_linked,B,[],none (spot-check optional)
kamadhenu_dataset/incoming_audio/dge_linked/sumadhva_vijaya/smv3.24.mp3,sumadhva_vijaya,sarga_3,24,full,sumadhva_vijaya:sarga_3:24,"अगणयन्न शिवं जनता तदा स-वचने वसुदेव-सुताह्वये
मुखरमिच्छति को मृग-धूर्त्तकं प्रकृत-हुङ्कृत-सिंह-शिशौ सति",द्रुतविलम्बित,48,16.144,plausible,1.0,1.00 exact,auto_accepted,,dge_linked,B,[],none (spot-check optional)
kamadhenu_dataset/incoming_audio/dge_linked/sumadhva_vijaya/smv3.25.mp3,sumadhva_vijaya,sarga_3,25,full,sumadhva_vijaya:sarga_3:25,"अथ कथं कथयेति तदा जने गदितवत्युचितार्थमुदाहरन्
स समलाळ्यत विस्मयिभिन्नैरै- रपि सुरैर्विजयाङ्कुर-पूजकैः",अज्ञातम्,48,15.674,plausible,1.0,1.00 exact,auto_accepted,,dge_linked,B,[],none (spot-check optional)
kamadhenu_dataset/incoming_audio/dge_linked/sumadhva_vijaya/smv3.26.mp3,sumadhva_vijaya,sarga_3,26,full,sumadhva_vijaya:sarga_3:26,"स जननी-सहितो जनकं गृहे प्र-गतवांस्तमुदन्तमवेदयत्
नि-गद तात शिवः कथकः स किं वितथ-गीरथवाऽहमितीरयन्",द्रुतविलम्बित,48,18.129,plausible,1.0,1.00 exact,auto_accepted,,dge_linked,B,[],none (spot-check optional)
kamadhenu_dataset/incoming_audio/dge_linked/sumadhva_vijaya/smv3.27.mp3,sumadhva_vijaya,sarga_3,27,full,sumadhva_vijaya:sarga_3:27,"ननु सुतावितथं कथितं त्वये- त्यमुमुदीर्य्य सविस्मयमस्मरत्
प्रकृतितः कृतिता खलु मे शिशो- म्र्मदधिनाथ-दयोदय-जेत्यसौ",द्रुतविलम्बित,48,18.338,plausible,1.0,1.00 exact,auto_accepted,,dge_linked,B,[],none (spot-check optional)
kamadhenu_dataset/incoming_audio/dge_linked/sumadhva_vijaya/smv3.28.mp3,sumadhva_vijaya,sarga_3,28,full,sumadhva_vijaya:sarga_3:28,"कथयतां प्रथमे कथयत्यलं स्व-जनके जन-सङ्घवृते कथाम्
सकल-लोक-मनो-नयनोत्सव- श्चतुरधीः स कदाचिदवाचयत्",द्रुतविलम्बित,48,19.069,plausible,1.0,1.00 exact,auto_accepted,,dge_linked,B,[],none (spot-check optional)
kamadhenu_dataset/incoming_audio/dge_linked/sumadhva_vijaya/smv3.29.mp3,sumadhva_vijaya,sarga_3,29,full,sumadhva_vijaya:sarga_3:29,"विविध-शाखि-पदार्थ-निवेदने लिकुच-नाम्नि तदाऽनुदितात्र्थके
किमिति तात तदर्थमवर्णयन् कथयसीति शनैरयमब्रवीत्",द्रुतविलम्बित,48,18.024,plausible,1.0,1.00 exact,auto_accepted,,dge_linked,B,"[""long_trailing_silence""]",none (spot-check optional)
kamadhenu_dataset/incoming_audio/dge_linked/sumadhva_vijaya/smv3.3.mp3,sumadhva_vijaya,sarga_3,3,full,sumadhva_vijaya:sarga_3:3,"क नु यियाससि तात न साम्प्रतं स्व-जन-सन्त्यजनं तव साम्प्रतम्
इति विभुः पथिकैरुदितो व्रजन् स्मितमनाकुलमुत्तरमातनोत्",द्रुतविलम्बित,48,18.547,plausible,1.0,1.00 exact,auto_accepted,,dge_linked,B,"[""long_trailing_silence""]",none (spot-check optional)
kamadhenu_dataset/incoming_audio/dge_linked/sumadhva_vijaya/smv3.30.mp3,sumadhva_vijaya,sarga_3,30,full,sumadhva_vijaya:sarga_3:30,"अवदतीति पितर्य्यपि चोदिते प्रति-बुभुत्सुषु तत्र जनेष्वपि
अयमुदीर्य्य तदर्थमवाप्तवान् परिषदो ह्यसमान-समाननाम्",द्रुतविलम्बित,48,18.233,plausible,1.0,1.00 exact,auto_accepted,,dge_linked,B,[],none (spot-check optional)
kamadhenu_dataset/incoming_audio/dge_linked/sumadhva_vijaya/smv3.31.mp3,sumadhva_vijaya,sarga_3,31,full,sumadhva_vijaya:sarga_3:31,"बहुविधैश्चरितैरिति चारुभिः सकल-लोक-कुतूहल-कारिणम्
द्विज-वरेण वयस्युचिते स्थितं तमुपनेतुमनेन दधे मनः",द्रुतविलम्बित,48,18.808,plausible,1.0,1.00 exact,auto_accepted,,dge_linked,B,[],none (spot-check optional)
kamadhenu_dataset/incoming_audio/dge_linked/sumadhva_vijaya/smv3.32.mp3,sumadhva_vijaya,sarga_3,32,full,sumadhva_vijaya:sarga_3:32,"समुचित-ग्रह-योग-गुणान्वितं समवधार्य्य मुहूर्त्तमदूषणम्
प्रणय-बन्धुर-बान्धववानसौ द्विज-कुलाकुलमुत्सवमातनोत्",द्रुतविलम्बित,48,18.442,plausible,1.0,1.00 exact,auto_accepted,,dge_linked,B,[],none (spot-check optional)
kamadhenu_dataset/incoming_audio/dge_linked/sumadhva_vijaya/smv3.33.mp3,sumadhva_vijaya,sarga_3,33,full,sumadhva_vijaya:sarga_3:33,"विविध-वेदतया विजिहीर्षवो वदन-रङ्ग-पदेऽस्य चिराय याः
सुर-वर-प्रमदा अपि सप्रिया अभिननन्दुरहो वियतो महम्",द्रुतविलम्बित,48,17.868,plausible,1.0,1.00 exact,auto_accepted,,dge_linked,B,[],none (spot-check optional)
kamadhenu_dataset/incoming_audio/dge_linked/sumadhva_vijaya/smv3.34.mp3,sumadhva_vijaya,sarga_3,34,full,sumadhva_vijaya:sarga_3:34,"विहित-साधन-साधित-सत्क्रियो ज्वलनमुज्ज्वल-धीज्ज्वलयन्नयम्
उपनिनाय सुतं सुकुमारकं कुशलिनं कुशलीकृत-शीर्षकम्",द्रुतविलम्बित,48,17.502,plausible,1.0,1.00 exact,auto_accepted,,dge_linked,B,[],none (spot-check optional)
kamadhenu_dataset/incoming_audio/dge_linked/sumadhva_vijaya/smv3.35.mp3,sumadhva_vijaya,sarga_3,35,full,sumadhva_vijaya:sarga_3:35,"परिचराग्नि-गुरू चरित-व्रतः सु-चरणः पठ साधु सदागमान्
इति गुरोस्त्रिजगद्-गुरु-शिक्षणे स्फुटमहासि सुरैः कृत-साक्षिभिः",द्रुतविलम्बित,48,16.405,plausible,1.0,1.00 exact,auto_accepted,,dge_linked,B,[],none (spot-check optional)
kamadhenu_dataset/incoming_audio/dge_linked/sumadhva_vijaya/smv3.36.mp3,sumadhva_vijaya,sarga_3,36,full,sumadhva_vijaya:sarga_3:36,"जित-कुमारगुणं सु-कुमारकं निज-कुमारमवेक्ष्य निरन्तरम्
समुचिताचरणे चतुरं स्वतः क्षिति-सुरो मुदमायत शिक्षयन्",द्रुतविलम्बित,48,17.345,plausible,1.0,1.00 exact,auto_accepted,,dge_linked,B,[],none (spot-check optional)
kamadhenu_dataset/incoming_audio/dge_linked/sumadhva_vijaya/smv3.37.mp3,sumadhva_vijaya,sarga_3,37,full,sumadhva_vijaya:sarga_3:37,"स-पट-खण्डमकिञ्चन-वत् क्वचित् स्व-विभवानुचितं चरणादिकम्
भुवन-भर्तुरहो स्व-निगूहनं सुर-सभासु कुतूहलमातनोत्",द्रुतविलम्बित,48,18.338,plausible,1.0,1.00 exact,auto_accepted,,dge_linked,B,[],none (spot-check optional)
kamadhenu_dataset/incoming_audio/dge_linked/sumadhva_vijaya/smv3.38.mp3,sumadhva_vijaya,sarga_3,38,full,sumadhva_vijaya:sarga_3:38,"अविरलैर्गरळोष्मभिराकुली- कृत-समस्त-जनो विचचार यः
कचिदमुं निजिघांसुरशान्तिमान् उप-ससर्प स सर्प-मयोऽसुरः",द्रुतविलम्बित,48,15.517,plausible,1.0,1.00 exact,auto_accepted,,dge_linked,B,[],none (spot-check optional)
kamadhenu_dataset/incoming_audio/dge_linked/sumadhva_vijaya/smv3.39.mp3,sumadhva_vijaya,sarga_3,39,full,sumadhva_vijaya:sarga_3:39,"त्वरितमुद्यत-विस्तृत-मस्तकः प्रति-ददंश यदैनमविक्षतम्
प्रभु-पदारुण-चारु-तराङ्गुली- विहृति-पिष्ट-तनुः प्रतताम सः",द्रुतविलम्बित,48,14.942,plausible,1.0,1.00 exact,auto_accepted,,dge_linked,B,[],none (spot-check optional)
kamadhenu_dataset/incoming_audio/dge_linked/sumadhva_vijaya/smv3.4.mp3,sumadhva_vijaya,sarga_3,4,full,sumadhva_vijaya:sarga_3:4,"त्वरितमेत्य स कानन-देवता- सदनमत्र ननाम रमा-पतिम्
अपि ततः प्रगतो लघु नाळिके- र्युपपदान्तर-सद्म-गतं च तम्",द्रुतविलम्बित,48,18.233,plausible,1.0,1.00 exact,auto_accepted,,dge_linked,B,"[""long_trailing_silence"", ""exact_duplicate""]",none (spot-check optional)
kamadhenu_dataset/incoming_audio/dge_linked/sumadhva_vijaya/smv3.40.mp3,sumadhva_vijaya,sarga_3,40,full,sumadhva_vijaya:sarga_3:40,"गरुड-तुण्डमिव प्रति-पन्नवान् द्विज-कुमार-पदं स ममार च
समुचितं चरितं महतामिदं सुमनसो मनसेष्टमपूजयन्",द्रुतविलम्बित,48,14.367,plausible,1.0,1.00 exact,auto_accepted,,dge_linked,B,[],none (spot-check optional)
kamadhenu_dataset/incoming_audio/dge_linked/sumadhva_vijaya/smv3.41.mp3,sumadhva_vijaya,sarga_3,41,full,sumadhva_vijaya:sarga_3:41,"गिरिश-गुर्वमरेन्द्र-मुखैश्च य- च्चरणरेणुरधारि सुरेश्वरैः
क्षिति-सुराङ्गयभि-वन्दन-पूर्वकं स वि-दधेऽद्ध्ययनं छल-मानुषः",अज्ञातम्,49,15.464,plausible,1.0,1.00 exact,auto_accepted,,dge_linked,B,[],none (spot-check optional)
kamadhenu_dataset/incoming_audio/dge_linked/sumadhva_vijaya/smv3.42.mp3,sumadhva_vijaya,sarga_3,42,full,sumadhva_vijaya:sarga_3:42,"करतळे खलु कन्दुक-वत् सदा सकलया कलया सह विद्यया
अरिधरेण समं स्फुरितं गुरो- म्र्मनसि तस्य विडम्बयतो जनान्",द्रुतविलम्बित,48,16.091,plausible,1.0,1.00 exact,auto_accepted,,dge_linked,B,[],none (spot-check optional)
kamadhenu_dataset/incoming_audio/dge_linked/sumadhva_vijaya/smv3.43.mp3,sumadhva_vijaya,sarga_3,43,full,sumadhva_vijaya:sarga_3:43,"अनधिकैरधिकैश्च वयस्यथो बहुभिरद्ध्ययनोपरमान्तरे
अनिकटे वटुभिः पटुभिर्गुरोः स विजहार सुखी सखिभिः समम्",द्रुतविलम्बित,48,15.517,plausible,1.0,1.00 exact,auto_accepted,,dge_linked,B,[],none (spot-check optional)
kamadhenu_dataset/incoming_audio/dge_linked/sumadhva_vijaya/smv3.44.mp3,sumadhva_vijaya,sarga_3,44,full,sumadhva_vijaya:sarga_3:44,"पदमुदीर्य्य जवेन यियासितं द्रुत-सखिष्वभवत् स पुरस्सरः
अयमयत्नतयेति न विस्मयो ननु मनो-जव-जित् पवनोऽसकौ",द्रुतविलम्बित,48,16.771,plausible,1.0,1.00 exact,auto_accepted,,dge_linked,B,[],none (spot-check optional)
kamadhenu_dataset/incoming_audio/dge_linked/sumadhva_vijaya/smv3.45.mp3,sumadhva_vijaya,sarga_3,45,full,sumadhva_vijaya:sarga_3:45,"प्लवन-तेजसि हन्त न केवलं विजितवान् स तदा सकलान् जनान्
प्रभु-निदेश-करो हनुमत्-तनौ ननु जिगाय स वालि-सुतादिकान्",द्रुतविलम्बित,48,17.136,plausible,1.0,1.00 exact,auto_accepted,,dge_linked,B,[],none (spot-check optional)
kamadhenu_dataset/incoming_audio/dge_linked/sumadhva_vijaya/smv3.46.mp3,sumadhva_vijaya,sarga_3,46,full,sumadhva_vijaya:sarga_3:46,"जल-विहार-पराजयिभिः स्पृधा सखिभिरीरित-वारि-परि-श्रितम्
वदनमाकुल-लोचनमादधे स्मितममुष्य हि कञ्चन विभ्रमम्",द्रुतविलम्बित,48,15.883,plausible,1.0,1.00 exact,auto_accepted,,dge_linked,B,[],none (spot-check optional)
kamadhenu_dataset/incoming_audio/dge_linked/sumadhva_vijaya/smv3.47.mp3,sumadhva_vijaya,sarga_3,47,full,sumadhva_vijaya:sarga_3:47,"स शनकैर्बलिनोऽयुगपद् गतान् प्र-विहृतेषु सखीन् निरपातयत्
अशनकैर्युगपत् प्रकृताहवान् स-हसितो द्विज-सूनुरयत्नवान्",द्रुतविलम्बित,48,16.823,plausible,1.0,1.00 exact,auto_accepted,,dge_linked,B,[],none (spot-check optional)
kamadhenu_dataset/incoming_audio/dge_linked/sumadhva_vijaya/smv3.48.mp3,sumadhva_vijaya,sarga_3,48,full,sumadhva_vijaya:sarga_3:48,"ग्रहण-निग्रहणे ग्रहणे दृढे गुरु-भरोद्धरणादि-विधौ पटौ
इह विभावुपचार-धिया नृणाम् ऋतमयं ननु भीम इतीरितम्",द्रुतविलम्बित,48,16.718,plausible,1.0,1.00 exact,auto_accepted,,dge_linked,B,[],none (spot-check optional)
kamadhenu_dataset/incoming_audio/dge_linked/sumadhva_vijaya/smv3.49.mp3,sumadhva_vijaya,sarga_3,49,full,sumadhva_vijaya:sarga_3:49,"विहरतीति पठत्यपि न स्फुटं स्व-गृहगामिनि चाद्रुतमायति
परि-तुतोष न तत्र जगद्-गुरौ स किल पूग-वनान्वय-जो द्विजः",द्रुतविलम्बित,48,15.203,plausible,1.0,1.00 exact,auto_accepted,,dge_linked,B,[],none (spot-check optional)
kamadhenu_dataset/incoming_audio/dge_linked/sumadhva_vijaya/smv3.5.mp3,sumadhva_vijaya,sarga_3,5,full,sumadhva_vijaya:sarga_3:5,"नळिन-नाभ-निभालन-सम्मदा- गम-विकस्वर-भास्वर-लोचनः
जन-मनो-नयनाम्बुज-भास्करो रजत-पीठ-पुरं प्रययावसौ",द्रुतविलम्बित,48,18.233,plausible,1.0,1.00 exact,auto_accepted,,dge_linked,B,"[""long_trailing_silence"", ""exact_duplicate""]",none (spot-check optional)
kamadhenu_dataset/incoming_audio/dge_linked/sumadhva_vijaya/smv3.50.mp3,sumadhva_vijaya,sarga_3,50,full,sumadhva_vijaya:sarga_3:50,"अथ कदाचन सोऽद्ध्ययनान्तरे तमवदत् कुपितोऽन्य-मनस्विनम्
पठसि नो शठ ते सखिभिः समं किमिति नित्यमुदासित-धीरिति",द्रुतविलम्बित,48,15.151,plausible,1.0,1.00 exact,auto_accepted,,dge_linked,B,[],none (spot-check optional)
kamadhenu_dataset/incoming_audio/dge_linked/sumadhva_vijaya/smv3.51.mp3,sumadhva_vijaya,sarga_3,51,full,sumadhva_vijaya:sarga_3:51,"गुणनिका चरणादिक-गोचरा न मम हृद्-दयितेत्युदितेऽमुना
वद विशारद-वाद यथेप्सितं त्वमुपरीत्यवदद् धरणीसुरः",द्रुतविलम्बित,48,16.718,plausible,1.0,1.00 exact,auto_accepted,,dge_linked,B,[],none (spot-check optional)
kamadhenu_dataset/incoming_audio/dge_linked/sumadhva_vijaya/smv3.52.mp3,sumadhva_vijaya,sarga_3,52,full,sumadhva_vijaya:sarga_3:52,"सकल-लक्षण-शिक्षण-मूलभूः श्रुति-समामननं स्खलनोज्झितम्
न खलु केवलमस्य गुरोर्व्यधात् सुमनसामपि तत्र कुतूहलम्",द्रुतविलम्बित,48,17.92,plausible,1.0,1.00 exact,auto_accepted,,dge_linked,B,[],none (spot-check optional)
kamadhenu_dataset/incoming_audio/dge_linked/sumadhva_vijaya/smv3.53.mp3,sumadhva_vijaya,sarga_3,53,full,sumadhva_vijaya:sarga_3:53,"प्रियवयस्य-शिरो-गुरु-वेदना- मशमयत् सहजामपि दुस्सहाम्
स विपिने वि-जने मुख-वायुना श्रवण-गोचरितेन कदाचन",द्रुतविलम्बित,48,15.256,plausible,1.0,1.00 exact,auto_accepted,,dge_linked,B,[],none (spot-check optional)
kamadhenu_dataset/incoming_audio/dge_linked/sumadhva_vijaya/smv3.54.mp3,sumadhva_vijaya,sarga_3,54,full,sumadhva_vijaya:sarga_3:54,"अधि-गतोपनिषच्च सकृच्छुता प्रकट-भागवतीति न विस्मयः
अधि-गता ननु जात्वपि न श्रुताः प्रतिभया श्रुतयः शतशोऽमुना",द्रुतविलम्बित,48,15.464,plausible,1.0,1.00 exact,auto_accepted,,dge_linked,B,[],none (spot-check optional)
kamadhenu_dataset/incoming_audio/dge_linked/sumadhva_vijaya/smv3.55.mp3,sumadhva_vijaya,sarga_3,55,full,sumadhva_vijaya:sarga_3:55,"साक्षादथोप-निषदो विभुरैतरेय्याः पाठ-च्छलेन विजनेऽर्थ-रसं ब्रुवाणः
अद्ध्यापकाय विततार विमोक्ष-बीजं गोविन्द-भक्तिमुचितां गुरु-दक्षणां सः",वसन्ततिलका,56,17.189,plausible,1.0,1.00 exact,auto_accepted,,dge_linked,B,[],none (spot-check optional)
kamadhenu_dataset/incoming_audio/dge_linked/sumadhva_vijaya/smv3.56.mp3,sumadhva_vijaya,sarga_3,56,full,sumadhva_vijaya:sarga_3:56,"अयि स्वामिन् दुष्टान् दमय-दमय स्पष्टमचिराद् गुणान् गूढान् विष्णोः कथय-कथय स्वान् प्रमदयन्
तदाऽऽनन्दं तन्वन्निति सु-मनसां सोऽनु-सरताम् अनुज्ञामादत्त त्रिभुवन-गुरुर्ब्रह्मणगुरोः",शिखरिणी,68,21.159,plausible,1.0,1.00 exact,auto_accepted,,dge_linked,B,[],none (spot-check optional)
kamadhenu_dataset/incoming_audio/dge_linked/sumadhva_vijaya/smv3.6.mp3,sumadhva_vijaya,sarga_3,6,full,sumadhva_vijaya:sarga_3:6,"सु-हय-मेध-गणाति-शयालवो हरि-नमस्कृतयः सु-कृता इमाः
इति सुरैरपि भू-सुर-मण्डलैः समनमत् स स-विस्मयमीक्षितः",द्रुतविलम्बित,48,17.92,plausible,1.0,1.00 exact,auto_accepted,,dge_linked,B,"[""long_trailing_silence""]",none (spot-check optional)
kamadhenu_dataset/incoming_audio/dge_linked/sumadhva_vijaya/smv3.7.mp3,sumadhva_vijaya,sarga_3,7,full,sumadhva_vijaya:sarga_3:7,"न हि हरिं सततं न नमत्यसौ नच न पश्यति नापि न वन्दते
अपि तथेति विधाय विशेषतः स ननु साधु-जनान् समशिक्षयत्",द्रुतविलम्बित,48,17.659,plausible,1.0,1.00 exact,auto_accepted,,dge_linked,B,"[""long_trailing_silence""]",none (spot-check optional)
kamadhenu_dataset/incoming_audio/dge_linked/sumadhva_vijaya/smv3.8.mp3,sumadhva_vijaya,sarga_3,8,full,sumadhva_vijaya:sarga_3:8,"अनवलोक्य सुतं सुत-वत्सलो मृगयते स्म मही-सुर-पुङ्गवः
मुहुरपृच्छदमुष्य गतिं नरान् पथिपथि प्रगतोऽनुपदं द्रुतम्",द्रुतविलम्बित,48,18.442,plausible,1.0,1.00 exact,auto_accepted,,dge_linked,B,"[""long_trailing_silence""]",none (spot-check optional)
kamadhenu_dataset/incoming_audio/dge_linked/sumadhva_vijaya/smv3.9.mp3,sumadhva_vijaya,sarga_3,9,full,sumadhva_vijaya:sarga_3:9,"जन-सदागति-सूचित-वत्र्मना प्रति-पदं व्रजता परया तृषा
द्विज-महा-मधुपेन मनो-हरं स्मितमलाभि सुतानन-वारिजम्",द्रुतविलम्बित,48,18.86,plausible,1.0,1.00 exact,auto_accepted,,dge_linked,B,[],none (spot-check optional)
kamadhenu_dataset/incoming_audio/dge_linked/sumadhva_vijaya/smv4.1.mp3,sumadhva_vijaya,sarga_4,1,full,sumadhva_vijaya:sarga_4:1,"अथैष सल्लोक-दया-सुधाईया सदागम-स्तेन-निरास-कामया
रमा-वरावास-भुवा विशारदो विशालयाऽचिन्तयदात्मनो धिया",अज्ञातम्,48,17.92,plausible,1.0,1.00 exact,auto_accepted,,dge_linked,B,[],none (spot-check optional)
kamadhenu_dataset/incoming_audio/dge_linked/sumadhva_vijaya/smv4.10.mp3,sumadhva_vijaya,sarga_4,10,full,sumadhva_vijaya:sarga_4:10,"अहं स्वयं ब्रह्म न किश्चिदस्ति मत् परं विजृम्भेत यदा स्फुटं चितिः
इतीह माया-समयोप-पादितं निरन्वयात् सुव्रत मा स्म विश्वसीः",वंशस्थ,48,15.569,plausible,1.0,1.00 exact,auto_accepted,,dge_linked,B,[],none (spot-check optional)
kamadhenu_dataset/incoming_audio/dge_linked/sumadhva_vijaya/smv4.11.mp3,sumadhva_vijaya,sarga_4,11,full,sumadhva_vijaya:sarga_4:11,"यदेतदात्मैक्यमुपास्ति-चोदितं न मे गुरोरप्यपरोक्ष-तां गतम्
पुरा-तनानामपि सौम्य कुत्रचित् ततो मुकुन्दं भज संविदे मुदा",वंशस्थ,48,14.733,plausible,1.0,1.00 exact,auto_accepted,,dge_linked,B,[],none (spot-check optional)
kamadhenu_dataset/incoming_audio/dge_linked/sumadhva_vijaya/smv4.12.mp3,sumadhva_vijaya,sarga_4,12,full,sumadhva_vijaya:sarga_4:12,"इतीदमादिश्य वचो वचस्विनि स्वके गुरौ लोकमथान्यमीयुषि
असेवताऽलोच्य मुहुर्गुरोग्र्गिरं स रूप्य-पीठालयमिन्दिरावरम्",वंशस्थ,48,15.36,plausible,1.0,1.00 exact,auto_accepted,,dge_linked,B,[],none (spot-check optional)
kamadhenu_dataset/incoming_audio/dge_linked/sumadhva_vijaya/smv4.13.mp3,sumadhva_vijaya,sarga_4,13,full,sumadhva_vijaya:sarga_4:13,"सु-भक्तिना तेन स भक्त-वत्सलो निषेवितस्तत्र परं बुभुत्सुना
भविष्यतः शिष्य-वराद्धि विद्धि माम् इति प्रविष्टः पुरुषं तमभ्यधात्",वंशस्थ,48,14.89,plausible,1.0,1.00 exact,auto_accepted,,dge_linked,B,[],none (spot-check optional)
kamadhenu_dataset/incoming_audio/dge_linked/sumadhva_vijaya/smv4.14.mp3,sumadhva_vijaya,sarga_4,14,full,sumadhva_vijaya:sarga_4:14,"प्रतीक्षमाणं तमनु-ग्रहं मुदा नि-षेवमाणं पुनरम्बुजेक्षणम्
सतां गुरुः कारण-मानुषाकृति- र्य्यतिं प्रशान्तं तमुपा-ससाद सः",वंशस्थ,48,13.584,plausible,1.0,1.00 exact,auto_accepted,,dge_linked,B,[],none (spot-check optional)
kamadhenu_dataset/incoming_audio/dge_linked/sumadhva_vijaya/smv4.15.mp3,sumadhva_vijaya,sarga_4,15,full,sumadhva_vijaya:sarga_4:15,"सुतं यतीन्द्रानु-चरं विरागिणं निशम्य सन्न्यास-निषण्ण-मानसम्
सु-वत्सलौ रूप्य-तळालय-स्थितं वियोग-तान्तौ पितरौ समीयतुः",वंशस्थ,48,13.845,plausible,1.0,1.00 exact,auto_accepted,,dge_linked,B,[],none (spot-check optional)
kamadhenu_dataset/incoming_audio/dge_linked/sumadhva_vijaya/smv4.16.mp3,sumadhva_vijaya,sarga_4,16,full,sumadhva_vijaya:sarga_4:16,"वराश्रमस्ते जरतोरनाथयो- जीवतोः स्यादयि नन्दनाऽवयोः
स-याचनं वाक्यमुदीर्य्य ताविदं परीत्य पुत्राय नतिं वितेनतुः",अज्ञातम्,47,13.479,plausible,1.0,1.00 exact,auto_accepted,,dge_linked,B,[],none (spot-check optional)
kamadhenu_dataset/incoming_audio/dge_linked/sumadhva_vijaya/smv4.17.mp3,sumadhva_vijaya,sarga_4,17,full,sumadhva_vijaya:sarga_4:17,"नतिर्न शुश्रूषु-जनाय शस्यते नतं भवद्-भयां स्फुटमत्र साम्प्रतम्
अहो विधात्रा स्वयमेव दापिता तदभ्यनुज्ञेति जगाद स प्रभुः",अज्ञातम्,49,14.054,plausible,1.0,1.00 exact,auto_accepted,,dge_linked,B,[],none (spot-check optional)
kamadhenu_dataset/incoming_audio/dge_linked/sumadhva_vijaya/smv4.18.mp3,sumadhva_vijaya,sarga_4,18,full,sumadhva_vijaya:sarga_4:18,"अनुत्तर-ज्ञः स तमर्थयन् पुन- र्य्यतीन्द्रमानम्य गतः प्रिया-युतः
गृहे वसन् कल्प-समान् क्षणान् नयन् सुताननेन्दोरनिशं ततोऽस्मरत्",वंशस्थ,48,13.009,plausible,1.0,1.00 exact,auto_accepted,,dge_linked,B,[],none (spot-check optional)
kamadhenu_dataset/incoming_audio/dge_linked/sumadhva_vijaya/smv4.19.mp3,sumadhva_vijaya,sarga_4,19,full,sumadhva_vijaya:sarga_4:19,"स चिन्तयन् पुत्र-मनो-रथं शुचा पुनश्च तीत्त्र्वोपगतो महानदीम्
यतीश्वरानु-व्रतमात्म-नन्दनं तमैक्षत ग्राम-वरे मठान्तरे",वंशस्थ,48,13.949,plausible,1.0,1.00 exact,auto_accepted,,dge_linked,B,[],none (spot-check optional)
kamadhenu_dataset/incoming_audio/dge_linked/sumadhva_vijaya/smv4.2.mp3,sumadhva_vijaya,sarga_4,2,full,sumadhva_vijaya:sarga_4:2,"अनन्य-सङ्गाद् गुण-सङ्गिता हरे- र्जनस्य मानं तु विशिष्ट-चेष्टितम्
असङ्गमस्मात् प्रकटी-करोम्यहं निजं भजन् पारम-हंस्यमाश्रमम्",वंशस्थ,48,17.45,plausible,1.0,1.00 exact,auto_accepted,,dge_linked,B,[],none (spot-check optional)
kamadhenu_dataset/incoming_audio/dge_linked/sumadhva_vijaya/smv4.20.mp3,sumadhva_vijaya,sarga_4,20,full,sumadhva_vijaya:sarga_4:20,"स जात-कोपाकुलितो धरा-सुरो महात्मनां लङ्घन-भीरुरप्यलम्
सुतस्य कौपीन-धृतौ हि साहस- प्रति-श्रवो मे दृढ इत्यभाषत",वंशस्थ,48,13.427,plausible,1.0,1.00 exact,auto_accepted,,dge_linked,B,[],none (spot-check optional)
kamadhenu_dataset/incoming_audio/dge_linked/sumadhva_vijaya/smv4.21.mp3,sumadhva_vijaya,sarga_4,21,full,sumadhva_vijaya:sarga_4:21,"क्षणेन कौपीन-धरो निजं पटं विदार्य्य हे तात कुरुष्व साहसम्
प्रभुरब्रवीत् पुनः शुभान्तरायं न भवांश्चरेदिति",अज्ञातम्,43,13.375,plausible,1.0,1.00 exact,auto_accepted,,dge_linked,B,[],none (spot-check optional)
kamadhenu_dataset/incoming_audio/dge_linked/sumadhva_vijaya/smv4.22.mp3,sumadhva_vijaya,sarga_4,22,full,sumadhva_vijaya:sarga_4:22,"इतीममुक्त्वा न पुत्र पित्रोरवनं विना शुभं वदन्ति सन्तो ननु तौ सुतौ मृतौ
नि-वर्त्तमाने न हि पालकोऽस्ति नौ त्वयीति वक्तारमिमं सुतोऽब्रवीत्",अज्ञातम्,53,13.166,plausible,1.0,1.00 exact,auto_accepted,,dge_linked,B,[],none (spot-check optional)
kamadhenu_dataset/incoming_audio/dge_linked/sumadhva_vijaya/smv4.23.mp3,sumadhva_vijaya,sarga_4,23,full,sumadhva_vijaya:sarga_4:23,"यदा विरक्तः पुरुषः प्रजायते तदैव सन्यास-विधिः श्रुतौ श्रुतः
न सङ्ग-हीनोऽपि परि-ब्रव्रजामि वाम् अहं तु शुश्रूषुमकल्पयन्निति",अज्ञातम्,49,12.487,plausible,1.0,1.00 exact,auto_accepted,,dge_linked,B,[],none (spot-check optional)
kamadhenu_dataset/incoming_audio/dge_linked/sumadhva_vijaya/smv4.24.mp3,sumadhva_vijaya,sarga_4,24,full,sumadhva_vijaya:sarga_4:24,"बहु-श्रुतत्वाद् यदि तत् सहे बलात् न सा सवित्री विरहं सहेत ते
इति द्विजेनाभि-हितेऽनमत् स तं भवाननुज्ञां प्रददात्विति ब्रुवन्",वंशस्थ,48,13.427,plausible,1.0,1.00 exact,auto_accepted,,dge_linked,B,[],none (spot-check optional)
kamadhenu_dataset/incoming_audio/dge_linked/sumadhva_vijaya/smv4.25.mp3,sumadhva_vijaya,sarga_4,25,full,sumadhva_vijaya:sarga_4:25,"विचिन्त्य विद्वान् स निरुत्तरी-कृत- स्तथाऽस्तु माताऽनुवदेद् यदीति तम्
उदीर्य्य कृच्छ्रादुपगम्य मन्दिरं प्रिया-सकाशे तमुदन्तमब्रवीत्",वंशस्थ,48,13.27,plausible,1.0,1.00 exact,auto_accepted,,dge_linked,B,[],none (spot-check optional)
kamadhenu_dataset/incoming_audio/dge_linked/sumadhva_vijaya/smv4.26.mp3,sumadhva_vijaya,sarga_4,26,full,sumadhva_vijaya:sarga_4:26,"निशा-चरारेरिव लक्ष्मणः पुरा वृकोदरस्येव सुरेन्द्र-नन्दनः
गदोऽथ शौरेरिव कर्म-कृत् प्रियः सु-भक्तिमान् विश्व-विदोऽनुजोऽभवत्",वंशस्थ,48,12.539,plausible,1.0,1.00 exact,auto_accepted,,dge_linked,B,[],none (spot-check optional)
kamadhenu_dataset/incoming_audio/dge_linked/sumadhva_vijaya/smv4.27.mp3,sumadhva_vijaya,sarga_4,27,full,sumadhva_vijaya:sarga_4:27,"कदाचिदाप्यालय-बुद्धिरालयं निवेदयन् पालकमेतमेतयोः
दृढ-स्व-सन्न्यास-निषेध-निश्चयां धवानुमत्येदमुवाच मातरम्",वंशस्थ,48,13.009,plausible,1.0,1.00 exact,auto_accepted,,dge_linked,B,[],none (spot-check optional)
kamadhenu_dataset/incoming_audio/dge_linked/sumadhva_vijaya/smv4.28.mp3,sumadhva_vijaya,sarga_4,28,full,sumadhva_vijaya:sarga_4:28,"वराश्रमाप्तिं मम सं-वदस्व मां कदाचिदप्यम्ब यदीच्छसीक्षितुम्
यदन्यथा देशमिमं परित्यजन् न जातु दृष्टेर्विषयो भवामि वः",वंशस्थ,48,14.629,plausible,1.0,1.00 exact,auto_accepted,,dge_linked,B,[],none (spot-check optional)
kamadhenu_dataset/incoming_audio/dge_linked/sumadhva_vijaya/smv4.29.mp3,sumadhva_vijaya,sarga_4,29,full,sumadhva_vijaya:sarga_4:29,"इति ब्रुवाणे तनये कदाचिद- प्यदर्शनं तस्य मृतेर्निदर्शनम्
विचिन्त्य पर्या-कुलिता चिकीर्षितं सुतस्य कृच्छ्रान्यरुणन्न सा शुभा",वंशस्थ,48,13.009,plausible,1.0,1.00 exact,auto_accepted,,dge_linked,B,[],none (spot-check optional)
kamadhenu_dataset/incoming_audio/dge_linked/sumadhva_vijaya/smv4.3.mp3,sumadhva_vijaya,sarga_4,3,full,sumadhva_vijaya:sarga_4:3,"मम प्रभोर्भापरथा हि शोभते द्विषत्सु विष्णुं यददण्ड-धारणम्
हरि-स्वसा नन्वचिरादसद्-भिदे भवेदतो नास्मि च दण्ड-धारकः",वंशस्थ,48,17.659,plausible,1.0,1.00 exact,auto_accepted,,dge_linked,B,[],none (spot-check optional)
kamadhenu_dataset/incoming_audio/dge_linked/sumadhva_vijaya/smv4.30.mp3,sumadhva_vijaya,sarga_4,30,full,sumadhva_vijaya:sarga_4:30,"अथोपगम्यैष गुरुं जगद्गुरुः प्रसाद्य तं देव-वर-प्रसादितः
सदा समस्ताश्रम-भाक् सुरेश्वरो विशेषतः खल्वभजद् वराश्रमम्",वंशस्थ,48,12.8,plausible,1.0,1.00 exact,auto_accepted,,dge_linked,B,[],none (spot-check optional)
kamadhenu_dataset/incoming_audio/dge_linked/sumadhva_vijaya/smv4.31.mp3,sumadhva_vijaya,sarga_4,31,full,sumadhva_vijaya:sarga_4:31,"क्रिया-कलापं सकलं स काल-विद् विधान-मार्गेण विधाय केवलम्
सदा प्रसन्नस्य हरेः प्रसत्तये मुहुः समस्त-न्यसनं समभ्यधात्",वंशस्थ,48,14.211,plausible,1.0,1.00 exact,auto_accepted,,dge_linked,B,[],none (spot-check optional)
kamadhenu_dataset/incoming_audio/dge_linked/sumadhva_vijaya/smv4.32.mp3,sumadhva_vijaya,sarga_4,32,full,sumadhva_vijaya:sarga_4:32,"अनन्त-मात्रान्तमुदाहरन्ति यं त्रिमात्र-पूर्वं प्रणवोच्चयं बुधाः
तदाऽभवद् भावि-चतुर्मुखाकृति- र्जपाधिकारी यतिरस्य सूचितः",वंशस्थ,48,17.293,plausible,1.0,1.00 exact,auto_accepted,,dge_linked,B,[],none (spot-check optional)
kamadhenu_dataset/incoming_audio/dge_linked/sumadhva_vijaya/smv4.33.mp3,sumadhva_vijaya,sarga_4,33,full,sumadhva_vijaya:sarga_4:33,"गुणानु-रूपोन्नति पूर्ण-बोध इ- त्यमुष्य नाम द्विज-वृन्द-वन्दितः
उदाहरद् भूरि-यशा हि केवलं न मन्त्र-वर्णः स च मन्त्र-वर्णकः",वंशस्थ,48,14.054,plausible,1.0,1.00 exact,auto_accepted,,dge_linked,B,[],none (spot-check optional)
kamadhenu_dataset/incoming_audio/dge_linked/sumadhva_vijaya/smv4.34.mp3,sumadhva_vijaya,sarga_4,34,full,sumadhva_vijaya:sarga_4:34,"निरङ्ग-रागं मुख-राग-वर्जितं वि-भूषणं विष्टप-भूषणायितम्
अमुं धृताषाढमवेक्ष्य मेनिरे स्वभाव-शोभाऽनुपमेति जन्तवः",वंशस्थ,48,13.114,plausible,1.0,1.00 exact,auto_accepted,,dge_linked,B,[],none (spot-check optional)
kamadhenu_dataset/incoming_audio/dge_linked/sumadhva_vijaya/smv4.35.mp3,sumadhva_vijaya,sarga_4,35,full,sumadhva_vijaya:sarga_4:35,"भुजङ्ग-भूतेश-विहङ्ग-पादिकैः प्रवन्दितः सावसर-प्रतीक्षणैः
ननाम सोऽयं गुरु-पूर्वकान् यतीन् अहो महीयो महतां विडम्बनम्",वंशस्थ,48,13.845,plausible,1.0,1.00 exact,auto_accepted,,dge_linked,B,[],none (spot-check optional)
kamadhenu_dataset/incoming_audio/dge_linked/sumadhva_vijaya/smv4.36.mp3,sumadhva_vijaya,sarga_4,36,full,sumadhva_vijaya:sarga_4:36,"वराश्रम-आचार-विशेष-शिक्षणं विधित्सुरस्याऽचरितं निशामयन्
विशेष-शिक्षां स्वयमाप्य धीरधी- र्य्यतीश्वरो विस्मयमायताऽन्तरम्",अज्ञातम्,49,12.8,plausible,1.0,1.00 exact,auto_accepted,,dge_linked,B,[],none (spot-check optional)
kamadhenu_dataset/incoming_audio/dge_linked/sumadhva_vijaya/smv4.37.mp3,sumadhva_vijaya,sarga_4,37,full,sumadhva_vijaya:sarga_4:37,"स रूप्य-पीठालय-वासिने यदा ननाम नाथाय महा-मतिम्र्मुदा
तदाऽमुनाऽग्राहि नर-प्रवेशिना भुजे भुजेनाऽशु भुजङ्ग-शायिना",वंशस्थ,48,13.009,plausible,1.0,1.00 exact,auto_accepted,,dge_linked,B,[],none (spot-check optional)
kamadhenu_dataset/incoming_audio/dge_linked/sumadhva_vijaya/smv4.38.mp3,sumadhva_vijaya,sarga_4,38,full,sumadhva_vijaya:sarga_4:38,"चिरात् सु-तत्वं प्रबुभुत्सुना त्वया निषेवणं मे यदकारि तत्-फलम्
इमं ददामीत्यभिधाय सोऽमुना तदा प्रणीय प्र-ददेऽच्युतात्मने",वंशस्थ,48,12.852,plausible,1.0,1.00 exact,auto_accepted,,dge_linked,B,[],none (spot-check optional)
kamadhenu_dataset/incoming_audio/dge_linked/sumadhva_vijaya/smv4.39.mp3,sumadhva_vijaya,sarga_4,39,full,sumadhva_vijaya:sarga_4:39,"अनुग्रहं तं प्रति-गृह्य साग्रहं मुदाऽऽत्मनाऽऽप्तां कृत-कृत्यतां स्मरन्
अभूदसङ्गोऽपि स तत्-सु-सङ्गवा- नसङ्ग-भूषा ननु साधु-सङ्गिता",वंशस्थ,48,13.531,plausible,1.0,1.00 exact,auto_accepted,,dge_linked,B,[],none (spot-check optional)
kamadhenu_dataset/incoming_audio/dge_linked/sumadhva_vijaya/smv4.4.mp3,sumadhva_vijaya,sarga_4,4,full,sumadhva_vijaya:sarga_4:4,"विचिन्तयन्नित्थमनन्त-चिन्तकः समस्त-सन्यास-निबद्ध-निश्चयः
असावनुज्ञार्थमथानमद्धरिं समस्त-संव्यापिनमात्म-दाय-गम्",वंशस्थ,48,15.987,plausible,1.0,1.00 exact,auto_accepted,,dge_linked,B,[],none (spot-check optional)
kamadhenu_dataset/incoming_audio/dge_linked/sumadhva_vijaya/smv4.40.mp3,sumadhva_vijaya,sarga_4,40,full,sumadhva_vijaya:sarga_4:40,"यियासति स्वस्तटिनीं मुहुर्मुहु- र्नमत्यनुज्ञात्र्थिनि भूरि-चेतसि
तमस्मरत् स्वामिनमेव दून-धी- गुरुर्भविष्यद्-विरहाग्नि-शङ्कया",वंशस्थ,48,13.061,plausible,1.0,1.00 exact,auto_accepted,,dge_linked,B,[],none (spot-check optional)
kamadhenu_dataset/incoming_audio/dge_linked/sumadhva_vijaya/smv4.41.mp3,sumadhva_vijaya,sarga_4,41,full,sumadhva_vijaya:sarga_4:41,"इतस्तृतीये दिवसे द्यु-निम्नगा त्वदर्थमास्माक-तटाकमाव्रजेत्
अतो न याया इति तं तदाऽवदत् प्रविश्य कश्चित् करुणा-करो हरिः",वंशस्थ,48,14.106,plausible,1.0,1.00 exact,auto_accepted,,dge_linked,B,[],none (spot-check optional)
kamadhenu_dataset/incoming_audio/dge_linked/sumadhva_vijaya/smv4.42.mp3,sumadhva_vijaya,sarga_4,42,full,sumadhva_vijaya:sarga_4:42,"तदाज्ञयोपागत-जाह्नवी-जले जनोऽत्र सस्त्रौ सह पूर्ण-बुद्धिना
ततः परं द्वादश-वत्सरान्तरे सदाऽऽब्रजेत् सा तदनुग्रहाङ्किनी",वंशस्थ,48,13.166,plausible,1.0,1.00 exact,auto_accepted,,dge_linked,B,[],none (spot-check optional)
kamadhenu_dataset/incoming_audio/dge_linked/sumadhva_vijaya/smv4.43.mp3,sumadhva_vijaya,sarga_4,43,full,sumadhva_vijaya:sarga_4:43,"गते दिनानां दशके समासके वराश्रमं प्राप्य स-पत्र-लम्बनम्
जिगाय जैत्रान् बहु-तर्क-कर्कशान् स वासुदेवाह्वय-पण्डितादिकान्",वंशस्थ,48,14.211,plausible,1.0,1.00 exact,auto_accepted,,dge_linked,B,[],none (spot-check optional)
kamadhenu_dataset/incoming_audio/dge_linked/sumadhva_vijaya/smv4.44.mp3,sumadhva_vijaya,sarga_4,44,full,sumadhva_vijaya:sarga_4:44,"गुरोः स्व-शिष्यं चतुरं चिकीर्षतः प्रचोदनाच्छ्रोतुमिहोप-चक्रमे
अथेष्ट-सिद्धिश्छल-जाति-वारिधि- र्निरादरेणापि महात्मनाऽमुना",वंशस्थ,48,14.106,plausible,1.0,1.00 exact,auto_accepted,,dge_linked,B,[],none (spot-check optional)
kamadhenu_dataset/incoming_audio/dge_linked/sumadhva_vijaya/smv4.45.mp3,sumadhva_vijaya,sarga_4,45,full,sumadhva_vijaya:sarga_4:45,"तदाद्य-पद्य-स्थमवद्य-मण्डलं यदाऽवदत् षोडशक-द्वयात्मकम्
उपर्य्यपास्तं तदिति ब्रुवत्यसौ गुरौ तमूचे प्रणिगद्यतामिति",वंशस्थ,48,14.315,plausible,1.0,1.00 exact,auto_accepted,,dge_linked,B,[],none (spot-check optional)
kamadhenu_dataset/incoming_audio/dge_linked/sumadhva_vijaya/smv4.46.mp3,sumadhva_vijaya,sarga_4,46,full,sumadhva_vijaya:sarga_4:46,"भवत्-प्रवक्तृत्वसमर्थता न मे स-कोपमित्थं वदति व्रतीश्वरे
अपीह माया-समये पटौ नृणां बभूव तद्-दूषण-संशयाङ्करः",वंशस्थ,48,14.629,plausible,1.0,1.00 exact,auto_accepted,,dge_linked,B,[],none (spot-check optional)
kamadhenu_dataset/incoming_audio/dge_linked/sumadhva_vijaya/smv4.47.mp3,sumadhva_vijaya,sarga_4,47,full,sumadhva_vijaya:sarga_4:47,"बुधोऽभिधानं श्रवणं बुधेतरो ध्रुवं विदद्ध्याद् विमुमुक्षुरात्मनः
यतिर्विशेषादिति लोक-चोदनात् प्रवक्ति माया-समयं स्म पूर्ण-धीः",वंशस्थ,48,15.36,plausible,1.0,1.00 exact,auto_accepted,,dge_linked,B,[],none (spot-check optional)
kamadhenu_dataset/incoming_audio/dge_linked/sumadhva_vijaya/smv4.48.mp3,sumadhva_vijaya,sarga_4,48,full,sumadhva_vijaya:sarga_4:48,"अखण्डितोप-न्यसनं वि-संशयं स-सम्प्रदायं प्रवचो दृढोत्तरम्
समागमन् श्रोतुममुष्य साग्रहा जनाः श्रुताढ्याश्चतुरा बुभूषवः",वंशस्थ,48,13.793,plausible,1.0,1.00 exact,auto_accepted,,dge_linked,B,[],none (spot-check optional)
kamadhenu_dataset/incoming_audio/dge_linked/sumadhva_vijaya/smv4.49.mp3,sumadhva_vijaya,sarga_4,49,full,sumadhva_vijaya:sarga_4:49,"गुरोरुपान्ते श्रवणे रतैर्द्विजैः स पञ्चषैर्भागवते कदाचन
बहु-प्रकारे लिखितेऽपि वाचिते प्रकारमेकं प्रभुरभ्यधाद् दृढम्",वंशस्थ,48,13.375,plausible,1.0,1.00 exact,auto_accepted,,dge_linked,B,"[""exact_duplicate""]",none (spot-check optional)
kamadhenu_dataset/incoming_audio/dge_linked/sumadhva_vijaya/smv4.5.mp3,sumadhva_vijaya,sarga_4,5,full,sumadhva_vijaya:sarga_4:5,"निजे जने किं नमसीति पृच्छति ब्रुवन् स्व-वस्तु-प्रणतिं व्यधामिति
गुरोः किलान्वेषणवान् जगद्-गुरु- स्तदा जगामाखिल-लोक-शिक्षकः",वंशस्थ,48,16.875,plausible,1.0,1.00 exact,auto_accepted,,dge_linked,B,[],none (spot-check optional)
kamadhenu_dataset/incoming_audio/dge_linked/sumadhva_vijaya/smv4.50.mp3,sumadhva_vijaya,sarga_4,50,full,sumadhva_vijaya:sarga_4:50,"पर-प्रकारेष्वपि सम्भवत्सु ते विनिर्णयोऽस्मिन् कथमित्युदीरिते
मुकुन्द-बोधेन महा-हृदब्रवीत् प्रकारमेनं भगवत्-कृतं स्फुटम्",वंशस्थ,48,13.375,plausible,1.0,1.00 exact,auto_accepted,,dge_linked,B,"[""exact_duplicate""]",none (spot-check optional)
kamadhenu_dataset/incoming_audio/dge_linked/sumadhva_vijaya/smv4.51.mp3,sumadhva_vijaya,sarga_4,51,full,sumadhva_vijaya:sarga_4:51,"नि-गद्यतां गद्यमिहैव पञ्चमे जगद्-गुरोर्वेत्थ कृतिस्थितिं यदि
इति ब्रुवाणे यति-सत्तमे स्वयं तदुक्त-मार्गेण जगाद भूरि-हृत्",वंशस्थ,48,13.949,plausible,1.0,1.00 exact,auto_accepted,,dge_linked,B,[],none (spot-check optional)
kamadhenu_dataset/incoming_audio/dge_linked/sumadhva_vijaya/smv4.52.mp3,sumadhva_vijaya,sarga_4,52,full,sumadhva_vijaya:sarga_4:52,"अशेष-शिष्यैश्च तदाज्ञया तदा परीक्षणायैक्षि समस्त-पुस्तकम्
स तत्र हन्तैक-तमे स्थितं त्यजन् न तावदद्ध्याय-निकायमभ्यधात्",वंशस्थ,48,14.263,plausible,1.0,1.00 exact,auto_accepted,,dge_linked,B,[],none (spot-check optional)
kamadhenu_dataset/incoming_audio/dge_linked/sumadhva_vijaya/smv4.53.mp3,sumadhva_vijaya,sarga_4,53,full,sumadhva_vijaya:sarga_4:53,"अत्र जन्मनि न यत् पठितं ते जैत्र भाति कथमित्यमुनोक्ते
पूर्व-जन्मसु हि वेद पुरेदं सर्वमित्यमित-बुद्धिरुवाच",स्वागता,44,12.434,plausible,1.0,1.00 exact,auto_accepted,,dge_linked,B,[],none (spot-check optional)
kamadhenu_dataset/incoming_audio/dge_linked/sumadhva_vijaya/smv4.54.mp3,sumadhva_vijaya,sarga_4,54,full,sumadhva_vijaya:sarga_4:54,"इति बहु-विध-विश्वाश्चर्य्य-चित्त-प्रवृत्ते- ज्रगति विततिमापन्नूतनाऽप्यस्य कीर्त्तिः
क्षपित-तत-तमस्का भास्करीव प्रभाऽलं सुजन-कुमुद-वृन्दानन्द-दा चन्द्रिकेव",मालिनी,60,15.674,plausible,1.0,1.00 exact,auto_accepted,,dge_linked,B,[],none (spot-check optional)
kamadhenu_dataset/incoming_audio/dge_linked/sumadhva_vijaya/smv4.6.mp3,sumadhva_vijaya,sarga_4,6,full,sumadhva_vijaya:sarga_4:6,"यतिर्य्यतात्मा भुवि कश्चनाभवद् विभूषणो भूरि-विरक्ति-भूषणः
न नाम-मात्राच्छुचिमर्थतोऽपि यं जनोऽच्युत-प्रेक्षमुदाहरत् स्फुटम्",वंशस्थ,48,14.315,plausible,1.0,1.00 exact,auto_accepted,,dge_linked,B,[],none (spot-check optional)
kamadhenu_dataset/incoming_audio/dge_linked/sumadhva_vijaya/smv4.7.mp3,sumadhva_vijaya,sarga_4,7,full,sumadhva_vijaya:sarga_4:7,"पुरैष कृष्णा-कर-सिद्ध-शुद्धिमद्- वरान्न-भुक्त्या किल पाण्डवालये
वि-शोधितात्मा मधु-कृत्-प्रवृत्तिमान् चचार कांश्चित् परि-वत्सरान् मुदा",वंशस्थ,48,13.584,plausible,1.0,1.00 exact,auto_accepted,,dge_linked,B,[],none (spot-check optional)
kamadhenu_dataset/incoming_audio/dge_linked/sumadhva_vijaya/smv4.8.mp3,sumadhva_vijaya,sarga_4,8,full,sumadhva_vijaya:sarga_4:8,"अभूत् कु-शास्त्राभ्यसनं न पातकं क्रमागताद् वि-प्रतिसारतो यतेः
यथा कु-शस्त्राद्धयसनं मुर-द्विषः पदाम्बुजे व्याध-वरस्य गर्हितम्",अज्ञातम्,49,14.89,plausible,1.0,1.00 exact,auto_accepted,,dge_linked,B,[],none (spot-check optional)
kamadhenu_dataset/incoming_audio/dge_linked/sumadhva_vijaya/smv4.9.mp3,sumadhva_vijaya,sarga_4,9,full,sumadhva_vijaya:sarga_4:9,"विनीतमाम्नाय-शिरो-विशारदं सदैव तत्वं प्रबुभुत्सुमादरात्
गुरुर्विदित्वोपनतां निजां मृतिं कदा-चिदूचे तमुपह्वरे गिरम्",वंशस्थ,48,13.897,plausible,1.0,1.00 exact,auto_accepted,,dge_linked,B,[],none (spot-check optional)
kamadhenu_dataset/incoming_audio/dge_linked/sumadhva_vijaya/smv5.1.mp3,sumadhva_vijaya,sarga_5,1,full,sumadhva_vijaya:sarga_5:1,"वेदान्त-विद्या-निज-राज्य-पालने सङ्कल्प्यमानो गुरुणा गरीयसि
अदभ्र-चेता अभिषिच्यते पुरा स वारिभिर्वारिज-पूरितैरथ",उपजाति,48,16.3,plausible,1.0,1.00 exact,auto_accepted,,dge_linked,B,[],none (spot-check optional)
kamadhenu_dataset/incoming_audio/dge_linked/sumadhva_vijaya/smv5.10.mp3,sumadhva_vijaya,sarga_5,10,full,sumadhva_vijaya:sarga_5:10,"जैत्रं प्र-जिज्ञासु कुतूहलाकुलं नृणां कुलं प्र-त्वरितं नि-शामयन्
अवन्दतोपेत्य गुरुं गरिष्ठ-धीः स रूप्य-पीठायतनोत्तम-स्थितम्",उपजाति,48,14.524,plausible,1.0,1.00 exact,auto_accepted,,dge_linked,B,[],none (spot-check optional)
kamadhenu_dataset/incoming_audio/dge_linked/sumadhva_vijaya/smv5.11.mp3,sumadhva_vijaya,sarga_5,11,full,sumadhva_vijaya:sarga_5:11,"स वादि-सिंहस्य गिरं गरीयसी- मखण्डयत् पण्डित-मण्डलान्तरे
तीक्ष्णेन वाक्येन मितेन वेगिना गदां शरेणेव विशारदो मुहुः",उपजाति,48,15.412,plausible,1.0,1.00 exact,auto_accepted,,dge_linked,B,[],none (spot-check optional)
kamadhenu_dataset/incoming_audio/dge_linked/sumadhva_vijaya/smv5.12.mp3,sumadhva_vijaya,sarga_5,12,full,sumadhva_vijaya:sarga_5:12,"असावसूयन् द्वि-नव-प्रकारतो व्यचीकृपत् कञ्चिदथार्थमुच्चकैः
जगद्-वि-जेतुश्च जये स-संशय- स्तावज्जनोऽजायत पूर्ण-चेतसः",उपजाति,48,15.569,plausible,1.0,1.00 exact,auto_accepted,,dge_linked,B,[],none (spot-check optional)
kamadhenu_dataset/incoming_audio/dge_linked/sumadhva_vijaya/smv5.13.mp3,sumadhva_vijaya,sarga_5,13,full,sumadhva_vijaya:sarga_5:13,"विकल्प-कोटीरथ खण्डयन् द्रुतं रेजेऽधिकं स्मेर-मुखो बृहन्मतिः
तमस्ततीर्वा द्यु-मणिर्विशुद्धया गवा श्रितो विष्णु-पदं सदास्पदम्",उपजाति,48,15.36,plausible,1.0,1.00 exact,auto_accepted,,dge_linked,B,[],none (spot-check optional)
kamadhenu_dataset/incoming_audio/dge_linked/sumadhva_vijaya/smv5.15.mp3,sumadhva_vijaya,sarga_5,15,full,sumadhva_vijaya:sarga_5:15,"श्व एव वादोऽस्त्विति वादिनौ खला- वद्योत्तरं भाति यदीर्य्यतामिति
मध्वे ब्रुवाणेऽमत तौ जितौ जनः स निश्चिकायापि निशा-पलायनात्",उपजाति,48,16.248,plausible,1.0,1.00 exact,auto_accepted,,dge_linked,B,[],none (spot-check optional)
kamadhenu_dataset/incoming_audio/dge_linked/sumadhva_vijaya/smv5.17.mp3,sumadhva_vijaya,sarga_5,17,full,sumadhva_vijaya:sarga_5:17,"व्याख्यान् कदा-चिन्मणिमद्-विनिर्मितं भाष्यं जनैस्तर्क-विशारदैर्वृतः
उवाच वाचं परिहास-हासवान् सम्मोद-तीर्थः सुर-मोद-दायिनीम्",उपजाति,48,15.464,plausible,1.0,1.00 exact,auto_accepted,,dge_linked,B,[],none (spot-check optional)
kamadhenu_dataset/incoming_audio/dge_linked/sumadhva_vijaya/smv5.18.mp3,sumadhva_vijaya,sarga_5,18,full,sumadhva_vijaya:sarga_5:18,"सत्-सूत्र-भावे प्रविचारिते पृथग् भाष्याभि-सन्धौ च वि-शुद्ध-बुद्धिभिः
निगृह्य गूढाग्रहमुग्रमेतयो- मान्योऽन्वयोऽन्योन्यमहो न दृश्यते",उपजाति,48,15.36,plausible,1.0,1.00 exact,auto_accepted,,dge_linked,B,[],none (spot-check optional)
kamadhenu_dataset/incoming_audio/dge_linked/sumadhva_vijaya/smv5.19.mp3,sumadhva_vijaya,sarga_5,19,full,sumadhva_vijaya:sarga_5:19,"इति ब्रुवाणे प्रतिपादयत्यलं भाष्येऽत्र दोषान् प्रबलान् मुहुर्मुहुः
तस्मिंस्तु विस्मेर-धियोऽपि यत्नतो न स्थेयसः पर्य्यहरन्निमानमी",उपजाति,48,14.106,plausible,1.0,1.00 exact,auto_accepted,,dge_linked,B,[],none (spot-check optional)
kamadhenu_dataset/incoming_audio/dge_linked/sumadhva_vijaya/smv5.2.mp3,sumadhva_vijaya,sarga_5,2,full,sumadhva_vijaya:sarga_5:2,"आनन्द-रूपस्य परस्य पात्रधी- रानन्द-सन्दायि-सु-शास्त्र-कृत् स यत्
आनन्द-तीर्थेति पदं गुरूदितं बभूव तस्यात्यनुरूप-रूपकम्",उपजाति,48,15.047,plausible,1.0,1.00 exact,auto_accepted,,dge_linked,B,[],none (spot-check optional)
kamadhenu_dataset/incoming_audio/dge_linked/sumadhva_vijaya/smv5.20.mp3,sumadhva_vijaya,sarga_5,20,full,sumadhva_vijaya:sarga_5:20,"नन्वस्य सूत्रस्य परोऽर्थ उच्यतां यद् भाष्य-मात्रं भवता निरस्यते
भवादृशैर्य्यः कविभिर्न दूष्यते कथञ्चनेत्यूचुरिमे वचस्विनः",उपजाति,48,14.002,plausible,1.0,1.00 exact,auto_accepted,,dge_linked,B,[],none (spot-check optional)
kamadhenu_dataset/incoming_audio/dge_linked/sumadhva_vijaya/smv5.21.mp3,sumadhva_vijaya,sarga_5,21,full,sumadhva_vijaya:sarga_5:21,"सम्भवत्- अक्लिष्ट-शब्दान्वयमेष सूत्रार्थमुच्चैर्वचनं तदाऽऽददे
मानीकृताम्नाय-युत-स्मृति क्षणा- देष्यत्कथा-ताण्डव-सूत्र-धारकम्",अज्ञातम्,48,13.636,plausible,1.0,1.00 exact,auto_accepted,,dge_linked,B,[],none (spot-check optional)
kamadhenu_dataset/incoming_audio/dge_linked/sumadhva_vijaya/smv5.22.mp3,sumadhva_vijaya,sarga_5,22,full,sumadhva_vijaya:sarga_5:22,"बुभुत्सया मत्सर-वर्जितान् जनान् स-मत्सरान् वा वि-जिगीषयाऽऽगतान्
श्रुत-प्रवीणानति-तार्किकान् मुहु- र्भङ्गत्याऽनया भङ्गमुपानिनाय सः",अज्ञातम्,49,12.852,plausible,1.0,1.00 exact,auto_accepted,,dge_linked,B,[],none (spot-check optional)
kamadhenu_dataset/incoming_audio/dge_linked/sumadhva_vijaya/smv5.23.mp3,sumadhva_vijaya,sarga_5,23,full,sumadhva_vijaya:sarga_5:23,"कदा-चिदेनं प्रति-गम्य सौम्य-धीः स मद्ध्य-गेहार्य्य-वरः प्रसेदिवान्
हेतोः कुतश्चिद् विमनी-कृतोऽप्यहो गुणाब्धि-लुब्धः सु-जनः प्रसीदति",उपजाति,48,12.905,plausible,1.0,1.00 exact,auto_accepted,,dge_linked,B,[],none (spot-check optional)
kamadhenu_dataset/incoming_audio/dge_linked/sumadhva_vijaya/smv5.24.mp3,sumadhva_vijaya,sarga_5,24,full,sumadhva_vijaya:sarga_5:24,"तेजोऽमृतं नन्दन-गात्र-पात्र-गं नेत्राञ्जलिभ्यामपिबत् सदाऽव्ययम्
विद्या-सुधां चास्य वचो-महा-घटे पूर्णामसौ कर्ण-पुटेन पण्डितः",इन्द्रवंशा,48,14.158,plausible,1.0,1.00 exact,auto_accepted,,dge_linked,B,[],none (spot-check optional)
kamadhenu_dataset/incoming_audio/dge_linked/sumadhva_vijaya/smv5.25.mp3,sumadhva_vijaya,sarga_5,25,full,sumadhva_vijaya:sarga_5:25,"लीला-विवादे गुरुणा जगद्-गुरोः प्रसङ्गतस्तत्र च तादृशे सति
सूत्रार्थ-विच्चेत् कुरु भाष्यमञ्जसे- त्याक्षेप-पूर्वं गुरुरभ्यधादिमम्",उपजाति,48,14.524,plausible,1.0,1.00 exact,auto_accepted,,dge_linked,B,[],none (spot-check optional)
kamadhenu_dataset/incoming_audio/dge_linked/sumadhva_vijaya/smv5.26.mp3,sumadhva_vijaya,sarga_5,26,full,sumadhva_vijaya:sarga_5:26,"विधान-मात्रं तदुपाददे तदा पयो यथाऽच्छं परमः स हंस-राट्
तल्लीनमाक्षेपमुपैक्षताफलं वारीव सन्तो हि गुणांश-तोषिणः",उपजाति,48,14.42,plausible,1.0,1.00 exact,auto_accepted,,dge_linked,B,[],none (spot-check optional)
kamadhenu_dataset/incoming_audio/dge_linked/sumadhva_vijaya/smv5.27.mp3,sumadhva_vijaya,sarga_5,27,full,sumadhva_vijaya:sarga_5:27,"वैराग्य-वैयात्य-सु-वाक्त्व-पूर्वकै- युतो गुणैः पारम-हंस्य-भूषणैः
ज्येष्ठो यतिर्यो लिकुचान्वयोद्भव- स्तं भूरि-भक्तिः स कदाचिदब्रवीत्",उपजाति,48,15.569,plausible,1.0,1.00 exact,auto_accepted,,dge_linked,B,[],none (spot-check optional)
kamadhenu_dataset/incoming_audio/dge_linked/sumadhva_vijaya/smv5.28.mp3,sumadhva_vijaya,sarga_5,28,full,sumadhva_vijaya:sarga_5:28,"विरोधि वेदान्त-कृतान्त-सम्पदां भाष्यादिकं चेदिदमस्तु का क्षतिः
अस्मभ्यमाचक्ष्व विचक्षणोचितं भावं तु सूत्रोपनिषद्-विवक्षितम्",उपजाति,48,14.263,plausible,1.0,1.00 exact,auto_accepted,,dge_linked,B,[],none (spot-check optional)
kamadhenu_dataset/incoming_audio/dge_linked/sumadhva_vijaya/smv5.29.mp3,sumadhva_vijaya,sarga_5,29,full,sumadhva_vijaya:sarga_5:29,"इत्यस्य वाचा शरदेव भासिता यदाऽखिलाशाः शुभ-पूर्णया बभौ
प्रमोद-तीर्थानन-चन्द्र-चन्द्रिका व्याख्याभिधा विष्णु-पद-प्रकाशिनी",उपजाति,48,13.897,plausible,1.0,1.00 exact,auto_accepted,,dge_linked,B,[],none (spot-check optional)
kamadhenu_dataset/incoming_audio/dge_linked/sumadhva_vijaya/smv5.3.mp3,sumadhva_vijaya,sarga_5,3,full,sumadhva_vijaya:sarga_5:3,"कदा-चिदत्रोप-ययौ यतिः सखा गोविन्द-बुद्धेर्बहु-शिष्य-संवृतः
अमुष्य शिष्या अनुमान-शिक्षिता- स्तदाऽजिगीषन् गुरु-बुद्धिमुद्धताः",उपजाति,48,15.256,plausible,1.0,1.00 exact,auto_accepted,,dge_linked,B,[],none (spot-check optional)
kamadhenu_dataset/incoming_audio/dge_linked/sumadhva_vijaya/smv5.30.mp3,sumadhva_vijaya,sarga_5,30,full,sumadhva_vijaya:sarga_5:30,"जेष्यन् कदाचित् किल काल-पालितां दिशं प्रयातोऽच्युत-बुद्धिना सह
समग्र-धीर्मण्डित-विष्णु-मङ्गलं विष्णुं जगन्मङ्गलमाननाम सः",उपजाति,48,15.047,plausible,1.0,1.00 exact,auto_accepted,,dge_linked,B,[],none (spot-check optional)
kamadhenu_dataset/incoming_audio/dge_linked/sumadhva_vijaya/smv5.31.mp3,sumadhva_vijaya,sarga_5,31,full,sumadhva_vijaya:sarga_5:31,"भिक्षा-प्रदात्राऽत्र परीक्षितुं मुहु- ईत्ते प्र-भुक्ते कदळी-फलोच्चये
अनेन निर्यात्नमवार्य्य-विस्मय- स्तमार्य्य-वर्यं विजनेऽवदद् गुरुः",उपजाति,48,14.315,plausible,1.0,1.00 exact,auto_accepted,,dge_linked,B,[],none (spot-check optional)
kamadhenu_dataset/incoming_audio/dge_linked/sumadhva_vijaya/smv5.32.mp3,sumadhva_vijaya,sarga_5,32,full,sumadhva_vijaya:sarga_5:32,"भिक्षावसाने द्वि-शताधिकैः फलै- प्रभुक्तैः परि-पूरितेऽपि ते
तनूदरे नास्ति गरिष्ठता कथं सुचित्त सत्यं वदताद् भवानिति",अज्ञातम्,46,15.569,plausible,1.0,1.00 exact,auto_accepted,,dge_linked,B,[],none (spot-check optional)
kamadhenu_dataset/incoming_audio/dge_linked/sumadhva_vijaya/smv5.33.mp3,sumadhva_vijaya,sarga_5,33,full,sumadhva_vijaya:sarga_5:33,"अङ्गुष्ठ-मात्रं जठर-प्रतिष्ठितं जाज्वल्यमानं मम जात-वेदसम्
नित्यं हितं विश्व-दहं च वित्त तं विश्वेश-चेता इति सोऽब्रवीत् तदा",इन्द्रवंशा,48,15.36,plausible,1.0,1.00 exact,auto_accepted,,dge_linked,B,[],none (spot-check optional)
kamadhenu_dataset/incoming_audio/dge_linked/sumadhva_vijaya/smv5.34.mp3,sumadhva_vijaya,sarga_5,34,full,sumadhva_vijaya:sarga_5:34,"पर्याकुलानेक-सरस्वती-ततीन् न्यायोपपन्नान् विविधार्थ-संयुतान्
अतीत्य देशान् समयांश्च चारु-धी- रसौ जगामाभि-मतेन वर्मना",उपजाति,48,15.674,plausible,1.0,1.00 exact,auto_accepted,,dge_linked,B,[],none (spot-check optional)
kamadhenu_dataset/incoming_audio/dge_linked/sumadhva_vijaya/smv5.35.mp3,sumadhva_vijaya,sarga_5,35,full,sumadhva_vijaya:sarga_5:35,"स्व-हेळया पातित-पार्थिव-व्रजां धी-शुद्धि-दां केरळ-भूषणायिताम्
पयस्विनीं प्रेक्ष्य पथि द्विजार्चितां स भाविनीमस्मरदत्र चण्डिकाम्",उपजाति,48,15.464,plausible,1.0,1.00 exact,auto_accepted,,dge_linked,B,[],none (spot-check optional)
kamadhenu_dataset/incoming_audio/dge_linked/sumadhva_vijaya/smv5.36.mp3,sumadhva_vijaya,sarga_5,36,full,sumadhva_vijaya:sarga_5:36,"ततः क्रमेण प्रचलन्नुपेयिवान् अवन्दतेन्दीवर-सुन्दर-च्छविम्
अम्भोज-नाभं स भुजङ्ग-शायिनं श्री-वल्लभं श्रीमदनन्त-सत्पुरे",उपजाति,48,15.099,plausible,1.0,1.00 exact,auto_accepted,,dge_linked,B,[],none (spot-check optional)
kamadhenu_dataset/incoming_audio/dge_linked/sumadhva_vijaya/smv5.37.mp3,sumadhva_vijaya,sarga_5,37,full,sumadhva_vijaya:sarga_5:37,"वेदान्त-सूत्राणि कृतान्त-वित्तमो व्याख्यादसौ शिष्य-गणाय संसदि
वि-लक्षणं जीव-गणाद् गुणार्णवं ब्रह्माच्युताख्यं प्रति-पादयन् मुहुः",उपजाति,48,14.733,plausible,1.0,1.00 exact,auto_accepted,,dge_linked,B,[],none (spot-check optional)
kamadhenu_dataset/incoming_audio/dge_linked/sumadhva_vijaya/smv5.38.mp3,sumadhva_vijaya,sarga_5,38,full,sumadhva_vijaya:sarga_5:38,"अप्रांशु-नूत्नोप-पदाधि-वास-जः स सङ्करो वैर-परायणः पुनः
असूययोचेऽत्र महानति-क्रमः सूत्रार्थ-वादोऽकृत-भाष्यकेष्विति",उपजाति,48,14.576,plausible,1.0,1.00 exact,auto_accepted,,dge_linked,B,[],none (spot-check optional)
kamadhenu_dataset/incoming_audio/dge_linked/sumadhva_vijaya/smv5.39.mp3,sumadhva_vijaya,sarga_5,39,full,sumadhva_vijaya:sarga_5:39,"वदोत्तरं भाति यदीह कुर्महे भाष्यं कृतिर्नास्य हि दण्ड-वारिता
जगद्-गुरूणामिति तां गुरोर्गिरं जनः समस्तोऽभिननन्द स-स्मिताम्",उपजाति,48,15.778,plausible,1.0,1.00 exact,auto_accepted,,dge_linked,B,[],none (spot-check optional)
kamadhenu_dataset/incoming_audio/dge_linked/sumadhva_vijaya/smv5.4.mp3,sumadhva_vijaya,sarga_5,4,full,sumadhva_vijaya:sarga_5:4,"भिदा सु-साद्धयेत्यनुमानमत्र तैः प्रायुज्यताऽशु प्रति-पक्ष-भीषणम्
अखण्डयद् व्यक्तमखण्ड-धीरिदं स पक्ष-दक्षः फणिनं वि-राडिव",अज्ञातम्,49,13.949,plausible,1.0,1.00 exact,auto_accepted,,dge_linked,B,[],none (spot-check optional)
kamadhenu_dataset/incoming_audio/dge_linked/sumadhva_vijaya/smv5.40.mp3,sumadhva_vijaya,sarga_5,40,full,sumadhva_vijaya:sarga_5:40,"प्राज्ञैर्महा-पूरुष-सर्व-लक्षणैः सम्पन्न-देहोऽयमितीरिते प्रभौ
परे परस्याप्यति-पीनता-दृशः स्फिङ्-मात्र-संशंसनमेव चक्रिरे",उपजाति,48,14.942,plausible,1.0,1.00 exact,auto_accepted,,dge_linked,B,[],none (spot-check optional)
kamadhenu_dataset/incoming_audio/dge_linked/sumadhva_vijaya/smv5.41.mp3,sumadhva_vijaya,sarga_5,41,full,sumadhva_vijaya:sarga_5:41,"स्फिग्-दूषणानि प्रतिपादयत्यलं सम्पूर्ण-सङ्खन्येऽस्य तु लक्ष्म-शास्त्रतः
तद्-दण्ड-सङ्खण्डन-संश्रवं व्यधात् तदक्षमोऽसौ प्रकृतिर्हि साऽसताम्",अज्ञातम्,49,13.375,plausible,1.0,1.00 exact,auto_accepted,,dge_linked,B,[],none (spot-check optional)
kamadhenu_dataset/incoming_audio/dge_linked/sumadhva_vijaya/smv5.42.mp3,sumadhva_vijaya,sarga_5,42,full,sumadhva_vijaya:sarga_5:42,"स्रात्वाऽत्र तीर्थेष्वचिरेण कन्यका- तीर्थे सु-तीर्थे सुख-तीर्थ आप्लुतः
समुद्र-सेतौ च निमज्ज्य विष्णवे श्री-राम-नाथाय नमश्चकार सः",उपजाति,48,12.852,plausible,1.0,1.00 exact,auto_accepted,,dge_linked,B,[],none (spot-check optional)
kamadhenu_dataset/incoming_audio/dge_linked/sumadhva_vijaya/smv5.43.mp3,sumadhva_vijaya,sarga_5,43,full,sumadhva_vijaya:sarga_5:43,"तमाव्रजन्तं यति-वेष-धारिणं दण्डं प्रकाश्यैष हसन्नभाषत
खण्ड्येत दण्डो यदि चण्ड न त्वया त्वं पण्डकोऽपण्डित वन्द्वय-वागिति",अज्ञातम्,49,12.591,plausible,1.0,1.00 exact,auto_accepted,,dge_linked,B,[],none (spot-check optional)
kamadhenu_dataset/incoming_audio/dge_linked/sumadhva_vijaya/smv5.44.mp3,sumadhva_vijaya,sarga_5,44,full,sumadhva_vijaya:sarga_5:44,"लज्जानतः स्वार्थमथार्थयन्नस- नुपेक्ष्यतासौ द्विज-नायकैस्तदा
आनन्दयन्तं वदनेन्दुना जगत् तं द्वेष्टि कः प्राज्ञमिहेति वादिभिः",उपजाति,48,14.315,plausible,1.0,1.00 exact,auto_accepted,,dge_linked,B,[],none (spot-check optional)
kamadhenu_dataset/incoming_audio/dge_linked/sumadhva_vijaya/smv5.45.mp3,sumadhva_vijaya,sarga_5,45,full,sumadhva_vijaya:sarga_5:45,"या-याः प्रसक्ताः परिषत्सु पूरुषै- र्विद्या विदग्धैर्विविधैः समागमे
स तासु-तासु प्रतिभाति-भासुरो विद्यासु विद्याधि-पतिर्जिगाय तान्",उपजाति,48,13.949,plausible,1.0,1.00 exact,auto_accepted,,dge_linked,B,[],none (spot-check optional)
kamadhenu_dataset/incoming_audio/dge_linked/sumadhva_vijaya/smv5.46.mp3,sumadhva_vijaya,sarga_5,46,full,sumadhva_vijaya:sarga_5:46,"अचाल्यमानः स-गुरुः स चापलै- रसज्जनानामबलीयसामिह
उवास मासांश्चतुरो महा-मनाः सिंहो गुहान्तोप-गतः शुनामिव",उपजाति,48,14.054,plausible,1.0,1.00 exact,auto_accepted,,dge_linked,B,[],none (spot-check optional)
kamadhenu_dataset/incoming_audio/dge_linked/sumadhva_vijaya/smv5.47.mp3,sumadhva_vijaya,sarga_5,47,full,sumadhva_vijaya:sarga_5:47,"शृङ्गार-सिन्धुं स भुजङ्ग-शायिनं श्री-रङ्ग-वासं कृत-मङ्गलं सताम्
अमन्द-धीर्देवमवन्दताऽगतः कवेर-कन्या-हिम-वायुसेवितम्",उपजाति,48,15.047,plausible,1.0,1.00 exact,auto_accepted,,dge_linked,B,[],none (spot-check optional)
kamadhenu_dataset/incoming_audio/dge_linked/sumadhva_vijaya/smv5.48.mp3,sumadhva_vijaya,sarga_5,48,full,sumadhva_vijaya:sarga_5:48,"ततो निवृत्तः परमेव पूरुषं प्रणम्य नानायतनेषु सञ्चरन्
प्रकाशयन् स्वाति-शयानमानुषान् आशामुदीचीं प्र-ययावसौ क्रमात्",उपजाति,48,13.845,plausible,1.0,1.00 exact,auto_accepted,,dge_linked,B,[],none (spot-check optional)
kamadhenu_dataset/incoming_audio/dge_linked/sumadhva_vijaya/smv5.49.mp3,sumadhva_vijaya,sarga_5,49,full,sumadhva_vijaya:sarga_5:49,"ततस्ततो विस्मित-लोचनैर्नरै- निरीक्ष्यमाणोऽति-सु-लक्षणाकृतिः
ग्रामोत्तमान् प्राप्य पयस्विनी-तटे विवेश देवायतनं स किञ्चन",उपजाति,48,13.061,plausible,1.0,1.00 exact,auto_accepted,,dge_linked,B,[],none (spot-check optional)
kamadhenu_dataset/incoming_audio/dge_linked/sumadhva_vijaya/smv5.5.mp3,sumadhva_vijaya,sarga_5,5,full,sumadhva_vijaya:sarga_5:5,"अथापि मित्थ्या विमतं मतत्वतो विवाद-निर्मुक्त-वदित्यवादि तैः
अनेन सत्यं विमतं मत-त्वतो यथा घटादीत्यनुमा न्यगद्यत",वंशस्थ,48,15.256,plausible,1.0,1.00 exact,auto_accepted,,dge_linked,B,[],none (spot-check optional)
kamadhenu_dataset/incoming_audio/dge_linked/sumadhva_vijaya/smv5.50.mp3,sumadhva_vijaya,sarga_5,50,full,sumadhva_vijaya:sarga_5:50,"अधीत्य धर्मेण षडङ्गमागमं तदर्थ-सं-वर्णन-निर्णयान्विताः
प्रापुर्द्विजेन्द्रास्तमपूर्व-पूरुषं जिज्ञासवः सु-प्रथितं जगत्-त्रये",उपजाति,48,12.173,plausible,1.0,1.00 exact,auto_accepted,,dge_linked,B,[],none (spot-check optional)
kamadhenu_dataset/incoming_audio/dge_linked/sumadhva_vijaya/smv5.51.mp3,sumadhva_vijaya,sarga_5,51,full,sumadhva_vijaya:sarga_5:51,"सु-स्मितेन्दुमरविन्द-लोचनं स्वर्ण-वर्णमति-भद्र-भाषणम्
वीत-भूषमपि विश्व-भूषणं तं दिदृक्षुरलमापतज्जनः",रथोद्धता,44,11.912,plausible,1.0,1.00 exact,auto_accepted,,dge_linked,B,[],none (spot-check optional)
kamadhenu_dataset/incoming_audio/dge_linked/sumadhva_vijaya/smv5.52.mp3,sumadhva_vijaya,sarga_5,52,full,sumadhva_vijaya:sarga_5:52,"विद्योरु-द्युति-धीर-तारक-तिरस्कारे पतङ्गायितो दुर्वादीभ-कुतर्क-कुम्भ-दलने सिंह-प्रबर्धायितः
लोलालोकक-लोकदृक्-कुमुदिनी-संह्लादनेऽब्जायितः संसन्मण्डल-मण्डनायित उत स्वानन्द-तीर्थो बभौ",शार्दूलविक्रीडित,76,22.152,plausible,1.0,1.00 exact,auto_accepted,,dge_linked,B,[],none (spot-check optional)
kamadhenu_dataset/incoming_audio/dge_linked/sumadhva_vijaya/smv5.6.mp3,sumadhva_vijaya,sarga_5,6,full,sumadhva_vijaya:sarga_5:6,"हेतोरतिव्याप्तिरवादि तैर्य्यदा स-कौतुकैस्तूर्णमसावविस्मयः
न शुक्ति-रूप्यादि मतं यदन्यथा मतं तदित्यादि वदन् जिगाय तान्",उपजाति,48,15.464,plausible,1.0,1.00 exact,auto_accepted,,dge_linked,B,[],none (spot-check optional)
kamadhenu_dataset/incoming_audio/dge_linked/sumadhva_vijaya/smv5.7.mp3,sumadhva_vijaya,sarga_5,7,full,sumadhva_vijaya:sarga_5:7,"तत्वेऽप्यतत्वे विमतेऽनुमां वदन् तदप्रतिष्ठां प्रति-पादुकः स्वयम्
विजित्य विश्वान् विदुषां सभास्वसौ जगाम नाम्नाऽप्यनु-मान-तीर्थताम्",उपजाति,48,15.256,plausible,1.0,1.00 exact,auto_accepted,,dge_linked,B,[],none (spot-check optional)
kamadhenu_dataset/incoming_audio/dge_linked/sumadhva_vijaya/smv5.9.mp3,sumadhva_vijaya,sarga_5,9,full,sumadhva_vijaya:sarga_5:9,"तस्योरु-दुर्गर्व-वतो जिगीषया निशातमादत्त मुकुन्द-धीर्दुतम्
स्व-शिष्य-हस्तेन मठान्तरेषुधेः सु-पक्ष-दक्षं सुख-तीर्थ-मार्गणम्",उपजाति,48,14.994,plausible,1.0,1.00 exact,auto_accepted,,dge_linked,B,[],none (spot-check optional)
kamadhenu_dataset/incoming_audio/dge_linked/sumadhva_vijaya/smv6.1.mp3,sumadhva_vijaya,sarga_6,1,full,sumadhva_vijaya:sarga_6:1,"ऐतरेयमथ किश्चन सूक्तं सूचयन् सदसि तत्र गरिष्ठः
श्रोतुमिच्छति सभा भगवद्भयः सूक्त-भावमिति तावदुवाच",अज्ञातम्,45,14.681,plausible,1.0,1.00 exact,auto_accepted,,dge_linked,B,[],none (spot-check optional)
kamadhenu_dataset/incoming_audio/dge_linked/sumadhva_vijaya/smv6.10.mp3,sumadhva_vijaya,sarga_6,10,full,sumadhva_vijaya:sarga_6:10,"देवतास्वसुलभा प्रतिभा ते मानुषेषु चपलेषु कथा का
क्षाम्य सौम्य सकलज्ञ नमस्ते ते ब्रुवन्त इति तं किल नेमुः",स्वागता,44,13.949,plausible,1.0,1.00 exact,auto_accepted,,dge_linked,B,[],none (spot-check optional)
kamadhenu_dataset/incoming_audio/dge_linked/sumadhva_vijaya/smv6.11.mp3,sumadhva_vijaya,sarga_6,11,full,sumadhva_vijaya:sarga_6:11,"वेद-शास्त्र-चतुरैरिह विद्या- वित्त-लिप्सुभिरवाप्तमशेषैः
प्राप केरळ-सु-मण्डल-जातै- रन्यदायतनमायत-चेताः",स्वागता,44,13.897,plausible,1.0,1.00 exact,auto_accepted,,dge_linked,B,[],none (spot-check optional)
kamadhenu_dataset/incoming_audio/dge_linked/sumadhva_vijaya/smv6.12.mp3,sumadhva_vijaya,sarga_6,12,full,sumadhva_vijaya:sarga_6:12,"तर्क-तन्त्र-कुशलानपि पुंस- श्वर्करीति बत सोऽयममानान्
मानमानमयतीह कथं नो नैष मण्डल-भुवां समितानाम्",स्वागता,44,14.106,plausible,1.0,1.00 exact,auto_accepted,,dge_linked,B,[],none (spot-check optional)
kamadhenu_dataset/incoming_audio/dge_linked/sumadhva_vijaya/smv6.13.mp3,sumadhva_vijaya,sarga_6,13,full,sumadhva_vijaya:sarga_6:13,"मन्त्रयन्त इति ते द्विज-वर्या अन्य-देशज-मुखास्तमपृच्छन्
सद्-ददादद-सु-शंसन-निन्दा- कारि-सूक्त-गतमर्थमुपेत्य",स्वागता,44,13.479,plausible,1.0,1.00 exact,auto_accepted,,dge_linked,B,[],none (spot-check optional)
kamadhenu_dataset/incoming_audio/dge_linked/sumadhva_vijaya/smv6.14.mp3,sumadhva_vijaya,sarga_6,14,full,sumadhva_vijaya:sarga_6:14,"तं स्फुटं प्रकथयन् स पृणीया- च्छब्द-मूलमवदत् पृण-धातुम्
तं जिगीषुमथ विप्र-मदः प्री- धातुमेष निगदन्तमुवाच",स्वागता,44,11.128,plausible,1.0,1.00 exact,auto_accepted,,dge_linked,B,[],none (spot-check optional)
kamadhenu_dataset/incoming_audio/dge_linked/sumadhva_vijaya/smv6.15.mp3,sumadhva_vijaya,sarga_6,15,full,sumadhva_vijaya:sarga_6:15,"प्रादिभेदमविदन् गुणय त्वं मूढ पांसुषु लिखन् लिपि-सङ्घम्
भत्सयन्निति जहास सु-हासो मत्सराकुल-धियो जडयन् सः",स्वागता,44,11.285,plausible,1.0,1.00 exact,auto_accepted,,dge_linked,B,[],none (spot-check optional)
kamadhenu_dataset/incoming_audio/dge_linked/sumadhva_vijaya/smv6.16.mp3,sumadhva_vijaya,sarga_6,16,full,sumadhva_vijaya:sarga_6:16,"तत्प्रसङ्ग-बलतोऽखिल-विद्या- पाटवं पृथु-हृदः प्रतिबुद्धय
आनमन् स-बहु-मानममी तं यं नमन्ति किल नाकि-निकायाः",अज्ञातम्,45,11.755,plausible,1.0,1.00 exact,auto_accepted,,dge_linked,B,[],none (spot-check optional)
kamadhenu_dataset/incoming_audio/dge_linked/sumadhva_vijaya/smv6.17.mp3,sumadhva_vijaya,sarga_6,17,full,sumadhva_vijaya:sarga_6:17,"कन्यकादृत-सुरेन्द्र-वपुः-श्री- दान-वाचि-वर-सूक्त-हृदुक्तौ
कुत्रचित् सदसि तावदपाला कीर्त्तिताऽति-तरुणीत्ययमूचे",स्वागता,44,11.233,plausible,1.0,1.00 exact,auto_accepted,,dge_linked,B,[],none (spot-check optional)
kamadhenu_dataset/incoming_audio/dge_linked/sumadhva_vijaya/smv6.18.mp3,sumadhva_vijaya,sarga_6,18,full,sumadhva_vijaya:sarga_6:18,"श्वित्रिणी भवति तत्-पद-वाच्ये- त्याग्रहेण वदतोऽविदुषोऽत्र
कश्चिदेष्यति विपश्चिदिहैनं पृच्छतेत्ययमगच्छदथोक्त्वा",स्वागता,44,11.598,plausible,1.0,1.00 exact,auto_accepted,,dge_linked,B,[],none (spot-check optional)
kamadhenu_dataset/incoming_audio/dge_linked/sumadhva_vijaya/smv6.19.mp3,sumadhva_vijaya,sarga_6,19,full,sumadhva_vijaya:sarga_6:19,"देशमेनमचिरादुपयात- स्तादृशाकृतिरहो कृत-बुद्धिः
तांस्तथाऽभ्यधित तत्पद-भावं सूरि-मौलि-मणिनाऽत्र यथोचे",स्वागता,44,10.919,plausible,1.0,1.00 exact,auto_accepted,,dge_linked,B,[],none (spot-check optional)
kamadhenu_dataset/incoming_audio/dge_linked/sumadhva_vijaya/smv6.2.mp3,sumadhva_vijaya,sarga_6,2,full,sumadhva_vijaya:sarga_6:2,"वर्ण-सौष्ठव-गरिष्ठमतूर्णं तुल्य-मात्रमतिमात्र-सु-लक्ष्म
व्यूढ-हृज्जलद-घोषममुष्यो- च्चारणं वि-दधदभ्यधितार्थम्",स्वागता,44,14.994,plausible,1.0,1.00 exact,auto_accepted,,dge_linked,B,[],none (spot-check optional)
kamadhenu_dataset/incoming_audio/dge_linked/sumadhva_vijaya/smv6.20.mp3,sumadhva_vijaya,sarga_6,20,full,sumadhva_vijaya:sarga_6:20,"केवलं न सकलाः श्रुति-विद्या मान-पूर्वक-समस्त-गिरोऽस्य
अप्यनागत-गत-प्रतिपत्तिं श्रद्दधुः पृथुल-चेतस एते",स्वागता,44,13.636,plausible,1.0,1.00 exact,auto_accepted,,dge_linked,B,[],none (spot-check optional)
kamadhenu_dataset/incoming_audio/dge_linked/sumadhva_vijaya/smv6.21.mp3,sumadhva_vijaya,sarga_6,21,full,sumadhva_vijaya:sarga_6:21,"यद्यदेव सपदि प्रकृतं स्यात् तत्तदेष यदवेदखिलं च
सर्वदा सदसि सर्व-बुधानां सर्वविद्-यतिरिति प्रथितोऽभूत्",स्वागता,44,14.211,plausible,1.0,1.00 exact,auto_accepted,,dge_linked,B,[],none (spot-check optional)
kamadhenu_dataset/incoming_audio/dge_linked/sumadhva_vijaya/smv6.22.mp3,sumadhva_vijaya,sarga_6,22,full,sumadhva_vijaya:sarga_6:22,"अप्रयातमपि देशमशेषं व्यानशे सु-जन-कैरव-बन्धुः
पूर्ण-दृक् प्रततया निज-कीर्त्या पूर्ण-चन्द्र इव चन्द्रिकयाऽलम्",स्वागता,44,13.375,plausible,1.0,1.00 exact,auto_accepted,,dge_linked,B,[],none (spot-check optional)
kamadhenu_dataset/incoming_audio/dge_linked/sumadhva_vijaya/smv6.23.mp3,sumadhva_vijaya,sarga_6,23,full,sumadhva_vijaya:sarga_6:23,"सुन्दरेषु सुर-मन्दिर-वृन्दे- ष्विन्दिरा-रमण-वन्दन-कृत्यम्
आचरन्नसुचिरात् सु-विचारो रूप्य-पीठ-पतिमाप मुकुन्दम्",स्वागता,44,11.389,plausible,1.0,1.00 exact,auto_accepted,,dge_linked,B,[],none (spot-check optional)
kamadhenu_dataset/incoming_audio/dge_linked/sumadhva_vijaya/smv6.24.mp3,sumadhva_vijaya,sarga_6,24,full,sumadhva_vijaya:sarga_6:24,"भू-सुर-प्रवर-बुद्धि-समृद्धि- व्यक्त-युक्त-वपुषं रुचिराङ्गीम्
सूत्र-दीप्त-मणि-मालिकयाऽलं भूषितां भुवन-भूषण-भूताम्",स्वागता,44,10.397,plausible,1.0,1.00 exact,auto_accepted,,dge_linked,B,[],none (spot-check optional)
kamadhenu_dataset/incoming_audio/dge_linked/sumadhva_vijaya/smv6.25.mp3,sumadhva_vijaya,sarga_6,25,full,sumadhva_vijaya:sarga_6:25,"पाद-सुन्दर-पद-क्रम-भावै- र्भासितां प्रकट-वर्ण-गुणाढ्याम्
भारतोत्तम-भृतामनुरूपा- च्छादनां समधिक-स्वर-शोभाम्",स्वागता,44,12.173,plausible,1.0,1.00 exact,auto_accepted,,dge_linked,B,[],none (spot-check optional)
kamadhenu_dataset/incoming_audio/dge_linked/sumadhva_vijaya/smv6.26.mp3,sumadhva_vijaya,sarga_6,26,full,sumadhva_vijaya:sarga_6:26,"राजसूय-मुख-सन्मख-वृत्तां वासुदेव-गुण-निष्ठित-भावाम्
सर्व-धर्म-परि-शिक्षण-दक्षां वन्दितां जनतया जननीवत्",स्वागता,44,12.434,plausible,1.0,1.00 exact,auto_accepted,,dge_linked,B,[],none (spot-check optional)
kamadhenu_dataset/incoming_audio/dge_linked/sumadhva_vijaya/smv6.27.mp3,sumadhva_vijaya,sarga_6,27,full,sumadhva_vijaya:sarga_6:27,"मौलि-सङ्ग्रह-विकर्षण-दूनां मायिना सदसि दुष्ट-जनेन
न्याय-मार्गमप-हाय महान्तं स्वेश्वरत्वमपि साधयताऽलम्",स्वागता,44,12.069,plausible,1.0,1.00 exact,auto_accepted,,dge_linked,B,[],none (spot-check optional)
kamadhenu_dataset/incoming_audio/dge_linked/sumadhva_vijaya/smv6.28.mp3,sumadhva_vijaya,sarga_6,28,full,sumadhva_vijaya:sarga_6:28,"सज्जनैः कतिपयैरति-दीनै- श्वालितैः कलिबलाच्छुभ-मार्गात्
अप्युपेक्षित-विकर्षण-दुःखां साति-शोकमपि कैश्चन दृष्टाम्",स्वागता,44,12.33,plausible,1.0,1.00 exact,auto_accepted,,dge_linked,B,[],none (spot-check optional)
kamadhenu_dataset/incoming_audio/dge_linked/sumadhva_vijaya/smv6.29.mp3,sumadhva_vijaya,sarga_6,29,full,sumadhva_vijaya:sarga_6:29,"वासुदेव धरणी-धर नाथे- त्युच्चकैरपि मुहुः प्रवदन्तीम्
पूर्ण-सद्-गुणमजं गत-दोषं बिभ्रतीं हृदि विविक्तमशेषात्",स्वागता,44,11.703,plausible,1.0,1.00 exact,auto_accepted,,dge_linked,B,[],none (spot-check optional)
kamadhenu_dataset/incoming_audio/dge_linked/sumadhva_vijaya/smv6.3.mp3,sumadhva_vijaya,sarga_6,3,full,sumadhva_vijaya:sarga_6:3,"लक्षणान्वित-तया वचनेऽस्मिन् देवता-गुरुमसावति-शेते
मानमित्यपि विधाय धिया ते तत्तु सूक्तमपरार्थमवोचन्",स्वागता,44,15.464,plausible,1.0,1.00 exact,auto_accepted,,dge_linked,B,[],none (spot-check optional)
kamadhenu_dataset/incoming_audio/dge_linked/sumadhva_vijaya/smv6.30.mp3,sumadhva_vijaya,sarga_6,30,full,sumadhva_vijaya:sarga_6:30,"वार्य्यतां बुध-जनैर्ननु हाहा नैष धर्म इति चाभि-दधानाम्
कृष्ण-लाळित-तमामनवद्याम् अप्यनन्य-शरणां शरणोत्काम्",स्वागता,44,11.598,plausible,1.0,1.00 exact,auto_accepted,,dge_linked,B,[],none (spot-check optional)
kamadhenu_dataset/incoming_audio/dge_linked/sumadhva_vijaya/smv6.31.mp3,sumadhva_vijaya,sarga_6,31,full,sumadhva_vijaya:sarga_6:31,"वेदिजामिव पुरा भरताग्यः स स्वयं श्रुति-ततिं खलु दृष्ट्वा
पुष्ट-बुद्धिरकरोत् करुणाब्धि- र्दुष्ट-पक्ष-दमन-स्थिर-सन्धाम्",स्वागता,44,11.024,plausible,1.0,1.00 exact,auto_accepted,,dge_linked,B,[],none (spot-check optional)
kamadhenu_dataset/incoming_audio/dge_linked/sumadhva_vijaya/smv6.32.mp3,sumadhva_vijaya,sarga_6,32,full,sumadhva_vijaya:sarga_6:32,"अव्ययं सततमप्युप-भुक्त्या वित्तमग्ग्रमिव दूर-यियासुः
ज्यायसे स-गुरवे हरि-गीता- भाष्यमेष वि-रचय्य तदाऽदात्",स्वागता,44,12.069,plausible,1.0,1.00 exact,auto_accepted,,dge_linked,B,[],none (spot-check optional)
kamadhenu_dataset/incoming_audio/dge_linked/sumadhva_vijaya/smv6.33.mp3,sumadhva_vijaya,sarga_6,33,full,sumadhva_vijaya:sarga_6:33,"हेतु-वादिनि विशङ्कट-बुद्धौ तीर्थमर्थयति गन्तुमनुज्ञाम्
तां दिदेश पुरुषोत्तम-तीर्थ- श्चिन्तयन् स पुरुषोत्तम-रक्षाम्",स्वागता,44,11.389,plausible,1.0,1.00 exact,auto_accepted,,dge_linked,B,[],none (spot-check optional)
kamadhenu_dataset/incoming_audio/dge_linked/sumadhva_vijaya/smv6.34.mp3,sumadhva_vijaya,sarga_6,34,full,sumadhva_vijaya:sarga_6:34,"नीरजा मलय-मण्डल-वृत्त्या श्लाघितो भुवि सदा [ ] ळ्यनु-यातः
साधु-पान्थ-परि-तापमपास्य- नुत्तरां दिशमयान्मरुदंशः",स्वागता,44,11.964,plausible,1.0,1.00 exact,auto_accepted,,dge_linked,B,[],none (spot-check optional)
kamadhenu_dataset/incoming_audio/dge_linked/sumadhva_vijaya/smv6.35.mp3,sumadhva_vijaya,sarga_6,35,full,sumadhva_vijaya:sarga_6:35,"बुद्धि-शुद्धि-कर-गो-निकराढ्यं तीर्थ-जातमुभयं च धरण्याम्
आत्म-मज्जनत एव निकामं पर्य्यशोधयदमन्द-मनीषः",स्वागता,44,11.598,plausible,1.0,1.00 exact,auto_accepted,,dge_linked,B,[],none (spot-check optional)
kamadhenu_dataset/incoming_audio/dge_linked/sumadhva_vijaya/smv6.36.mp3,sumadhva_vijaya,sarga_6,36,full,sumadhva_vijaya:sarga_6:36,"वासुदेव-पद-सन्तत-सङ्गी तेजसाऽप्यलमधः-कृत-शर्वः
अत्यवर्त्तत नितान्तमथासौ गाङ्गमोघमघ-नाशन-कीर्त्तिः",स्वागता,44,11.233,plausible,1.0,1.00 exact,auto_accepted,,dge_linked,B,[],none (spot-check optional)
kamadhenu_dataset/incoming_audio/dge_linked/sumadhva_vijaya/smv6.37.mp3,sumadhva_vijaya,sarga_6,37,full,sumadhva_vijaya:sarga_6:37,"तत्रतत्र स जगत्-त्रय-चित्रं कर्म्म शर्म-दमनु-स्मृति-मात्रात्
सञ्चरन् वि-दधदाप नराणां गोचरं बदरिकाश्रम-पाश्र्वम्",स्वागता,44,11.86,plausible,1.0,1.00 exact,auto_accepted,,dge_linked,B,[],none (spot-check optional)
kamadhenu_dataset/incoming_audio/dge_linked/sumadhva_vijaya/smv6.38.mp3,sumadhva_vijaya,sarga_6,38,full,sumadhva_vijaya:sarga_6:38,"मण्डयन् भरत-खण्डमखण्डं नादिरायण-पदोऽत्र परो यः
तं नमन् प्रचुर-धीर्हरि-गीता- भाष्यमार्णयदुपायनमस्मै",स्वागता,44,11.233,plausible,1.0,1.00 exact,auto_accepted,,dge_linked,B,[],none (spot-check optional)
kamadhenu_dataset/incoming_audio/dge_linked/sumadhva_vijaya/smv6.39.mp3,sumadhva_vijaya,sarga_6,39,full,sumadhva_vijaya:sarga_6:39,"प्रीतयेऽस्य पुरतो वर-भाष्यं वाचयन् स जनतामपसार्य्य
वच्मि शक्तित उरु-क्रम-गीता- भाष्यमित्यकथयत् पुरु-सङ्ख्यः",स्वागता,44,11.285,plausible,1.0,1.00 exact,auto_accepted,,dge_linked,B,[],none (spot-check optional)
kamadhenu_dataset/incoming_audio/dge_linked/sumadhva_vijaya/smv6.4.mp3,sumadhva_vijaya,sarga_6,4,full,sumadhva_vijaya:sarga_6:4,"स्यात् तथेत्थमपि सम्भविताऽर्थ- स्त्र्यर्थतां श्रुतिषु वित्त दशार्थम्
भारतं ननु शतार्थमपि स्याद् वैष्णवं पद-सहस्र-तयं हि",स्वागता,44,14.576,plausible,1.0,1.00 exact,auto_accepted,,dge_linked,B,[],none (spot-check optional)
kamadhenu_dataset/incoming_audio/dge_linked/sumadhva_vijaya/smv6.40.mp3,sumadhva_vijaya,sarga_6,40,full,sumadhva_vijaya:sarga_6:40,"एतदर्थमति-सूक्ष्ममपि त्वं शक्त एव न यदात्थ समस्तम्
तेन लेशत इतीह पदं स्याद् इत्यगद्यत जगज्जनकेन",स्वागता,44,11.651,plausible,1.0,1.00 exact,auto_accepted,,dge_linked,B,[],none (spot-check optional)
kamadhenu_dataset/incoming_audio/dge_linked/sumadhva_vijaya/smv6.41.mp3,sumadhva_vijaya,sarga_6,41,full,sumadhva_vijaya:sarga_6:41,"तेन तत्-प्रवचने विहितेऽलं शुश्रुवुः प्र-शयिता अपि शिष्याः
उच्यतामिति मुहुः स-पृथिव्या- स्फालनं पदमहो हरिणोक्तम्",स्वागता,44,12.278,plausible,1.0,1.00 exact,auto_accepted,,dge_linked,B,[],none (spot-check optional)
kamadhenu_dataset/incoming_audio/dge_linked/sumadhva_vijaya/smv6.42.mp3,sumadhva_vijaya,sarga_6,42,full,sumadhva_vijaya:sarga_6:42,"शब्द-भेदमवधार्य्य तमर्चा- सन्निषण्ण-वपुषः परमस्य
तस्य भाव-विदमन्द-मनीषः प्रोत्थितः प्रवचनं व्यधितैभ्यः",स्वागता,44,14.211,plausible,1.0,1.00 exact,auto_accepted,,dge_linked,B,[],none (spot-check optional)
kamadhenu_dataset/incoming_audio/dge_linked/sumadhva_vijaya/smv6.43.mp3,sumadhva_vijaya,sarga_6,43,full,sumadhva_vijaya:sarga_6:43,"मज्जनं व्यधित शीतल-गङ्गा- वारि नित्यमरुणोदय-काले
यत् स्पृशन्ति न नरा हिम-भीता अंश एष पृषतामधिपस्य",स्वागता,44,9.927,plausible,1.0,1.00 exact,auto_accepted,,dge_linked,B,"[""exact_duplicate""]",none (spot-check optional)
kamadhenu_dataset/incoming_audio/dge_linked/sumadhva_vijaya/smv6.44.mp3,sumadhva_vijaya,sarga_6,44,full,sumadhva_vijaya:sarga_6:44,"काष्ठ-मौनमदधादुपवासं शुद्धमप्यकृत शुद्ध-हृदिच्छन्
नित्य-तुष्ट-हरि-तोष-विशेषं चिन्तयन् प्रभुमनन्त-मठान्तः",स्वागता,44,9.927,plausible,1.0,1.00 exact,auto_accepted,,dge_linked,B,"[""exact_duplicate""]",none (spot-check optional)
kamadhenu_dataset/incoming_audio/dge_linked/sumadhva_vijaya/smv6.45.mp3,sumadhva_vijaya,sarga_6,45,full,sumadhva_vijaya:sarga_6:45,"प्रैरयत् स्व-चरणे रत-चित्तं मध्वमत्र दिन-मण्डलमेनम्
स्वाश्रमोप-गमनाय मुकुन्दो दीप्ति-दृष्टि-विदितागतिरन्यैः",स्वागता,44,9.561,plausible,1.0,1.00 exact,auto_accepted,,dge_linked,B,[],none (spot-check optional)
kamadhenu_dataset/incoming_audio/dge_linked/sumadhva_vijaya/smv6.46.mp3,sumadhva_vijaya,sarga_6,46,full,sumadhva_vijaya:sarga_6:46,"नक्तमेव भगवत्युप-याते प्रोदिते सति सहस्र-मरीचौ
मौनवानलिखदुत्तम-चित्तः शिष्य-शिक्षण-परः करुणावान्",स्वागता,44,10.136,plausible,1.0,1.00 exact,auto_accepted,,dge_linked,B,[],none (spot-check optional)
kamadhenu_dataset/incoming_audio/dge_linked/sumadhva_vijaya/smv6.47.mp3,sumadhva_vijaya,sarga_6,47,full,sumadhva_vijaya:sarga_6:47,"नेदृशं स्थलमलं शमल- नास्य तीर्थ-सलिलस्य समं वाः
नास्मदुक्ति-सदृशं हित-रूपं नास्ति विष्णु-सदृशं ननु दैवम्",अज्ञातम्,43,10.031,plausible,1.0,1.00 exact,auto_accepted,,dge_linked,B,[],none (spot-check optional)
kamadhenu_dataset/incoming_audio/dge_linked/sumadhva_vijaya/smv6.48.mp3,sumadhva_vijaya,sarga_6,48,full,sumadhva_vijaya:sarga_6:48,"याति तावदधुनैव जनोऽयं व्यास-रूपमजितं प्र-दिदृक्षुः
आ-व्रजेदिह न वा स हि वेद स्वस्ति वोऽस्त्विति ययावथ मध्वः",स्वागता,44,10.501,plausible,1.0,1.00 exact,auto_accepted,,dge_linked,B,[],none (spot-check optional)
kamadhenu_dataset/incoming_audio/dge_linked/sumadhva_vijaya/smv6.49.mp3,sumadhva_vijaya,sarga_6,49,full,sumadhva_vijaya:sarga_6:49,"नाथनाथ बत नोऽत्र विनाथान् मा त्यजोरु-करुणो भगवंस्त्वम्
नोदितं स्मृतमपीति हि शिष्यैः स्वामिनोऽभि-मत-भङ्ग-भयेन",स्वागता,44,10.71,plausible,1.0,1.00 exact,auto_accepted,,dge_linked,B,[],none (spot-check optional)
kamadhenu_dataset/incoming_audio/dge_linked/sumadhva_vijaya/smv6.5.mp3,sumadhva_vijaya,sarga_6,5,full,sumadhva_vijaya:sarga_6:5,"इत्युदीरयति विस्तृत-चित्ते भू-सुरा इह जिगीषव एनम्
ऊचुरर्थ-शतकं हरि-नाम्नां वर्ण्यतामिति स-हास-मुखास्ते",स्वागता,44,14.785,plausible,1.0,1.00 exact,auto_accepted,,dge_linked,B,[],none (spot-check optional)
kamadhenu_dataset/incoming_audio/dge_linked/sumadhva_vijaya/smv6.50.mp3,sumadhva_vijaya,sarga_6,50,full,sumadhva_vijaya:sarga_6:50,"सद्-गुरोर्न विरहं सहमानः सत्य-तीर्थ-यतिरन्वगमत् तम्
यस्त्रिवारमितरा-सुत-शाखा- स्वर्थमग्र्यमशृणोत् पुरु-सङ्ख्यात्",स्वागता,44,12.382,plausible,1.0,1.00 exact,auto_accepted,,dge_linked,B,[],none (spot-check optional)
kamadhenu_dataset/incoming_audio/dge_linked/sumadhva_vijaya/smv6.51.mp3,sumadhva_vijaya,sarga_6,51,full,sumadhva_vijaya:sarga_6:51,"दुर्ग-मार्ग-गत-मप्यनुधावन् नाऽप सोऽयमरुणीभवतीने
लीलया स-जवमा-क्रममाणं व्याश्रयान्तर-सु-दूर-शिलासु",स्वागता,44,9.665,plausible,1.0,1.00 exact,auto_accepted,,dge_linked,B,[],none (spot-check optional)
kamadhenu_dataset/incoming_audio/dge_linked/sumadhva_vijaya/smv6.52.mp3,sumadhva_vijaya,sarga_6,52,full,sumadhva_vijaya:sarga_6:52,"आ-निवृत्त-वपुषा गुरुणाऽऽरात् पाणिना ह्यभि-नयेन सु-नुन्नः
त्रस्त-धीरति-ययौ स मुहूर्त्तात् तद्-दिनोप-गत-मार्गमशेषम्",स्वागता,44,10.397,plausible,1.0,1.00 exact,auto_accepted,,dge_linked,B,[],none (spot-check optional)
kamadhenu_dataset/incoming_audio/dge_linked/sumadhva_vijaya/smv6.53.mp3,sumadhva_vijaya,sarga_6,53,full,sumadhva_vijaya:sarga_6:53,"आश्रमे निज-जनानिह दृष्ट्वा तं प्रसाद-महिमानममुष्य
प्रोच्य तत्-प्लवनमप्यति-चित्रं तस्य तैः सह सदाऽस्मरदेषः",स्वागता,44,11.546,plausible,1.0,1.00 exact,auto_accepted,,dge_linked,B,[],none (spot-check optional)
kamadhenu_dataset/incoming_audio/dge_linked/sumadhva_vijaya/smv6.54.mp3,sumadhva_vijaya,sarga_6,54,full,sumadhva_vijaya:sarga_6:54,"वानरेन्द्र इव वायु-जवोऽसौ भीमसेन इव दानव-भीमः
उल्ललास गिरि-पुङ्गव-शृङ्गे स व्रजन् व्रजिन-नाशन-नामा",स्वागता,44,10.24,plausible,1.0,1.00 exact,auto_accepted,,dge_linked,B,[],none (spot-check optional)
kamadhenu_dataset/incoming_audio/dge_linked/sumadhva_vijaya/smv6.55.mp3,sumadhva_vijaya,sarga_6,55,full,sumadhva_vijaya:sarga_6:55,"बहु-सत्त्व-गणं स-विकं स-महा- विष-मोक्ष-महाहिमवन्तमयम्
विषमोक्ष-महा हिमवन्तमयन् नगमैक्षत फुल्ल-दृगस्त-भयः",तोटक,48,12.382,plausible,1.0,1.00 exact,auto_accepted,,dge_linked,B,[],none (spot-check optional)
kamadhenu_dataset/incoming_audio/dge_linked/sumadhva_vijaya/smv6.56.mp3,sumadhva_vijaya,sarga_6,56,full,sumadhva_vijaya:sarga_6:56,"सु-हसित-कमला-करोप-गूढं सु-जन-सुखार्थमनन्त-भोग-शय्यम्
विकसित-सुमनो-घटागमुच्चं मरतक-रत्न-मय-स्थलाग्य-शोभम्",अज्ञातम्,50,12.696,plausible,1.0,1.00 exact,auto_accepted,,dge_linked,B,[],none (spot-check optional)
kamadhenu_dataset/incoming_audio/dge_linked/sumadhva_vijaya/smv6.57.mp3,sumadhva_vijaya,sarga_6,57,full,sumadhva_vijaya:sarga_6:57,"पादोपान्त-नमन्महा-मुनि-गणं हेम-प्रदीप्ताम्बरं श्रीमद्-रत्न-कलापमग्य-कटकैर्विभ्राजितं हाटकैः
दृष्ट्वा तं धरणी-धरं सु-वन-मालोल्लासिनं सुन्दरं स्वानन्दाकृतिमस्मरन्मुररिपुं स्वानन्द-तीर्थस्तदा",शार्दूलविक्रीडित,76,17.189,plausible,1.0,1.00 exact,auto_accepted,,dge_linked,B,[],none (spot-check optional)
kamadhenu_dataset/incoming_audio/dge_linked/sumadhva_vijaya/smv6.6.mp3,sumadhva_vijaya,sarga_6,6,full,sumadhva_vijaya:sarga_6:6,"वर्णयामि तदहं सकलं वः सौष्ठवादनु-वदन्तु भवन्तः
तं वदन्तमिति तेऽथ वदन्तो बाढमित्यति-दृढोद्यममापुः",स्वागता,44,15.099,plausible,1.0,1.00 exact,auto_accepted,,dge_linked,B,"[""exact_duplicate""]",none (spot-check optional)
kamadhenu_dataset/incoming_audio/dge_linked/sumadhva_vijaya/smv6.7.mp3,sumadhva_vijaya,sarga_6,7,full,sumadhva_vijaya:sarga_6:7,"प्रत्यय-प्रकृति-सङ्गम-भङ्गीं शब्द-शास्त्र-विहितां प्रतिदर्थ्य
शुद्ध-धीः श्रुति-शिरः-शत-सिद्धान् अभ्यधात् सपदि विश्व-पदार्थान्",स्वागता,44,15.099,plausible,1.0,1.00 exact,auto_accepted,,dge_linked,B,"[""exact_duplicate""]",none (spot-check optional)
kamadhenu_dataset/incoming_audio/dge_linked/sumadhva_vijaya/smv6.8.mp3,sumadhva_vijaya,sarga_6,8,full,sumadhva_vijaya:sarga_6:8,"यावदर्थ-शतकं न विशङ्कः सन्ततोक्ति-कृदपूपुरदेषः
वर्णितावधृति-दुर्बल-चित्ता- स्तावदाकुल-हृदो ह्यभवंस्ते",स्वागता,44,13.897,plausible,1.0,1.00 exact,auto_accepted,,dge_linked,B,[],none (spot-check optional)
kamadhenu_dataset/incoming_audio/dge_linked/sumadhva_vijaya/smv6.9.mp3,sumadhva_vijaya,sarga_6,9,full,sumadhva_vijaya:sarga_6:9,"साङ्ग-वेद-चतुरा इतिहासे शिक्षिताः सु-बहवोऽप्यति-धृष्टाः
नैतदीरितमहो जगृहुस्ते विश्व-संक्षय-पयोऽन्धु-गणा वा",स्वागता,44,15.308,plausible,1.0,1.00 exact,auto_accepted,,dge_linked,B,[],none (spot-check optional)
kamadhenu_dataset/incoming_audio/dge_linked/sumadhva_vijaya/smv7.1.mp3,sumadhva_vijaya,sarga_7,1,full,sumadhva_vijaya:sarga_7:1,"अथ हैमवते तटान्तरे बदरी-षण्ड-विशेष-मण्डितम्
परमाश्रममाश्रयं श्रियः सकल-ज्ञः स ददर्श वि-श्रुतम्",अज्ञातम्,42,12.434,plausible,1.0,1.00 exact,auto_accepted,,dge_linked,B,[],none (spot-check optional)
kamadhenu_dataset/incoming_audio/dge_linked/sumadhva_vijaya/smv7.10.mp3,sumadhva_vijaya,sarga_7,10,full,sumadhva_vijaya:sarga_7:10,अवलोकित-लक्षणः स तै- रिति सञ्चिन्त्य कुतूहलाकुलैः अविळम्ब-गतिर्व्यशामयत् तरुमारात् सुर-पादपोत्तमम्,अज्ञातम्,42,12.696,plausible,1.0,1.00 exact,auto_accepted,,dge_linked,B,[],none (spot-check optional)
kamadhenu_dataset/incoming_audio/dge_linked/sumadhva_vijaya/smv7.11.mp3,sumadhva_vijaya,sarga_7,11,full,sumadhva_vijaya:sarga_7:11,मसृण-त्वचमुन्नतं ततं बहु-शाखा-फण-सून-रत्नकम् भगवन्तमनन्तमन्तिके स्थितमीशस्य निषेवणाय वा,अज्ञातम्,42,13.479,plausible,1.0,1.00 exact,auto_accepted,,dge_linked,B,[],none (spot-check optional)
kamadhenu_dataset/incoming_audio/dge_linked/sumadhva_vijaya/smv7.12.mp3,sumadhva_vijaya,sarga_7,12,full,sumadhva_vijaya:sarga_7:12,अतिचित्र-विचित्र-पत्रिणं बहु-वर्णं हरि-गो-निवारकम् मुनि-नन्दनमिन्दरा-पते- रधिकेष्टं पततामिवाधिपम्,अज्ञातम्,42,13.375,plausible,1.0,1.00 exact,auto_accepted,,dge_linked,B,[],none (spot-check optional)
kamadhenu_dataset/incoming_audio/dge_linked/sumadhva_vijaya/smv7.13.mp3,sumadhva_vijaya,sarga_7,13,full,sumadhva_vijaya:sarga_7:13,अमृतात्म-महा-फल-प्रदं दुरवापं हरि-भक्ति-वर्जितैः श्रित-साधु-पुराण-भारतं निगमं मूर्त्तमिवोरु-शाखिनम्,अज्ञातम्,42,12.33,plausible,1.0,1.00 exact,auto_accepted,,dge_linked,B,[],none (spot-check optional)
kamadhenu_dataset/incoming_audio/dge_linked/sumadhva_vijaya/smv7.14.mp3,sumadhva_vijaya,sarga_7,14,full,sumadhva_vijaya:sarga_7:14,अथ तस्य स वेदिकान्तरे सु-विशाले विमले मनो-हरे अवलोकितवाननन्त-धी- द्दिवि देवानिव तापसोत्तमान्,अज्ञातम्,42,13.009,plausible,1.0,1.00 exact,auto_accepted,,dge_linked,B,[],none (spot-check optional)
kamadhenu_dataset/incoming_audio/dge_linked/sumadhva_vijaya/smv7.15.mp3,sumadhva_vijaya,sarga_7,15,full,sumadhva_vijaya:sarga_7:15,अपि सप्त-तया विराजितान् गत-सङ्ख्यान् गुणिनो गुणोज्झितान् अपि मन्यु-मदादि-वर्जितान् गत-भोगान् पवनाशनान् सदा,अज्ञातम्,42,13.166,plausible,1.0,1.00 exact,auto_accepted,,dge_linked,B,[],none (spot-check optional)
kamadhenu_dataset/incoming_audio/dge_linked/sumadhva_vijaya/smv7.16.mp3,sumadhva_vijaya,sarga_7,16,full,sumadhva_vijaya:sarga_7:16,मुनि-मण्डल-मद्ध्य-वर्त्तिनं त्रि-जगन्मण्डल-मण्डनायितम् इह सत्य-वती-सुतं हरिं परि-पूर्ण-प्रमतिः समैक्षत,अज्ञातम्,42,12.225,plausible,1.0,1.00 exact,auto_accepted,,dge_linked,B,"[""exact_duplicate""]",none (spot-check optional)
kamadhenu_dataset/incoming_audio/dge_linked/sumadhva_vijaya/smv7.17.mp3,sumadhva_vijaya,sarga_7,17,full,sumadhva_vijaya:sarga_7:17,निज-हृत्-कमलेऽति-निर्मले सततं साधु निशामयन्नपि अवलोक्य पुनः-पुनर्नवं तमसौ विस्मित इत्यचिन्तयत्,अज्ञातम्,42,12.225,plausible,1.0,1.00 exact,auto_accepted,,dge_linked,B,"[""exact_duplicate""]",none (spot-check optional)
kamadhenu_dataset/incoming_audio/dge_linked/sumadhva_vijaya/smv7.18.mp3,sumadhva_vijaya,sarga_7,18,full,sumadhva_vijaya:sarga_7:18,अगणय्य-गुणार्णवोऽमलः स हि नारायण एष केवलम् विधिनाऽनुसृतं पराशरात् सुषुवे सत्यवती किलात्र यम्,अज्ञातम्,42,12.225,plausible,1.0,1.00 exact,auto_accepted,,dge_linked,B,[],none (spot-check optional)
kamadhenu_dataset/incoming_audio/dge_linked/sumadhva_vijaya/smv7.19.mp3,sumadhva_vijaya,sarga_7,19,full,sumadhva_vijaya:sarga_7:19,धवळेऽस्य मनः-पयो-निधौ सदनुक्रोश-गिरीन्द्र-लोळिते प्रकटी-भवति स्म सुन्दरी दयिता दैत्य-रिपोस्त्रयी-मयी,अज्ञातम्,42,12.225,plausible,1.0,1.00 exact,auto_accepted,,dge_linked,B,[],none (spot-check optional)
kamadhenu_dataset/incoming_audio/dge_linked/sumadhva_vijaya/smv7.2.mp3,sumadhva_vijaya,sarga_7,2,full,sumadhva_vijaya:sarga_7:2,"हिम-वर्ष-रवि-प्रभासहाः पृथु-सत्र-प्रथिता द्विजाश्रयाः
अपि विष्णु-पद-स्पृशोऽलसन् उभये यत्र विचित्र-शाखिनः",अज्ञातम्,42,13.061,plausible,1.0,1.00 exact,auto_accepted,,dge_linked,B,[],none (spot-check optional)
kamadhenu_dataset/incoming_audio/dge_linked/sumadhva_vijaya/smv7.20.mp3,sumadhva_vijaya,sarga_7,20,full,sumadhva_vijaya:sarga_7:20,इत एव पुराण-गौर-गौ स-महाभारत-पारिजातके सति जातवति व्यजायत प्रवरं सूत्र-गणामृतं स्वयम्,अज्ञातम्,42,11.86,plausible,1.0,1.00 exact,auto_accepted,,dge_linked,B,[],none (spot-check optional)
kamadhenu_dataset/incoming_audio/dge_linked/sumadhva_vijaya/smv7.21.mp3,sumadhva_vijaya,sarga_7,21,full,sumadhva_vijaya:sarga_7:21,निरवग्रहमुर्वनुग्रहं विदधत् पाण्डु-सुतादि-सज्जने अवनाववनाय संविदां सुचिरायैष चचार चारु-गीः,अज्ञातम्,42,12.33,plausible,1.0,1.00 exact,auto_accepted,,dge_linked,B,[],none (spot-check optional)
kamadhenu_dataset/incoming_audio/dge_linked/sumadhva_vijaya/smv7.22.mp3,sumadhva_vijaya,sarga_7,22,full,sumadhva_vijaya:sarga_7:22,अधुना कलि-काल-वृत्तये सवितेव क्षणदानु-वृत्तये जनदृग्-विषयत्वमत्यजद् भगवानाश्रममावसन्निमम्,अज्ञातम्,42,12.121,plausible,1.0,1.00 exact,auto_accepted,,dge_linked,B,[],none (spot-check optional)
kamadhenu_dataset/incoming_audio/dge_linked/sumadhva_vijaya/smv7.23.mp3,sumadhva_vijaya,sarga_7,23,full,sumadhva_vijaya:sarga_7:23,तदिदं वपुरस्य दृश्यते दळितेन्दीवर-सुन्दर-द्युति परमाजिन-योग-पीठगं मम चेतो-नयनाभि-नन्दनम्,अज्ञातम्,42,11.807,plausible,1.0,1.00 exact,auto_accepted,,dge_linked,B,[],none (spot-check optional)
kamadhenu_dataset/incoming_audio/dge_linked/sumadhva_vijaya/smv7.24.mp3,sumadhva_vijaya,sarga_7,24,full,sumadhva_vijaya:sarga_7:24,अगणय्य-गुणैः सु-पूरितं परिपूर्णागणितात्म-सद्-गुणैः इदमस्त-समस्त-दूषणं सचिदानन्द-मयं हि केवलम्,अज्ञातम्,42,11.337,plausible,1.0,1.00 exact,auto_accepted,,dge_linked,B,[],none (spot-check optional)
kamadhenu_dataset/incoming_audio/dge_linked/sumadhva_vijaya/smv7.25.mp3,sumadhva_vijaya,sarga_7,25,full,sumadhva_vijaya:sarga_7:25,कमला-कमलासनानिलै- र्विहगाहीन्द्र-शिवेन्द्र-पूर्वकैः पद-पद्म-रजोऽस्य धारितं शिरसा हन्त वहाम्यहं मुहुः,अज्ञातम्,42,12.225,plausible,1.0,1.00 exact,auto_accepted,,dge_linked,B,[],none (spot-check optional)
kamadhenu_dataset/incoming_audio/dge_linked/sumadhva_vijaya/smv7.26.mp3,sumadhva_vijaya,sarga_7,26,full,sumadhva_vijaya:sarga_7:26,प्रणमामि पद-द्वयं विभो- र्ध्वज-वज्राङ्कुश-पद्म-चिह्न-वत् निज-मानस-राग-पीडनाद् अरुणी-भूतमिवारुणं स्वयम्,अज्ञातम्,42,10.971,plausible,1.0,1.00 exact,auto_accepted,,dge_linked,B,[],none (spot-check optional)
kamadhenu_dataset/incoming_audio/dge_linked/sumadhva_vijaya/smv7.27.mp3,sumadhva_vijaya,sarga_7,27,full,sumadhva_vijaya:sarga_7:27,ननु केवलमेव वैष्णवं श्रित-वन्तः पदमात्म-रोचिषा तमसोऽप्युभयस्य नाशका विजयन्ते नखरा नवं रविम्,अज्ञातम्,42,11.651,plausible,1.0,1.00 exact,auto_accepted,,dge_linked,B,[],none (spot-check optional)
kamadhenu_dataset/incoming_audio/dge_linked/sumadhva_vijaya/smv7.28.mp3,sumadhva_vijaya,sarga_7,28,full,sumadhva_vijaya:sarga_7:28,सु-कुमार-तळाङ्गुली-मतोः पदयोरस्य निगूढ-गुल्फयोः उपमानमहो न लभ्यते कवि-वर्यैरितरेतरं विना,अज्ञातम्,42,11.964,plausible,1.0,1.00 exact,auto_accepted,,dge_linked,B,[],none (spot-check optional)
kamadhenu_dataset/incoming_audio/dge_linked/sumadhva_vijaya/smv7.29.mp3,sumadhva_vijaya,sarga_7,29,full,sumadhva_vijaya:sarga_7:29,उचितां गुरुतां दधत् क्रमा- च्छुचि तेजस्वि सु-वृत्तमुत्तमम् भजतोऽत्र च भाजयत्यदो विभु-जङ्घा-युगळं स-रूपताम्,अज्ञातम्,42,10.449,plausible,1.0,1.00 exact,auto_accepted,,dge_linked,B,[],none (spot-check optional)
kamadhenu_dataset/incoming_audio/dge_linked/sumadhva_vijaya/smv7.3.mp3,sumadhva_vijaya,sarga_7,3,full,sumadhva_vijaya:sarga_7:3,"श्रवणामृत-गीग्र्गणैर्द्विजैः शुक-मुख्यैः शुभ-पक्षिभिर्वृतम्
कमलेष्टतम-स्थिरान्तरै- रपि हंसैः परमैरमेचकैः",अज्ञातम्,42,13.845,plausible,1.0,1.00 exact,auto_accepted,,dge_linked,B,[],none (spot-check optional)
kamadhenu_dataset/incoming_audio/dge_linked/sumadhva_vijaya/smv7.30.mp3,sumadhva_vijaya,sarga_7,30,full,sumadhva_vijaya:sarga_7:30,अचलासन-योग-पट्टिका वर-कक्ष्या सकृदाप्तमिष्ट-दम् परितोऽपि हरिं स्फुरन्त्यहो अनिशं धन्यतमेति मे मतिः,अज्ञातम्,42,9.927,plausible,1.0,1.00 exact,auto_accepted,,dge_linked,B,[],none (spot-check optional)
kamadhenu_dataset/incoming_audio/dge_linked/sumadhva_vijaya/smv7.31.mp3,sumadhva_vijaya,sarga_7,31,full,sumadhva_vijaya:sarga_7:31,रुचिरेण वंरैण-चर्मणा रुचि-राज-द्युति-चारु-रोचिषा परमोरु-नितम्ब-सङ्गिना परमाश्चर्य्य-तया विराज्यते,अज्ञातम्,42,11.389,plausible,1.0,1.00 exact,auto_accepted,,dge_linked,B,[],none (spot-check optional)
kamadhenu_dataset/incoming_audio/dge_linked/sumadhva_vijaya/smv7.32.mp3,sumadhva_vijaya,sarga_7,32,full,sumadhva_vijaya:sarga_7:32,तनु-निम्न-सुनाभि-शोभिते वलिभे वारिज-नाभ आदधे प्रतनावति-सुन्दरे मृदा- वुदरेऽस्मिन् जगदण्ड-मण्डलम्,अज्ञातम्,42,11.285,plausible,1.0,1.00 exact,auto_accepted,,dge_linked,B,[],none (spot-check optional)
kamadhenu_dataset/incoming_audio/dge_linked/sumadhva_vijaya/smv7.33.mp3,sumadhva_vijaya,sarga_7,33,full,sumadhva_vijaya:sarga_7:33,हृदये कृत-सज्जनोदये सु-विशाले विमले मनोहरे उभयं वहति त्रयी-मयं भगवान् ब्रह्म-सु-सूत्रमुत्तमम्,अज्ञातम्,42,11.233,plausible,1.0,1.00 exact,auto_accepted,,dge_linked,B,[],none (spot-check optional)
kamadhenu_dataset/incoming_audio/dge_linked/sumadhva_vijaya/smv7.34.mp3,sumadhva_vijaya,sarga_7,34,full,sumadhva_vijaya:sarga_7:34,असमेऽनधिके सु-साधिते निज-ताते रवि-राशि-दीधिति प्रददौ त्रि-जगज्जय-ध्वजं विधिरेतद् गळ-सङ्गि भूषणम्,अज्ञातम्,42,11.86,plausible,1.0,1.00 exact,auto_accepted,,dge_linked,B,[],none (spot-check optional)
kamadhenu_dataset/incoming_audio/dge_linked/sumadhva_vijaya/smv7.35.mp3,sumadhva_vijaya,sarga_7,35,full,sumadhva_vijaya:sarga_7:35,"अरि-वारिज-लक्षणोल्लसत्- सु-कुमारारुण-पाणि-पद्मयोः
पृथु-पीवर-वृत्त-हस्तयो- रुपमां नैव लभामहेऽनयोः",अज्ञातम्,42,12.225,plausible,1.0,1.00 exact,auto_accepted,,dge_linked,B,[],none (spot-check optional)
kamadhenu_dataset/incoming_audio/dge_linked/sumadhva_vijaya/smv7.36.mp3,sumadhva_vijaya,sarga_7,36,full,sumadhva_vijaya:sarga_7:36,"भजतां वर-तर्क -मुद्रया द्यति हस्ताग्रमबोधमीशितुः
अधि-जानु समर्पितं परं कृत-भूयो-भय-भङ्ग-मङ्गलम्",अज्ञातम्,42,12.591,plausible,1.0,1.00 exact,auto_accepted,,dge_linked,B,[],none (spot-check optional)
kamadhenu_dataset/incoming_audio/dge_linked/sumadhva_vijaya/smv7.37.mp3,sumadhva_vijaya,sarga_7,37,full,sumadhva_vijaya:sarga_7:37,"सततं गळता स्वतः श्रुति- त्रितयेनेव निकाममङ्कितः
सु-विडम्बित-कम्बुरीक्ष्यते वर-रेखा-त्रयवान् गुरोर्गळः",अज्ञातम्,42,11.546,plausible,1.0,1.00 exact,auto_accepted,,dge_linked,B,[],none (spot-check optional)
kamadhenu_dataset/incoming_audio/dge_linked/sumadhva_vijaya/smv7.38.mp3,sumadhva_vijaya,sarga_7,38,full,sumadhva_vijaya:sarga_7:38,"सकलास्त-कलङ्क-काळिम- स्फुरदिन्दु-प्रकरोरु-विभ्रमम्
अधरी-कुरुते स्व-शोभया वदनं देव-शिखा-मणेरिदम्",अज्ञातम्,42,10.397,plausible,1.0,1.00 exact,auto_accepted,,dge_linked,B,[],none (spot-check optional)
kamadhenu_dataset/incoming_audio/dge_linked/sumadhva_vijaya/smv7.39.mp3,sumadhva_vijaya,sarga_7,39,full,sumadhva_vijaya:sarga_7:39,"अरुणाश्म-दलान्तरोल्लस- न्नव-मुक्तावलिमस्य लज्जयेत्
हसतः सित-दन्त-सन्ततिः परम-श्रीररुणोष्ठ-रोचिषः",अज्ञातम्,42,11.703,plausible,1.0,1.00 exact,auto_accepted,,dge_linked,B,"[""exact_duplicate""]",none (spot-check optional)
kamadhenu_dataset/incoming_audio/dge_linked/sumadhva_vijaya/smv7.4.mp3,sumadhva_vijaya,sarga_7,4,full,sumadhva_vijaya:sarga_7:4,"सुमनो-निकरेण पूरितं स्व-मनोऽभीष्टदमल्प-दुर्गमम्
अपरस्पर-मत्सर-प्रजं ननु वैकुण्ठमिवाच्युतालयम्",अज्ञातम्,42,12.225,plausible,1.0,1.00 exact,auto_accepted,,dge_linked,B,[],none (spot-check optional)
kamadhenu_dataset/incoming_audio/dge_linked/sumadhva_vijaya/smv7.40.mp3,sumadhva_vijaya,sarga_7,40,full,sumadhva_vijaya:sarga_7:40,"द्विज-वृन्द-कृतं कुतूहलाद् अनुयोगान्धु-सहस्र-मुत्तमम्
इयमेक-पदे सरस्वती श्रुति-भर्तुः परि-पूरयत्यहो",अज्ञातम्,42,11.703,plausible,1.0,1.00 exact,auto_accepted,,dge_linked,B,"[""exact_duplicate""]",none (spot-check optional)
kamadhenu_dataset/incoming_audio/dge_linked/sumadhva_vijaya/smv7.41.mp3,sumadhva_vijaya,sarga_7,41,full,sumadhva_vijaya:sarga_7:41,"जलजायत-लोचनस्य माम् अवलोकोऽयमुपेत्य लाळयन्
कुरुते परिरभ्य पूरितं भुवनानन्द-कर-स्मितान्वितः",अज्ञातम्,42,12.643,plausible,1.0,1.00 exact,auto_accepted,,dge_linked,B,[],none (spot-check optional)
kamadhenu_dataset/incoming_audio/dge_linked/sumadhva_vijaya/smv7.42.mp3,sumadhva_vijaya,sarga_7,42,full,sumadhva_vijaya:sarga_7:42,"उप-कर्णममुष्य भासिता तुळसी मन्त्रयतीव लाळिता
मम नाथ पदं न मत्सरा- ज्जलजाद्यानि हरेयुरित्यलम्",अज्ञातम्,42,12.225,plausible,1.0,1.00 exact,auto_accepted,,dge_linked,B,[],none (spot-check optional)
kamadhenu_dataset/incoming_audio/dge_linked/sumadhva_vijaya/smv7.43.mp3,sumadhva_vijaya,sarga_7,43,full,sumadhva_vijaya:sarga_7:43,"विभवाभि-भवोद्भवादिकं भुवनानां भुवन-प्रभोर्भुवोः
अनयोरपि दभ्र-विभ्रमात् सभवाम्भोज-भवात्मनां भवेत्",अज्ञातम्,42,13.166,plausible,1.0,1.00 exact,auto_accepted,,dge_linked,B,[],none (spot-check optional)
kamadhenu_dataset/incoming_audio/dge_linked/sumadhva_vijaya/smv7.44.mp3,sumadhva_vijaya,sarga_7,44,full,sumadhva_vijaya:sarga_7:44,"त्रि-जगत्-तिलकाळिकान्तरे तिलकोऽयं पर-भागमाप्तवान्
हरि-नील-गिरीन्द्र-मस्तक- स्फुट-शोणोपल-पक्ङ्कि-सन्निभः",अज्ञातम्,42,11.389,plausible,1.0,1.00 exact,auto_accepted,,dge_linked,B,[],none (spot-check optional)
kamadhenu_dataset/incoming_audio/dge_linked/sumadhva_vijaya/smv7.45.mp3,sumadhva_vijaya,sarga_7,45,full,sumadhva_vijaya:sarga_7:45,नवमम्बु-धरं विडम्बयद् वर-विद्युद्-वलयं जगद्-गुरोः अवलोक्य कृतार्थतामगां स-जटा-मण्डल-मण्डनं वपुः,अज्ञातम्,42,12.225,plausible,1.0,1.00 exact,auto_accepted,,dge_linked,B,[],none (spot-check optional)
kamadhenu_dataset/incoming_audio/dge_linked/sumadhva_vijaya/smv7.46.mp3,sumadhva_vijaya,sarga_7,46,full,sumadhva_vijaya:sarga_7:46,न रमाऽपि पदाङ्गुली-लस- न्नख-धू-राजदनन्त-सद्-गुणान् गणयेद् गणयन्त्यनारतं परमान् कोऽस्य परो गुणान् वदेत्,अज्ञातम्,42,12.852,plausible,1.0,1.00 exact,auto_accepted,,dge_linked,B,[],none (spot-check optional)
kamadhenu_dataset/incoming_audio/dge_linked/sumadhva_vijaya/smv7.47.mp3,sumadhva_vijaya,sarga_7,47,full,sumadhva_vijaya:sarga_7:47,न कुतूहलिता कुतूहलं तनुमेनामवलोक्य सद्-गुरोः स-नवावरणाण्ड-दर्शिनो गृह-बुद्ध्या मम निष्कुतूहलम्,अज्ञातम्,42,12.33,plausible,1.0,1.00 exact,auto_accepted,,dge_linked,B,[],none (spot-check optional)
kamadhenu_dataset/incoming_audio/dge_linked/sumadhva_vijaya/smv7.48.mp3,sumadhva_vijaya,sarga_7,48,full,sumadhva_vijaya:sarga_7:48,"इति चिन्तयता महा-धिया पदवीं बाह्य-गतामतीयुषा
स मनो-नयनैः पुरा गत- स्तत आपे वपुषाऽपि वेद-राट्",अज्ञातम्,42,10.971,plausible,1.0,1.00 exact,auto_accepted,,dge_linked,B,[],none (spot-check optional)
kamadhenu_dataset/incoming_audio/dge_linked/sumadhva_vijaya/smv7.49.mp3,sumadhva_vijaya,sarga_7,49,full,sumadhva_vijaya:sarga_7:49,गुरु-भक्ति-भरानताकृति- र्विरचय्याञ्जलि-बन्धमञ्जसा क्षणमा-मुकुळीकृतेक्षणः स गुरुं केवलमभ्यवन्दत,अज्ञातम्,42,11.546,plausible,1.0,1.00 exact,auto_accepted,,dge_linked,B,[],none (spot-check optional)
kamadhenu_dataset/incoming_audio/dge_linked/sumadhva_vijaya/smv7.5.mp3,sumadhva_vijaya,sarga_7,5,full,sumadhva_vijaya:sarga_7:5,"तमिमं प्रविशन्तमाश्रमं द्वयधिक-त्रिंशदुदार-लक्षणम्
गुण-सार-विदः कुतूहलाद् अवलोक्यर्षय इत्यचिन्तयन्",अज्ञातम्,43,12.382,plausible,1.0,1.00 exact,auto_accepted,,dge_linked,B,[],none (spot-check optional)
kamadhenu_dataset/incoming_audio/dge_linked/sumadhva_vijaya/smv7.50.mp3,sumadhva_vijaya,sarga_7,50,full,sumadhva_vijaya:sarga_7:50,"विनयाभरणेन भूषितः स्फुटमष्टाङ्ग-विशिष्ट-चेष्टितः
भगवत्-तम-पाद-पङ्कजे भगवान् स प्र-णनाम भाग्यवान्",अज्ञातम्,42,10.971,plausible,1.0,1.00 exact,auto_accepted,,dge_linked,B,[],none (spot-check optional)
kamadhenu_dataset/incoming_audio/dge_linked/sumadhva_vijaya/smv7.51.mp3,sumadhva_vijaya,sarga_7,51,full,sumadhva_vijaya:sarga_7:51,"स निरीक्ष्य पराशरात्म-जः प्रणतं प्रेष्ठमशेष-सद्-गुणैः
करयोर्युगळेन वल्गुना तमुदस्थापयदाशु-पातिना",अज्ञातम्,42,12.434,plausible,1.0,1.00 exact,auto_accepted,,dge_linked,B,[],none (spot-check optional)
kamadhenu_dataset/incoming_audio/dge_linked/sumadhva_vijaya/smv7.52.mp3,sumadhva_vijaya,sarga_7,52,full,sumadhva_vijaya:sarga_7:52,"अमित-प्रमतिं श्रुतीश्वरः परिरेभे परिगृह्य तं द्रुतम्
प्रणयामृत-पूर्ण-मानसः स्मित-वक्त्रः परिफुल्ल-लोचनः",अज्ञातम्,42,12.591,plausible,1.0,1.00 exact,auto_accepted,,dge_linked,B,[],none (spot-check optional)
kamadhenu_dataset/incoming_audio/dge_linked/sumadhva_vijaya/smv7.53.mp3,sumadhva_vijaya,sarga_7,53,full,sumadhva_vijaya:sarga_7:53,"यमजाम्युदवास ऊर्जितो यदि जाम्बून-द-वारि संव्रजेत्
कनकद्युति-मध्व-सङ्गवान् उपमीयेत स तेन नील-भाः",अज्ञातम्,42,12.487,plausible,1.0,1.00 exact,auto_accepted,,dge_linked,B,[],none (spot-check optional)
kamadhenu_dataset/incoming_audio/dge_linked/sumadhva_vijaya/smv7.54.mp3,sumadhva_vijaya,sarga_7,54,full,sumadhva_vijaya:sarga_7:54,"यदि राज-विभूषणैर्युतौ द्विज-वर्य्यान्वयजाविमौ हरी
नृप-गोत्र-भुवोः पुराऽऽत्मनोः स्फुट-तुल्यावुप-गूढयोर्मिथः",अज्ञातम्,42,11.233,plausible,1.0,1.00 exact,auto_accepted,,dge_linked,B,[],none (spot-check optional)
kamadhenu_dataset/incoming_audio/dge_linked/sumadhva_vijaya/smv7.55.mp3,sumadhva_vijaya,sarga_7,55,full,sumadhva_vijaya:sarga_7:55,"इदमाप शुकोऽपि लाळनं न समग्रं जगतां पितुः पितुः
अलभिष्ट यदेष धन्य इ- त्यति-कौतूहलमापि तापसैः",अज्ञातम्,42,9.561,plausible,1.0,1.00 exact,auto_accepted,,dge_linked,B,[],none (spot-check optional)
kamadhenu_dataset/incoming_audio/dge_linked/sumadhva_vijaya/smv7.56.mp3,sumadhva_vijaya,sarga_7,56,full,sumadhva_vijaya:sarga_7:56,"अमुष्य शिष्या विनयेन तस्मै गुरोरभिप्राय-विदो विदग्धाः
तदाऽनु-रूपं ददुरासनं ते चतुर्मुखायेव मुकुन्द-दासाः",उपेन्द्रवज्रा,44,11.076,plausible,1.0,1.00 exact,auto_accepted,,dge_linked,B,[],none (spot-check optional)
kamadhenu_dataset/incoming_audio/dge_linked/sumadhva_vijaya/smv7.57.mp3,sumadhva_vijaya,sarga_7,57,full,sumadhva_vijaya:sarga_7:57,"आस्यतामित्युदीर्योपविष्टे सत्यवत्याः सुते सत्य-वाचि
नन्दयन् मन्द-हासावलोकै- स्तान् मुनीन्द्रानिहोपाविशत् सः",अज्ञातम्,40,12.748,plausible,1.0,1.00 exact,auto_accepted,,dge_linked,B,[],none (spot-check optional)
kamadhenu_dataset/incoming_audio/dge_linked/sumadhva_vijaya/smv7.58.mp3,sumadhva_vijaya,sarga_7,58,full,sumadhva_vijaya:sarga_7:58,"अवगम्य तं मुनि-गणा वरिष्ठतो विधिवद् व्यधुर्विधि-विदोऽस्य माननाम्
अपि सङ्कथाः श्रुति-सुखाः कवीन्द्रयो- रनयोर्निशम्य परमां मुदं ययुः",मञ्जुभाषिणी,52,15.778,plausible,1.0,1.00 exact,auto_accepted,,dge_linked,B,[],none (spot-check optional)
kamadhenu_dataset/incoming_audio/dge_linked/sumadhva_vijaya/smv7.59.mp3,sumadhva_vijaya,sarga_7,59,full,sumadhva_vijaya:sarga_7:59,"सज्ज्ञानायाऽनन्द-विज्ञान-मूर्ती प्राप्तौ पृथ्वीमाश्रमे तत्र तावत्
जाज्वल्येते विष्णु-वायू स्म देवौ वेदव्यासानन्द-तीर्थाभिधानौ",शालिनी,44,15.935,plausible,1.0,1.00 exact,auto_accepted,,dge_linked,B,[],none (spot-check optional)
kamadhenu_dataset/incoming_audio/dge_linked/sumadhva_vijaya/smv7.6.mp3,sumadhva_vijaya,sarga_7,6,full,sumadhva_vijaya:sarga_7:6,"कनकातुल-ताल-सन्निभः कमलाक्षो विमलेन्दु-सन्मुखः
गज-राज-गतिर्महा-भुजः प्रतियान् कोऽयमपूर्व-पूरुषः",अज्ञातम्,42,12.8,plausible,1.0,1.00 exact,auto_accepted,,dge_linked,B,[],none (spot-check optional)
kamadhenu_dataset/incoming_audio/dge_linked/sumadhva_vijaya/smv7.7.mp3,sumadhva_vijaya,sarga_7,7,full,sumadhva_vijaya:sarga_7:7,"अति-शान्त-वपुर्निशा-करः स्वयमेकान्त-खरो दिवा-करः
इति नास्य गुणार्णवाकृते- रुपमानं भुवनेषु लभ्यते",अज्ञातम्,42,11.964,plausible,1.0,1.00 exact,auto_accepted,,dge_linked,B,[],none (spot-check optional)
kamadhenu_dataset/incoming_audio/dge_linked/sumadhva_vijaya/smv7.8.mp3,sumadhva_vijaya,sarga_7,8,full,sumadhva_vijaya:sarga_7:8,"परमाश्रमिणां गत-श्रमो ननु चिह्नानि बिभर्त्ति धीर-धीः
अपि मानुष-भाव-विग्रहो विपुलं विस्मयमातनोति नः",अज्ञातम्,42,12.434,plausible,1.0,1.00 exact,auto_accepted,,dge_linked,B,[],none (spot-check optional)
kamadhenu_dataset/incoming_audio/dge_linked/sumadhva_vijaya/smv7.9.mp3,sumadhva_vijaya,sarga_7,9,full,sumadhva_vijaya:sarga_7:9,"चतुरश्चतुराननः स्वयं पवनो वा व्रतिरूप आव्रजन्
श्रुति-नाथ-दिदृक्षयाऽन्यथा न खलु स्यान्निखिलाग्य-लक्ष्मवान्",अज्ञातम्,42,12.852,plausible,1.0,1.00 exact,auto_accepted,,dge_linked,B,[],none (spot-check optional)
kamadhenu_dataset/incoming_audio/dge_linked/sumadhva_vijaya/smv8.1.mp3,sumadhva_vijaya,sarga_8,1,full,sumadhva_vijaya:sarga_8:1,"प्रतिभा-प्रभा-प्रमुख-सद्-गुणैर्निजै- रति-विस्मयं नियमिनां मनो नयन्
पुरु-धीः कदाचिदथ वेद-नायकं वि-जने शनैरुपससाद तं वने",मञ्जुभाषिणी,52,13.584,plausible,1.0,1.00 exact,auto_accepted,,dge_linked,B,[],none (spot-check optional)
kamadhenu_dataset/incoming_audio/dge_linked/sumadhva_vijaya/smv8.10.mp3,sumadhva_vijaya,sarga_8,10,full,sumadhva_vijaya:sarga_8:10,"जगतां चतुर्दश-तयं चतुर्मुख- प्रमुखैर्युतं प्रळयमा-निनाय यः
सममुल्लसन् कमलयैव केवलं परमः स एष हि पुराण-पूरुषः",मञ्जुभाषिणी,52,11.964,plausible,1.0,1.00 exact,auto_accepted,,dge_linked,B,[],none (spot-check optional)
kamadhenu_dataset/incoming_audio/dge_linked/sumadhva_vijaya/smv8.11.mp3,sumadhva_vijaya,sarga_8,11,full,sumadhva_vijaya:sarga_8:11,"त्रिगुणाकृति-प्रकृति-तो गुरुं तत- स्त्रिविधामहङ्कृतिममर्त्य-खान्यतः
अपि भूत-पञ्चकमितोऽण्ड-मण्डलं भगवानसाविह जगन्ति चासृजत्",मञ्जुभाषिणी,52,11.651,plausible,1.0,1.00 exact,auto_accepted,,dge_linked,B,[],none (spot-check optional)
kamadhenu_dataset/incoming_audio/dge_linked/sumadhva_vijaya/smv8.12.mp3,sumadhva_vijaya,sarga_8,12,full,sumadhva_vijaya:sarga_8:12,"विधि-वायु-वीन्द्र-शिव-कौशिकेशकान् अमरामरानुग-नरासुरादिकान्
सृजति प्र-पालयति हन्ति सन्ततं स्व-गतिं प्र-यापयति चैष लीलया",मञ्जुभाषिणी,52,12.121,plausible,1.0,1.00 exact,auto_accepted,,dge_linked,B,[],none (spot-check optional)
kamadhenu_dataset/incoming_audio/dge_linked/sumadhva_vijaya/smv8.13.mp3,sumadhva_vijaya,sarga_8,13,full,sumadhva_vijaya:sarga_8:13,"अगणय्य-सद्-गुण-गणो विदूषणः स्व-वशाखिलोऽप्यनुपचारतः स्वयम्
स्मृति-कीर्त्तन-प्रणतिभिर्विमुक्तये स्व-जनस्य यात्ययमनेक-रूपताम्",मञ्जुभाषिणी,52,11.651,plausible,1.0,1.00 exact,auto_accepted,,dge_linked,B,[],none (spot-check optional)
kamadhenu_dataset/incoming_audio/dge_linked/sumadhva_vijaya/smv8.14.mp3,sumadhva_vijaya,sarga_8,14,full,sumadhva_vijaya:sarga_8:14,"चतुराननाय चतुरः पुराऽगमान् प्रददावसावनिमिषेश्वरः प्रभुः
विनिहत्य हि श्रुति-मुषं पुरातनं वपुषोद्धतं हय-मुखेन सद्रिपुम्",मञ्जुभाषिणी,52,12.382,plausible,1.0,1.00 exact,auto_accepted,,dge_linked,B,[],none (spot-check optional)
kamadhenu_dataset/incoming_audio/dge_linked/sumadhva_vijaya/smv8.15.mp3,sumadhva_vijaya,sarga_8,15,full,sumadhva_vijaya:sarga_8:15,"अमरेन्द्र-वैरि-भुज-दण्ड-मण्डल- प्रतिकर्ष-पुष्कर-पतद्धरोद्धृतिः
विदधे वराहवपुषाऽमुनोर्मिमत्- सृति-सिन्धु-कच्छप-तयाऽऽप्त-रक्षिणा",मञ्जुभाषिणी,52,11.807,plausible,1.0,1.00 exact,auto_accepted,,dge_linked,B,[],none (spot-check optional)
kamadhenu_dataset/incoming_audio/dge_linked/sumadhva_vijaya/smv8.16.mp3,sumadhva_vijaya,sarga_8,16,full,sumadhva_vijaya:sarga_8:16,"नरसिंह एष विददार दारुणं प्रतिघोदयेनखरचक्रतेजसा
स्व-रिपुं क्षणेन सरसः स्फुरत्-तनुं पृथु-सत्त्वमिष्ट-जन-भीति-भञ्जनः",मञ्जुभाषिणी,52,11.494,plausible,1.0,1.00 exact,auto_accepted,,dge_linked,B,[],none (spot-check optional)
kamadhenu_dataset/incoming_audio/dge_linked/sumadhva_vijaya/smv8.17.mp3,sumadhva_vijaya,sarga_8,17,full,sumadhva_vijaya:sarga_8:17,"अपि वामनो लळित-बाल्यवानयं प्रतिभा-बलेन कृत-दैत्य-कौतुकः
उपधेरधः-कृत-बलीन्द्र-शात्रवः स्व-जनाय केवलमदात् परं पदम्",मञ्जुभाषिणी,52,11.389,plausible,1.0,1.00 exact,auto_accepted,,dge_linked,B,[],none (spot-check optional)
kamadhenu_dataset/incoming_audio/dge_linked/sumadhva_vijaya/smv8.18.mp3,sumadhva_vijaya,sarga_8,18,full,sumadhva_vijaya:sarga_8:18,"कथयन्त्यमुं परशुभासमान-गो- हत-मर्त्य-देव-तमसं मुहुर्मुहुः
जगतां हितं हरिमिवापरं हरिं गुरु-शक्ति-तापस-वरान्वयोद्भवम्",मञ्जुभाषिणी,52,11.86,plausible,1.0,1.00 exact,auto_accepted,,dge_linked,B,[],none (spot-check optional)
kamadhenu_dataset/incoming_audio/dge_linked/sumadhva_vijaya/smv8.19.mp3,sumadhva_vijaya,sarga_8,19,full,sumadhva_vijaya:sarga_8:19,"करुणाकरः सवसु-देव-मोद-दो भगवान् पुरा [ ] हिम-करान्वयेऽभवत्
जितवान् दिशो दशरथोऽग्य-सम्पदो जनको बभूव भुवि यस्य वैरिहा",मञ्जुभाषिणी,52,11.389,plausible,1.0,1.00 exact,auto_accepted,,dge_linked,B,[],none (spot-check optional)
kamadhenu_dataset/incoming_audio/dge_linked/sumadhva_vijaya/smv8.2.mp3,sumadhva_vijaya,sarga_8,2,full,sumadhva_vijaya:sarga_8:2,"सु-विशेष-शेषवदशेष-वर्णित- प्रतिबोद्धुरस्य ननु शिष्यतोचिता
गुरुमानसस्य गुरुताऽपि सत्-पते- रिति सोपसत्तिरमरैरमान्यत",मञ्जुभाषिणी,52,13.166,plausible,1.0,1.00 exact,auto_accepted,,dge_linked,B,[],none (spot-check optional)
kamadhenu_dataset/incoming_audio/dge_linked/sumadhva_vijaya/smv8.20.mp3,sumadhva_vijaya,sarga_8,20,full,sumadhva_vijaya:sarga_8:20,"भुजगेश्वरोऽपि भुवनेश्वर-प्रियः समजन्यथारि-दर-जन्म भुव्यभूत्
तममुष्य कान्ति-विजितेन्दुमग्रजं रमणीयमाहुरिह राम-नामकम्",मञ्जुभाषिणी,52,11.128,plausible,1.0,1.00 exact,auto_accepted,,dge_linked,B,[],none (spot-check optional)
kamadhenu_dataset/incoming_audio/dge_linked/sumadhva_vijaya/smv8.21.mp3,sumadhva_vijaya,sarga_8,21,full,sumadhva_vijaya:sarga_8:21,"जनकेन सोऽथ विरहासहिष्णुना मुहुरादृतो वनमनीयत प्रभुः
चकितेन दुष्ट-जनतस्तपस्विना तत आसुरीं निशिचरीं जघान सः",मञ्जुभाषिणी,52,12.748,plausible,1.0,1.00 exact,auto_accepted,,dge_linked,B,[],none (spot-check optional)
kamadhenu_dataset/incoming_audio/dge_linked/sumadhva_vijaya/smv8.22.mp3,sumadhva_vijaya,sarga_8,22,full,sumadhva_vijaya:sarga_8:22,"मुनि-सप्त-तन्तु-कृत-वैर-बन्धनं कटु-केश्यरिष्ट-पदमुख्य-दुर्जनम्
क्षपयन्तमुद्यत-सुबाहुमाहवे तमथाभ्यनन्ददमरादि-सद्-गणः",मञ्जुभाषिणी,52,11.86,plausible,1.0,1.00 exact,auto_accepted,,dge_linked,B,[],none (spot-check optional)
kamadhenu_dataset/incoming_audio/dge_linked/sumadhva_vijaya/smv8.23.mp3,sumadhva_vijaya,sarga_8,23,full,sumadhva_vijaya:sarga_8:23,"सवने विकस्वर-गुण-स्वर-द्विजे स्फुरिते चरन् सकल-गोकुल-प्रियः
इत-काम-तापसरसाईधी-गिरः प्रतिलाळयन्नरमतैष सुन्दरीः",अज्ञातम्,52,11.912,plausible,1.0,1.00 exact,auto_accepted,,dge_linked,B,[],none (spot-check optional)
kamadhenu_dataset/incoming_audio/dge_linked/sumadhva_vijaya/smv8.24.mp3,sumadhva_vijaya,sarga_8,24,full,sumadhva_vijaya:sarga_8:24,"सहजान्वितः सकल-मित्र-संयुतो मधुरां पुरीं जनक-वल्लभां गतः
प्र-विशन्निमां स जगदेक-सुन्दरो नर-नार्युदार-नयनोत्सवोऽभवत्",मञ्जुभाषिणी,52,12.382,plausible,1.0,1.00 exact,auto_accepted,,dge_linked,B,[],none (spot-check optional)
kamadhenu_dataset/incoming_audio/dge_linked/sumadhva_vijaya/smv8.25.mp3,sumadhva_vijaya,sarga_8,25,full,sumadhva_vijaya:sarga_8:25,"अथ खण्डितेश्वर-धनुः स लीलया क्षपितोग्र-सेन-नृप-पुत्र-पौरुषः
समुपास्य विप्र-गुरुमब्ज-भू-गुरुः स्व-जनानमोदयदमेय-तेजसा",मञ्जुभाषिणी,52,12.121,plausible,1.0,1.00 exact,auto_accepted,,dge_linked,B,[],none (spot-check optional)
kamadhenu_dataset/incoming_audio/dge_linked/sumadhva_vijaya/smv8.26.mp3,sumadhva_vijaya,sarga_8,26,full,sumadhva_vijaya:sarga_8:26,"कमलामयं कमल-पत्र-लोचनां भुवमागतां नृप-सुतां गृहीतवान्
निज-लीलया विजित-राज-शात्रवो मुदमापदाप्य पुरमब्धि-दुर्गमम्",मञ्जुभाषिणी,52,12.225,plausible,1.0,1.00 exact,auto_accepted,,dge_linked,B,[],none (spot-check optional)
kamadhenu_dataset/incoming_audio/dge_linked/sumadhva_vijaya/smv8.27.mp3,sumadhva_vijaya,sarga_8,27,full,sumadhva_vijaya:sarga_8:27,"स जगाम मातृ-जन-तुष्टये किल त्वरितो[ ] वनं विदधदीप्सितं सताम्
सह भार्य्ययाऽपि शुभया महा-जय- ध्वज-लक्ष्मणाग्य-सुहृदा विना [ ] मुदा",मञ्जुभाषिणी,52,11.285,plausible,1.0,1.00 exact,auto_accepted,,dge_linked,B,[],none (spot-check optional)
kamadhenu_dataset/incoming_audio/dge_linked/sumadhva_vijaya/smv8.28.mp3,sumadhva_vijaya,sarga_8,28,full,sumadhva_vijaya:sarga_8:28,"समतीत-पर्वत-पुरोग-दुर्गमः खर-दूषणादि-सु-जन-द्विषो बहून्
स निहत्य विश्व-भय-दं सु-दुस्सहं नरकं महा-तम उतानयत् क्रमात्",मञ्जुभाषिणी,52,11.442,plausible,1.0,1.00 exact,auto_accepted,,dge_linked,B,[],none (spot-check optional)
kamadhenu_dataset/incoming_audio/dge_linked/sumadhva_vijaya/smv8.29.mp3,sumadhva_vijaya,sarga_8,29,full,sumadhva_vijaya:sarga_8:29,"रुचिराश्रमाजिरचिताग्य-तेजसा प्रियया प्रियो भुवन-मान्यया समम्
भृशमाकुली-कृत-मद-प्रमादवत्- सुरपारिजात-हृदवाप धाम सः",मञ्जुभाषिणी,52,11.964,plausible,1.0,1.00 exact,auto_accepted,,dge_linked,B,[],none (spot-check optional)
kamadhenu_dataset/incoming_audio/dge_linked/sumadhva_vijaya/smv8.3.mp3,sumadhva_vijaya,sarga_8,3,full,sumadhva_vijaya:sarga_8:3,"पुर एव पूरितमपूरयत् पुन- र्ननु कृष्ण एष परमार्थ-सङ्ख्यया
भगवन्मनः पुरमिवाऽयतं पुरा निज-धाम तां च जगृहे तदद्भुतम्",मञ्जुभाषिणी,52,12.696,plausible,1.0,1.00 exact,auto_accepted,,dge_linked,B,[],none (spot-check optional)
kamadhenu_dataset/incoming_audio/dge_linked/sumadhva_vijaya/smv8.30.mp3,sumadhva_vijaya,sarga_8,30,full,sumadhva_vijaya:sarga_8:30,"हरितामधीश-नर-देव-मण्डलं दशकं विजित्य पर-भीषणं मुहुः
स्फुरितामिह प्रिय-तमां निज-श्रियं भगवानुपैक्षत हरन्तमप्रियम्",मञ्जुभाषिणी,52,11.285,plausible,1.0,1.00 exact,auto_accepted,,dge_linked,B,[],none (spot-check optional)
kamadhenu_dataset/incoming_audio/dge_linked/sumadhva_vijaya/smv8.31.mp3,sumadhva_vijaya,sarga_8,31,full,sumadhva_vijaya:sarga_8:31,"अभिनन्दितः पवन-नन्दनादिभिः स कदाचिदिन्द्र-सुत-वर्द्धको गवा
निज-राज्यमात्म-दयिताय दत्तवान् हरि-सूनवे हत-विपक्षमुत्तमम्",मञ्जुभाषिणी,52,12.225,plausible,1.0,1.00 exact,auto_accepted,,dge_linked,B,[],none (spot-check optional)
kamadhenu_dataset/incoming_audio/dge_linked/sumadhva_vijaya/smv8.32.mp3,sumadhva_vijaya,sarga_8,32,full,sumadhva_vijaya:sarga_8:32,"मुदमाप्य तत्र दयितोरु-वार्त्तया मधु-हा मरुत्सुत-मुख-प्रवृत्तया
हरि-तिग्म-चक्र-लसितोऽब्धि-मद्ध्य-गं प्रययौ स पुण्य-जन-सेवितं पुरम्",मञ्जुभाषिणी,52,12.121,plausible,1.0,1.00 exact,auto_accepted,,dge_linked,B,[],none (spot-check optional)
kamadhenu_dataset/incoming_audio/dge_linked/sumadhva_vijaya/smv8.33.mp3,sumadhva_vijaya,sarga_8,33,full,sumadhva_vijaya:sarga_8:33,"पृथु-कुम्भ-कर्ण-गज-राजमुद्धतं स-सहो [ ] दरं स-विबुधेन्द्र-शात्रवम्
धरणी-भरं पृथुल-चक्रमक्षिणो- न्निशितेषु-चक्र-कृत-विक्रमः प्रभुः",मञ्जुभाषिणी,52,11.389,plausible,1.0,1.00 exact,auto_accepted,,dge_linked,B,[],none (spot-check optional)
kamadhenu_dataset/incoming_audio/dge_linked/sumadhva_vijaya/smv8.34.mp3,sumadhva_vijaya,sarga_8,34,full,sumadhva_vijaya:sarga_8:34,"अथ भार्य्यया हुतवहं प्रविष्टया सहितः सहोदर-पुरस्सरैरपि
अयमाप्य धाम चिरमिष्ट-दः सतां निज-मूल-रूप-परमैक्यमेयिवान्",मञ्जुभाषिणी,52,12.121,plausible,1.0,1.00 exact,auto_accepted,,dge_linked,B,[],none (spot-check optional)
kamadhenu_dataset/incoming_audio/dge_linked/sumadhva_vijaya/smv8.35.mp3,sumadhva_vijaya,sarga_8,35,full,sumadhva_vijaya:sarga_8:35,"महि-दास-पूज्य-चरणो द्विजादभूद् विदितात् स विष्णु-यशसोऽमलात्मनः
इह यो दधे जगति पापशान्तये बहुधामहेतिमति-दीप्त-गो-स्थितिम्",मञ्जुभाषिणी,52,12.225,plausible,1.0,1.00 exact,auto_accepted,,dge_linked,B,[],none (spot-check optional)
kamadhenu_dataset/incoming_audio/dge_linked/sumadhva_vijaya/smv8.36.mp3,sumadhva_vijaya,sarga_8,36,full,sumadhva_vijaya:sarga_8:36,"सु-तपो-रुचेरयमपाप-कर्द्दमा- न्ननु मानवी-तनयतामुपेयिवान्
समयेन भूरि-निज-भक्ति-पूरितान् समजीजनत् सु-मनसः स देव-राट्",मञ्जुभाषिणी,52,12.748,plausible,1.0,1.00 exact,auto_accepted,,dge_linked,B,[],none (spot-check optional)
kamadhenu_dataset/incoming_audio/dge_linked/sumadhva_vijaya/smv8.37.mp3,sumadhva_vijaya,sarga_8,37,full,sumadhva_vijaya:sarga_8:37,"सु-बृहत्-पयोधर-मिथः-प्रसंहति- प्रकटी-भवत्-परम-यौवनाकृतिः
असुराहितां वर-विलासिनी तनुः प्रददावमुष्य सुर-राशये सुधाम्",मञ्जुभाषिणी,52,11.755,plausible,1.0,1.00 exact,auto_accepted,,dge_linked,B,[],none (spot-check optional)
kamadhenu_dataset/incoming_audio/dge_linked/sumadhva_vijaya/smv8.38.mp3,sumadhva_vijaya,sarga_8,38,full,sumadhva_vijaya:sarga_8:38,"सु-जनाय दत्त-पद आत्म-शुद्धिदः सु-कुमार-रूप्यभवदेष शाश्वतः
अनसूयया शुचि-मनीषया धृतः परमादरेण मुनि-पुङ्गवोढया",मञ्जुभाषिणी,52,10.971,plausible,1.0,1.00 exact,auto_accepted,,dge_linked,B,"[""exact_duplicate""]",none (spot-check optional)
kamadhenu_dataset/incoming_audio/dge_linked/sumadhva_vijaya/smv8.39.mp3,sumadhva_vijaya,sarga_8,39,full,sumadhva_vijaya:sarga_8:39,"दयितः सतामृषभ एष भू-धरो वपुरुद्वहन् परम-हंस-लक्षणम्
व्यहरद्-वळक्ष-तम-पक्ष-शोभनं पर-तत्व-लिप्सु-सनकादि-वन्दितः",मञ्जुभाषिणी,52,10.971,plausible,1.0,1.00 exact,auto_accepted,,dge_linked,B,"[""exact_duplicate""]",none (spot-check optional)
kamadhenu_dataset/incoming_audio/dge_linked/sumadhva_vijaya/smv8.4.mp3,sumadhva_vijaya,sarga_8,4,full,sumadhva_vijaya:sarga_8:4,"इतिहास-सुन्दर-पुराण-सूत्र-सत्- प्रिय-पञ्चरात्र-निज-भाव-संयुतम्
अशृणोदनन्त-हृदनन्ततोऽचिरात् परमार्थमप्यगणितागमावलेः",मञ्जुभाषिणी,52,13.061,plausible,1.0,1.00 exact,auto_accepted,,dge_linked,B,[],none (spot-check optional)
kamadhenu_dataset/incoming_audio/dge_linked/sumadhva_vijaya/smv8.40.mp3,sumadhva_vijaya,sarga_8,40,full,sumadhva_vijaya:sarga_8:40,"उदपादि धर्म-तनयो ह्ययं हरि- र्नर-देव-सोदर उदार-विक्रमः
अपि कृष्ण इत्यभिहितो मुदे सतां स्वयमेव यस्य सहजो व्यजायत",मञ्जुभाषिणी,52,10.762,plausible,1.0,1.00 exact,auto_accepted,,dge_linked,B,[],none (spot-check optional)
kamadhenu_dataset/incoming_audio/dge_linked/sumadhva_vijaya/smv8.41.mp3,sumadhva_vijaya,sarga_8,41,full,sumadhva_vijaya:sarga_8:41,"परमात्मने सततमेक-रूपिणे दश-रूपिणे शत-सहस्र-रूपिणे
अविकारिणे स्फुटमनन्त-रूपिणे सुख-चित्-समस्त-तनवे नमो नमः",मञ्जुभाषिणी,52,12.8,plausible,1.0,1.00 exact,auto_accepted,,dge_linked,B,[],none (spot-check optional)
kamadhenu_dataset/incoming_audio/dge_linked/sumadhva_vijaya/smv8.42.mp3,sumadhva_vijaya,sarga_8,42,full,sumadhva_vijaya:sarga_8:42,"इति चिन्तयन्नविरळान्तरो हरिं प्रणनाम स-प्रणयमादृतोऽमुना
अजितौ परस्पर-सभाजितौ स तौ निकषा निषीदति पुरोपवेशिनौ",मञ्जुभाषिणी,52,12.434,plausible,1.0,1.00 exact,auto_accepted,,dge_linked,B,[],none (spot-check optional)
kamadhenu_dataset/incoming_audio/dge_linked/sumadhva_vijaya/smv8.43.mp3,sumadhva_vijaya,sarga_8,43,full,sumadhva_vijaya:sarga_8:43,"विविधा विधाय किल तत्र सङ्कथा वदनं मुनीन्द्र-तनयस्य सुन्दरम्
अवलोक्य लोक-पतिरानतं महा- सुख-तीर्थमाह रहसि स्म गामिमाम्",मञ्जुभाषिणी,52,12.852,plausible,1.0,1.00 exact,auto_accepted,,dge_linked,B,[],none (spot-check optional)
kamadhenu_dataset/incoming_audio/dge_linked/sumadhva_vijaya/smv8.44.mp3,sumadhva_vijaya,sarga_8,44,full,sumadhva_vijaya:sarga_8:44,"शृणु देव-कार्य्यमव-धार्य्य धैर्य्यवद् यदुदीर्य्यमाणमिदमार्य्य-सम्मतम्
भविताऽन्य-दुष्कर-तरं विधाय तत् तरुणं तवाव-तरणं महाफलम्",मञ्जुभाषिणी,52,12.591,plausible,1.0,1.00 exact,auto_accepted,,dge_linked,B,[],none (spot-check optional)
kamadhenu_dataset/incoming_audio/dge_linked/sumadhva_vijaya/smv8.45.mp3,sumadhva_vijaya,sarga_8,45,full,sumadhva_vijaya:sarga_8:45,"अपिधाय सूत्र-हृदयं सतां प्रियं प्रविधाय भाष्यमधुना निजेच्छया
अपरैः श्रुति-स्मृति-निजार्थ-दूषकैः सुतरां तिरोभवति संविदाहता",मञ्जुभाषिणी,52,13.427,plausible,1.0,1.00 exact,auto_accepted,,dge_linked,B,[],none (spot-check optional)
kamadhenu_dataset/incoming_audio/dge_linked/sumadhva_vijaya/smv8.46.mp3,sumadhva_vijaya,sarga_8,46,full,sumadhva_vijaya:sarga_8:46,"अप-नेतुमेनमनयं कृतं खलैः प्रति-नेतुमात्म-जनतां शुभां गतिम्
कुरु सूत्र-भाष्यमविळम्बितं व्रजेः सु-मतेन योजय कवे श्रुति-स्मृतीः",मञ्जुभाषिणी,52,12.905,plausible,1.0,1.00 exact,auto_accepted,,dge_linked,B,[],none (spot-check optional)
kamadhenu_dataset/incoming_audio/dge_linked/sumadhva_vijaya/smv8.47.mp3,sumadhva_vijaya,sarga_8,47,full,sumadhva_vijaya:sarga_8:47,"अमितां मितामपि गिरं जगद्-गुरो- रिति तां निशम्य विरळेतरान्तरः
वदतां वरस्तमवदत् तदा तयो- र्विरहाक्षमः खलु चराचरेशयोः",मञ्जुभाषिणी,52,12.748,plausible,1.0,1.00 exact,auto_accepted,,dge_linked,B,[],none (spot-check optional)
kamadhenu_dataset/incoming_audio/dge_linked/sumadhva_vijaya/smv8.48.mp3,sumadhva_vijaya,sarga_8,48,full,sumadhva_vijaya:sarga_8:48,"भवतोरितः सतत-सेवनामृते मम मङ्कुमस्तु भगन्ननुग्रहः
न लभेय वल्लभ-तमेदृशं सुखं जगतां त्रयेऽपि जगदेक-मङ्गलम्",अज्ञातम्,51,13.636,plausible,1.0,1.00 exact,auto_accepted,,dge_linked,B,[],none (spot-check optional)
kamadhenu_dataset/incoming_audio/dge_linked/sumadhva_vijaya/smv8.49.mp3,sumadhva_vijaya,sarga_8,49,full,sumadhva_vijaya:sarga_8:49,"कलि-काल-कालित-गुणे धरा-तळे सु-जनो न नूनमधुनाऽस्ति योग्य-धीः
पर-तत्व-वर्णनमयोग्यता-वते ननु हव्य-दानमिव निन्द्यते शुने",मञ्जुभाषिणी,52,13.74,plausible,1.0,1.00 exact,auto_accepted,,dge_linked,B,[],none (spot-check optional)
kamadhenu_dataset/incoming_audio/dge_linked/sumadhva_vijaya/smv8.5.mp3,sumadhva_vijaya,sarga_8,5,full,sumadhva_vijaya:sarga_8:5,"ऋजु-पुङ्गवस्य परि-जानतः स्वयं सकलं तदप्यलमनन्त-जन्मसु
स्व-कृतोर्वनुग्रह-बलादमुष्य तां विशिशेष शेष-शयनः पुनर्द्धियम्",मञ्जुभाषिणी,52,12.696,plausible,1.0,1.00 exact,auto_accepted,,dge_linked,B,[],none (spot-check optional)
kamadhenu_dataset/incoming_audio/dge_linked/sumadhva_vijaya/smv8.50.mp3,sumadhva_vijaya,sarga_8,50,full,sumadhva_vijaya:sarga_8:50,"इति तं ब्रुवाणमयमब्रवीद् विभु- भुवि सन्ति सौम्य पुरुषा गुणोचिताः
विमलान् मणीनिव गुणोज्झितानिमान् दयया वि-शोधय विशुद्ध-गो-गणैः",मञ्जुभाषिणी,52,12.539,plausible,1.0,1.00 exact,auto_accepted,,dge_linked,B,[],none (spot-check optional)
kamadhenu_dataset/incoming_audio/dge_linked/sumadhva_vijaya/smv8.51.mp3,sumadhva_vijaya,sarga_8,51,full,sumadhva_vijaya:sarga_8:51,"तव कीर्त्तिरार्त्तिमति-मात्रमानये- दशुभान् प्रभाकर-विभेव कौशिकान्
कमला-करानिव शुभान् प्रबोधयेत् परमाज्ञया मम विशेषतोऽनिशम्",मञ्जुभाषिणी,52,11.651,plausible,1.0,1.00 exact,auto_accepted,,dge_linked,B,[],none (spot-check optional)
kamadhenu_dataset/incoming_audio/dge_linked/sumadhva_vijaya/smv8.52.mp3,sumadhva_vijaya,sarga_8,52,full,sumadhva_vijaya:sarga_8:52,"इति सा मही-धरमुखाद् विनिःसृता जगतां सुखाय विशदा सरस्वती
द्विज-राज-गो-विषयताति-पूरितं प्र-विवेश मध्व-पृथु-बुद्धि-वारिधिम्",मञ्जुभाषिणी,52,11.076,plausible,1.0,1.00 exact,auto_accepted,,dge_linked,B,[],none (spot-check optional)
kamadhenu_dataset/incoming_audio/dge_linked/sumadhva_vijaya/smv8.53.mp3,sumadhva_vijaya,sarga_8,53,full,sumadhva_vijaya:sarga_8:53,"मतमित्यवेत्य महितं महतो- रभिधाय बाढमिति धीर-मतिः
अनयोर्नियोगमधिरोपितवान् स्व-शिरस्यनन्य-सुवहं प्रणमन्",प्रमिताक्षरा,48,10.971,plausible,1.0,1.00 exact,auto_accepted,,dge_linked,B,[],none (spot-check optional)
kamadhenu_dataset/incoming_audio/dge_linked/sumadhva_vijaya/smv8.54.mp3,sumadhva_vijaya,sarga_8,54,full,sumadhva_vijaya:sarga_8:54,"आम्नायास्त्रय इव तत्व-बोधकास्ते पाप-घ्नास्त्रय इव पावकाः प्रजानाम्
लोका वा सकल-भृतस्त्रयोऽत्र रेजुः सानन्दा मुनि-सुत-धर्म-सूनु-मध्वाः",प्रहर्षिणी,52,13.27,plausible,1.0,1.00 exact,auto_accepted,,dge_linked,B,[],none (spot-check optional)
kamadhenu_dataset/incoming_audio/dge_linked/sumadhva_vijaya/smv8.6.mp3,sumadhva_vijaya,sarga_8,6,full,sumadhva_vijaya:sarga_8:6,"अथ बादरायण-सहाय-सम्पदा प्रययौ प्रणन्तुममितान्तरो युतः
अपि नादिरायण-पदोदितं हरे- र्वपुरन्तरं लसितमाश्रमान्तरे",मञ्जुभाषिणी,52,12.121,plausible,1.0,1.00 exact,auto_accepted,,dge_linked,B,[],none (spot-check optional)
kamadhenu_dataset/incoming_audio/dge_linked/sumadhva_vijaya/smv8.7.mp3,sumadhva_vijaya,sarga_8,7,full,sumadhva_vijaya:sarga_8:7,"तमपश्यदाश्रम-वरे प्रभूतधी- ज्ज्वलनं ज्वलन्तमिव धूम-वर्जितम्
वर-वल्कलाकलित-मौञ्जि-मेखलं विलसज्जटा-वलयमादि-पूरुषम्",मञ्जुभाषिणी,52,12.591,plausible,1.0,1.00 exact,auto_accepted,,dge_linked,B,[],none (spot-check optional)
kamadhenu_dataset/incoming_audio/dge_linked/sumadhva_vijaya/smv8.8.mp3,sumadhva_vijaya,sarga_8,8,full,sumadhva_vijaya:sarga_8:8,"अतिदुर्जयेन्द्रिय-जयादि-रूपिणा तपसा वसन्तमिव सन्ततं वने
निज-रूप-भूत-निरपेक्ष-निर्मल- प्रचुरात्म-सौख्य-रतमप्यनारतम्",मञ्जुभाषिणी,52,11.912,plausible,1.0,1.00 exact,auto_accepted,,dge_linked,B,[],none (spot-check optional)
kamadhenu_dataset/incoming_audio/dge_linked/sumadhva_vijaya/smv8.9.mp3,sumadhva_vijaya,sarga_8,9,full,sumadhva_vijaya:sarga_8:9,"नयन-द्वयेन नळिन-प्रभा-मुषा परि-फुल्लता-विलसितेन विस्मयात्
तमवेक्ष्य धर्म-जमधर्म-दुर्लभं मनसेति भूरितर-मानसोऽस्मरत्",मञ्जुभाषिणी,52,13.375,plausible,1.0,1.00 exact,auto_accepted,,dge_linked,B,[],none (spot-check optional)
kamadhenu_dataset/incoming_audio/dge_linked/sumadhva_vijaya/smv9.15.mp3,sumadhva_vijaya,sarga_9,15,full,sumadhva_vijaya:sarga_9:15,"प्राज्ञ-वित्तमयमाप्तुमागतैः
पण्डितैर्द्वि-नव-शाखिभिः श्रुतीः
प्रस्तुता अभिदधौ परीक्षकैः
षट् च तत्र समयानखण्डयत्",रथोद्धता,44,11.807,plausible,1.0,1.00 exact,auto_accepted,,dge_linked,B,[],none (spot-check optional)
kamadhenu_dataset/incoming_audio/dge_linked/sumadhva_vijaya/smv9.16.mp3,sumadhva_vijaya,sarga_9,16,full,sumadhva_vijaya:sarga_9:16,"ते पृथक्-पृथगमुं स्व-शाखया
दर्शनेन च परीक्ष्य निर्जिताः
सर्व-वित् त्वमसि मुख्यतः कवे
नास्ति ते सदृश इत्यथाब्रुवन्",रथोद्धता,44,11.703,plausible,1.0,1.00 exact,auto_accepted,,dge_linked,B,[],none (spot-check optional)
kamadhenu_dataset/incoming_audio/dge_linked/sumadhva_vijaya/smv9.17.mp3,sumadhva_vijaya,sarga_9,17,full,sumadhva_vijaya:sarga_9:17,"यस्त्रयी-सकल-पक्ष-शिक्षक
स्तत्र संसदि वरिष्ठ-सम्मतः
शोभनोपपद-भट्ट-नामकः
पूर्ण-सङ्ख्यमनमन्मुहुर्मुदा",रथोद्धता,44,10.971,plausible,1.0,1.00 exact,auto_accepted,,dge_linked,B,[],none (spot-check optional)
kamadhenu_dataset/incoming_audio/dge_linked/sumadhva_vijaya/smv9.18.mp3,sumadhva_vijaya,sarga_9,18,full,sumadhva_vijaya:sarga_9:18,"यस्तु तार्किक-शिखा-मणिः सुधी
र्वर्त्तमान-समयान् निराकरोत्
वेद-भारत-पुराण-निष्ठितो
भाष्यमेतदशृणोत् स मध्वतः",रथोद्धता,44,12.434,plausible,1.0,1.00 exact,auto_accepted,,dge_linked,B,[],none (spot-check optional)
kamadhenu_dataset/incoming_audio/dge_linked/sumadhva_vijaya/smv9.19.mp3,sumadhva_vijaya,sarga_9,19,full,sumadhva_vijaya:sarga_9:19,"नापरेषु रतिमा-ययौ क्वचित्
भाष्यमद्भुतमिदं स शुश्रुवान्
नारविन्द-मकरन्दमाप्तवान्
अच्छ-पिच्छ इव वाञ्छतीतरत्",रथोद्धता,44,11.389,plausible,1.0,1.00 exact,auto_accepted,,dge_linked,B,[],none (spot-check optional)
kamadhenu_dataset/incoming_audio/dge_linked/sumadhva_vijaya/smv9.20.mp3,sumadhva_vijaya,sarga_9,20,full,sumadhva_vijaya:sarga_9:20,"तत्र-तत्र स सभासु भासुरो
नन्दि-तीर्थ-समयोक्त-युक्तिभिः
वादिनो विशकलय्य तान् समा
क्रम्य वाचमुचितामुदाहरत्",रथोद्धता,44,10.606,plausible,1.0,1.00 exact,auto_accepted,,dge_linked,B,[],none (spot-check optional)
kamadhenu_dataset/incoming_audio/dge_linked/sumadhva_vijaya/smv9.21.mp3,sumadhva_vijaya,sarga_9,21,full,sumadhva_vijaya:sarga_9:21,"चूर्ण-कृद् विविध-शङ्ख-चूर्णक
श्चूर्णनाय बहुधाऽप्यशक्नुवन्
अत्यजद् विफल-धीः प्रदक्षिणा
वर्त्त-वारि-जमनर्घमप्यहो",रथोद्धता,44,9.77,plausible,1.0,1.00 exact,auto_accepted,,dge_linked,B,[],none (spot-check optional)
kamadhenu_dataset/incoming_audio/dge_linked/sumadhva_vijaya/smv9.22.mp3,sumadhva_vijaya,sarga_9,22,full,sumadhva_vijaya:sarga_9:22,"अप्रमेय-मति-शास्त्रमीदृशं
यस्त्यजत्युपनतं सु-दुर्लभम्
तस्य तुल्य-मतिरेष दुर्ज्जनो
नाथवाऽस्य सदृशोऽस्ति नीच-धीः",रथोद्धता,44,10.397,plausible,1.0,1.00 exact,auto_accepted,,dge_linked,B,[],none (spot-check optional)
kamadhenu_dataset/incoming_audio/dge_linked/sumadhva_vijaya/smv9.23.mp3,sumadhva_vijaya,sarga_9,23,full,sumadhva_vijaya:sarga_9:23,"कोऽपि तं गुण-विशेषविच्च वि
क्रीय भूरि धनमाप पूरुषः
न ह्यनर्घ-गुण-मूल्यमाप्यते
भाग्य-दैवमिह योग्यतानुगम्",रथोद्धता,44,9.665,plausible,1.0,1.00 exact,auto_accepted,,dge_linked,B,[],none (spot-check optional)
kamadhenu_dataset/incoming_audio/dge_linked/sumadhva_vijaya/smv9.24.mp3,sumadhva_vijaya,sarga_9,24,full,sumadhva_vijaya:sarga_9:24,"व्यक्तमुन्नतिमितोऽप्ययं जन
स्तस्य यन्न लभतेऽखिलं फलम्
स्तोक-मानसतया ततो व्रजेत्
तस्य हन्त पुरुषस्य तुल्यताम्",रथोद्धता,44,10.083,plausible,1.0,1.00 exact,auto_accepted,,dge_linked,B,[],none (spot-check optional)
kamadhenu_dataset/incoming_audio/dge_linked/sumadhva_vijaya/smv9.25.mp3,sumadhva_vijaya,sarga_9,25,full,sumadhva_vijaya:sarga_9:25,"क्रीतवान् नर-पतिर्म्महादरं
सादरं पुनरुदार-चेष्टितः
अर्च्चयन् सततमाप सम्पदो
या न ता वचन-चित्त-गोचराः",रथोद्धता,44,9.874,plausible,1.0,1.00 exact,auto_accepted,,dge_linked,B,[],none (spot-check optional)
kamadhenu_dataset/incoming_audio/dge_linked/sumadhva_vijaya/smv9.26.mp3,sumadhva_vijaya,sarga_9,26,full,sumadhva_vijaya:sarga_9:26,"शास्त्र-कल्पक-तरोरमुष्य कः
प्राप्नुयात् सकलमप्यहो फलम्
यस्तमुत्तम-गुणं विडम्बयेद्
इत्युदीर्य्य स जनानरञ्जयत्",रथोद्धता,44,9.091,plausible,1.0,1.00 exact,auto_accepted,,dge_linked,B,[],none (spot-check optional)
kamadhenu_dataset/incoming_audio/dge_linked/sumadhva_vijaya/smv9.27.mp3,sumadhva_vijaya,sarga_9,27,full,sumadhva_vijaya:sarga_9:27,"नेदृशैः कविभिरेव केवलं
हन्त पूज्य-चरणोऽभ्यपूज्यत
शर्व-शक्र-गुरु-पूर्व-दैवतै
रप्यलं सु-समयोद्-गमोत्सवे",रथोद्धता,44,11.285,plausible,1.0,1.00 exact,auto_accepted,,dge_linked,B,[],none (spot-check optional)
kamadhenu_dataset/incoming_audio/dge_linked/sumadhva_vijaya/smv9.28.mp3,sumadhva_vijaya,sarga_9,28,full,sumadhva_vijaya:sarga_9:28,"निम्न-भूरिव सतीः प्रजा व्रजन्
वारिदर्त्तुरशनैरपूरि सः
प्राज्य-ताप-हर-दर्शनाम्बुना
तुङ्ग-देशमिव दुर्ज्जनं तु नो",रथोद्धता,44,10.71,plausible,1.0,1.00 exact,auto_accepted,,dge_linked,B,[],none (spot-check optional)
kamadhenu_dataset/incoming_audio/dge_linked/sumadhva_vijaya/smv9.29.mp3,sumadhva_vijaya,sarga_9,29,full,sumadhva_vijaya:sarga_9:29,"कर्म्मभिः सकल-लोक-कौतुकै
र्म्मानितः पथि जनैः समागतः
सन्ननाम शिव-नाम-कीर्त्तनं
राजतासन-पुरे विराजितम्",रथोद्धता,44,10.606,plausible,1.0,1.00 exact,auto_accepted,,dge_linked,B,[],none (spot-check optional)
kamadhenu_dataset/incoming_audio/dge_linked/sumadhva_vijaya/smv9.30.mp3,sumadhva_vijaya,sarga_9,30,full,sumadhva_vijaya:sarga_9:30,"अच्युत-प्रमतिरच्युत-प्रियं
तं दश-प्रमतिमागतं तदा
वन्दमानमवलोक्य यां मुदं
प्राप्तवांस्तदवधिर्न्न विद्यते",रथोद्धता,44,10.971,plausible,1.0,1.00 exact,auto_accepted,,dge_linked,B,[],none (spot-check optional)
kamadhenu_dataset/incoming_audio/dge_linked/sumadhva_vijaya/smv9.31.mp3,sumadhva_vijaya,sarga_9,31,full,sumadhva_vijaya:sarga_9:31,"प्रीतिमार्य्य-यतिरुत्तमां पुरा
प्रेषिताप्रतिम-भाष्य-दृग् ययौ
अप्यतोऽति-शयिनीं शुचि-स्मितं
तं विलोक्य सु-चिराद् दिदृक्षितम्",रथोद्धता,44,10.658,plausible,1.0,1.00 exact,auto_accepted,,dge_linked,B,[],none (spot-check optional)
kamadhenu_dataset/incoming_audio/dge_linked/sumadhva_vijaya/smv9.32.mp3,sumadhva_vijaya,sarga_9,32,full,sumadhva_vijaya:sarga_9:32,"पूर्ण-दृष्टि-जलधेर्गृहीतवान्
भाष्य-सञ्ज्ञममृतं सुखावहम्
चित्रमेष यतिराड्-घनाघनो
ग्राहयंश्च मनुजान् मुमोच नो",रथोद्धता,44,9.979,plausible,1.0,1.00 exact,auto_accepted,,dge_linked,B,[],none (spot-check optional)
kamadhenu_dataset/incoming_audio/dge_linked/sumadhva_vijaya/smv9.33.mp3,sumadhva_vijaya,sarga_9,33,full,sumadhva_vijaya:sarga_9:33,"सानुनीतिरथ नीतिमानयं
भाष्य-सद्गुण-गणानवर्णयत्
शोभनाय गुरवे स्वभावतः
कालतः कुमत-लीन-बुद्धये",रथोद्धता,44,10.971,plausible,1.0,1.00 exact,auto_accepted,,dge_linked,B,[],none (spot-check optional)
kamadhenu_dataset/incoming_audio/dge_linked/sumadhva_vijaya/smv9.34.mp3,sumadhva_vijaya,sarga_9,34,full,sumadhva_vijaya:sarga_9:34,"उक्तिभिस्तमसकृत् सु-युक्तिभि
र्बोधयन् बहळ-धीः प्रसङ्गतः
स्थेयसो भिषगिवास्य हृद्गतं
मूल-दोषमरुचेरचिन्तयत्",रथोद्धता,44,11.024,plausible,1.0,1.00 exact,auto_accepted,,dge_linked,B,[],none (spot-check optional)
kamadhenu_dataset/incoming_audio/dge_linked/sumadhva_vijaya/smv9.35.mp3,sumadhva_vijaya,sarga_9,35,full,sumadhva_vijaya:sarga_9:35,"दक्ष-पक्ष-विहतेन ताडयन् भीषयन् समधिक-स्वर-श्रिया
हंस-राट् कलिमलं निराकरोद् एक-दृष्टिमिव मानसाद् गुरोः",रथोद्धता,44,10.188,plausible,1.0,1.00 exact,auto_accepted,,dge_linked,B,[],none (spot-check optional)
kamadhenu_dataset/incoming_audio/dge_linked/sumadhva_vijaya/smv9.36.mp3,sumadhva_vijaya,sarga_9,36,full,sumadhva_vijaya:sarga_9:36,"निष्कळङ्कमिव चन्द्र-मण्डलं पुण्डरीकमिव फुल्लतां गतम्
वारि शारदमिव प्रसादवच्चित्तमच्युत-मतेर्भृशं बभौ",रथोद्धता,44,10.397,plausible,1.0,1.00 exact,auto_accepted,,dge_linked,B,[],none (spot-check optional)
kamadhenu_dataset/incoming_audio/dge_linked/sumadhva_vijaya/smv9.37.mp3,sumadhva_vijaya,sarga_9,37,full,sumadhva_vijaya:sarga_9:37,"आननन्द स हि मध्व-शास्त्रमाकर्णयन् कु-समयाग्रही पुरा
मोह-पीत-लवणोदको मुहुः प्राक् पिपासुरमृतं पिबन्निव",रथोद्धता,44,10.031,plausible,1.0,1.00 exact,auto_accepted,,dge_linked,B,[],none (spot-check optional)
kamadhenu_dataset/incoming_audio/dge_linked/sumadhva_vijaya/smv9.38.mp3,sumadhva_vijaya,sarga_9,38,full,sumadhva_vijaya:sarga_9:38,"विस्तृतान्तर-वियत्-पदौ यती अस्यतां सु-समय-प्रकाशनात्
तौ यथा विधुरवी अहो अहोरात्रमप्युरु-तमो नृ-मोहकम्",रथोद्धता,44,10.397,plausible,1.0,1.00 exact,auto_accepted,,dge_linked,B,[],none (spot-check optional)
kamadhenu_dataset/incoming_audio/dge_linked/sumadhva_vijaya/smv9.39.mp3,sumadhva_vijaya,sarga_9,39,full,sumadhva_vijaya:sarga_9:39,"सज्जनान् सह महादरेण नृन् पापिनां प्रकृतितोऽप्रियाकृति
दारुणाघ-गण-दारणं स्म स ग्राहयत्यपि सुदर्शन-द्वयम्",रथोद्धता,44,10.815,plausible,1.0,1.00 exact,auto_accepted,,dge_linked,B,[],none (spot-check optional)
kamadhenu_dataset/incoming_audio/dge_linked/sumadhva_vijaya/smv9.40.mp3,sumadhva_vijaya,sarga_9,40,full,sumadhva_vijaya:sarga_9:40,"नन्वनन्य-शरणात्मनां सतां सिद्धि-विघ्न-मुख-दोष-भेषजम्
ऐच्छदच्छल-दयोदयादयं रूप्य-पीठपुर-गः कदाचन",रथोद्धता,44,9.509,plausible,1.0,1.00 exact,auto_accepted,,dge_linked,B,[],none (spot-check optional)
kamadhenu_dataset/incoming_audio/dge_linked/sumadhva_vijaya/smv9.41.mp3,sumadhva_vijaya,sarga_9,41,full,sumadhva_vijaya:sarga_9:41,"गोपिका-प्रणयिनः श्रियः-पतेराकृतिं दश-मतिः शिलामयीम्
शिष्यकैस्त्रि-चतुरैर्जलाशये शोधयन्निह ततो व्यगाहयत्",रथोद्धता,44,10.971,plausible,1.0,1.00 exact,auto_accepted,,dge_linked,B,"[""exact_duplicate""]",none (spot-check optional)
kamadhenu_dataset/incoming_audio/dge_linked/sumadhva_vijaya/smv9.42.mp3,sumadhva_vijaya,sarga_9,42,full,sumadhva_vijaya:sarga_9:42,"स्पर्शनाद् भगवतोऽति-पावनात् सन्निधान-पदतां गतां हरेः
त्रिंशदुद्यत-नरैः सु-दुर्द्धरां लीलयाऽनयदिमामसौ मठम्",रथोद्धता,44,10.971,plausible,1.0,1.00 exact,auto_accepted,,dge_linked,B,"[""exact_duplicate""]",none (spot-check optional)
kamadhenu_dataset/incoming_audio/dge_linked/sumadhva_vijaya/smv9.43.mp3,sumadhva_vijaya,sarga_9,43,full,sumadhva_vijaya:sarga_9:43,"मन्द-हास-मृदु-सुन्दराननं नन्द-नन्दनमतीन्द्रियाकृतिम्
सुन्दरं स इह सन्यधापयद् वन्द्यमाकृति-शुचि-प्रतिष्ठया",रथोद्धता,44,11.18,plausible,1.0,1.00 exact,auto_accepted,,dge_linked,B,[],none (spot-check optional)
kamadhenu_dataset/incoming_audio/dge_linked/sumadhva_vijaya/smv9.44.mp3,sumadhva_vijaya,sarga_9,44,full,sumadhva_vijaya:sarga_9:44,"मानिनोऽपि हि वशीचकार यो दैवत-प्रतिभयाऽऽत्मनः खलः
यायजूक-गुणमात्मनः स्मरन् यो जराघटित-गोत्र उच्यते",रथोद्धता,44,10.71,plausible,1.0,1.00 exact,auto_accepted,,dge_linked,B,[],none (spot-check optional)
kamadhenu_dataset/incoming_audio/dge_linked/sumadhva_vijaya/smv9.45.mp3,sumadhva_vijaya,sarga_9,45,full,sumadhva_vijaya:sarga_9:45,"आत्मनः प्रियतम-क्रतोरमुं पाप-पूरुषमवेत्य घातकम्
तं निरस्य जनमप्यथाहितं सर्व-भूधर-समर्थ-पूर्वकम्",रथोद्धता,44,10.188,plausible,1.0,1.00 exact,auto_accepted,,dge_linked,B,[],none (spot-check optional)
kamadhenu_dataset/incoming_audio/dge_linked/sumadhva_vijaya/smv9.46.mp3,sumadhva_vijaya,sarga_9,46,full,sumadhva_vijaya:sarga_9:46,"विश्व-विस्मय-करः स्व-तेजसा वन्द्यमान-चरणः पुनर्जनैः
चित्र-दिग्-विजय-कीर्तिमान् मोदयन्ननुदिनं निजाः प्रजाः",अज्ञातम्,42,10.762,plausible,1.0,1.00 exact,auto_accepted,,dge_linked,B,[],none (spot-check optional)
kamadhenu_dataset/incoming_audio/dge_linked/sumadhva_vijaya/smv9.47.mp3,sumadhva_vijaya,sarga_9,47,full,sumadhva_vijaya:sarga_9:47,"वासुदेव-दयितो महिष्ठ-धीर्वासुदेवमथ साध्वयाजयत्
धर्म्म-सूनुमिव धार्म्मिकं पुरा भीम-मूर्तिरयमेव भू-सुरम्",रथोद्धता,44,10.658,plausible,1.0,1.00 exact,auto_accepted,,dge_linked,B,[],none (spot-check optional)
kamadhenu_dataset/incoming_audio/dge_linked/sumadhva_vijaya/smv9.48.mp3,sumadhva_vijaya,sarga_9,48,full,sumadhva_vijaya:sarga_9:48,"याज्यया समुचितानु-वाक्यया स-प्रवर्ग्य-विभवैरभिष्टवैः
विश्व-वेत्तुरनुजोऽत्र होतृतां प्राप्य दैवत-ततीरतोषयत्",रथोद्धता,44,12.121,plausible,1.0,1.00 exact,auto_accepted,,dge_linked,B,[],none (spot-check optional)
kamadhenu_dataset/incoming_audio/dge_linked/sumadhva_vijaya/smv9.49.mp3,sumadhva_vijaya,sarga_9,49,full,sumadhva_vijaya:sarga_9:49,"स प्रयुज्य निशिता निशात-धीर्वैश्व-देव-वर-शस्त्र-सन्ततीः
राक्षसासुर-निरास-कृत् सुरान् वीर-वर्य इव भागमापयत्",रथोद्धता,44,10.658,plausible,1.0,1.00 exact,auto_accepted,,dge_linked,B,"[""exact_duplicate""]",none (spot-check optional)
kamadhenu_dataset/incoming_audio/dge_linked/sumadhva_vijaya/smv9.50.mp3,sumadhva_vijaya,sarga_9,50,full,sumadhva_vijaya:sarga_9:50,"वायुना त्रिरपि पूर्व-पायिना सर्व-दैवत-जिता तरस्विना
योऽपरोक्ष-वपुषाऽप्यपेक्षितः कोऽत्र वर्णयति तं महाक्रतुम्",रथोद्धता,44,10.658,plausible,1.0,1.00 exact,auto_accepted,,dge_linked,B,"[""exact_duplicate""]",none (spot-check optional)
kamadhenu_dataset/incoming_audio/dge_linked/sumadhva_vijaya/smv9.51.mp3,sumadhva_vijaya,sarga_9,51,full,sumadhva_vijaya:sarga_9:51,"ब्रह्म-वेदन-निविष्ट-चेतसां कर्म्म तत्र करणान्तरं भवेत्
ज्ञापयन्निति परात्म-वेदकः कर्म्म धर्म्ममपि साचीकरत्",अज्ञातम्,43,11.651,plausible,1.0,1.00 exact,auto_accepted,,dge_linked,B,[],none (spot-check optional)
kamadhenu_dataset/incoming_audio/dge_linked/sumadhva_vijaya/smv9.52.mp3,sumadhva_vijaya,sarga_9,52,full,sumadhva_vijaya:sarga_9:52,"यानि यानि चरितानि यान्यानीरितानि च मनो-हराण्यहो
तानि तानि च वितान-चेतसो विश्व-विस्मय-कराणि भान्ति हि",अज्ञातम्,43,9.718,plausible,1.0,1.00 exact,auto_accepted,,dge_linked,B,[],none (spot-check optional)
kamadhenu_dataset/incoming_audio/dge_linked/sumadhva_vijaya/smv9.53.mp3,sumadhva_vijaya,sarga_9,53,full,sumadhva_vijaya:sarga_9:53,"सरस्वतीर्वृत्ति-करीः शरीरिणाम् अतीत्य बह्वीः समतीत-गोत्रकः
पुरेव कृष्ण-प्रियमापदश्रमं पृथु-प्रबोधः पुनरुत्तमाश्रमम्",वंशस्थ,48,10.24,plausible,1.0,1.00 exact,auto_accepted,,dge_linked,B,[],none (spot-check optional)
kamadhenu_dataset/incoming_audio/dge_linked/sumadhva_vijaya/smv9.54.mp3,sumadhva_vijaya,sarga_9,54,full,sumadhva_vijaya:sarga_9:54,"सहभोगमनन्य-लभ्यमस्मै हनुमद्रूप-भृते ददौ पुरा हि
अनवेक्ष्य परं स्वभीष्ट-कर्त्रे प्रति-दातुं हरिरेधयत् तमेव",अज्ञातम्,46,11.076,plausible,1.0,1.00 exact,auto_accepted,,dge_linked,B,[],none (spot-check optional)
kamadhenu_dataset/incoming_audio/dge_linked/sumadhva_vijaya/smv9.55.mp3,sumadhva_vijaya,sarga_9,55,full,sumadhva_vijaya:sarga_9:55,"प्रणम्य गुरुमादरादथ नियोगतो योग्यतः
स तस्य जगतां हितं विदधतो गतः सानुगः
महिष्ठ-हृदयो महा-महिम-सिन्धुरानन्दतो
निजैरभि-गतोऽनमद् रजत-पीठ-वासं हरिम्",पृथ्वी,68,14.838,plausible,1.0,1.00 exact,auto_accepted,,dge_linked,B,[],none (spot-check optional)
kamadhenu_dataset/incoming_audio/drive/Audio/vsn1.71.aac,unknown_vsn,,71,full,,,,,123.819,,0.0,<0.50 weak/unmatched,unmatched,work cannot be identified from the filename; lead must name the 'vsn' series,filename,B,"[""hot_peaks"", ""long_trailing_silence""]",provide text / rename / identify work
kamadhenu_dataset/incoming_audio/drive/Audio/vsn1.72.aac,unknown_vsn,,72,full,,,,,109.035,,0.0,<0.50 weak/unmatched,unmatched,work cannot be identified from the filename; lead must name the 'vsn' series,filename,B,"[""hot_peaks""]",provide text / rename / identify work
kamadhenu_dataset/incoming_audio/drive/Audio/vsn1.73.aac,unknown_vsn,,73,full,,,,,135.104,,0.0,<0.50 weak/unmatched,unmatched,work cannot be identified from the filename; lead must name the 'vsn' series,filename,B,"[""hot_peaks""]",provide text / rename / identify work
kamadhenu_dataset/incoming_audio/drive/Audio/vsn1.74.aac,unknown_vsn,,74,full,,,,,96.469,,0.0,<0.50 weak/unmatched,unmatched,work cannot be identified from the filename; lead must name the 'vsn' series,filename,B,"[""hot_peaks""]",provide text / rename / identify work
kamadhenu_dataset/incoming_audio/drive/Audio/vsn1.75.aac,unknown_vsn,,75,full,,,,,125.995,,0.0,<0.50 weak/unmatched,unmatched,work cannot be identified from the filename; lead must name the 'vsn' series,filename,B,"[""hot_peaks""]",provide text / rename / identify work
kamadhenu_dataset/incoming_audio/drive/Audio/vsn1.76.aac,unknown_vsn,,76,full,,,,,132.117,,0.0,<0.50 weak/unmatched,unmatched,work cannot be identified from the filename; lead must name the 'vsn' series,filename,B,"[""hot_peaks""]",provide text / rename / identify work
kamadhenu_dataset/incoming_audio/drive/Audio/vsn1.77.aac,unknown_vsn,,77,full,,,,,112.555,,0.0,<0.50 weak/unmatched,unmatched,work cannot be identified from the filename; lead must name the 'vsn' series,filename,B,"[""hot_peaks""]",provide text / rename / identify work
kamadhenu_dataset/incoming_audio/drive/Audio/vsn1.78.aac,unknown_vsn,,78,full,,,,,141.995,,0.0,<0.50 weak/unmatched,unmatched,work cannot be identified from the filename; lead must name the 'vsn' series,filename,B,"[""hot_peaks""]",provide text / rename / identify work
kamadhenu_dataset/incoming_audio/drive/Audio/vsn1.79.aac,unknown_vsn,,79,full,,,,,120.917,,0.0,<0.50 weak/unmatched,unmatched,work cannot be identified from the filename; lead must name the 'vsn' series,filename,B,"[""hot_peaks""]",provide text / rename / identify work
kamadhenu_dataset/incoming_audio/drive/Audio/vsn1.80.aac,unknown_vsn,,80,full,,,,,113.728,,0.0,<0.50 weak/unmatched,unmatched,work cannot be identified from the filename; lead must name the 'vsn' series,filename,A,[],provide text / rename / identify work
kamadhenu_dataset/incoming_audio/drive/Audio/vsn1.81.aac,unknown_vsn,,81,full,,,,,112.384,,0.0,<0.50 weak/unmatched,unmatched,work cannot be identified from the filename; lead must name the 'vsn' series,filename,A,[],provide text / rename / identify work
kamadhenu_dataset/incoming_audio/drive/Audio/vsn1.82.aac,unknown_vsn,,82,full,,,,,192.32,,0.0,<0.50 weak/unmatched,unmatched,work cannot be identified from the filename; lead must name the 'vsn' series,filename,A,[],provide text / rename / identify work
kamadhenu_dataset/incoming_audio/drive/Audio/vsn1.84.aac,unknown_vsn,,84,full,,,,,100.032,,0.0,<0.50 weak/unmatched,unmatched,work cannot be identified from the filename; lead must name the 'vsn' series,filename,A,[],provide text / rename / identify work
kamadhenu_dataset/incoming_audio/drive/Audio/vsn1.85.aac,unknown_vsn,,85,full,,,,,110.528,,0.0,<0.50 weak/unmatched,unmatched,work cannot be identified from the filename; lead must name the 'vsn' series,filename,A,[],provide text / rename / identify work
kamadhenu_dataset/incoming_audio/drive/Audio/vsn1.86.aac,unknown_vsn,,86,full,,,,,102.272,,0.0,<0.50 weak/unmatched,unmatched,work cannot be identified from the filename; lead must name the 'vsn' series,filename,A,[],provide text / rename / identify work
kamadhenu_dataset/incoming_audio/drive/Audio/vsn1.87.aac,unknown_vsn,,87,full,,,,,105.152,,0.0,<0.50 weak/unmatched,unmatched,work cannot be identified from the filename; lead must name the 'vsn' series,filename,B,"[""hot_peaks""]",provide text / rename / identify work
kamadhenu_dataset/incoming_audio/drive/Audio/vsn1.88.aac,unknown_vsn,,88,full,,,,,127.701,,0.0,<0.50 weak/unmatched,unmatched,work cannot be identified from the filename; lead must name the 'vsn' series,filename,B,"[""hot_peaks""]",provide text / rename / identify work
kamadhenu_dataset/incoming_audio/drive/Audio/vsn1.89.aac,unknown_vsn,,89,full,,,,,107.008,,0.0,<0.50 weak/unmatched,unmatched,work cannot be identified from the filename; lead must name the 'vsn' series,filename,B,"[""hot_peaks""]",provide text / rename / identify work
kamadhenu_dataset/incoming_audio/drive/Audio/vsn1.90.aac,unknown_vsn,,90,full,,,,,126.699,,0.0,<0.50 weak/unmatched,unmatched,work cannot be identified from the filename; lead must name the 'vsn' series,filename,B,"[""hot_peaks""]",provide text / rename / identify work
kamadhenu_dataset/incoming_audio/drive/Audio/vsn1.91.aac,unknown_vsn,,91,full,,,,,122.731,,0.0,<0.50 weak/unmatched,unmatched,work cannot be identified from the filename; lead must name the 'vsn' series,filename,D,"[""clipping""]",provide text / rename / identify work
kamadhenu_dataset/incoming_audio/drive/Audio__1-10/vsn1.1.aac,unknown_vsn,,1,full,,,,,138.069,,0.0,<0.50 weak/unmatched,unmatched,work cannot be identified from the filename; lead must name the 'vsn' series,filename,B,"[""hot_peaks""]",provide text / rename / identify work
kamadhenu_dataset/incoming_audio/drive/Audio__1-10/vsn1.10.aac,unknown_vsn,,10,full,,,,,138.005,,0.0,<0.50 weak/unmatched,unmatched,work cannot be identified from the filename; lead must name the 'vsn' series,filename,B,"[""hot_peaks""]",provide text / rename / identify work
kamadhenu_dataset/incoming_audio/drive/Audio__1-10/vsn1.2.aac,unknown_vsn,,2,full,,,,,124.267,,0.0,<0.50 weak/unmatched,unmatched,work cannot be identified from the filename; lead must name the 'vsn' series,filename,B,"[""hot_peaks""]",provide text / rename / identify work
kamadhenu_dataset/incoming_audio/drive/Audio__1-10/vsn1.3.aac,unknown_vsn,,3,full,,,,,130.517,,0.0,<0.50 weak/unmatched,unmatched,work cannot be identified from the filename; lead must name the 'vsn' series,filename,B,"[""hot_peaks""]",provide text / rename / identify work
kamadhenu_dataset/incoming_audio/drive/Audio__1-10/vsn1.4.aac,unknown_vsn,,4,full,,,,,162.283,,0.0,<0.50 weak/unmatched,unmatched,work cannot be identified from the filename; lead must name the 'vsn' series,filename,B,"[""hot_peaks""]",provide text / rename / identify work
kamadhenu_dataset/incoming_audio/drive/Audio__1-10/vsn1.5.aac,unknown_vsn,,5,full,,,,,132.587,,0.0,<0.50 weak/unmatched,unmatched,work cannot be identified from the filename; lead must name the 'vsn' series,filename,B,"[""hot_peaks""]",provide text / rename / identify work
kamadhenu_dataset/incoming_audio/drive/Audio__1-10/vsn1.6.aac,unknown_vsn,,6,full,,,,,143.957,,0.0,<0.50 weak/unmatched,unmatched,work cannot be identified from the filename; lead must name the 'vsn' series,filename,B,"[""hot_peaks""]",provide text / rename / identify work
kamadhenu_dataset/incoming_audio/drive/Audio__1-10/vsn1.7.aac,unknown_vsn,,7,full,,,,,168.299,,0.0,<0.50 weak/unmatched,unmatched,work cannot be identified from the filename; lead must name the 'vsn' series,filename,B,"[""hot_peaks""]",provide text / rename / identify work
kamadhenu_dataset/incoming_audio/drive/Audio__1-10/vsn1.8.aac,unknown_vsn,,8,full,,,,,179.072,,0.0,<0.50 weak/unmatched,unmatched,work cannot be identified from the filename; lead must name the 'vsn' series,filename,B,"[""hot_peaks""]",provide text / rename / identify work
kamadhenu_dataset/incoming_audio/drive/Audio__1-10/vsn1.9.aac,unknown_vsn,,9,full,,,,,149.12,,0.0,<0.50 weak/unmatched,unmatched,work cannot be identified from the filename; lead must name the 'vsn' series,filename,B,"[""hot_peaks""]",provide text / rename / identify work
kamadhenu_dataset/incoming_audio/drive/Audio__11-20/vsn1.11.aac,unknown_vsn,,11,full,,,,,153.963,,0.0,<0.50 weak/unmatched,unmatched,work cannot be identified from the filename; lead must name the 'vsn' series,filename,B,"[""hot_peaks""]",provide text / rename / identify work
kamadhenu_dataset/incoming_audio/drive/Audio__11-20/vsn1.12.aac,unknown_vsn,,12,full,,,,,149.717,,0.0,<0.50 weak/unmatched,unmatched,work cannot be identified from the filename; lead must name the 'vsn' series,filename,B,"[""hot_peaks""]",provide text / rename / identify work
kamadhenu_dataset/incoming_audio/drive/Audio__11-20/vsn1.13.aac,unknown_vsn,,13,full,,,,,137.131,,0.0,<0.50 weak/unmatched,unmatched,work cannot be identified from the filename; lead must name the 'vsn' series,filename,D,"[""clipping""]",provide text / rename / identify work
kamadhenu_dataset/incoming_audio/drive/Audio__11-20/vsn1.14.aac,unknown_vsn,,14,full,,,,,151.531,,0.0,<0.50 weak/unmatched,unmatched,work cannot be identified from the filename; lead must name the 'vsn' series,filename,D,"[""clipping""]",provide text / rename / identify work
kamadhenu_dataset/incoming_audio/drive/Audio__11-20/vsn1.15.aac,unknown_vsn,,15,full,,,,,179.307,,0.0,<0.50 weak/unmatched,unmatched,work cannot be identified from the filename; lead must name the 'vsn' series,filename,B,"[""hot_peaks""]",provide text / rename / identify work
kamadhenu_dataset/incoming_audio/drive/Audio__11-20/vsn1.16.aac,unknown_vsn,,16,full,,,,,161.429,,0.0,<0.50 weak/unmatched,unmatched,work cannot be identified from the filename; lead must name the 'vsn' series,filename,B,"[""hot_peaks""]",provide text / rename / identify work
kamadhenu_dataset/incoming_audio/drive/Audio__11-20/vsn1.17.aac,unknown_vsn,,17,full,,,,,139.541,,0.0,<0.50 weak/unmatched,unmatched,work cannot be identified from the filename; lead must name the 'vsn' series,filename,B,"[""hot_peaks""]",provide text / rename / identify work
kamadhenu_dataset/incoming_audio/drive/Audio__11-20/vsn1.18.aac,unknown_vsn,,18,full,,,,,119.083,,0.0,<0.50 weak/unmatched,unmatched,work cannot be identified from the filename; lead must name the 'vsn' series,filename,B,"[""hot_peaks""]",provide text / rename / identify work
kamadhenu_dataset/incoming_audio/drive/Audio__11-20/vsn1.19.aac,unknown_vsn,,19,full,,,,,158.72,,0.0,<0.50 weak/unmatched,unmatched,work cannot be identified from the filename; lead must name the 'vsn' series,filename,B,"[""hot_peaks""]",provide text / rename / identify work
kamadhenu_dataset/incoming_audio/drive/Audio__11-20/vsn1.20.aac,unknown_vsn,,20,full,,,,,152.32,,0.0,<0.50 weak/unmatched,unmatched,work cannot be identified from the filename; lead must name the 'vsn' series,filename,B,"[""hot_peaks""]",provide text / rename / identify work
kamadhenu_dataset/incoming_audio/drive/Audio__21-30/vsn1.21.aac,unknown_vsn,,21,full,,,,,137.621,,0.0,<0.50 weak/unmatched,unmatched,work cannot be identified from the filename; lead must name the 'vsn' series,filename,B,"[""hot_peaks""]",provide text / rename / identify work
kamadhenu_dataset/incoming_audio/drive/Audio__21-30/vsn1.22.aac,unknown_vsn,,22,full,,,,,170.859,,0.0,<0.50 weak/unmatched,unmatched,work cannot be identified from the filename; lead must name the 'vsn' series,filename,B,"[""hot_peaks""]",provide text / rename / identify work
kamadhenu_dataset/incoming_audio/drive/Audio__21-30/vsn1.23.aac,unknown_vsn,,23,full,,,,,129.579,,0.0,<0.50 weak/unmatched,unmatched,work cannot be identified from the filename; lead must name the 'vsn' series,filename,D,"[""clipping""]",provide text / rename / identify work
kamadhenu_dataset/incoming_audio/drive/Audio__21-30/vsn1.24.aac,unknown_vsn,,24,full,,,,,128.107,,0.0,<0.50 weak/unmatched,unmatched,work cannot be identified from the filename; lead must name the 'vsn' series,filename,D,"[""clipping""]",provide text / rename / identify work
kamadhenu_dataset/incoming_audio/drive/Audio__21-30/vsn1.25.aac,unknown_vsn,,25,full,,,,,128.128,,0.0,<0.50 weak/unmatched,unmatched,work cannot be identified from the filename; lead must name the 'vsn' series,filename,D,"[""clipping""]",provide text / rename / identify work
kamadhenu_dataset/incoming_audio/drive/Audio__21-30/vsn1.26.aac,unknown_vsn,,26,full,,,,,152.725,,0.0,<0.50 weak/unmatched,unmatched,work cannot be identified from the filename; lead must name the 'vsn' series,filename,D,"[""clipping""]",provide text / rename / identify work
kamadhenu_dataset/incoming_audio/drive/Audio__21-30/vsn1.27.aac,unknown_vsn,,27,full,,,,,135.659,,0.0,<0.50 weak/unmatched,unmatched,work cannot be identified from the filename; lead must name the 'vsn' series,filename,B,"[""hot_peaks""]",provide text / rename / identify work
kamadhenu_dataset/incoming_audio/drive/Audio__21-30/vsn1.28.aac,unknown_vsn,,28,full,,,,,96.363,,0.0,<0.50 weak/unmatched,unmatched,work cannot be identified from the filename; lead must name the 'vsn' series,filename,B,"[""hot_peaks""]",provide text / rename / identify work
kamadhenu_dataset/incoming_audio/drive/Audio__21-30/vsn1.29.aac,unknown_vsn,,29,full,,,,,99.797,,0.0,<0.50 weak/unmatched,unmatched,work cannot be identified from the filename; lead must name the 'vsn' series,filename,B,"[""hot_peaks""]",provide text / rename / identify work
kamadhenu_dataset/incoming_audio/drive/Audio__21-30/vsn1.30.aac,unknown_vsn,,30,full,,,,,140.48,,0.0,<0.50 weak/unmatched,unmatched,work cannot be identified from the filename; lead must name the 'vsn' series,filename,B,"[""hot_peaks""]",provide text / rename / identify work
kamadhenu_dataset/incoming_audio/drive/Audio__31 - 50/vsn1.31.aac,unknown_vsn,,31,full,,,,,113.813,,0.0,<0.50 weak/unmatched,unmatched,work cannot be identified from the filename; lead must name the 'vsn' series,filename,B,"[""hot_peaks""]",provide text / rename / identify work
kamadhenu_dataset/incoming_audio/drive/Audio__31 - 50/vsn1.32.aac,unknown_vsn,,32,full,,,,,104.0,,0.0,<0.50 weak/unmatched,unmatched,work cannot be identified from the filename; lead must name the 'vsn' series,filename,B,"[""hot_peaks""]",provide text / rename / identify work
kamadhenu_dataset/incoming_audio/drive/Audio__31 - 50/vsn1.33.aac,unknown_vsn,,33,full,,,,,101.205,,0.0,<0.50 weak/unmatched,unmatched,work cannot be identified from the filename; lead must name the 'vsn' series,filename,D,"[""clipping""]",provide text / rename / identify work
kamadhenu_dataset/incoming_audio/drive/Audio__31 - 50/vsn1.34.aac,unknown_vsn,,34,full,,,,,117.12,,0.0,<0.50 weak/unmatched,unmatched,work cannot be identified from the filename; lead must name the 'vsn' series,filename,B,"[""hot_peaks""]",provide text / rename / identify work
kamadhenu_dataset/incoming_audio/drive/Audio__31 - 50/vsn1.35.aac,unknown_vsn,,35,full,,,,,141.547,,0.0,<0.50 weak/unmatched,unmatched,work cannot be identified from the filename; lead must name the 'vsn' series,filename,B,"[""hot_peaks""]",provide text / rename / identify work
kamadhenu_dataset/incoming_audio/drive/Audio__31 - 50/vsn1.36.aac,unknown_vsn,,36,full,,,,,126.955,,0.0,<0.50 weak/unmatched,unmatched,work cannot be identified from the filename; lead must name the 'vsn' series,filename,B,"[""hot_peaks""]",provide text / rename / identify work
kamadhenu_dataset/incoming_audio/drive/Audio__31 - 50/vsn1.37.aac,unknown_vsn,,37,full,,,,,137.557,,0.0,<0.50 weak/unmatched,unmatched,work cannot be identified from the filename; lead must name the 'vsn' series,filename,B,"[""hot_peaks""]",provide text / rename / identify work
kamadhenu_dataset/incoming_audio/drive/Audio__31 - 50/vsn1.38.aac,unknown_vsn,,38,full,,,,,158.635,,0.0,<0.50 weak/unmatched,unmatched,work cannot be identified from the filename; lead must name the 'vsn' series,filename,B,"[""hot_peaks""]",provide text / rename / identify work
kamadhenu_dataset/incoming_audio/drive/Audio__31 - 50/vsn1.39.aac,unknown_vsn,,39,full,,,,,113.173,,0.0,<0.50 weak/unmatched,unmatched,work cannot be identified from the filename; lead must name the 'vsn' series,filename,B,"[""hot_peaks""]",provide text / rename / identify work
kamadhenu_dataset/incoming_audio/drive/Audio__31 - 50/vsn1.40.aac,unknown_vsn,,40,full,,,,,122.88,,0.0,<0.50 weak/unmatched,unmatched,work cannot be identified from the filename; lead must name the 'vsn' series,filename,B,"[""hot_peaks""]",provide text / rename / identify work
kamadhenu_dataset/incoming_audio/drive/Audio__31 - 50/vsn1.41.aac,unknown_vsn,,41,full,,,,,140.907,,0.0,<0.50 weak/unmatched,unmatched,work cannot be identified from the filename; lead must name the 'vsn' series,filename,B,"[""hot_peaks""]",provide text / rename / identify work
kamadhenu_dataset/incoming_audio/drive/Audio__31 - 50/vsn1.42.aac,unknown_vsn,,42,full,,,,,156.885,,0.0,<0.50 weak/unmatched,unmatched,work cannot be identified from the filename; lead must name the 'vsn' series,filename,B,"[""hot_peaks""]",provide text / rename / identify work
kamadhenu_dataset/incoming_audio/drive/Audio__31 - 50/vsn1.43.aac,unknown_vsn,,43,full,,,,,133.227,,0.0,<0.50 weak/unmatched,unmatched,work cannot be identified from the filename; lead must name the 'vsn' series,filename,D,"[""clipping""]",provide text / rename / identify work
kamadhenu_dataset/incoming_audio/drive/Audio__31 - 50/vsn1.44.aac,unknown_vsn,,44,full,,,,,127.851,,0.0,<0.50 weak/unmatched,unmatched,work cannot be identified from the filename; lead must name the 'vsn' series,filename,D,"[""clipping""]",provide text / rename / identify work
kamadhenu_dataset/incoming_audio/drive/Audio__31 - 50/vsn1.45.aac,unknown_vsn,,45,full,,,,,130.283,,0.0,<0.50 weak/unmatched,unmatched,work cannot be identified from the filename; lead must name the 'vsn' series,filename,B,"[""hot_peaks""]",provide text / rename / identify work
kamadhenu_dataset/incoming_audio/drive/Audio__31 - 50/vsn1.46.aac,unknown_vsn,,46,full,,,,,128.64,,0.0,<0.50 weak/unmatched,unmatched,work cannot be identified from the filename; lead must name the 'vsn' series,filename,B,"[""hot_peaks""]",provide text / rename / identify work
kamadhenu_dataset/incoming_audio/drive/Audio__31 - 50/vsn1.47.aac,unknown_vsn,,47,full,,,,,139.712,,0.0,<0.50 weak/unmatched,unmatched,work cannot be identified from the filename; lead must name the 'vsn' series,filename,B,"[""hot_peaks""]",provide text / rename / identify work
kamadhenu_dataset/incoming_audio/drive/Audio__31 - 50/vsn1.48.aac,unknown_vsn,,48,full,,,,,119.253,,0.0,<0.50 weak/unmatched,unmatched,work cannot be identified from the filename; lead must name the 'vsn' series,filename,B,"[""hot_peaks""]",provide text / rename / identify work
kamadhenu_dataset/incoming_audio/drive/Audio__31 - 50/vsn1.49.aac,unknown_vsn,,49,full,,,,,111.339,,0.0,<0.50 weak/unmatched,unmatched,work cannot be identified from the filename; lead must name the 'vsn' series,filename,B,"[""hot_peaks""]",provide text / rename / identify work
kamadhenu_dataset/incoming_audio/drive/Audio__31 - 50/vsn1.50.aac,unknown_vsn,,50,full,,,,,129.323,,0.0,<0.50 weak/unmatched,unmatched,work cannot be identified from the filename; lead must name the 'vsn' series,filename,B,"[""hot_peaks""]",provide text / rename / identify work
kamadhenu_dataset/incoming_audio/drive/Audio__51 - 70/vsn1.51.aac,unknown_vsn,,51,full,,,,,111.616,,0.0,<0.50 weak/unmatched,unmatched,work cannot be identified from the filename; lead must name the 'vsn' series,filename,A,[],provide text / rename / identify work
kamadhenu_dataset/incoming_audio/drive/Audio__51 - 70/vsn1.52.aac,unknown_vsn,,52,full,,,,,124.949,,0.0,<0.50 weak/unmatched,unmatched,work cannot be identified from the filename; lead must name the 'vsn' series,filename,B,"[""hot_peaks""]",provide text / rename / identify work
kamadhenu_dataset/incoming_audio/drive/Audio__51 - 70/vsn1.53.aac,unknown_vsn,,53,full,,,,,152.683,,0.0,<0.50 weak/unmatched,unmatched,work cannot be identified from the filename; lead must name the 'vsn' series,filename,B,"[""hot_peaks""]",provide text / rename / identify work
kamadhenu_dataset/incoming_audio/drive/Audio__51 - 70/vsn1.54.aac,unknown_vsn,,54,full,,,,,129.173,,0.0,<0.50 weak/unmatched,unmatched,work cannot be identified from the filename; lead must name the 'vsn' series,filename,D,"[""clipping""]",provide text / rename / identify work
kamadhenu_dataset/incoming_audio/drive/Audio__51 - 70/vsn1.55.aac,unknown_vsn,,55,full,,,,,129.003,,0.0,<0.50 weak/unmatched,unmatched,work cannot be identified from the filename; lead must name the 'vsn' series,filename,B,"[""hot_peaks""]",provide text / rename / identify work
kamadhenu_dataset/incoming_audio/drive/Audio__51 - 70/vsn1.56.aac,unknown_vsn,,56,full,,,,,127.381,,0.0,<0.50 weak/unmatched,unmatched,work cannot be identified from the filename; lead must name the 'vsn' series,filename,D,"[""clipping""]",provide text / rename / identify work
kamadhenu_dataset/incoming_audio/drive/Audio__51 - 70/vsn1.57.aac,unknown_vsn,,57,full,,,,,141.419,,0.0,<0.50 weak/unmatched,unmatched,work cannot be identified from the filename; lead must name the 'vsn' series,filename,D,"[""clipping""]",provide text / rename / identify work
kamadhenu_dataset/incoming_audio/drive/Audio__51 - 70/vsn1.58.aac,unknown_vsn,,58,full,,,,,115.136,,0.0,<0.50 weak/unmatched,unmatched,work cannot be identified from the filename; lead must name the 'vsn' series,filename,B,"[""hot_peaks""]",provide text / rename / identify work
kamadhenu_dataset/incoming_audio/drive/Audio__51 - 70/vsn1.59.aac,unknown_vsn,,59,full,,,,,130.24,,0.0,<0.50 weak/unmatched,unmatched,work cannot be identified from the filename; lead must name the 'vsn' series,filename,B,"[""hot_peaks""]",provide text / rename / identify work
kamadhenu_dataset/incoming_audio/drive/Audio__51 - 70/vsn1.60.aac,unknown_vsn,,60,full,,,,,104.683,,0.0,<0.50 weak/unmatched,unmatched,work cannot be identified from the filename; lead must name the 'vsn' series,filename,B,"[""hot_peaks""]",provide text / rename / identify work
kamadhenu_dataset/incoming_audio/drive/Audio__51 - 70/vsn1.61.aac,unknown_vsn,,61,full,,,,,115.605,,0.0,<0.50 weak/unmatched,unmatched,work cannot be identified from the filename; lead must name the 'vsn' series,filename,A,[],provide text / rename / identify work
kamadhenu_dataset/incoming_audio/drive/Audio__51 - 70/vsn1.62.aac,unknown_vsn,,62,full,,,,,134.827,,0.0,<0.50 weak/unmatched,unmatched,work cannot be identified from the filename; lead must name the 'vsn' series,filename,A,[],provide text / rename / identify work
kamadhenu_dataset/incoming_audio/drive/Audio__51 - 70/vsn1.63.aac,unknown_vsn,,63,full,,,,,113.237,,0.0,<0.50 weak/unmatched,unmatched,work cannot be identified from the filename; lead must name the 'vsn' series,filename,A,[],provide text / rename / identify work
kamadhenu_dataset/incoming_audio/drive/Audio__51 - 70/vsn1.64.m4a,unknown_vsn,,64,full,,,,,131.82,,0.0,<0.50 weak/unmatched,unmatched,work cannot be identified from the filename; lead must name the 'vsn' series,filename,A,[],provide text / rename / identify work
kamadhenu_dataset/incoming_audio/drive/Audio__51 - 70/vsn1.65.m4a,unknown_vsn,,65,full,,,,,120.721,,0.0,<0.50 weak/unmatched,unmatched,work cannot be identified from the filename; lead must name the 'vsn' series,filename,A,[],provide text / rename / identify work
kamadhenu_dataset/incoming_audio/drive/Audio__51 - 70/vsn1.66.m4a,unknown_vsn,,66,full,,,,,134.815,,0.0,<0.50 weak/unmatched,unmatched,work cannot be identified from the filename; lead must name the 'vsn' series,filename,A,[],provide text / rename / identify work
kamadhenu_dataset/incoming_audio/drive/Audio__51 - 70/vsn1.67.m4a,unknown_vsn,,67,full,,,,,117.377,,0.0,<0.50 weak/unmatched,unmatched,work cannot be identified from the filename; lead must name the 'vsn' series,filename,A,[],provide text / rename / identify work
kamadhenu_dataset/incoming_audio/drive/Audio__51 - 70/vsn1.68.m4a,unknown_vsn,,68,full,,,,,121.603,,0.0,<0.50 weak/unmatched,unmatched,work cannot be identified from the filename; lead must name the 'vsn' series,filename,A,[],provide text / rename / identify work
kamadhenu_dataset/incoming_audio/drive/Audio__51 - 70/vsn1.69.m4a,unknown_vsn,,69,full,,,,,116.611,,0.0,<0.50 weak/unmatched,unmatched,work cannot be identified from the filename; lead must name the 'vsn' series,filename,A,[],provide text / rename / identify work
kamadhenu_dataset/incoming_audio/drive/Audio__51 - 70/vsn1.70.aac,unknown_vsn,,70,full,,,,,108.395,,0.0,<0.50 weak/unmatched,unmatched,work cannot be identified from the filename; lead must name the 'vsn' series,filename,B,"[""hot_peaks""]",provide text / rename / identify work
kamadhenu_dataset/incoming_audio/drive/Audio__Starting1-8/vsn1.aac,unknown_vsn,,1,full,,,,,123.861,,0.0,<0.50 weak/unmatched,unmatched,work cannot be identified from the filename; lead must name the 'vsn' series,filename,B,"[""hot_peaks""]",provide text / rename / identify work
kamadhenu_dataset/incoming_audio/drive/Audio__Starting1-8/vsn2.aac,unknown_vsn,,2,full,,,,,110.763,,0.0,<0.50 weak/unmatched,unmatched,work cannot be identified from the filename; lead must name the 'vsn' series,filename,B,"[""hot_peaks""]",provide text / rename / identify work
kamadhenu_dataset/incoming_audio/drive/Audio__Starting1-8/vsn3.aac,unknown_vsn,,3,full,,,,,144.064,,0.0,<0.50 weak/unmatched,unmatched,work cannot be identified from the filename; lead must name the 'vsn' series,filename,B,"[""hot_peaks""]",provide text / rename / identify work
kamadhenu_dataset/incoming_audio/drive/Audio__Starting1-8/vsn4.aac,unknown_vsn,,4,full,,,,,183.467,,0.0,<0.50 weak/unmatched,unmatched,work cannot be identified from the filename; lead must name the 'vsn' series,filename,B,"[""hot_peaks""]",provide text / rename / identify work
kamadhenu_dataset/incoming_audio/drive/Audio__Starting1-8/vsn5.aac,unknown_vsn,,5,full,,,,,127.189,,0.0,<0.50 weak/unmatched,unmatched,work cannot be identified from the filename; lead must name the 'vsn' series,filename,B,"[""hot_peaks""]",provide text / rename / identify work
kamadhenu_dataset/incoming_audio/drive/Audio__Starting1-8/vsn6.aac,unknown_vsn,,6,full,,,,,117.568,,0.0,<0.50 weak/unmatched,unmatched,work cannot be identified from the filename; lead must name the 'vsn' series,filename,D,"[""clipping""]",provide text / rename / identify work
kamadhenu_dataset/incoming_audio/drive/Audio__Starting1-8/vsn7.aac,unknown_vsn,,7,full,,,,,130.539,,0.0,<0.50 weak/unmatched,unmatched,work cannot be identified from the filename; lead must name the 'vsn' series,filename,B,"[""hot_peaks""]",provide text / rename / identify work
kamadhenu_dataset/incoming_audio/drive/Audio__Starting1-8/vsn8.aac,unknown_vsn,,8,full,,,,,125.973,,0.0,<0.50 weak/unmatched,unmatched,work cannot be identified from the filename; lead must name the 'vsn' series,filename,D,"[""clipping""]",provide text / rename / identify work
kamadhenu_dataset/incoming_audio/drive/Audio__Starting9 - 16/vsn10.aac,unknown_vsn,,10,full,,,,,161.92,,0.0,<0.50 weak/unmatched,unmatched,work cannot be identified from the filename; lead must name the 'vsn' series,filename,D,"[""clipping""]",provide text / rename / identify work
kamadhenu_dataset/incoming_audio/drive/Audio__Starting9 - 16/vsn11.aac,unknown_vsn,,11,full,,,,,117.099,,0.0,<0.50 weak/unmatched,unmatched,work cannot be identified from the filename; lead must name the 'vsn' series,filename,D,"[""clipping""]",provide text / rename / identify work
kamadhenu_dataset/incoming_audio/drive/Audio__Starting9 - 16/vsn12.aac,unknown_vsn,,12,full,,,,,124.544,,0.0,<0.50 weak/unmatched,unmatched,work cannot be identified from the filename; lead must name the 'vsn' series,filename,D,"[""clipping""]",provide text / rename / identify work
kamadhenu_dataset/incoming_audio/drive/Audio__Starting9 - 16/vsn13.aac,unknown_vsn,,13,full,,,,,126.549,,0.0,<0.50 weak/unmatched,unmatched,work cannot be identified from the filename; lead must name the 'vsn' series,filename,B,"[""hot_peaks""]",provide text / rename / identify work
kamadhenu_dataset/incoming_audio/drive/Audio__Starting9 - 16/vsn14.aac,unknown_vsn,,14,full,,,,,138.219,,0.0,<0.50 weak/unmatched,unmatched,work cannot be identified from the filename; lead must name the 'vsn' series,filename,D,"[""clipping""]",provide text / rename / identify work
kamadhenu_dataset/incoming_audio/drive/Audio__Starting9 - 16/vsn15.aac,unknown_vsn,,15,full,,,,,104.597,,0.0,<0.50 weak/unmatched,unmatched,work cannot be identified from the filename; lead must name the 'vsn' series,filename,B,"[""hot_peaks""]",provide text / rename / identify work
kamadhenu_dataset/incoming_audio/drive/Audio__Starting9 - 16/vsn16.aac,unknown_vsn,,16,full,,,,,118.357,,0.0,<0.50 weak/unmatched,unmatched,work cannot be identified from the filename; lead must name the 'vsn' series,filename,A,[],provide text / rename / identify work
kamadhenu_dataset/incoming_audio/drive/Audio__Starting9 - 16/vsn9.aac,unknown_vsn,,9,full,,,,,140.373,,0.0,<0.50 weak/unmatched,unmatched,work cannot be identified from the filename; lead must name the 'vsn' series,filename,D,"[""clipping""]",provide text / rename / identify work
kamadhenu_dataset/incoming_audio/drive/Bhagavata Saroddhara/SBS0.1.mp3,bhagavata_saroddhara,adhyaya_0,1,full,,,,,16.666,,0.0,<0.50 weak/unmatched,unmatched,work identified from filename (bhagavata_saroddhara) but it does not exist in DGE — add the text to DGE first,filename,A,[],provide text / rename / identify work
kamadhenu_dataset/incoming_audio/drive/Bhagavata Saroddhara/SBS0.2.mp3,bhagavata_saroddhara,adhyaya_0,2,full,,,,,12.304,,0.0,<0.50 weak/unmatched,unmatched,work identified from filename (bhagavata_saroddhara) but it does not exist in DGE — add the text to DGE first,filename,A,[],provide text / rename / identify work
kamadhenu_dataset/incoming_audio/drive/Bhagavata Saroddhara/SBS0.3.mp3,bhagavata_saroddhara,adhyaya_0,3,full,,,,,4.258,,0.0,<0.50 weak/unmatched,unmatched,work identified from filename (bhagavata_saroddhara) but it does not exist in DGE — add the text to DGE first,filename,A,[],provide text / rename / identify work
kamadhenu_dataset/incoming_audio/drive/Bhagavata Saroddhara/SBS1.0.mp3,bhagavata_saroddhara,adhyaya_1,0,full,,,,,3.918,,0.0,<0.50 weak/unmatched,unmatched,work identified from filename (bhagavata_saroddhara) but it does not exist in DGE — add the text to DGE first,filename,A,[],provide text / rename / identify work
kamadhenu_dataset/incoming_audio/drive/Bhagavata Saroddhara/SBS1.1.SBS1.mp3,bhagavata_saroddhara,adhyaya_1,1,full,,,,,17.633,,0.0,<0.50 weak/unmatched,unmatched,work identified from filename (bhagavata_saroddhara) but it does not exist in DGE — add the text to DGE first,filename,A,[],provide text / rename / identify work
kamadhenu_dataset/incoming_audio/drive/Bhagavata Saroddhara/SBS1.10.SBS10.mp3,bhagavata_saroddhara,adhyaya_1,10,full,,,,,16.98,,0.0,<0.50 weak/unmatched,unmatched,work identified from filename (bhagavata_saroddhara) but it does not exist in DGE — add the text to DGE first,filename,A,[],provide text / rename / identify work
kamadhenu_dataset/incoming_audio/drive/Bhagavata Saroddhara/SBS1.11.SBS11.mp3,bhagavata_saroddhara,adhyaya_1,11,full,,,,,17.45,,0.0,<0.50 weak/unmatched,unmatched,work identified from filename (bhagavata_saroddhara) but it does not exist in DGE — add the text to DGE first,filename,A,[],provide text / rename / identify work
kamadhenu_dataset/incoming_audio/drive/Bhagavata Saroddhara/SBS1.12.SBS12.mp3,bhagavata_saroddhara,adhyaya_1,12,full,,,,,16.327,,0.0,<0.50 weak/unmatched,unmatched,work identified from filename (bhagavata_saroddhara) but it does not exist in DGE — add the text to DGE first,filename,A,[],provide text / rename / identify work
kamadhenu_dataset/incoming_audio/drive/Bhagavata Saroddhara/SBS1.13.SBS13.mp3,bhagavata_saroddhara,adhyaya_1,13,full,,,,,16.327,,0.0,<0.50 weak/unmatched,unmatched,work identified from filename (bhagavata_saroddhara) but it does not exist in DGE — add the text to DGE first,filename,A,[],provide text / rename / identify work
kamadhenu_dataset/incoming_audio/drive/Bhagavata Saroddhara/SBS1.14.SBS14.mp3,bhagavata_saroddhara,adhyaya_1,14,full,,,,,16.327,,0.0,<0.50 weak/unmatched,unmatched,work identified from filename (bhagavata_saroddhara) but it does not exist in DGE — add the text to DGE first,filename,A,[],provide text / rename / identify work
kamadhenu_dataset/incoming_audio/drive/Bhagavata Saroddhara/SBS1.15.SBS15.mp3,bhagavata_saroddhara,adhyaya_1,15,full,,,,,16.666,,0.0,<0.50 weak/unmatched,unmatched,work identified from filename (bhagavata_saroddhara) but it does not exist in DGE — add the text to DGE first,filename,A,[],provide text / rename / identify work
kamadhenu_dataset/incoming_audio/drive/Bhagavata Saroddhara/SBS1.16.SBS16.mp3,bhagavata_saroddhara,adhyaya_1,16,full,,,,,16.327,,0.0,<0.50 weak/unmatched,unmatched,work identified from filename (bhagavata_saroddhara) but it does not exist in DGE — add the text to DGE first,filename,A,[],provide text / rename / identify work
kamadhenu_dataset/incoming_audio/drive/Bhagavata Saroddhara/SBS1.2.SBS2.mp3,bhagavata_saroddhara,adhyaya_1,2,full,,,,,17.45,,0.0,<0.50 weak/unmatched,unmatched,work identified from filename (bhagavata_saroddhara) but it does not exist in DGE — add the text to DGE first,filename,A,[],provide text / rename / identify work
kamadhenu_dataset/incoming_audio/drive/Bhagavata Saroddhara/SBS1.3.SBS3.mp3,bhagavata_saroddhara,adhyaya_1,3,full,,,,,16.013,,0.0,<0.50 weak/unmatched,unmatched,work identified from filename (bhagavata_saroddhara) but it does not exist in DGE — add the text to DGE first,filename,A,[],provide text / rename / identify work
kamadhenu_dataset/incoming_audio/drive/Bhagavata Saroddhara/SBS1.4.SBS4.mp3,bhagavata_saroddhara,adhyaya_1,4,full,,,,,19.226,,0.0,<0.50 weak/unmatched,unmatched,work identified from filename (bhagavata_saroddhara) but it does not exist in DGE — add the text to DGE first,filename,A,[],provide text / rename / identify work
kamadhenu_dataset/incoming_audio/drive/Bhagavata Saroddhara/SBS1.5.SBS5.mp3,bhagavata_saroddhara,adhyaya_1,5,full,,,,,16.823,,0.0,<0.50 weak/unmatched,unmatched,work identified from filename (bhagavata_saroddhara) but it does not exist in DGE — add the text to DGE first,filename,A,[],provide text / rename / identify work
kamadhenu_dataset/incoming_audio/drive/Bhagavata Saroddhara/SBS1.6.SBS6.mp3,bhagavata_saroddhara,adhyaya_1,6,full,,,,,16.98,,0.0,<0.50 weak/unmatched,unmatched,work identified from filename (bhagavata_saroddhara) but it does not exist in DGE — add the text to DGE first,filename,A,[],provide text / rename / identify work
kamadhenu_dataset/incoming_audio/drive/Bhagavata Saroddhara/SBS1.7.SBS7.mp3,bhagavata_saroddhara,adhyaya_1,7,full,,,,,20.193,,0.0,<0.50 weak/unmatched,unmatched,work identified from filename (bhagavata_saroddhara) but it does not exist in DGE — add the text to DGE first,filename,A,[],provide text / rename / identify work
kamadhenu_dataset/incoming_audio/drive/Bhagavata Saroddhara/SBS1.8.SBS8.mp3,bhagavata_saroddhara,adhyaya_1,8,full,,,,,16.483,,0.0,<0.50 weak/unmatched,unmatched,work identified from filename (bhagavata_saroddhara) but it does not exist in DGE — add the text to DGE first,filename,A,[],provide text / rename / identify work
kamadhenu_dataset/incoming_audio/drive/Bhagavata Saroddhara/SBS1.9.SBS9.mp3,bhagavata_saroddhara,adhyaya_1,9,full,,,,,16.666,,0.0,<0.50 weak/unmatched,unmatched,work identified from filename (bhagavata_saroddhara) but it does not exist in DGE — add the text to DGE first,filename,A,[],provide text / rename / identify work
kamadhenu_dataset/incoming_audio/drive/Bhagavata Saroddhara/SBS1.E.mp3,bhagavata_saroddhara,adhyaya_1,E,full,,,,,7.471,,0.0,<0.50 weak/unmatched,unmatched,work identified from filename (bhagavata_saroddhara) but it does not exist in DGE — add the text to DGE first,filename,A,[],provide text / rename / identify work
kamadhenu_dataset/incoming_audio/drive/Bhagavata Saroddhara/SBS10.0.mp3,bhagavata_saroddhara,adhyaya_10,0,full,,,,,3.762,,0.0,<0.50 weak/unmatched,unmatched,work identified from filename (bhagavata_saroddhara) but it does not exist in DGE — add the text to DGE first,filename,A,[],provide text / rename / identify work
kamadhenu_dataset/incoming_audio/drive/Bhagavata Saroddhara/SBS10.1.SBS138.mp3,bhagavata_saroddhara,adhyaya_10,1,full,,,,,18.416,,0.0,<0.50 weak/unmatched,unmatched,work identified from filename (bhagavata_saroddhara) but it does not exist in DGE — add the text to DGE first,filename,A,[],provide text / rename / identify work
kamadhenu_dataset/incoming_audio/drive/Bhagavata Saroddhara/SBS10.2.SBS139.mp3,bhagavata_saroddhara,adhyaya_10,2,full,,,,,16.327,,0.0,<0.50 weak/unmatched,unmatched,work identified from filename (bhagavata_saroddhara) but it does not exist in DGE — add the text to DGE first,filename,A,[],provide text / rename / identify work
kamadhenu_dataset/incoming_audio/drive/Bhagavata Saroddhara/SBS10.3.SBS140.mp3,bhagavata_saroddhara,adhyaya_10,3,full,,,,,18.599,,0.0,<0.50 weak/unmatched,unmatched,work identified from filename (bhagavata_saroddhara) but it does not exist in DGE — add the text to DGE first,filename,A,[],provide text / rename / identify work
kamadhenu_dataset/incoming_audio/drive/Bhagavata Saroddhara/SBS10.4.SBS141.mp3,bhagavata_saroddhara,adhyaya_10,4,full,,,,,16.823,,0.0,<0.50 weak/unmatched,unmatched,work identified from filename (bhagavata_saroddhara) but it does not exist in DGE — add the text to DGE first,filename,A,[],provide text / rename / identify work
kamadhenu_dataset/incoming_audio/drive/Bhagavata Saroddhara/SBS10.5.SBS142.mp3,bhagavata_saroddhara,adhyaya_10,5,full,,,,,17.136,,0.0,<0.50 weak/unmatched,unmatched,work identified from filename (bhagavata_saroddhara) but it does not exist in DGE — add the text to DGE first,filename,A,[],provide text / rename / identify work
kamadhenu_dataset/incoming_audio/drive/Bhagavata Saroddhara/SBS10.6.SBS143.mp3,bhagavata_saroddhara,adhyaya_10,6,full,,,,,14.733,,0.0,<0.50 weak/unmatched,unmatched,work identified from filename (bhagavata_saroddhara) but it does not exist in DGE — add the text to DGE first,filename,A,[],provide text / rename / identify work
kamadhenu_dataset/incoming_audio/drive/Bhagavata Saroddhara/SBS10.7.SBS144.mp3,bhagavata_saroddhara,adhyaya_10,7,full,,,,,14.55,,0.0,<0.50 weak/unmatched,unmatched,work identified from filename (bhagavata_saroddhara) but it does not exist in DGE — add the text to DGE first,filename,A,[],provide text / rename / identify work
kamadhenu_dataset/incoming_audio/drive/Bhagavata Saroddhara/SBS10.8.SBS145.mp3,bhagavata_saroddhara,adhyaya_10,8,full,,,,,14.55,,0.0,<0.50 weak/unmatched,unmatched,work identified from filename (bhagavata_saroddhara) but it does not exist in DGE — add the text to DGE first,filename,A,[],provide text / rename / identify work
kamadhenu_dataset/incoming_audio/drive/Bhagavata Saroddhara/SBS10.9.SBS146.mp3,bhagavata_saroddhara,adhyaya_10,9,full,,,,,14.237,,0.0,<0.50 weak/unmatched,unmatched,work identified from filename (bhagavata_saroddhara) but it does not exist in DGE — add the text to DGE first,filename,A,[],provide text / rename / identify work
kamadhenu_dataset/incoming_audio/drive/Bhagavata Saroddhara/SBS10.E.mp3,bhagavata_saroddhara,adhyaya_10,E,full,,,,,6.191,,0.0,<0.50 weak/unmatched,unmatched,work identified from filename (bhagavata_saroddhara) but it does not exist in DGE — add the text to DGE first,filename,A,[],provide text / rename / identify work
kamadhenu_dataset/incoming_audio/drive/Bhagavata Saroddhara/SBS11.0.mp3,bhagavata_saroddhara,adhyaya_11,0,full,,,,,3.291,,0.0,<0.50 weak/unmatched,unmatched,work identified from filename (bhagavata_saroddhara) but it does not exist in DGE — add the text to DGE first,filename,A,[],provide text / rename / identify work
kamadhenu_dataset/incoming_audio/drive/Bhagavata Saroddhara/SBS11.1.SBS147.mp3,bhagavata_saroddhara,adhyaya_11,1,full,,,,,24.215,,0.0,<0.50 weak/unmatched,unmatched,work identified from filename (bhagavata_saroddhara) but it does not exist in DGE — add the text to DGE first,filename,A,[],provide text / rename / identify work
kamadhenu_dataset/incoming_audio/drive/Bhagavata Saroddhara/SBS11.10.SBS156.mp3,bhagavata_saroddhara,adhyaya_11,10,full,,,,,19.383,,0.0,<0.50 weak/unmatched,unmatched,work identified from filename (bhagavata_saroddhara) but it does not exist in DGE — add the text to DGE first,filename,A,[],provide text / rename / identify work
kamadhenu_dataset/incoming_audio/drive/Bhagavata Saroddhara/SBS11.11.SBS157.mp3,bhagavata_saroddhara,adhyaya_11,11,full,,,,,19.226,,0.0,<0.50 weak/unmatched,unmatched,work identified from filename (bhagavata_saroddhara) but it does not exist in DGE — add the text to DGE first,filename,A,[],provide text / rename / identify work
kamadhenu_dataset/incoming_audio/drive/Bhagavata Saroddhara/SBS11.12.SBS158.mp3,bhagavata_saroddhara,adhyaya_11,12,full,,,,,19.383,,0.0,<0.50 weak/unmatched,unmatched,work identified from filename (bhagavata_saroddhara) but it does not exist in DGE — add the text to DGE first,filename,A,[],provide text / rename / identify work
kamadhenu_dataset/incoming_audio/drive/Bhagavata Saroddhara/SBS11.13.SBS159.mp3,bhagavata_saroddhara,adhyaya_11,13,full,,,,,19.383,,0.0,<0.50 weak/unmatched,unmatched,work identified from filename (bhagavata_saroddhara) but it does not exist in DGE — add the text to DGE first,filename,A,[],provide text / rename / identify work
kamadhenu_dataset/incoming_audio/drive/Bhagavata Saroddhara/SBS11.14.SBS160.mp3,bhagavata_saroddhara,adhyaya_11,14,full,,,,,18.599,,0.0,<0.50 weak/unmatched,unmatched,work identified from filename (bhagavata_saroddhara) but it does not exist in DGE — add the text to DGE first,filename,A,[],provide text / rename / identify work
kamadhenu_dataset/incoming_audio/drive/Bhagavata Saroddhara/SBS11.15.SBS161.mp3,bhagavata_saroddhara,adhyaya_11,15,full,,,,,16.666,,0.0,<0.50 weak/unmatched,unmatched,work identified from filename (bhagavata_saroddhara) but it does not exist in DGE — add the text to DGE first,filename,A,[],provide text / rename / identify work
kamadhenu_dataset/incoming_audio/drive/Bhagavata Saroddhara/SBS11.16.SBS162.mp3,bhagavata_saroddhara,adhyaya_11,16,full,,,,,16.483,,0.0,<0.50 weak/unmatched,unmatched,work identified from filename (bhagavata_saroddhara) but it does not exist in DGE — add the text to DGE first,filename,A,[],provide text / rename / identify work
kamadhenu_dataset/incoming_audio/drive/Bhagavata Saroddhara/SBS11.17.SBS163.mp3,bhagavata_saroddhara,adhyaya_11,17,full,,,,,16.013,,0.0,<0.50 weak/unmatched,unmatched,work identified from filename (bhagavata_saroddhara) but it does not exist in DGE — add the text to DGE first,filename,A,[],provide text / rename / identify work
kamadhenu_dataset/incoming_audio/drive/Bhagavata Saroddhara/SBS11.18.SBS164.mp3,bhagavata_saroddhara,adhyaya_11,18,full,,,,,16.823,,0.0,<0.50 weak/unmatched,unmatched,work identified from filename (bhagavata_saroddhara) but it does not exist in DGE — add the text to DGE first,filename,A,[],provide text / rename / identify work
kamadhenu_dataset/incoming_audio/drive/Bhagavata Saroddhara/SBS11.19.SBS165.mp3,bhagavata_saroddhara,adhyaya_11,19,full,,,,,17.633,,0.0,<0.50 weak/unmatched,unmatched,work identified from filename (bhagavata_saroddhara) but it does not exist in DGE — add the text to DGE first,filename,A,[],provide text / rename / identify work
kamadhenu_dataset/incoming_audio/drive/Bhagavata Saroddhara/SBS11.2.SBS148.mp3,bhagavata_saroddhara,adhyaya_11,2,full,,,,,17.293,,0.0,<0.50 weak/unmatched,unmatched,work identified from filename (bhagavata_saroddhara) but it does not exist in DGE — add the text to DGE first,filename,A,[],provide text / rename / identify work
kamadhenu_dataset/incoming_audio/drive/Bhagavata Saroddhara/SBS11.20.SBS166.mp3,bhagavata_saroddhara,adhyaya_11,20,full,,,,,19.566,,0.0,<0.50 weak/unmatched,unmatched,work identified from filename (bhagavata_saroddhara) but it does not exist in DGE — add the text to DGE first,filename,A,[],provide text / rename / identify work
kamadhenu_dataset/incoming_audio/drive/Bhagavata Saroddhara/SBS11.21.SBS167.mp3,bhagavata_saroddhara,adhyaya_11,21,full,,,,,18.005,,0.0,<0.50 weak/unmatched,unmatched,work identified from filename (bhagavata_saroddhara) but it does not exist in DGE — add the text to DGE first,filename,A,"[""extension_mismatch""]",provide text / rename / identify work
kamadhenu_dataset/incoming_audio/drive/Bhagavata Saroddhara/SBS11.22.SBS168.mp3,bhagavata_saroddhara,adhyaya_11,22,full,,,,,17.789,,0.0,<0.50 weak/unmatched,unmatched,work identified from filename (bhagavata_saroddhara) but it does not exist in DGE — add the text to DGE first,filename,A,[],provide text / rename / identify work
kamadhenu_dataset/incoming_audio/drive/Bhagavata Saroddhara/SBS11.23.SBS169.mp3,bhagavata_saroddhara,adhyaya_11,23,full,,,,,17.136,,0.0,<0.50 weak/unmatched,unmatched,work identified from filename (bhagavata_saroddhara) but it does not exist in DGE — add the text to DGE first,filename,A,[],provide text / rename / identify work
kamadhenu_dataset/incoming_audio/drive/Bhagavata Saroddhara/SBS11.24.SBS170.mp3,bhagavata_saroddhara,adhyaya_11,24,full,,,,,15.36,,0.0,<0.50 weak/unmatched,unmatched,work identified from filename (bhagavata_saroddhara) but it does not exist in DGE — add the text to DGE first,filename,A,[],provide text / rename / identify work
kamadhenu_dataset/incoming_audio/drive/Bhagavata Saroddhara/SBS11.25.SBS171.mp3,bhagavata_saroddhara,adhyaya_11,25,full,,,,,16.483,,0.0,<0.50 weak/unmatched,unmatched,work identified from filename (bhagavata_saroddhara) but it does not exist in DGE — add the text to DGE first,filename,A,[],provide text / rename / identify work
kamadhenu_dataset/incoming_audio/drive/Bhagavata Saroddhara/SBS11.3.SBS149.mp3,bhagavata_saroddhara,adhyaya_11,3,full,,,,,17.136,,0.0,<0.50 weak/unmatched,unmatched,work identified from filename (bhagavata_saroddhara) but it does not exist in DGE — add the text to DGE first,filename,A,[],provide text / rename / identify work
kamadhenu_dataset/incoming_audio/drive/Bhagavata Saroddhara/SBS11.4.SBS150.mp3,bhagavata_saroddhara,adhyaya_11,4,full,,,,,14.733,,0.0,<0.50 weak/unmatched,unmatched,work identified from filename (bhagavata_saroddhara) but it does not exist in DGE — add the text to DGE first,filename,A,[],provide text / rename / identify work
kamadhenu_dataset/incoming_audio/drive/Bhagavata Saroddhara/SBS11.5.SBS151.mp3,bhagavata_saroddhara,adhyaya_11,5,full,,,,,19.566,,0.0,<0.50 weak/unmatched,unmatched,work identified from filename (bhagavata_saroddhara) but it does not exist in DGE — add the text to DGE first,filename,A,[],provide text / rename / identify work
kamadhenu_dataset/incoming_audio/drive/Bhagavata Saroddhara/SBS11.6.SBS152.mp3,bhagavata_saroddhara,adhyaya_11,6,full,,,,,15.36,,0.0,<0.50 weak/unmatched,unmatched,work identified from filename (bhagavata_saroddhara) but it does not exist in DGE — add the text to DGE first,filename,A,[],provide text / rename / identify work
kamadhenu_dataset/incoming_audio/drive/Bhagavata Saroddhara/SBS11.7.SBS153.mp3,bhagavata_saroddhara,adhyaya_11,7,full,,,,,15.856,,0.0,<0.50 weak/unmatched,unmatched,work identified from filename (bhagavata_saroddhara) but it does not exist in DGE — add the text to DGE first,filename,A,[],provide text / rename / identify work
kamadhenu_dataset/incoming_audio/drive/Bhagavata Saroddhara/SBS11.8.SBS154.mp3,bhagavata_saroddhara,adhyaya_11,8,full,,,,,18.26,,0.0,<0.50 weak/unmatched,unmatched,work identified from filename (bhagavata_saroddhara) but it does not exist in DGE — add the text to DGE first,filename,A,[],provide text / rename / identify work
kamadhenu_dataset/incoming_audio/drive/Bhagavata Saroddhara/SBS11.9.SBS155.mp3,bhagavata_saroddhara,adhyaya_11,9,full,,,,,16.17,,0.0,<0.50 weak/unmatched,unmatched,work identified from filename (bhagavata_saroddhara) but it does not exist in DGE — add the text to DGE first,filename,A,[],provide text / rename / identify work
kamadhenu_dataset/incoming_audio/drive/Bhagavata Saroddhara/SBS11.E.mp3,bhagavata_saroddhara,adhyaya_11,E,full,,,,,6.348,,0.0,<0.50 weak/unmatched,unmatched,work identified from filename (bhagavata_saroddhara) but it does not exist in DGE — add the text to DGE first,filename,A,[],provide text / rename / identify work
kamadhenu_dataset/incoming_audio/drive/Bhagavata Saroddhara/SBS12.0.mp3,bhagavata_saroddhara,adhyaya_12,0,full,,,,,3.918,,0.0,<0.50 weak/unmatched,unmatched,work identified from filename (bhagavata_saroddhara) but it does not exist in DGE — add the text to DGE first,filename,A,[],provide text / rename / identify work
kamadhenu_dataset/incoming_audio/drive/Bhagavata Saroddhara/SBS12.1.SBS172.mp3.mp3,bhagavata_saroddhara,adhyaya_12,1,full,,,,,22.126,,0.0,<0.50 weak/unmatched,unmatched,work identified from filename (bhagavata_saroddhara) but it does not exist in DGE — add the text to DGE first,filename,B,"[""hot_peaks""]",provide text / rename / identify work
kamadhenu_dataset/incoming_audio/drive/Bhagavata Saroddhara/SBS12.2.SBS173.mp3,bhagavata_saroddhara,adhyaya_12,2,full,,,,,18.599,,0.0,<0.50 weak/unmatched,unmatched,work identified from filename (bhagavata_saroddhara) but it does not exist in DGE — add the text to DGE first,filename,A,[],provide text / rename / identify work
kamadhenu_dataset/incoming_audio/drive/Bhagavata Saroddhara/SBS12.3.SBS174.mp3,bhagavata_saroddhara,adhyaya_12,3,full,,,,,15.7,,0.0,<0.50 weak/unmatched,unmatched,work identified from filename (bhagavata_saroddhara) but it does not exist in DGE — add the text to DGE first,filename,A,[],provide text / rename / identify work
kamadhenu_dataset/incoming_audio/drive/Bhagavata Saroddhara/SBS12.4.SBS175.mp3,bhagavata_saroddhara,adhyaya_12,4,full,,,,,15.36,,0.0,<0.50 weak/unmatched,unmatched,work identified from filename (bhagavata_saroddhara) but it does not exist in DGE — add the text to DGE first,filename,A,[],provide text / rename / identify work
kamadhenu_dataset/incoming_audio/drive/Bhagavata Saroddhara/SBS12.5.SBS176.mp3,bhagavata_saroddhara,adhyaya_12,5,full,,,,,16.98,,0.0,<0.50 weak/unmatched,unmatched,work identified from filename (bhagavata_saroddhara) but it does not exist in DGE — add the text to DGE first,filename,A,[],provide text / rename / identify work
kamadhenu_dataset/incoming_audio/drive/Bhagavata Saroddhara/SBS12.6.SBS177.mp3,bhagavata_saroddhara,adhyaya_12,6,full,,,,,16.666,,0.0,<0.50 weak/unmatched,unmatched,work identified from filename (bhagavata_saroddhara) but it does not exist in DGE — add the text to DGE first,filename,A,[],provide text / rename / identify work
kamadhenu_dataset/incoming_audio/drive/Bhagavata Saroddhara/SBS12.E.mp3,bhagavata_saroddhara,adhyaya_12,E,full,,,,,7.628,,0.0,<0.50 weak/unmatched,unmatched,work identified from filename (bhagavata_saroddhara) but it does not exist in DGE — add the text to DGE first,filename,A,[],provide text / rename / identify work
kamadhenu_dataset/incoming_audio/drive/Bhagavata Saroddhara/SBS13.0.mp3,bhagavata_saroddhara,adhyaya_13,0,full,,,,,3.448,,0.0,<0.50 weak/unmatched,unmatched,work identified from filename (bhagavata_saroddhara) but it does not exist in DGE — add the text to DGE first,filename,A,[],provide text / rename / identify work
kamadhenu_dataset/incoming_audio/drive/Bhagavata Saroddhara/SBS13.1.SBS178.mp3,bhagavata_saroddhara,adhyaya_13,1,full,,,,,16.17,,0.0,<0.50 weak/unmatched,unmatched,work identified from filename (bhagavata_saroddhara) but it does not exist in DGE — add the text to DGE first,filename,A,[],provide text / rename / identify work
kamadhenu_dataset/incoming_audio/drive/Bhagavata Saroddhara/SBS13.2.SBS179.mp3,bhagavata_saroddhara,adhyaya_13,2,full,,,,,15.36,,0.0,<0.50 weak/unmatched,unmatched,work identified from filename (bhagavata_saroddhara) but it does not exist in DGE — add the text to DGE first,filename,A,[],provide text / rename / identify work
kamadhenu_dataset/incoming_audio/drive/Bhagavata Saroddhara/SBS13.3.SBS180.mp3,bhagavata_saroddhara,adhyaya_13,3,full,,,,,16.483,,0.0,<0.50 weak/unmatched,unmatched,work identified from filename (bhagavata_saroddhara) but it does not exist in DGE — add the text to DGE first,filename,A,[],provide text / rename / identify work
kamadhenu_dataset/incoming_audio/drive/Bhagavata Saroddhara/SBS13.4.SBS181.mp3,bhagavata_saroddhara,adhyaya_13,4,full,,,,,15.047,,0.0,<0.50 weak/unmatched,unmatched,work identified from filename (bhagavata_saroddhara) but it does not exist in DGE — add the text to DGE first,filename,A,[],provide text / rename / identify work
kamadhenu_dataset/incoming_audio/drive/Bhagavata Saroddhara/SBS13.5.SBS182.mp3,bhagavata_saroddhara,adhyaya_13,5,full,,,,,15.203,,0.0,<0.50 weak/unmatched,unmatched,work identified from filename (bhagavata_saroddhara) but it does not exist in DGE — add the text to DGE first,filename,A,[],provide text / rename / identify work
kamadhenu_dataset/incoming_audio/drive/Bhagavata Saroddhara/SBS13.6.SBS183.mp3,bhagavata_saroddhara,adhyaya_13,6,full,,,,,16.013,,0.0,<0.50 weak/unmatched,unmatched,work identified from filename (bhagavata_saroddhara) but it does not exist in DGE — add the text to DGE first,filename,B,"[""broadband_noise_floor""]",provide text / rename / identify work
kamadhenu_dataset/incoming_audio/drive/Bhagavata Saroddhara/SBS13.7.SBS184.mp3,bhagavata_saroddhara,adhyaya_13,7,full,,,,,15.517,,0.0,<0.50 weak/unmatched,unmatched,work identified from filename (bhagavata_saroddhara) but it does not exist in DGE — add the text to DGE first,filename,A,[],provide text / rename / identify work
kamadhenu_dataset/incoming_audio/drive/Bhagavata Saroddhara/SBS13.E.mp3,bhagavata_saroddhara,adhyaya_13,E,full,,,,,7.314,,0.0,<0.50 weak/unmatched,unmatched,work identified from filename (bhagavata_saroddhara) but it does not exist in DGE — add the text to DGE first,filename,A,[],provide text / rename / identify work
kamadhenu_dataset/incoming_audio/drive/Bhagavata Saroddhara/SBS14.0.mp3,bhagavata_saroddhara,adhyaya_14,0,full,,,,,3.605,,0.0,<0.50 weak/unmatched,unmatched,work identified from filename (bhagavata_saroddhara) but it does not exist in DGE — add the text to DGE first,filename,A,[],provide text / rename / identify work
kamadhenu_dataset/incoming_audio/drive/Bhagavata Saroddhara/SBS14.1.SBS185.mp3,bhagavata_saroddhara,adhyaya_14,1,full,,,,,15.517,,0.0,<0.50 weak/unmatched,unmatched,work identified from filename (bhagavata_saroddhara) but it does not exist in DGE — add the text to DGE first,filename,A,[],provide text / rename / identify work
kamadhenu_dataset/incoming_audio/drive/Bhagavata Saroddhara/SBS14.2.SBS186.mp3,bhagavata_saroddhara,adhyaya_14,2,full,,,,,16.013,,0.0,<0.50 weak/unmatched,unmatched,work identified from filename (bhagavata_saroddhara) but it does not exist in DGE — add the text to DGE first,filename,A,[],provide text / rename / identify work
kamadhenu_dataset/incoming_audio/drive/Bhagavata Saroddhara/SBS14.3.SBS187.mp3,bhagavata_saroddhara,adhyaya_14,3,full,,,,,16.823,,0.0,<0.50 weak/unmatched,unmatched,work identified from filename (bhagavata_saroddhara) but it does not exist in DGE — add the text to DGE first,filename,A,[],provide text / rename / identify work
kamadhenu_dataset/incoming_audio/drive/Bhagavata Saroddhara/SBS14.4.SBS188.mp3,bhagavata_saroddhara,adhyaya_14,4,full,,,,,16.013,,0.0,<0.50 weak/unmatched,unmatched,work identified from filename (bhagavata_saroddhara) but it does not exist in DGE — add the text to DGE first,filename,A,[],provide text / rename / identify work
kamadhenu_dataset/incoming_audio/drive/Bhagavata Saroddhara/SBS14.5.SBS189.mp3,bhagavata_saroddhara,adhyaya_14,5,full,,,,,16.17,,0.0,<0.50 weak/unmatched,unmatched,work identified from filename (bhagavata_saroddhara) but it does not exist in DGE — add the text to DGE first,filename,A,[],provide text / rename / identify work
kamadhenu_dataset/incoming_audio/drive/Bhagavata Saroddhara/SBS14.6.SBS190.mp3,bhagavata_saroddhara,adhyaya_14,6,full,,,,,14.733,,0.0,<0.50 weak/unmatched,unmatched,work identified from filename (bhagavata_saroddhara) but it does not exist in DGE — add the text to DGE first,filename,A,[],provide text / rename / identify work
kamadhenu_dataset/incoming_audio/drive/Bhagavata Saroddhara/SBS14.7.SBS191.mp3,bhagavata_saroddhara,adhyaya_14,7,full,,,,,15.7,,0.0,<0.50 weak/unmatched,unmatched,work identified from filename (bhagavata_saroddhara) but it does not exist in DGE — add the text to DGE first,filename,A,[],provide text / rename / identify work
kamadhenu_dataset/incoming_audio/drive/Bhagavata Saroddhara/SBS14.8.SBS192.mp3,bhagavata_saroddhara,adhyaya_14,8,full,,,,,15.047,,0.0,<0.50 weak/unmatched,unmatched,work identified from filename (bhagavata_saroddhara) but it does not exist in DGE — add the text to DGE first,filename,A,[],provide text / rename / identify work
kamadhenu_dataset/incoming_audio/drive/Bhagavata Saroddhara/SBS14.9.SBS193.mp3,bhagavata_saroddhara,adhyaya_14,9,full,,,,,17.946,,0.0,<0.50 weak/unmatched,unmatched,work identified from filename (bhagavata_saroddhara) but it does not exist in DGE — add the text to DGE first,filename,A,[],provide text / rename / identify work
kamadhenu_dataset/incoming_audio/drive/Bhagavata Saroddhara/SBS14.E.mp3,bhagavata_saroddhara,adhyaya_14,E,full,,,,,6.348,,0.0,<0.50 weak/unmatched,unmatched,work identified from filename (bhagavata_saroddhara) but it does not exist in DGE — add the text to DGE first,filename,A,[],provide text / rename / identify work
kamadhenu_dataset/incoming_audio/drive/Bhagavata Saroddhara/SBS15.0.mp3,bhagavata_saroddhara,adhyaya_15,0,full,,,,,2.952,,0.0,<0.50 weak/unmatched,unmatched,work identified from filename (bhagavata_saroddhara) but it does not exist in DGE — add the text to DGE first,filename,A,[],provide text / rename / identify work
kamadhenu_dataset/incoming_audio/drive/Bhagavata Saroddhara/SBS15.1.SBS194.mp3,bhagavata_saroddhara,adhyaya_15,1,full,,,,,14.89,,0.0,<0.50 weak/unmatched,unmatched,work identified from filename (bhagavata_saroddhara) but it does not exist in DGE — add the text to DGE first,filename,A,[],provide text / rename / identify work
kamadhenu_dataset/incoming_audio/drive/Bhagavata Saroddhara/SBS15.2.SBS195.mp3,bhagavata_saroddhara,adhyaya_15,2,full,,,,,16.327,,0.0,<0.50 weak/unmatched,unmatched,work identified from filename (bhagavata_saroddhara) but it does not exist in DGE — add the text to DGE first,filename,A,[],provide text / rename / identify work
kamadhenu_dataset/incoming_audio/drive/Bhagavata Saroddhara/SBS15.3.SBS196.mp3,bhagavata_saroddhara,adhyaya_15,3,full,,,,,17.136,,0.0,<0.50 weak/unmatched,unmatched,work identified from filename (bhagavata_saroddhara) but it does not exist in DGE — add the text to DGE first,filename,A,[],provide text / rename / identify work
kamadhenu_dataset/incoming_audio/drive/Bhagavata Saroddhara/SBS15.E.mp3,bhagavata_saroddhara,adhyaya_15,E,full,,,,,6.034,,0.0,<0.50 weak/unmatched,unmatched,work identified from filename (bhagavata_saroddhara) but it does not exist in DGE — add the text to DGE first,filename,A,[],provide text / rename / identify work
kamadhenu_dataset/incoming_audio/drive/Bhagavata Saroddhara/SBS16.0.mp3,bhagavata_saroddhara,adhyaya_16,0,full,,,,,2.952,,0.0,<0.50 weak/unmatched,unmatched,work identified from filename (bhagavata_saroddhara) but it does not exist in DGE — add the text to DGE first,filename,A,[],provide text / rename / identify work
kamadhenu_dataset/incoming_audio/drive/Bhagavata Saroddhara/SBS16.1.SBS197.mp3,bhagavata_saroddhara,adhyaya_16,1,full,,,,,16.823,,0.0,<0.50 weak/unmatched,unmatched,work identified from filename (bhagavata_saroddhara) but it does not exist in DGE — add the text to DGE first,filename,A,[],provide text / rename / identify work
kamadhenu_dataset/incoming_audio/drive/Bhagavata Saroddhara/SBS16.2.SBS198.mp3,bhagavata_saroddhara,adhyaya_16,2,full,,,,,14.733,,0.0,<0.50 weak/unmatched,unmatched,work identified from filename (bhagavata_saroddhara) but it does not exist in DGE — add the text to DGE first,filename,A,[],provide text / rename / identify work
kamadhenu_dataset/incoming_audio/drive/Bhagavata Saroddhara/SBS16.3.SBS199.mp3,bhagavata_saroddhara,adhyaya_16,3,full,,,,,16.17,,0.0,<0.50 weak/unmatched,unmatched,work identified from filename (bhagavata_saroddhara) but it does not exist in DGE — add the text to DGE first,filename,A,[],provide text / rename / identify work
kamadhenu_dataset/incoming_audio/drive/Bhagavata Saroddhara/SBS16.E.mp3,bhagavata_saroddhara,adhyaya_16,E,full,,,,,6.191,,0.0,<0.50 weak/unmatched,unmatched,work identified from filename (bhagavata_saroddhara) but it does not exist in DGE — add the text to DGE first,filename,A,[],provide text / rename / identify work
kamadhenu_dataset/incoming_audio/drive/Bhagavata Saroddhara/SBS17.0.mp3,bhagavata_saroddhara,adhyaya_17,0,full,,,,,2.325,,0.0,<0.50 weak/unmatched,unmatched,work identified from filename (bhagavata_saroddhara) but it does not exist in DGE — add the text to DGE first,filename,A,[],provide text / rename / identify work
kamadhenu_dataset/incoming_audio/drive/Bhagavata Saroddhara/SBS17.1.SBS200.mp3,bhagavata_saroddhara,adhyaya_17,1,full,,,,,16.823,,0.0,<0.50 weak/unmatched,unmatched,work identified from filename (bhagavata_saroddhara) but it does not exist in DGE — add the text to DGE first,filename,A,[],provide text / rename / identify work
kamadhenu_dataset/incoming_audio/drive/Bhagavata Saroddhara/SBS17.2.SBS201.mp3,bhagavata_saroddhara,adhyaya_17,2,full,,,,,17.136,,0.0,<0.50 weak/unmatched,unmatched,work identified from filename (bhagavata_saroddhara) but it does not exist in DGE — add the text to DGE first,filename,A,[],provide text / rename / identify work
kamadhenu_dataset/incoming_audio/drive/Bhagavata Saroddhara/SBS17.3.SBS202.mp3,bhagavata_saroddhara,adhyaya_17,3,full,,,,,15.36,,0.0,<0.50 weak/unmatched,unmatched,work identified from filename (bhagavata_saroddhara) but it does not exist in DGE — add the text to DGE first,filename,A,[],provide text / rename / identify work
kamadhenu_dataset/incoming_audio/drive/Bhagavata Saroddhara/SBS17.4.SBS203.mp3,bhagavata_saroddhara,adhyaya_17,4,full,,,,,15.047,,0.0,<0.50 weak/unmatched,unmatched,work identified from filename (bhagavata_saroddhara) but it does not exist in DGE — add the text to DGE first,filename,A,[],provide text / rename / identify work
kamadhenu_dataset/incoming_audio/drive/Bhagavata Saroddhara/SBS17.5.SBS204.mp3,bhagavata_saroddhara,adhyaya_17,5,full,,,,,16.013,,0.0,<0.50 weak/unmatched,unmatched,work identified from filename (bhagavata_saroddhara) but it does not exist in DGE — add the text to DGE first,filename,A,[],provide text / rename / identify work
kamadhenu_dataset/incoming_audio/drive/Bhagavata Saroddhara/SBS17.6.SBS205.mp3,bhagavata_saroddhara,adhyaya_17,6,full,,,,,16.17,,0.0,<0.50 weak/unmatched,unmatched,work identified from filename (bhagavata_saroddhara) but it does not exist in DGE — add the text to DGE first,filename,A,[],provide text / rename / identify work
kamadhenu_dataset/incoming_audio/drive/Bhagavata Saroddhara/SBS17.7.SBS206.mp3,bhagavata_saroddhara,adhyaya_17,7,full,,,,,17.136,,0.0,<0.50 weak/unmatched,unmatched,work identified from filename (bhagavata_saroddhara) but it does not exist in DGE — add the text to DGE first,filename,B,"[""hot_peaks""]",provide text / rename / identify work
kamadhenu_dataset/incoming_audio/drive/Bhagavata Saroddhara/SBS17.8.SBS207.mp3,bhagavata_saroddhara,adhyaya_17,8,full,,,,,16.17,,0.0,<0.50 weak/unmatched,unmatched,work identified from filename (bhagavata_saroddhara) but it does not exist in DGE — add the text to DGE first,filename,A,[],provide text / rename / identify work
kamadhenu_dataset/incoming_audio/drive/Bhagavata Saroddhara/SBS17.9.SBS208.mp3,bhagavata_saroddhara,adhyaya_17,9,full,,,,,16.666,,0.0,<0.50 weak/unmatched,unmatched,work identified from filename (bhagavata_saroddhara) but it does not exist in DGE — add the text to DGE first,filename,A,[],provide text / rename / identify work
kamadhenu_dataset/incoming_audio/drive/Bhagavata Saroddhara/SBS17.E.mp3,bhagavata_saroddhara,adhyaya_17,E,full,,,,,6.505,,0.0,<0.50 weak/unmatched,unmatched,work identified from filename (bhagavata_saroddhara) but it does not exist in DGE — add the text to DGE first,filename,A,[],provide text / rename / identify work
kamadhenu_dataset/incoming_audio/drive/Bhagavata Saroddhara/SBS18.0.mp3,bhagavata_saroddhara,adhyaya_18,0,full,,,,,4.101,,0.0,<0.50 weak/unmatched,unmatched,work identified from filename (bhagavata_saroddhara) but it does not exist in DGE — add the text to DGE first,filename,A,[],provide text / rename / identify work
kamadhenu_dataset/incoming_audio/drive/Bhagavata Saroddhara/SBS18.1.SBS209.mp3,bhagavata_saroddhara,adhyaya_18,1,full,,,,,19.383,,0.0,<0.50 weak/unmatched,unmatched,work identified from filename (bhagavata_saroddhara) but it does not exist in DGE — add the text to DGE first,filename,A,[],provide text / rename / identify work
kamadhenu_dataset/incoming_audio/drive/Bhagavata Saroddhara/SBS18.10.SBS218.mp3,bhagavata_saroddhara,adhyaya_18,10,full,,,,,18.913,,0.0,<0.50 weak/unmatched,unmatched,work identified from filename (bhagavata_saroddhara) but it does not exist in DGE — add the text to DGE first,filename,A,[],provide text / rename / identify work
kamadhenu_dataset/incoming_audio/drive/Bhagavata Saroddhara/SBS18.11.SBS219.mp3,bhagavata_saroddhara,adhyaya_18,11,full,,,,,20.689,,0.0,<0.50 weak/unmatched,unmatched,work identified from filename (bhagavata_saroddhara) but it does not exist in DGE — add the text to DGE first,filename,B,"[""hot_peaks""]",provide text / rename / identify work
kamadhenu_dataset/incoming_audio/drive/Bhagavata Saroddhara/SBS18.12.SBS220.mp3,bhagavata_saroddhara,adhyaya_18,12,full,,,,,17.136,,0.0,<0.50 weak/unmatched,unmatched,work identified from filename (bhagavata_saroddhara) but it does not exist in DGE — add the text to DGE first,filename,A,[],provide text / rename / identify work
kamadhenu_dataset/incoming_audio/drive/Bhagavata Saroddhara/SBS18.13.SBS221.mp3,bhagavata_saroddhara,adhyaya_18,13,full,,,,,16.98,,0.0,<0.50 weak/unmatched,unmatched,work identified from filename (bhagavata_saroddhara) but it does not exist in DGE — add the text to DGE first,filename,A,[],provide text / rename / identify work
kamadhenu_dataset/incoming_audio/drive/Bhagavata Saroddhara/SBS18.2.SBS210.mp3,bhagavata_saroddhara,adhyaya_18,2,full,,,,,15.517,,0.0,<0.50 weak/unmatched,unmatched,work identified from filename (bhagavata_saroddhara) but it does not exist in DGE — add the text to DGE first,filename,A,[],provide text / rename / identify work
kamadhenu_dataset/incoming_audio/drive/Bhagavata Saroddhara/SBS18.3.SBS211.mp3,bhagavata_saroddhara,adhyaya_18,3,full,,,,,14.55,,0.0,<0.50 weak/unmatched,unmatched,work identified from filename (bhagavata_saroddhara) but it does not exist in DGE — add the text to DGE first,filename,A,[],provide text / rename / identify work
kamadhenu_dataset/incoming_audio/drive/Bhagavata Saroddhara/SBS18.4.SBS212.mp3,bhagavata_saroddhara,adhyaya_18,4,full,,,,,16.013,,0.0,<0.50 weak/unmatched,unmatched,work identified from filename (bhagavata_saroddhara) but it does not exist in DGE — add the text to DGE first,filename,A,[],provide text / rename / identify work
kamadhenu_dataset/incoming_audio/drive/Bhagavata Saroddhara/SBS18.5.SBS213.mp3,bhagavata_saroddhara,adhyaya_18,5,full,,,,,17.633,,0.0,<0.50 weak/unmatched,unmatched,work identified from filename (bhagavata_saroddhara) but it does not exist in DGE — add the text to DGE first,filename,A,[],provide text / rename / identify work
kamadhenu_dataset/incoming_audio/drive/Bhagavata Saroddhara/SBS18.6.SBS214.mp3,bhagavata_saroddhara,adhyaya_18,6,full,,,,,15.517,,0.0,<0.50 weak/unmatched,unmatched,work identified from filename (bhagavata_saroddhara) but it does not exist in DGE — add the text to DGE first,filename,A,[],provide text / rename / identify work
kamadhenu_dataset/incoming_audio/drive/Bhagavata Saroddhara/SBS18.7.SBS215.mp3,bhagavata_saroddhara,adhyaya_18,7,full,,,,,17.45,,0.0,<0.50 weak/unmatched,unmatched,work identified from filename (bhagavata_saroddhara) but it does not exist in DGE — add the text to DGE first,filename,A,[],provide text / rename / identify work
kamadhenu_dataset/incoming_audio/drive/Bhagavata Saroddhara/SBS18.8.SBS216.mp3,bhagavata_saroddhara,adhyaya_18,8,full,,,,,16.17,,0.0,<0.50 weak/unmatched,unmatched,work identified from filename (bhagavata_saroddhara) but it does not exist in DGE — add the text to DGE first,filename,A,[],provide text / rename / identify work
kamadhenu_dataset/incoming_audio/drive/Bhagavata Saroddhara/SBS18.9.SBS217.mp3,bhagavata_saroddhara,adhyaya_18,9,full,,,,,15.203,,0.0,<0.50 weak/unmatched,unmatched,work identified from filename (bhagavata_saroddhara) but it does not exist in DGE — add the text to DGE first,filename,A,[],provide text / rename / identify work
kamadhenu_dataset/incoming_audio/drive/Bhagavata Saroddhara/SBS18.E.mp3,bhagavata_saroddhara,adhyaya_18,E,full,,,,,7.471,,0.0,<0.50 weak/unmatched,unmatched,work identified from filename (bhagavata_saroddhara) but it does not exist in DGE — add the text to DGE first,filename,A,[],provide text / rename / identify work
kamadhenu_dataset/incoming_audio/drive/Bhagavata Saroddhara/SBS19.0.mp3,bhagavata_saroddhara,adhyaya_19,0,full,,,,,2.795,,0.0,<0.50 weak/unmatched,unmatched,work identified from filename (bhagavata_saroddhara) but it does not exist in DGE — add the text to DGE first,filename,A,[],provide text / rename / identify work
kamadhenu_dataset/incoming_audio/drive/Bhagavata Saroddhara/SBS19.1.SBS222.mp3,bhagavata_saroddhara,adhyaya_19,1,full,,,,,16.666,,0.0,<0.50 weak/unmatched,unmatched,work identified from filename (bhagavata_saroddhara) but it does not exist in DGE — add the text to DGE first,filename,A,[],provide text / rename / identify work
kamadhenu_dataset/incoming_audio/drive/Bhagavata Saroddhara/SBS19.10.SBS231.mp3,bhagavata_saroddhara,adhyaya_19,10,full,,,,,15.517,,0.0,<0.50 weak/unmatched,unmatched,work identified from filename (bhagavata_saroddhara) but it does not exist in DGE — add the text to DGE first,filename,A,[],provide text / rename / identify work
kamadhenu_dataset/incoming_audio/drive/Bhagavata Saroddhara/SBS19.11.SBS232.mp3,bhagavata_saroddhara,adhyaya_19,11,full,,,,,17.789,,0.0,<0.50 weak/unmatched,unmatched,work identified from filename (bhagavata_saroddhara) but it does not exist in DGE — add the text to DGE first,filename,A,[],provide text / rename / identify work
kamadhenu_dataset/incoming_audio/drive/Bhagavata Saroddhara/SBS19.12.SBS233.mp3,bhagavata_saroddhara,adhyaya_19,12,full,,,,,15.047,,0.0,<0.50 weak/unmatched,unmatched,work identified from filename (bhagavata_saroddhara) but it does not exist in DGE — add the text to DGE first,filename,A,[],provide text / rename / identify work
kamadhenu_dataset/incoming_audio/drive/Bhagavata Saroddhara/SBS19.13.SBS234.mp3,bhagavata_saroddhara,adhyaya_19,13,full,,,,,16.823,,0.0,<0.50 weak/unmatched,unmatched,work identified from filename (bhagavata_saroddhara) but it does not exist in DGE — add the text to DGE first,filename,A,[],provide text / rename / identify work
kamadhenu_dataset/incoming_audio/drive/Bhagavata Saroddhara/SBS19.14.SBS235.mp3,bhagavata_saroddhara,adhyaya_19,14,full,,,,,15.517,,0.0,<0.50 weak/unmatched,unmatched,work identified from filename (bhagavata_saroddhara) but it does not exist in DGE — add the text to DGE first,filename,A,[],provide text / rename / identify work
kamadhenu_dataset/incoming_audio/drive/Bhagavata Saroddhara/SBS19.15.SBS236.mp3,bhagavata_saroddhara,adhyaya_19,15,full,,,,,16.17,,0.0,<0.50 weak/unmatched,unmatched,work identified from filename (bhagavata_saroddhara) but it does not exist in DGE — add the text to DGE first,filename,A,[],provide text / rename / identify work
kamadhenu_dataset/incoming_audio/drive/Bhagavata Saroddhara/SBS19.2.SBS223.mp3,bhagavata_saroddhara,adhyaya_19,2,full,,,,,19.226,,0.0,<0.50 weak/unmatched,unmatched,work identified from filename (bhagavata_saroddhara) but it does not exist in DGE — add the text to DGE first,filename,A,[],provide text / rename / identify work
kamadhenu_dataset/incoming_audio/drive/Bhagavata Saroddhara/SBS19.3.SBS224.mp3,bhagavata_saroddhara,adhyaya_19,3,full,,,,,18.416,,0.0,<0.50 weak/unmatched,unmatched,work identified from filename (bhagavata_saroddhara) but it does not exist in DGE — add the text to DGE first,filename,A,[],provide text / rename / identify work
kamadhenu_dataset/incoming_audio/drive/Bhagavata Saroddhara/SBS19.4.SBS225.mp3,bhagavata_saroddhara,adhyaya_19,4,full,,,,,17.633,,0.0,<0.50 weak/unmatched,unmatched,work identified from filename (bhagavata_saroddhara) but it does not exist in DGE — add the text to DGE first,filename,A,[],provide text / rename / identify work
kamadhenu_dataset/incoming_audio/drive/Bhagavata Saroddhara/SBS19.5.SBS226.mp3,bhagavata_saroddhara,adhyaya_19,5,full,,,,,15.7,,0.0,<0.50 weak/unmatched,unmatched,work identified from filename (bhagavata_saroddhara) but it does not exist in DGE — add the text to DGE first,filename,A,[],provide text / rename / identify work
kamadhenu_dataset/incoming_audio/drive/Bhagavata Saroddhara/SBS19.6.SBS227.mp3,bhagavata_saroddhara,adhyaya_19,6,full,,,,,15.856,,0.0,<0.50 weak/unmatched,unmatched,work identified from filename (bhagavata_saroddhara) but it does not exist in DGE — add the text to DGE first,filename,A,[],provide text / rename / identify work
kamadhenu_dataset/incoming_audio/drive/Bhagavata Saroddhara/SBS19.7.SBS228.mp3,bhagavata_saroddhara,adhyaya_19,7,full,,,,,18.913,,0.0,<0.50 weak/unmatched,unmatched,work identified from filename (bhagavata_saroddhara) but it does not exist in DGE — add the text to DGE first,filename,A,[],provide text / rename / identify work
kamadhenu_dataset/incoming_audio/drive/Bhagavata Saroddhara/SBS19.8.SBS229.mp3,bhagavata_saroddhara,adhyaya_19,8,full,,,,,16.483,,0.0,<0.50 weak/unmatched,unmatched,work identified from filename (bhagavata_saroddhara) but it does not exist in DGE — add the text to DGE first,filename,A,[],provide text / rename / identify work
kamadhenu_dataset/incoming_audio/drive/Bhagavata Saroddhara/SBS19.9.SBS230.mp3,bhagavata_saroddhara,adhyaya_19,9,full,,,,,18.103,,0.0,<0.50 weak/unmatched,unmatched,work identified from filename (bhagavata_saroddhara) but it does not exist in DGE — add the text to DGE first,filename,A,[],provide text / rename / identify work
kamadhenu_dataset/incoming_audio/drive/Bhagavata Saroddhara/SBS19.E.mp3,bhagavata_saroddhara,adhyaya_19,E,full,,,,,6.505,,0.0,<0.50 weak/unmatched,unmatched,work identified from filename (bhagavata_saroddhara) but it does not exist in DGE — add the text to DGE first,filename,A,[],provide text / rename / identify work
kamadhenu_dataset/incoming_audio/drive/Bhagavata Saroddhara/SBS2.0.mp3,bhagavata_saroddhara,adhyaya_2,0,full,,,,,3.135,,0.0,<0.50 weak/unmatched,unmatched,work identified from filename (bhagavata_saroddhara) but it does not exist in DGE — add the text to DGE first,filename,A,[],provide text / rename / identify work
kamadhenu_dataset/incoming_audio/drive/Bhagavata Saroddhara/SBS2.1.SBS17.mp3,bhagavata_saroddhara,adhyaya_2,1,full,,,,,16.98,,0.0,<0.50 weak/unmatched,unmatched,work identified from filename (bhagavata_saroddhara) but it does not exist in DGE — add the text to DGE first,filename,A,[],provide text / rename / identify work
kamadhenu_dataset/incoming_audio/drive/Bhagavata Saroddhara/SBS2.10.SBS26.mp3,bhagavata_saroddhara,adhyaya_2,10,full,,,,,16.666,,0.0,<0.50 weak/unmatched,unmatched,work identified from filename (bhagavata_saroddhara) but it does not exist in DGE — add the text to DGE first,filename,A,[],provide text / rename / identify work
kamadhenu_dataset/incoming_audio/drive/Bhagavata Saroddhara/SBS2.11.SBS27.mp3,bhagavata_saroddhara,adhyaya_2,11,full,,,,,17.293,,0.0,<0.50 weak/unmatched,unmatched,work identified from filename (bhagavata_saroddhara) but it does not exist in DGE — add the text to DGE first,filename,A,[],provide text / rename / identify work
kamadhenu_dataset/incoming_audio/drive/Bhagavata Saroddhara/SBS2.12.SBS28.mp3,bhagavata_saroddhara,adhyaya_2,12,full,,,,,16.327,,0.0,<0.50 weak/unmatched,unmatched,work identified from filename (bhagavata_saroddhara) but it does not exist in DGE — add the text to DGE first,filename,A,[],provide text / rename / identify work
kamadhenu_dataset/incoming_audio/drive/Bhagavata Saroddhara/SBS2.13.SBS29.mp3,bhagavata_saroddhara,adhyaya_2,13,full,,,,,17.293,,0.0,<0.50 weak/unmatched,unmatched,work identified from filename (bhagavata_saroddhara) but it does not exist in DGE — add the text to DGE first,filename,A,[],provide text / rename / identify work
kamadhenu_dataset/incoming_audio/drive/Bhagavata Saroddhara/SBS2.14.SBS30.mp3,bhagavata_saroddhara,adhyaya_2,14,full,,,,,16.327,,0.0,<0.50 weak/unmatched,unmatched,work identified from filename (bhagavata_saroddhara) but it does not exist in DGE — add the text to DGE first,filename,A,[],provide text / rename / identify work
kamadhenu_dataset/incoming_audio/drive/Bhagavata Saroddhara/SBS2.2.SBS18.mp3,bhagavata_saroddhara,adhyaya_2,2,full,,,,,15.7,,0.0,<0.50 weak/unmatched,unmatched,work identified from filename (bhagavata_saroddhara) but it does not exist in DGE — add the text to DGE first,filename,A,[],provide text / rename / identify work
kamadhenu_dataset/incoming_audio/drive/Bhagavata Saroddhara/SBS2.3.SBS19.mp3,bhagavata_saroddhara,adhyaya_2,3,full,,,,,17.136,,0.0,<0.50 weak/unmatched,unmatched,work identified from filename (bhagavata_saroddhara) but it does not exist in DGE — add the text to DGE first,filename,A,[],provide text / rename / identify work
kamadhenu_dataset/incoming_audio/drive/Bhagavata Saroddhara/SBS2.4.SBS20.mp3,bhagavata_saroddhara,adhyaya_2,4,full,,,,,17.136,,0.0,<0.50 weak/unmatched,unmatched,work identified from filename (bhagavata_saroddhara) but it does not exist in DGE — add the text to DGE first,filename,A,[],provide text / rename / identify work
kamadhenu_dataset/incoming_audio/drive/Bhagavata Saroddhara/SBS2.5.SBS21.mp3,bhagavata_saroddhara,adhyaya_2,5,full,,,,,18.103,,0.0,<0.50 weak/unmatched,unmatched,work identified from filename (bhagavata_saroddhara) but it does not exist in DGE — add the text to DGE first,filename,A,[],provide text / rename / identify work
kamadhenu_dataset/incoming_audio/drive/Bhagavata Saroddhara/SBS2.6.SBS22.mp3,bhagavata_saroddhara,adhyaya_2,6,full,,,,,17.293,,0.0,<0.50 weak/unmatched,unmatched,work identified from filename (bhagavata_saroddhara) but it does not exist in DGE — add the text to DGE first,filename,A,[],provide text / rename / identify work
kamadhenu_dataset/incoming_audio/drive/Bhagavata Saroddhara/SBS2.7.SBS23.mp3,bhagavata_saroddhara,adhyaya_2,7,full,,,,,17.45,,0.0,<0.50 weak/unmatched,unmatched,work identified from filename (bhagavata_saroddhara) but it does not exist in DGE — add the text to DGE first,filename,A,[],provide text / rename / identify work
kamadhenu_dataset/incoming_audio/drive/Bhagavata Saroddhara/SBS2.8.SBS24.mp3,bhagavata_saroddhara,adhyaya_2,8,full,,,,,17.45,,0.0,<0.50 weak/unmatched,unmatched,work identified from filename (bhagavata_saroddhara) but it does not exist in DGE — add the text to DGE first,filename,A,[],provide text / rename / identify work
kamadhenu_dataset/incoming_audio/drive/Bhagavata Saroddhara/SBS2.9.SBS25.mp3,bhagavata_saroddhara,adhyaya_2,9,full,,,,,17.45,,0.0,<0.50 weak/unmatched,unmatched,work identified from filename (bhagavata_saroddhara) but it does not exist in DGE — add the text to DGE first,filename,A,[],provide text / rename / identify work
kamadhenu_dataset/incoming_audio/drive/Bhagavata Saroddhara/SBS2.E.mp3,bhagavata_saroddhara,adhyaya_2,E,full,,,,,7.628,,0.0,<0.50 weak/unmatched,unmatched,work identified from filename (bhagavata_saroddhara) but it does not exist in DGE — add the text to DGE first,filename,A,[],provide text / rename / identify work
kamadhenu_dataset/incoming_audio/drive/Bhagavata Saroddhara/SBS20.0.mp3,bhagavata_saroddhara,adhyaya_20,0,full,,,,,3.605,,0.0,<0.50 weak/unmatched,unmatched,work identified from filename (bhagavata_saroddhara) but it does not exist in DGE — add the text to DGE first,filename,A,[],provide text / rename / identify work
kamadhenu_dataset/incoming_audio/drive/Bhagavata Saroddhara/SBS20.1.SBS237.mp3,bhagavata_saroddhara,adhyaya_20,1,full,,,,,16.666,,0.0,<0.50 weak/unmatched,unmatched,work identified from filename (bhagavata_saroddhara) but it does not exist in DGE — add the text to DGE first,filename,B,"[""hot_peaks""]",provide text / rename / identify work
kamadhenu_dataset/incoming_audio/drive/Bhagavata Saroddhara/SBS20.10.SBS246.mp3,bhagavata_saroddhara,adhyaya_20,10,full,,,,,16.327,,0.0,<0.50 weak/unmatched,unmatched,work identified from filename (bhagavata_saroddhara) but it does not exist in DGE — add the text to DGE first,filename,A,[],provide text / rename / identify work
kamadhenu_dataset/incoming_audio/drive/Bhagavata Saroddhara/SBS20.11.SBS247.mp3,bhagavata_saroddhara,adhyaya_20,11,full,,,,,18.416,,0.0,<0.50 weak/unmatched,unmatched,work identified from filename (bhagavata_saroddhara) but it does not exist in DGE — add the text to DGE first,filename,A,[],provide text / rename / identify work
kamadhenu_dataset/incoming_audio/drive/Bhagavata Saroddhara/SBS20.12.SBS248.mp3,bhagavata_saroddhara,adhyaya_20,12,full,,,,,18.103,,0.0,<0.50 weak/unmatched,unmatched,work identified from filename (bhagavata_saroddhara) but it does not exist in DGE — add the text to DGE first,filename,A,[],provide text / rename / identify work
kamadhenu_dataset/incoming_audio/drive/Bhagavata Saroddhara/SBS20.13.SBS249.mp3,bhagavata_saroddhara,adhyaya_20,13,full,,,,,17.136,,0.0,<0.50 weak/unmatched,unmatched,work identified from filename (bhagavata_saroddhara) but it does not exist in DGE — add the text to DGE first,filename,A,[],provide text / rename / identify work
kamadhenu_dataset/incoming_audio/drive/Bhagavata Saroddhara/SBS20.14.SBS250.mp3,bhagavata_saroddhara,adhyaya_20,14,full,,,,,15.7,,0.0,<0.50 weak/unmatched,unmatched,work identified from filename (bhagavata_saroddhara) but it does not exist in DGE — add the text to DGE first,filename,A,[],provide text / rename / identify work
kamadhenu_dataset/incoming_audio/drive/Bhagavata Saroddhara/SBS20.15.SBS251.mp3,bhagavata_saroddhara,adhyaya_20,15,full,,,,,16.98,,0.0,<0.50 weak/unmatched,unmatched,work identified from filename (bhagavata_saroddhara) but it does not exist in DGE — add the text to DGE first,filename,A,[],provide text / rename / identify work
kamadhenu_dataset/incoming_audio/drive/Bhagavata Saroddhara/SBS20.16.SBS252.mp3,bhagavata_saroddhara,adhyaya_20,16,full,,,,,16.666,,0.0,<0.50 weak/unmatched,unmatched,work identified from filename (bhagavata_saroddhara) but it does not exist in DGE — add the text to DGE first,filename,B,"[""hot_peaks""]",provide text / rename / identify work
kamadhenu_dataset/incoming_audio/drive/Bhagavata Saroddhara/SBS20.17.SBS253.mp3,bhagavata_saroddhara,adhyaya_20,17,full,,,,,16.98,,0.0,<0.50 weak/unmatched,unmatched,work identified from filename (bhagavata_saroddhara) but it does not exist in DGE — add the text to DGE first,filename,A,[],provide text / rename / identify work
kamadhenu_dataset/incoming_audio/drive/Bhagavata Saroddhara/SBS20.18.SBS254.mp3,bhagavata_saroddhara,adhyaya_20,18,full,,,,,17.136,,0.0,<0.50 weak/unmatched,unmatched,work identified from filename (bhagavata_saroddhara) but it does not exist in DGE — add the text to DGE first,filename,A,[],provide text / rename / identify work
kamadhenu_dataset/incoming_audio/drive/Bhagavata Saroddhara/SBS20.19.SBS255.mp3,bhagavata_saroddhara,adhyaya_20,19,full,,,,,16.17,,0.0,<0.50 weak/unmatched,unmatched,work identified from filename (bhagavata_saroddhara) but it does not exist in DGE — add the text to DGE first,filename,A,[],provide text / rename / identify work
kamadhenu_dataset/incoming_audio/drive/Bhagavata Saroddhara/SBS20.2.SBS238.mp3,bhagavata_saroddhara,adhyaya_20,2,full,,,,,15.7,,0.0,<0.50 weak/unmatched,unmatched,work identified from filename (bhagavata_saroddhara) but it does not exist in DGE — add the text to DGE first,filename,A,[],provide text / rename / identify work
kamadhenu_dataset/incoming_audio/drive/Bhagavata Saroddhara/SBS20.20.SBS256.mp3,bhagavata_saroddhara,adhyaya_20,20,full,,,,,17.946,,0.0,<0.50 weak/unmatched,unmatched,work identified from filename (bhagavata_saroddhara) but it does not exist in DGE — add the text to DGE first,filename,A,[],provide text / rename / identify work
kamadhenu_dataset/incoming_audio/drive/Bhagavata Saroddhara/SBS20.21.SBS257.mp3,bhagavata_saroddhara,adhyaya_20,21,full,,,,,17.136,,0.0,<0.50 weak/unmatched,unmatched,work identified from filename (bhagavata_saroddhara) but it does not exist in DGE — add the text to DGE first,filename,A,[],provide text / rename / identify work
kamadhenu_dataset/incoming_audio/drive/Bhagavata Saroddhara/SBS20.22.SBS258.mp3,bhagavata_saroddhara,adhyaya_20,22,full,,,,,18.26,,0.0,<0.50 weak/unmatched,unmatched,work identified from filename (bhagavata_saroddhara) but it does not exist in DGE — add the text to DGE first,filename,A,[],provide text / rename / identify work
kamadhenu_dataset/incoming_audio/drive/Bhagavata Saroddhara/SBS20.23.SBS259.mp3,bhagavata_saroddhara,adhyaya_20,23,full,,,,,17.45,,0.0,<0.50 weak/unmatched,unmatched,work identified from filename (bhagavata_saroddhara) but it does not exist in DGE — add the text to DGE first,filename,A,[],provide text / rename / identify work
kamadhenu_dataset/incoming_audio/drive/Bhagavata Saroddhara/SBS20.24.SBS260.mp3,bhagavata_saroddhara,adhyaya_20,24,full,,,,,16.327,,0.0,<0.50 weak/unmatched,unmatched,work identified from filename (bhagavata_saroddhara) but it does not exist in DGE — add the text to DGE first,filename,A,[],provide text / rename / identify work
kamadhenu_dataset/incoming_audio/drive/Bhagavata Saroddhara/SBS20.25.SBS261.mp3,bhagavata_saroddhara,adhyaya_20,25,full,,,,,16.98,,0.0,<0.50 weak/unmatched,unmatched,work identified from filename (bhagavata_saroddhara) but it does not exist in DGE — add the text to DGE first,filename,A,[],provide text / rename / identify work
kamadhenu_dataset/incoming_audio/drive/Bhagavata Saroddhara/SBS20.26.SBS262.mp3,bhagavata_saroddhara,adhyaya_20,26,full,,,,,17.293,,0.0,<0.50 weak/unmatched,unmatched,work identified from filename (bhagavata_saroddhara) but it does not exist in DGE — add the text to DGE first,filename,A,[],provide text / rename / identify work
kamadhenu_dataset/incoming_audio/drive/Bhagavata Saroddhara/SBS20.27.SBS263.mp3,bhagavata_saroddhara,adhyaya_20,27,full,,,,,18.416,,0.0,<0.50 weak/unmatched,unmatched,work identified from filename (bhagavata_saroddhara) but it does not exist in DGE — add the text to DGE first,filename,A,[],provide text / rename / identify work
kamadhenu_dataset/incoming_audio/drive/Bhagavata Saroddhara/SBS20.28.SBS264.mp3,bhagavata_saroddhara,adhyaya_20,28,full,,,,,18.103,,0.0,<0.50 weak/unmatched,unmatched,work identified from filename (bhagavata_saroddhara) but it does not exist in DGE — add the text to DGE first,filename,A,[],provide text / rename / identify work
kamadhenu_dataset/incoming_audio/drive/Bhagavata Saroddhara/SBS20.29.SBS265.mp3,bhagavata_saroddhara,adhyaya_20,29,full,,,,,17.633,,0.0,<0.50 weak/unmatched,unmatched,work identified from filename (bhagavata_saroddhara) but it does not exist in DGE — add the text to DGE first,filename,A,[],provide text / rename / identify work
kamadhenu_dataset/incoming_audio/drive/Bhagavata Saroddhara/SBS20.3.SBS239.mp3,bhagavata_saroddhara,adhyaya_20,3,full,,,,,16.17,,0.0,<0.50 weak/unmatched,unmatched,work identified from filename (bhagavata_saroddhara) but it does not exist in DGE — add the text to DGE first,filename,A,[],provide text / rename / identify work
kamadhenu_dataset/incoming_audio/drive/Bhagavata Saroddhara/SBS20.30.SBS266.mp3,bhagavata_saroddhara,adhyaya_20,30,full,,,,,17.293,,0.0,<0.50 weak/unmatched,unmatched,work identified from filename (bhagavata_saroddhara) but it does not exist in DGE — add the text to DGE first,filename,A,[],provide text / rename / identify work
kamadhenu_dataset/incoming_audio/drive/Bhagavata Saroddhara/SBS20.31.SBS267.mp3,bhagavata_saroddhara,adhyaya_20,31,full,,,,,17.789,,0.0,<0.50 weak/unmatched,unmatched,work identified from filename (bhagavata_saroddhara) but it does not exist in DGE — add the text to DGE first,filename,A,[],provide text / rename / identify work
kamadhenu_dataset/incoming_audio/drive/Bhagavata Saroddhara/SBS20.32.SBS268.mp3,bhagavata_saroddhara,adhyaya_20,32,full,,,,,18.103,,0.0,<0.50 weak/unmatched,unmatched,work identified from filename (bhagavata_saroddhara) but it does not exist in DGE — add the text to DGE first,filename,A,[],provide text / rename / identify work
kamadhenu_dataset/incoming_audio/drive/Bhagavata Saroddhara/SBS20.33.SBS269.mp3,bhagavata_saroddhara,adhyaya_20,33,full,,,,,16.823,,0.0,<0.50 weak/unmatched,unmatched,work identified from filename (bhagavata_saroddhara) but it does not exist in DGE — add the text to DGE first,filename,A,[],provide text / rename / identify work
kamadhenu_dataset/incoming_audio/drive/Bhagavata Saroddhara/SBS20.34.SBS270.mp3,bhagavata_saroddhara,adhyaya_20,34,full,,,,,18.103,,0.0,<0.50 weak/unmatched,unmatched,work identified from filename (bhagavata_saroddhara) but it does not exist in DGE — add the text to DGE first,filename,A,[],provide text / rename / identify work
kamadhenu_dataset/incoming_audio/drive/Bhagavata Saroddhara/SBS20.35.SBS271.mp3,bhagavata_saroddhara,adhyaya_20,35,full,,,,,18.416,,0.0,<0.50 weak/unmatched,unmatched,work identified from filename (bhagavata_saroddhara) but it does not exist in DGE — add the text to DGE first,filename,A,[],provide text / rename / identify work
kamadhenu_dataset/incoming_audio/drive/Bhagavata Saroddhara/SBS20.36.SBS272.mp3,bhagavata_saroddhara,adhyaya_20,36,full,,,,,18.26,,0.0,<0.50 weak/unmatched,unmatched,work identified from filename (bhagavata_saroddhara) but it does not exist in DGE — add the text to DGE first,filename,A,[],provide text / rename / identify work
kamadhenu_dataset/incoming_audio/drive/Bhagavata Saroddhara/SBS20.37.SBS273.mp3,bhagavata_saroddhara,adhyaya_20,37,full,,,,,15.856,,0.0,<0.50 weak/unmatched,unmatched,work identified from filename (bhagavata_saroddhara) but it does not exist in DGE — add the text to DGE first,filename,A,[],provide text / rename / identify work
kamadhenu_dataset/incoming_audio/drive/Bhagavata Saroddhara/SBS20.38.SBS274.mp3,bhagavata_saroddhara,adhyaya_20,38,full,,,,,15.203,,0.0,<0.50 weak/unmatched,unmatched,work identified from filename (bhagavata_saroddhara) but it does not exist in DGE — add the text to DGE first,filename,A,[],provide text / rename / identify work
kamadhenu_dataset/incoming_audio/drive/Bhagavata Saroddhara/SBS20.39.SBS275.mp3,bhagavata_saroddhara,adhyaya_20,39,full,,,,,19.383,,0.0,<0.50 weak/unmatched,unmatched,work identified from filename (bhagavata_saroddhara) but it does not exist in DGE — add the text to DGE first,filename,A,[],provide text / rename / identify work
kamadhenu_dataset/incoming_audio/drive/Bhagavata Saroddhara/SBS20.4.SBS240.mp3,bhagavata_saroddhara,adhyaya_20,4,full,,,,,17.946,,0.0,<0.50 weak/unmatched,unmatched,work identified from filename (bhagavata_saroddhara) but it does not exist in DGE — add the text to DGE first,filename,A,[],provide text / rename / identify work
kamadhenu_dataset/incoming_audio/drive/Bhagavata Saroddhara/SBS20.40.SBS276.mp3,bhagavata_saroddhara,adhyaya_20,40,full,,,,,18.26,,0.0,<0.50 weak/unmatched,unmatched,work identified from filename (bhagavata_saroddhara) but it does not exist in DGE — add the text to DGE first,filename,A,[],provide text / rename / identify work
kamadhenu_dataset/incoming_audio/drive/Bhagavata Saroddhara/SBS20.41.SBS277.mp3,bhagavata_saroddhara,adhyaya_20,41,full,,,,,19.069,,0.0,<0.50 weak/unmatched,unmatched,work identified from filename (bhagavata_saroddhara) but it does not exist in DGE — add the text to DGE first,filename,A,[],provide text / rename / identify work
kamadhenu_dataset/incoming_audio/drive/Bhagavata Saroddhara/SBS20.42.SBS278.mp3,bhagavata_saroddhara,adhyaya_20,42,full,,,,,15.517,,0.0,<0.50 weak/unmatched,unmatched,work identified from filename (bhagavata_saroddhara) but it does not exist in DGE — add the text to DGE first,filename,A,[],provide text / rename / identify work
kamadhenu_dataset/incoming_audio/drive/Bhagavata Saroddhara/SBS20.43.SBS279.mp3,bhagavata_saroddhara,adhyaya_20,43,full,,,,,18.756,,0.0,<0.50 weak/unmatched,unmatched,work identified from filename (bhagavata_saroddhara) but it does not exist in DGE — add the text to DGE first,filename,A,[],provide text / rename / identify work
kamadhenu_dataset/incoming_audio/drive/Bhagavata Saroddhara/SBS20.44.SBS280.mp3,bhagavata_saroddhara,adhyaya_20,44,full,,,,,19.566,,0.0,<0.50 weak/unmatched,unmatched,work identified from filename (bhagavata_saroddhara) but it does not exist in DGE — add the text to DGE first,filename,A,[],provide text / rename / identify work
kamadhenu_dataset/incoming_audio/drive/Bhagavata Saroddhara/SBS20.45.SBS281.mp3,bhagavata_saroddhara,adhyaya_20,45,full,,,,,18.103,,0.0,<0.50 weak/unmatched,unmatched,work identified from filename (bhagavata_saroddhara) but it does not exist in DGE — add the text to DGE first,filename,A,[],provide text / rename / identify work
kamadhenu_dataset/incoming_audio/drive/Bhagavata Saroddhara/SBS20.46.SBS282.mp3,bhagavata_saroddhara,adhyaya_20,46,full,,,,,17.293,,0.0,<0.50 weak/unmatched,unmatched,work identified from filename (bhagavata_saroddhara) but it does not exist in DGE — add the text to DGE first,filename,A,[],provide text / rename / identify work
kamadhenu_dataset/incoming_audio/drive/Bhagavata Saroddhara/SBS20.47.SBS283.mp3,bhagavata_saroddhara,adhyaya_20,47,full,,,,,19.383,,0.0,<0.50 weak/unmatched,unmatched,work identified from filename (bhagavata_saroddhara) but it does not exist in DGE — add the text to DGE first,filename,A,[],provide text / rename / identify work
kamadhenu_dataset/incoming_audio/drive/Bhagavata Saroddhara/SBS20.48.SBS284.mp3,bhagavata_saroddhara,adhyaya_20,48,full,,,,,15.047,,0.0,<0.50 weak/unmatched,unmatched,work identified from filename (bhagavata_saroddhara) but it does not exist in DGE — add the text to DGE first,filename,A,[],provide text / rename / identify work
kamadhenu_dataset/incoming_audio/drive/Bhagavata Saroddhara/SBS20.49.SBS285.mp3,bhagavata_saroddhara,adhyaya_20,49,full,,,,,17.633,,0.0,<0.50 weak/unmatched,unmatched,work identified from filename (bhagavata_saroddhara) but it does not exist in DGE — add the text to DGE first,filename,A,[],provide text / rename / identify work
kamadhenu_dataset/incoming_audio/drive/Bhagavata Saroddhara/SBS20.5.SBS241.mp3,bhagavata_saroddhara,adhyaya_20,5,full,,,,,16.666,,0.0,<0.50 weak/unmatched,unmatched,work identified from filename (bhagavata_saroddhara) but it does not exist in DGE — add the text to DGE first,filename,A,[],provide text / rename / identify work
kamadhenu_dataset/incoming_audio/drive/Bhagavata Saroddhara/SBS20.50.SBS286.mp3,bhagavata_saroddhara,adhyaya_20,50,full,,,,,17.946,,0.0,<0.50 weak/unmatched,unmatched,work identified from filename (bhagavata_saroddhara) but it does not exist in DGE — add the text to DGE first,filename,A,[],provide text / rename / identify work
kamadhenu_dataset/incoming_audio/drive/Bhagavata Saroddhara/SBS20.51.SBS287.mp3,bhagavata_saroddhara,adhyaya_20,51,full,,,,,16.823,,0.0,<0.50 weak/unmatched,unmatched,work identified from filename (bhagavata_saroddhara) but it does not exist in DGE — add the text to DGE first,filename,A,[],provide text / rename / identify work
kamadhenu_dataset/incoming_audio/drive/Bhagavata Saroddhara/SBS20.52.SBS288.mp3,bhagavata_saroddhara,adhyaya_20,52,full,,,,,17.789,,0.0,<0.50 weak/unmatched,unmatched,work identified from filename (bhagavata_saroddhara) but it does not exist in DGE — add the text to DGE first,filename,A,[],provide text / rename / identify work
kamadhenu_dataset/incoming_audio/drive/Bhagavata Saroddhara/SBS20.53.SBS289.mp3,bhagavata_saroddhara,adhyaya_20,53,full,,,,,19.722,,0.0,<0.50 weak/unmatched,unmatched,work identified from filename (bhagavata_saroddhara) but it does not exist in DGE — add the text to DGE first,filename,A,[],provide text / rename / identify work
kamadhenu_dataset/incoming_audio/drive/Bhagavata Saroddhara/SBS20.54.SBS290.mp3,bhagavata_saroddhara,adhyaya_20,54,full,,,,,13.584,,0.0,<0.50 weak/unmatched,unmatched,work identified from filename (bhagavata_saroddhara) but it does not exist in DGE — add the text to DGE first,filename,A,[],provide text / rename / identify work
kamadhenu_dataset/incoming_audio/drive/Bhagavata Saroddhara/SBS20.55.SBS291.mp3,bhagavata_saroddhara,adhyaya_20,55,full,,,,,16.823,,0.0,<0.50 weak/unmatched,unmatched,work identified from filename (bhagavata_saroddhara) but it does not exist in DGE — add the text to DGE first,filename,A,[],provide text / rename / identify work
kamadhenu_dataset/incoming_audio/drive/Bhagavata Saroddhara/SBS20.56.SBS292.mp3,bhagavata_saroddhara,adhyaya_20,56,full,,,,,16.327,,0.0,<0.50 weak/unmatched,unmatched,work identified from filename (bhagavata_saroddhara) but it does not exist in DGE — add the text to DGE first,filename,A,[],provide text / rename / identify work
kamadhenu_dataset/incoming_audio/drive/Bhagavata Saroddhara/SBS20.57.SBS293.mp3,bhagavata_saroddhara,adhyaya_20,57,full,,,,,16.483,,0.0,<0.50 weak/unmatched,unmatched,work identified from filename (bhagavata_saroddhara) but it does not exist in DGE — add the text to DGE first,filename,A,[],provide text / rename / identify work
kamadhenu_dataset/incoming_audio/drive/Bhagavata Saroddhara/SBS20.58.SBS294.mp3,bhagavata_saroddhara,adhyaya_20,58,full,,,,,17.633,,0.0,<0.50 weak/unmatched,unmatched,work identified from filename (bhagavata_saroddhara) but it does not exist in DGE — add the text to DGE first,filename,A,[],provide text / rename / identify work
kamadhenu_dataset/incoming_audio/drive/Bhagavata Saroddhara/SBS20.59.SBS295.mp3,bhagavata_saroddhara,adhyaya_20,59,full,,,,,19.722,,0.0,<0.50 weak/unmatched,unmatched,work identified from filename (bhagavata_saroddhara) but it does not exist in DGE — add the text to DGE first,filename,A,[],provide text / rename / identify work
kamadhenu_dataset/incoming_audio/drive/Bhagavata Saroddhara/SBS20.6.SBS242.mp3,bhagavata_saroddhara,adhyaya_20,6,full,,,,,13.427,,0.0,<0.50 weak/unmatched,unmatched,work identified from filename (bhagavata_saroddhara) but it does not exist in DGE — add the text to DGE first,filename,A,[],provide text / rename / identify work
kamadhenu_dataset/incoming_audio/drive/Bhagavata Saroddhara/SBS20.60.1.SBS296.mp3,bhagavata_saroddhara,,,full,,,,,33.254,,0.0,<0.50 weak/unmatched,unmatched,work identified from filename (bhagavata_saroddhara) but it does not exist in DGE — add the text to DGE first,filename,A,[],provide text / rename / identify work
kamadhenu_dataset/incoming_audio/drive/Bhagavata Saroddhara/SBS20.60.2.SBS296.mp3,bhagavata_saroddhara,,,full,,,,,19.069,,0.0,<0.50 weak/unmatched,unmatched,work identified from filename (bhagavata_saroddhara) but it does not exist in DGE — add the text to DGE first,filename,A,[],provide text / rename / identify work
kamadhenu_dataset/incoming_audio/drive/Bhagavata Saroddhara/SBS20.60.3.SBS296.mp3,bhagavata_saroddhara,,,full,,,,,12.304,,0.0,<0.50 weak/unmatched,unmatched,work identified from filename (bhagavata_saroddhara) but it does not exist in DGE — add the text to DGE first,filename,A,[],provide text / rename / identify work
kamadhenu_dataset/incoming_audio/drive/Bhagavata Saroddhara/SBS20.60.4.SBS296.mp3,bhagavata_saroddhara,,,full,,,,,24.059,,0.0,<0.50 weak/unmatched,unmatched,work identified from filename (bhagavata_saroddhara) but it does not exist in DGE — add the text to DGE first,filename,A,[],provide text / rename / identify work
kamadhenu_dataset/incoming_audio/drive/Bhagavata Saroddhara/SBS20.60.5.SBS296.mp3,bhagavata_saroddhara,,,full,,,,,28.891,,0.0,<0.50 weak/unmatched,unmatched,work identified from filename (bhagavata_saroddhara) but it does not exist in DGE — add the text to DGE first,filename,A,[],provide text / rename / identify work
kamadhenu_dataset/incoming_audio/drive/Bhagavata Saroddhara/SBS20.61.SBS297.mp3,bhagavata_saroddhara,adhyaya_20,61,full,,,,,17.789,,0.0,<0.50 weak/unmatched,unmatched,work identified from filename (bhagavata_saroddhara) but it does not exist in DGE — add the text to DGE first,filename,A,[],provide text / rename / identify work
kamadhenu_dataset/incoming_audio/drive/Bhagavata Saroddhara/SBS20.62.SBS298.mp3,bhagavata_saroddhara,adhyaya_20,62,full,,,,,18.26,,0.0,<0.50 weak/unmatched,unmatched,work identified from filename (bhagavata_saroddhara) but it does not exist in DGE — add the text to DGE first,filename,A,[],provide text / rename / identify work
kamadhenu_dataset/incoming_audio/drive/Bhagavata Saroddhara/SBS20.63.SBS299.mp3,bhagavata_saroddhara,adhyaya_20,63,full,,,,,16.327,,0.0,<0.50 weak/unmatched,unmatched,work identified from filename (bhagavata_saroddhara) but it does not exist in DGE — add the text to DGE first,filename,A,[],provide text / rename / identify work
kamadhenu_dataset/incoming_audio/drive/Bhagavata Saroddhara/SBS20.64.SBS300.mp3,bhagavata_saroddhara,adhyaya_20,64,full,,,,,16.327,,0.0,<0.50 weak/unmatched,unmatched,work identified from filename (bhagavata_saroddhara) but it does not exist in DGE — add the text to DGE first,filename,A,[],provide text / rename / identify work
kamadhenu_dataset/incoming_audio/drive/Bhagavata Saroddhara/SBS20.65.SBS301.mp3,bhagavata_saroddhara,adhyaya_20,65,full,,,,,15.856,,0.0,<0.50 weak/unmatched,unmatched,work identified from filename (bhagavata_saroddhara) but it does not exist in DGE — add the text to DGE first,filename,A,[],provide text / rename / identify work
kamadhenu_dataset/incoming_audio/drive/Bhagavata Saroddhara/SBS20.66.SBS302.mp3,bhagavata_saroddhara,adhyaya_20,66,full,,,,,15.856,,0.0,<0.50 weak/unmatched,unmatched,work identified from filename (bhagavata_saroddhara) but it does not exist in DGE — add the text to DGE first,filename,A,[],provide text / rename / identify work
kamadhenu_dataset/incoming_audio/drive/Bhagavata Saroddhara/SBS20.67.SBS303.mp3,bhagavata_saroddhara,adhyaya_20,67,full,,,,,16.98,,0.0,<0.50 weak/unmatched,unmatched,work identified from filename (bhagavata_saroddhara) but it does not exist in DGE — add the text to DGE first,filename,A,[],provide text / rename / identify work
kamadhenu_dataset/incoming_audio/drive/Bhagavata Saroddhara/SBS20.68.SBS304.mp3,bhagavata_saroddhara,adhyaya_20,68,full,,,,,16.327,,0.0,<0.50 weak/unmatched,unmatched,work identified from filename (bhagavata_saroddhara) but it does not exist in DGE — add the text to DGE first,filename,A,[],provide text / rename / identify work
kamadhenu_dataset/incoming_audio/drive/Bhagavata Saroddhara/SBS20.69.SBS305.mp3,bhagavata_saroddhara,adhyaya_20,69,full,,,,,16.98,,0.0,<0.50 weak/unmatched,unmatched,work identified from filename (bhagavata_saroddhara) but it does not exist in DGE — add the text to DGE first,filename,A,[],provide text / rename / identify work
kamadhenu_dataset/incoming_audio/drive/Bhagavata Saroddhara/SBS20.7.SBS243.mp3,bhagavata_saroddhara,adhyaya_20,7,full,,,,,18.913,,0.0,<0.50 weak/unmatched,unmatched,work identified from filename (bhagavata_saroddhara) but it does not exist in DGE — add the text to DGE first,filename,A,[],provide text / rename / identify work
kamadhenu_dataset/incoming_audio/drive/Bhagavata Saroddhara/SBS20.70.SBS306.mp3,bhagavata_saroddhara,adhyaya_20,70,full,,,,,15.517,,0.0,<0.50 weak/unmatched,unmatched,work identified from filename (bhagavata_saroddhara) but it does not exist in DGE — add the text to DGE first,filename,A,[],provide text / rename / identify work
kamadhenu_dataset/incoming_audio/drive/Bhagavata Saroddhara/SBS20.71.SBS307.mp3,bhagavata_saroddhara,adhyaya_20,71,full,,,,,16.483,,0.0,<0.50 weak/unmatched,unmatched,work identified from filename (bhagavata_saroddhara) but it does not exist in DGE — add the text to DGE first,filename,A,[],provide text / rename / identify work
kamadhenu_dataset/incoming_audio/drive/Bhagavata Saroddhara/SBS20.72.SBS308.mp3,bhagavata_saroddhara,adhyaya_20,72,full,,,,,15.856,,0.0,<0.50 weak/unmatched,unmatched,work identified from filename (bhagavata_saroddhara) but it does not exist in DGE — add the text to DGE first,filename,A,[],provide text / rename / identify work
kamadhenu_dataset/incoming_audio/drive/Bhagavata Saroddhara/SBS20.73.SBS309.mp3,bhagavata_saroddhara,adhyaya_20,73,full,,,,,16.98,,0.0,<0.50 weak/unmatched,unmatched,work identified from filename (bhagavata_saroddhara) but it does not exist in DGE — add the text to DGE first,filename,A,[],provide text / rename / identify work
kamadhenu_dataset/incoming_audio/drive/Bhagavata Saroddhara/SBS20.74.SBS310.mp3,bhagavata_saroddhara,adhyaya_20,74,full,,,,,15.047,,0.0,<0.50 weak/unmatched,unmatched,work identified from filename (bhagavata_saroddhara) but it does not exist in DGE — add the text to DGE first,filename,A,[],provide text / rename / identify work
kamadhenu_dataset/incoming_audio/drive/Bhagavata Saroddhara/SBS20.75.SBS311.mp3,bhagavata_saroddhara,adhyaya_20,75,full,,,,,15.517,,0.0,<0.50 weak/unmatched,unmatched,work identified from filename (bhagavata_saroddhara) but it does not exist in DGE — add the text to DGE first,filename,A,[],provide text / rename / identify work
kamadhenu_dataset/incoming_audio/drive/Bhagavata Saroddhara/SBS20.76.SBS312.mp3,bhagavata_saroddhara,adhyaya_20,76,full,,,,,16.666,,0.0,<0.50 weak/unmatched,unmatched,work identified from filename (bhagavata_saroddhara) but it does not exist in DGE — add the text to DGE first,filename,A,[],provide text / rename / identify work
kamadhenu_dataset/incoming_audio/drive/Bhagavata Saroddhara/SBS20.77.SBS313.mp3,bhagavata_saroddhara,adhyaya_20,77,full,,,,,19.722,,0.0,<0.50 weak/unmatched,unmatched,work identified from filename (bhagavata_saroddhara) but it does not exist in DGE — add the text to DGE first,filename,A,[],provide text / rename / identify work
kamadhenu_dataset/incoming_audio/drive/Bhagavata Saroddhara/SBS20.8.SBS244.mp3,bhagavata_saroddhara,adhyaya_20,8,full,,,,,15.856,,0.0,<0.50 weak/unmatched,unmatched,work identified from filename (bhagavata_saroddhara) but it does not exist in DGE — add the text to DGE first,filename,A,[],provide text / rename / identify work
kamadhenu_dataset/incoming_audio/drive/Bhagavata Saroddhara/SBS20.9.SBS245.mp3,bhagavata_saroddhara,adhyaya_20,9,full,,,,,17.633,,0.0,<0.50 weak/unmatched,unmatched,work identified from filename (bhagavata_saroddhara) but it does not exist in DGE — add the text to DGE first,filename,B,"[""hot_peaks""]",provide text / rename / identify work
kamadhenu_dataset/incoming_audio/drive/Bhagavata Saroddhara/SBS20.E.mp3,bhagavata_saroddhara,adhyaya_20,E,full,,,,,6.034,,0.0,<0.50 weak/unmatched,unmatched,work identified from filename (bhagavata_saroddhara) but it does not exist in DGE — add the text to DGE first,filename,A,[],provide text / rename / identify work
kamadhenu_dataset/incoming_audio/drive/Bhagavata Saroddhara/SBS21.0.mp3,bhagavata_saroddhara,adhyaya_21,0,full,,,,,3.135,,0.0,<0.50 weak/unmatched,unmatched,work identified from filename (bhagavata_saroddhara) but it does not exist in DGE — add the text to DGE first,filename,A,[],provide text / rename / identify work
kamadhenu_dataset/incoming_audio/drive/Bhagavata Saroddhara/SBS21.1.SBS314.mp3,bhagavata_saroddhara,adhyaya_21,1,full,,,,,16.013,,0.0,<0.50 weak/unmatched,unmatched,work identified from filename (bhagavata_saroddhara) but it does not exist in DGE — add the text to DGE first,filename,A,[],provide text / rename / identify work
kamadhenu_dataset/incoming_audio/drive/Bhagavata Saroddhara/SBS21.10.SBS323.mp3,bhagavata_saroddhara,adhyaya_21,10,full,,,,,18.103,,0.0,<0.50 weak/unmatched,unmatched,work identified from filename (bhagavata_saroddhara) but it does not exist in DGE — add the text to DGE first,filename,A,[],provide text / rename / identify work
kamadhenu_dataset/incoming_audio/drive/Bhagavata Saroddhara/SBS21.2.SBS315.mp3,bhagavata_saroddhara,adhyaya_21,2,full,,,,,16.013,,0.0,<0.50 weak/unmatched,unmatched,work identified from filename (bhagavata_saroddhara) but it does not exist in DGE — add the text to DGE first,filename,A,[],provide text / rename / identify work
kamadhenu_dataset/incoming_audio/drive/Bhagavata Saroddhara/SBS21.3.SBS316.mp3,bhagavata_saroddhara,adhyaya_21,3,full,,,,,18.416,,0.0,<0.50 weak/unmatched,unmatched,work identified from filename (bhagavata_saroddhara) but it does not exist in DGE — add the text to DGE first,filename,A,[],provide text / rename / identify work
kamadhenu_dataset/incoming_audio/drive/Bhagavata Saroddhara/SBS21.4.SBS317.mp3,bhagavata_saroddhara,adhyaya_21,4,full,,,,,15.36,,0.0,<0.50 weak/unmatched,unmatched,work identified from filename (bhagavata_saroddhara) but it does not exist in DGE — add the text to DGE first,filename,A,[],provide text / rename / identify work
kamadhenu_dataset/incoming_audio/drive/Bhagavata Saroddhara/SBS21.5.SBS318.mp3,bhagavata_saroddhara,adhyaya_21,5,full,,,,,14.89,,0.0,<0.50 weak/unmatched,unmatched,work identified from filename (bhagavata_saroddhara) but it does not exist in DGE — add the text to DGE first,filename,A,[],provide text / rename / identify work
kamadhenu_dataset/incoming_audio/drive/Bhagavata Saroddhara/SBS21.6.SBS319.mp3,bhagavata_saroddhara,adhyaya_21,6,full,,,,,17.136,,0.0,<0.50 weak/unmatched,unmatched,work identified from filename (bhagavata_saroddhara) but it does not exist in DGE — add the text to DGE first,filename,A,[],provide text / rename / identify work
kamadhenu_dataset/incoming_audio/drive/Bhagavata Saroddhara/SBS21.7.SBS320.mp3,bhagavata_saroddhara,adhyaya_21,7,full,,,,,17.946,,0.0,<0.50 weak/unmatched,unmatched,work identified from filename (bhagavata_saroddhara) but it does not exist in DGE — add the text to DGE first,filename,A,[],provide text / rename / identify work
kamadhenu_dataset/incoming_audio/drive/Bhagavata Saroddhara/SBS21.8.SBS321.mp3,bhagavata_saroddhara,adhyaya_21,8,full,,,,,15.517,,0.0,<0.50 weak/unmatched,unmatched,work identified from filename (bhagavata_saroddhara) but it does not exist in DGE — add the text to DGE first,filename,A,[],provide text / rename / identify work
kamadhenu_dataset/incoming_audio/drive/Bhagavata Saroddhara/SBS21.9.SBS322.mp3,bhagavata_saroddhara,adhyaya_21,9,full,,,,,15.517,,0.0,<0.50 weak/unmatched,unmatched,work identified from filename (bhagavata_saroddhara) but it does not exist in DGE — add the text to DGE first,filename,A,[],provide text / rename / identify work
kamadhenu_dataset/incoming_audio/drive/Bhagavata Saroddhara/SBS21.E.mp3,bhagavata_saroddhara,adhyaya_21,E,full,,,,,6.818,,0.0,<0.50 weak/unmatched,unmatched,work identified from filename (bhagavata_saroddhara) but it does not exist in DGE — add the text to DGE first,filename,A,[],provide text / rename / identify work
kamadhenu_dataset/incoming_audio/drive/Bhagavata Saroddhara/SBS22.0.mp3,bhagavata_saroddhara,adhyaya_22,0,full,,,,,6.818,,0.0,<0.50 weak/unmatched,unmatched,work identified from filename (bhagavata_saroddhara) but it does not exist in DGE — add the text to DGE first,filename,A,[],provide text / rename / identify work
kamadhenu_dataset/incoming_audio/drive/Bhagavata Saroddhara/SBS22.1.SBS324.mp3,bhagavata_saroddhara,adhyaya_22,1,full,,,,,18.416,,0.0,<0.50 weak/unmatched,unmatched,work identified from filename (bhagavata_saroddhara) but it does not exist in DGE — add the text to DGE first,filename,A,[],provide text / rename / identify work
kamadhenu_dataset/incoming_audio/drive/Bhagavata Saroddhara/SBS22.2.SBS325.mp3,bhagavata_saroddhara,adhyaya_22,2,full,,,,,17.789,,0.0,<0.50 weak/unmatched,unmatched,work identified from filename (bhagavata_saroddhara) but it does not exist in DGE — add the text to DGE first,filename,A,[],provide text / rename / identify work
kamadhenu_dataset/incoming_audio/drive/Bhagavata Saroddhara/SBS22.3.SBS326.mp3,bhagavata_saroddhara,adhyaya_22,3,full,,,,,18.599,,0.0,<0.50 weak/unmatched,unmatched,work identified from filename (bhagavata_saroddhara) but it does not exist in DGE — add the text to DGE first,filename,A,[],provide text / rename / identify work
kamadhenu_dataset/incoming_audio/drive/Bhagavata Saroddhara/SBS22.4.SBS327.mp3,bhagavata_saroddhara,adhyaya_22,4,full,,,,,16.17,,0.0,<0.50 weak/unmatched,unmatched,work identified from filename (bhagavata_saroddhara) but it does not exist in DGE — add the text to DGE first,filename,A,[],provide text / rename / identify work
kamadhenu_dataset/incoming_audio/drive/Bhagavata Saroddhara/SBS22.5.SBS328.mp3,bhagavata_saroddhara,adhyaya_22,5,full,,,,,15.203,,0.0,<0.50 weak/unmatched,unmatched,work identified from filename (bhagavata_saroddhara) but it does not exist in DGE — add the text to DGE first,filename,A,[],provide text / rename / identify work
kamadhenu_dataset/incoming_audio/drive/Bhagavata Saroddhara/SBS22.6.SBS329.mp3,bhagavata_saroddhara,adhyaya_22,6,full,,,,,14.733,,0.0,<0.50 weak/unmatched,unmatched,work identified from filename (bhagavata_saroddhara) but it does not exist in DGE — add the text to DGE first,filename,A,[],provide text / rename / identify work
kamadhenu_dataset/incoming_audio/drive/Bhagavata Saroddhara/SBS22.7.SBS330.mp3,bhagavata_saroddhara,adhyaya_22,7,full,,,,,15.517,,0.0,<0.50 weak/unmatched,unmatched,work identified from filename (bhagavata_saroddhara) but it does not exist in DGE — add the text to DGE first,filename,A,[],provide text / rename / identify work
kamadhenu_dataset/incoming_audio/drive/Bhagavata Saroddhara/SBS22.8.SBS331.mp3,bhagavata_saroddhara,adhyaya_22,8,full,,,,,15.517,,0.0,<0.50 weak/unmatched,unmatched,work identified from filename (bhagavata_saroddhara) but it does not exist in DGE — add the text to DGE first,filename,A,[],provide text / rename / identify work
kamadhenu_dataset/incoming_audio/drive/Bhagavata Saroddhara/SBS22.E.mp3,bhagavata_saroddhara,adhyaya_22,E,full,,,,,10.527,,0.0,<0.50 weak/unmatched,unmatched,work identified from filename (bhagavata_saroddhara) but it does not exist in DGE — add the text to DGE first,filename,A,[],provide text / rename / identify work
kamadhenu_dataset/incoming_audio/drive/Bhagavata Saroddhara/SBS23.0.mp3,bhagavata_saroddhara,adhyaya_23,0,full,,,,,3.605,,0.0,<0.50 weak/unmatched,unmatched,work identified from filename (bhagavata_saroddhara) but it does not exist in DGE — add the text to DGE first,filename,A,[],provide text / rename / identify work
kamadhenu_dataset/incoming_audio/drive/Bhagavata Saroddhara/SBS23.1.SBS332.mp3,bhagavata_saroddhara,adhyaya_23,1,full,,,,,15.7,,0.0,<0.50 weak/unmatched,unmatched,work identified from filename (bhagavata_saroddhara) but it does not exist in DGE — add the text to DGE first,filename,B,"[""hot_peaks""]",provide text / rename / identify work
kamadhenu_dataset/incoming_audio/drive/Bhagavata Saroddhara/SBS23.2.SBS333.mp3,bhagavata_saroddhara,adhyaya_23,2,full,,,,,16.483,,0.0,<0.50 weak/unmatched,unmatched,work identified from filename (bhagavata_saroddhara) but it does not exist in DGE — add the text to DGE first,filename,A,[],provide text / rename / identify work
kamadhenu_dataset/incoming_audio/drive/Bhagavata Saroddhara/SBS23.3.SBS334.mp3,bhagavata_saroddhara,adhyaya_23,3,full,,,,,17.633,,0.0,<0.50 weak/unmatched,unmatched,work identified from filename (bhagavata_saroddhara) but it does not exist in DGE — add the text to DGE first,filename,A,[],provide text / rename / identify work
kamadhenu_dataset/incoming_audio/drive/Bhagavata Saroddhara/SBS23.4.SBS335.mp3,bhagavata_saroddhara,adhyaya_23,4,full,,,,,17.293,,0.0,<0.50 weak/unmatched,unmatched,work identified from filename (bhagavata_saroddhara) but it does not exist in DGE — add the text to DGE first,filename,A,[],provide text / rename / identify work
kamadhenu_dataset/incoming_audio/drive/Bhagavata Saroddhara/SBS23.5.SBS336.mp3,bhagavata_saroddhara,adhyaya_23,5,full,,,,,15.7,,0.0,<0.50 weak/unmatched,unmatched,work identified from filename (bhagavata_saroddhara) but it does not exist in DGE — add the text to DGE first,filename,A,[],provide text / rename / identify work
kamadhenu_dataset/incoming_audio/drive/Bhagavata Saroddhara/SBS23.6.SBS337.mp3,bhagavata_saroddhara,adhyaya_23,6,full,,,,,15.517,,0.0,<0.50 weak/unmatched,unmatched,work identified from filename (bhagavata_saroddhara) but it does not exist in DGE — add the text to DGE first,filename,A,[],provide text / rename / identify work
kamadhenu_dataset/incoming_audio/drive/Bhagavata Saroddhara/SBS23.E.mp3,bhagavata_saroddhara,adhyaya_23,E,full,,,,,6.661,,0.0,<0.50 weak/unmatched,unmatched,work identified from filename (bhagavata_saroddhara) but it does not exist in DGE — add the text to DGE first,filename,A,[],provide text / rename / identify work
kamadhenu_dataset/incoming_audio/drive/Bhagavata Saroddhara/SBS24.0.mp3,bhagavata_saroddhara,adhyaya_24,0,full,,,,,3.762,,0.0,<0.50 weak/unmatched,unmatched,work identified from filename (bhagavata_saroddhara) but it does not exist in DGE — add the text to DGE first,filename,A,[],provide text / rename / identify work
kamadhenu_dataset/incoming_audio/drive/Bhagavata Saroddhara/SBS24.1.SBS338.mp3,bhagavata_saroddhara,adhyaya_24,1,full,,,,,14.55,,0.0,<0.50 weak/unmatched,unmatched,work identified from filename (bhagavata_saroddhara) but it does not exist in DGE — add the text to DGE first,filename,A,[],provide text / rename / identify work
kamadhenu_dataset/incoming_audio/drive/Bhagavata Saroddhara/SBS24.2.SBS339.mp3,bhagavata_saroddhara,adhyaya_24,2,full,,,,,15.36,,0.0,<0.50 weak/unmatched,unmatched,work identified from filename (bhagavata_saroddhara) but it does not exist in DGE — add the text to DGE first,filename,A,[],provide text / rename / identify work
kamadhenu_dataset/incoming_audio/drive/Bhagavata Saroddhara/SBS24.3.SBS340.mp3,bhagavata_saroddhara,adhyaya_24,3,full,,,,,15.36,,0.0,<0.50 weak/unmatched,unmatched,work identified from filename (bhagavata_saroddhara) but it does not exist in DGE — add the text to DGE first,filename,A,[],provide text / rename / identify work
kamadhenu_dataset/incoming_audio/drive/Bhagavata Saroddhara/SBS24.4.SBS341.mp3,bhagavata_saroddhara,adhyaya_24,4,full,,,,,16.98,,0.0,<0.50 weak/unmatched,unmatched,work identified from filename (bhagavata_saroddhara) but it does not exist in DGE — add the text to DGE first,filename,A,[],provide text / rename / identify work
kamadhenu_dataset/incoming_audio/drive/Bhagavata Saroddhara/SBS24.5.SBS342.mp3,bhagavata_saroddhara,adhyaya_24,5,full,,,,,16.823,,0.0,<0.50 weak/unmatched,unmatched,work identified from filename (bhagavata_saroddhara) but it does not exist in DGE — add the text to DGE first,filename,A,[],provide text / rename / identify work
kamadhenu_dataset/incoming_audio/drive/Bhagavata Saroddhara/SBS24.6.SBS343.mp3,bhagavata_saroddhara,adhyaya_24,6,full,,,,,15.7,,0.0,<0.50 weak/unmatched,unmatched,work identified from filename (bhagavata_saroddhara) but it does not exist in DGE — add the text to DGE first,filename,A,[],provide text / rename / identify work
kamadhenu_dataset/incoming_audio/drive/Bhagavata Saroddhara/SBS24.E.mp3,bhagavata_saroddhara,adhyaya_24,E,full,,,,,6.191,,0.0,<0.50 weak/unmatched,unmatched,work identified from filename (bhagavata_saroddhara) but it does not exist in DGE — add the text to DGE first,filename,A,[],provide text / rename / identify work
kamadhenu_dataset/incoming_audio/drive/Bhagavata Saroddhara/SBS25.0.mp3,bhagavata_saroddhara,adhyaya_25,0,full,,,,,4.415,,0.0,<0.50 weak/unmatched,unmatched,work identified from filename (bhagavata_saroddhara) but it does not exist in DGE — add the text to DGE first,filename,A,[],provide text / rename / identify work
kamadhenu_dataset/incoming_audio/drive/Bhagavata Saroddhara/SBS25.1.SBS344.mp3,bhagavata_saroddhara,adhyaya_25,1,full,,,,,15.856,,0.0,<0.50 weak/unmatched,unmatched,work identified from filename (bhagavata_saroddhara) but it does not exist in DGE — add the text to DGE first,filename,A,[],provide text / rename / identify work
kamadhenu_dataset/incoming_audio/drive/Bhagavata Saroddhara/SBS25.2.SBS345.mp3,bhagavata_saroddhara,adhyaya_25,2,full,,,,,14.89,,0.0,<0.50 weak/unmatched,unmatched,work identified from filename (bhagavata_saroddhara) but it does not exist in DGE — add the text to DGE first,filename,A,[],provide text / rename / identify work
kamadhenu_dataset/incoming_audio/drive/Bhagavata Saroddhara/SBS25.3.SBS346.mp3,bhagavata_saroddhara,adhyaya_25,3,full,,,,,15.517,,0.0,<0.50 weak/unmatched,unmatched,work identified from filename (bhagavata_saroddhara) but it does not exist in DGE — add the text to DGE first,filename,A,[],provide text / rename / identify work
kamadhenu_dataset/incoming_audio/drive/Bhagavata Saroddhara/SBS25.E.mp3,bhagavata_saroddhara,adhyaya_25,E,full,,,,,7.158,,0.0,<0.50 weak/unmatched,unmatched,work identified from filename (bhagavata_saroddhara) but it does not exist in DGE — add the text to DGE first,filename,A,[],provide text / rename / identify work
kamadhenu_dataset/incoming_audio/drive/Bhagavata Saroddhara/SBS26.0.mp3,bhagavata_saroddhara,adhyaya_26,0,full,,,,,2.795,,0.0,<0.50 weak/unmatched,unmatched,work identified from filename (bhagavata_saroddhara) but it does not exist in DGE — add the text to DGE first,filename,A,[],provide text / rename / identify work
kamadhenu_dataset/incoming_audio/drive/Bhagavata Saroddhara/SBS26.1.SBS347.mp3,bhagavata_saroddhara,adhyaya_26,1,full,,,,,18.416,,0.0,<0.50 weak/unmatched,unmatched,work identified from filename (bhagavata_saroddhara) but it does not exist in DGE — add the text to DGE first,filename,A,[],provide text / rename / identify work
kamadhenu_dataset/incoming_audio/drive/Bhagavata Saroddhara/SBS26.E.mp3,bhagavata_saroddhara,adhyaya_26,E,full,,,,,6.661,,0.0,<0.50 weak/unmatched,unmatched,work identified from filename (bhagavata_saroddhara) but it does not exist in DGE — add the text to DGE first,filename,A,[],provide text / rename / identify work
kamadhenu_dataset/incoming_audio/drive/Bhagavata Saroddhara/SBS27.0.mp3,bhagavata_saroddhara,adhyaya_27,0,full,,,,,3.135,,0.0,<0.50 weak/unmatched,unmatched,work identified from filename (bhagavata_saroddhara) but it does not exist in DGE — add the text to DGE first,filename,A,[],provide text / rename / identify work
kamadhenu_dataset/incoming_audio/drive/Bhagavata Saroddhara/SBS27.1.SBS348.mp3,bhagavata_saroddhara,adhyaya_27,1,full,,,,,16.98,,0.0,<0.50 weak/unmatched,unmatched,work identified from filename (bhagavata_saroddhara) but it does not exist in DGE — add the text to DGE first,filename,A,[],provide text / rename / identify work
kamadhenu_dataset/incoming_audio/drive/Bhagavata Saroddhara/SBS27.2.SBS349.mp3,bhagavata_saroddhara,adhyaya_27,2,full,,,,,16.013,,0.0,<0.50 weak/unmatched,unmatched,work identified from filename (bhagavata_saroddhara) but it does not exist in DGE — add the text to DGE first,filename,A,[],provide text / rename / identify work
kamadhenu_dataset/incoming_audio/drive/Bhagavata Saroddhara/SBS27.E.mp3,bhagavata_saroddhara,adhyaya_27,E,full,,,,,6.348,,0.0,<0.50 weak/unmatched,unmatched,work identified from filename (bhagavata_saroddhara) but it does not exist in DGE — add the text to DGE first,filename,A,[],provide text / rename / identify work
kamadhenu_dataset/incoming_audio/drive/Bhagavata Saroddhara/SBS28.0.mp3,bhagavata_saroddhara,adhyaya_28,0,full,,,,,3.448,,0.0,<0.50 weak/unmatched,unmatched,work identified from filename (bhagavata_saroddhara) but it does not exist in DGE — add the text to DGE first,filename,A,[],provide text / rename / identify work
kamadhenu_dataset/incoming_audio/drive/Bhagavata Saroddhara/SBS28.1.SBS350.mp3,bhagavata_saroddhara,adhyaya_28,1,full,,,,,16.483,,0.0,<0.50 weak/unmatched,unmatched,work identified from filename (bhagavata_saroddhara) but it does not exist in DGE — add the text to DGE first,filename,A,[],provide text / rename / identify work
kamadhenu_dataset/incoming_audio/drive/Bhagavata Saroddhara/SBS28.E.mp3,bhagavata_saroddhara,adhyaya_28,E,full,,,,,6.818,,0.0,<0.50 weak/unmatched,unmatched,work identified from filename (bhagavata_saroddhara) but it does not exist in DGE — add the text to DGE first,filename,A,[],provide text / rename / identify work
kamadhenu_dataset/incoming_audio/drive/Bhagavata Saroddhara/SBS29.0.mp3,bhagavata_saroddhara,adhyaya_29,0,full,,,,,3.291,,0.0,<0.50 weak/unmatched,unmatched,work identified from filename (bhagavata_saroddhara) but it does not exist in DGE — add the text to DGE first,filename,A,[],provide text / rename / identify work
kamadhenu_dataset/incoming_audio/drive/Bhagavata Saroddhara/SBS29.1.SBS351.mp3,bhagavata_saroddhara,adhyaya_29,1,full,,,,,16.013,,0.0,<0.50 weak/unmatched,unmatched,work identified from filename (bhagavata_saroddhara) but it does not exist in DGE — add the text to DGE first,filename,A,[],provide text / rename / identify work
kamadhenu_dataset/incoming_audio/drive/Bhagavata Saroddhara/SBS29.10.SBS360.mp3,bhagavata_saroddhara,adhyaya_29,10,full,,,,,17.633,,0.0,<0.50 weak/unmatched,unmatched,work identified from filename (bhagavata_saroddhara) but it does not exist in DGE — add the text to DGE first,filename,B,"[""hot_peaks""]",provide text / rename / identify work
kamadhenu_dataset/incoming_audio/drive/Bhagavata Saroddhara/SBS29.11.SBS361.mp3,bhagavata_saroddhara,adhyaya_29,11,full,,,,,17.789,,0.0,<0.50 weak/unmatched,unmatched,work identified from filename (bhagavata_saroddhara) but it does not exist in DGE — add the text to DGE first,filename,A,[],provide text / rename / identify work
kamadhenu_dataset/incoming_audio/drive/Bhagavata Saroddhara/SBS29.2.SBS352.mp3,bhagavata_saroddhara,adhyaya_29,2,full,,,,,17.45,,0.0,<0.50 weak/unmatched,unmatched,work identified from filename (bhagavata_saroddhara) but it does not exist in DGE — add the text to DGE first,filename,A,[],provide text / rename / identify work
kamadhenu_dataset/incoming_audio/drive/Bhagavata Saroddhara/SBS29.3.SBS353.mp3,bhagavata_saroddhara,adhyaya_29,3,full,,,,,17.946,,0.0,<0.50 weak/unmatched,unmatched,work identified from filename (bhagavata_saroddhara) but it does not exist in DGE — add the text to DGE first,filename,A,[],provide text / rename / identify work
kamadhenu_dataset/incoming_audio/drive/Bhagavata Saroddhara/SBS29.4.SBS354.mp3,bhagavata_saroddhara,adhyaya_29,4,full,,,,,19.879,,0.0,<0.50 weak/unmatched,unmatched,work identified from filename (bhagavata_saroddhara) but it does not exist in DGE — add the text to DGE first,filename,A,[],provide text / rename / identify work
kamadhenu_dataset/incoming_audio/drive/Bhagavata Saroddhara/SBS29.5.SBS355.mp3,bhagavata_saroddhara,adhyaya_29,5,full,,,,,19.722,,0.0,<0.50 weak/unmatched,unmatched,work identified from filename (bhagavata_saroddhara) but it does not exist in DGE — add the text to DGE first,filename,A,[],provide text / rename / identify work
kamadhenu_dataset/incoming_audio/drive/Bhagavata Saroddhara/SBS29.6.SBS356.mp3,bhagavata_saroddhara,adhyaya_29,6,full,,,,,15.203,,0.0,<0.50 weak/unmatched,unmatched,work identified from filename (bhagavata_saroddhara) but it does not exist in DGE — add the text to DGE first,filename,A,[],provide text / rename / identify work
kamadhenu_dataset/incoming_audio/drive/Bhagavata Saroddhara/SBS29.7.SBS357.mp3,bhagavata_saroddhara,adhyaya_29,7,full,,,,,17.633,,0.0,<0.50 weak/unmatched,unmatched,work identified from filename (bhagavata_saroddhara) but it does not exist in DGE — add the text to DGE first,filename,A,[],provide text / rename / identify work
kamadhenu_dataset/incoming_audio/drive/Bhagavata Saroddhara/SBS29.8.SBS358.mp3,bhagavata_saroddhara,adhyaya_29,8,full,,,,,17.136,,0.0,<0.50 weak/unmatched,unmatched,work identified from filename (bhagavata_saroddhara) but it does not exist in DGE — add the text to DGE first,filename,A,[],provide text / rename / identify work
kamadhenu_dataset/incoming_audio/drive/Bhagavata Saroddhara/SBS29.9.SBS359.mp3,bhagavata_saroddhara,adhyaya_29,9,full,,,,,18.416,,0.0,<0.50 weak/unmatched,unmatched,work identified from filename (bhagavata_saroddhara) but it does not exist in DGE — add the text to DGE first,filename,A,[],provide text / rename / identify work
kamadhenu_dataset/incoming_audio/drive/Bhagavata Saroddhara/SBS29.E.mp3,bhagavata_saroddhara,adhyaya_29,E,full,,,,,6.818,,0.0,<0.50 weak/unmatched,unmatched,work identified from filename (bhagavata_saroddhara) but it does not exist in DGE — add the text to DGE first,filename,A,[],provide text / rename / identify work
kamadhenu_dataset/incoming_audio/drive/Bhagavata Saroddhara/SBS3.0.mp3,bhagavata_saroddhara,adhyaya_3,0,full,,,,,3.291,,0.0,<0.50 weak/unmatched,unmatched,work identified from filename (bhagavata_saroddhara) but it does not exist in DGE — add the text to DGE first,filename,A,[],provide text / rename / identify work
kamadhenu_dataset/incoming_audio/drive/Bhagavata Saroddhara/SBS3.1.SBS31.mp3,bhagavata_saroddhara,adhyaya_3,1,full,,,,,16.823,,0.0,<0.50 weak/unmatched,unmatched,work identified from filename (bhagavata_saroddhara) but it does not exist in DGE — add the text to DGE first,filename,A,[],provide text / rename / identify work
kamadhenu_dataset/incoming_audio/drive/Bhagavata Saroddhara/SBS3.10.SBS40.mp3,bhagavata_saroddhara,adhyaya_3,10,full,,,,,16.483,,0.0,<0.50 weak/unmatched,unmatched,work identified from filename (bhagavata_saroddhara) but it does not exist in DGE — add the text to DGE first,filename,A,[],provide text / rename / identify work
kamadhenu_dataset/incoming_audio/drive/Bhagavata Saroddhara/SBS3.11.SBS41.mp3,bhagavata_saroddhara,adhyaya_3,11,full,,,,,16.327,,0.0,<0.50 weak/unmatched,unmatched,work identified from filename (bhagavata_saroddhara) but it does not exist in DGE — add the text to DGE first,filename,A,[],provide text / rename / identify work
kamadhenu_dataset/incoming_audio/drive/Bhagavata Saroddhara/SBS3.12.SBS42.mp3,bhagavata_saroddhara,adhyaya_3,12,full,,,,,17.293,,0.0,<0.50 weak/unmatched,unmatched,work identified from filename (bhagavata_saroddhara) but it does not exist in DGE — add the text to DGE first,filename,A,[],provide text / rename / identify work
kamadhenu_dataset/incoming_audio/drive/Bhagavata Saroddhara/SBS3.2.SBS32.mp3,bhagavata_saroddhara,adhyaya_3,2,full,,,,,18.913,,0.0,<0.50 weak/unmatched,unmatched,work identified from filename (bhagavata_saroddhara) but it does not exist in DGE — add the text to DGE first,filename,A,[],provide text / rename / identify work
kamadhenu_dataset/incoming_audio/drive/Bhagavata Saroddhara/SBS3.3.SBS33.mp3,bhagavata_saroddhara,adhyaya_3,3,full,,,,,15.7,,0.0,<0.50 weak/unmatched,unmatched,work identified from filename (bhagavata_saroddhara) but it does not exist in DGE — add the text to DGE first,filename,A,[],provide text / rename / identify work
kamadhenu_dataset/incoming_audio/drive/Bhagavata Saroddhara/SBS3.4.SBS34.mp3,bhagavata_saroddhara,adhyaya_3,4,full,,,,,15.203,,0.0,<0.50 weak/unmatched,unmatched,work identified from filename (bhagavata_saroddhara) but it does not exist in DGE — add the text to DGE first,filename,A,[],provide text / rename / identify work
kamadhenu_dataset/incoming_audio/drive/Bhagavata Saroddhara/SBS3.5.SBS35.mp3,bhagavata_saroddhara,adhyaya_3,5,full,,,,,16.013,,0.0,<0.50 weak/unmatched,unmatched,work identified from filename (bhagavata_saroddhara) but it does not exist in DGE — add the text to DGE first,filename,A,[],provide text / rename / identify work
kamadhenu_dataset/incoming_audio/drive/Bhagavata Saroddhara/SBS3.6.SBS36.mp3,bhagavata_saroddhara,adhyaya_3,6,full,,,,,16.823,,0.0,<0.50 weak/unmatched,unmatched,work identified from filename (bhagavata_saroddhara) but it does not exist in DGE — add the text to DGE first,filename,A,[],provide text / rename / identify work
kamadhenu_dataset/incoming_audio/drive/Bhagavata Saroddhara/SBS3.7.SBS37.mp3,bhagavata_saroddhara,adhyaya_3,7,full,,,,,15.517,,0.0,<0.50 weak/unmatched,unmatched,work identified from filename (bhagavata_saroddhara) but it does not exist in DGE — add the text to DGE first,filename,A,[],provide text / rename / identify work
kamadhenu_dataset/incoming_audio/drive/Bhagavata Saroddhara/SBS3.8.SBS38.mp3,bhagavata_saroddhara,adhyaya_3,8,full,,,,,16.483,,0.0,<0.50 weak/unmatched,unmatched,work identified from filename (bhagavata_saroddhara) but it does not exist in DGE — add the text to DGE first,filename,A,[],provide text / rename / identify work
kamadhenu_dataset/incoming_audio/drive/Bhagavata Saroddhara/SBS3.9.SBS39.mp3,bhagavata_saroddhara,adhyaya_3,9,full,,,,,17.633,,0.0,<0.50 weak/unmatched,unmatched,work identified from filename (bhagavata_saroddhara) but it does not exist in DGE — add the text to DGE first,filename,A,[],provide text / rename / identify work
kamadhenu_dataset/incoming_audio/drive/Bhagavata Saroddhara/SBS3.E.mp3,bhagavata_saroddhara,adhyaya_3,E,full,,,,,6.818,,0.0,<0.50 weak/unmatched,unmatched,work identified from filename (bhagavata_saroddhara) but it does not exist in DGE — add the text to DGE first,filename,A,[],provide text / rename / identify work
kamadhenu_dataset/incoming_audio/drive/Bhagavata Saroddhara/SBS30.0.mp3,bhagavata_saroddhara,adhyaya_30,0,full,,,,,3.135,,0.0,<0.50 weak/unmatched,unmatched,work identified from filename (bhagavata_saroddhara) but it does not exist in DGE — add the text to DGE first,filename,A,[],provide text / rename / identify work
kamadhenu_dataset/incoming_audio/drive/Bhagavata Saroddhara/SBS30.1.SBS362.mp3,bhagavata_saroddhara,adhyaya_30,1,full,,,,,18.103,,0.0,<0.50 weak/unmatched,unmatched,work identified from filename (bhagavata_saroddhara) but it does not exist in DGE — add the text to DGE first,filename,A,[],provide text / rename / identify work
kamadhenu_dataset/incoming_audio/drive/Bhagavata Saroddhara/SBS30.2.SBS363.mp3,bhagavata_saroddhara,adhyaya_30,2,full,,,,,17.946,,0.0,<0.50 weak/unmatched,unmatched,work identified from filename (bhagavata_saroddhara) but it does not exist in DGE — add the text to DGE first,filename,A,[],provide text / rename / identify work
kamadhenu_dataset/incoming_audio/drive/Bhagavata Saroddhara/SBS30.3.SBS364.mp3,bhagavata_saroddhara,adhyaya_30,3,full,,,,,16.483,,0.0,<0.50 weak/unmatched,unmatched,work identified from filename (bhagavata_saroddhara) but it does not exist in DGE — add the text to DGE first,filename,A,[],provide text / rename / identify work
kamadhenu_dataset/incoming_audio/drive/Bhagavata Saroddhara/SBS30.E.mp3,bhagavata_saroddhara,adhyaya_30,E,full,,,,,6.818,,0.0,<0.50 weak/unmatched,unmatched,work identified from filename (bhagavata_saroddhara) but it does not exist in DGE — add the text to DGE first,filename,A,[],provide text / rename / identify work
kamadhenu_dataset/incoming_audio/drive/Bhagavata Saroddhara/SBS31.1.SBS365.mp3,bhagavata_saroddhara,adhyaya_31,1,full,,,,,21.316,,0.0,<0.50 weak/unmatched,unmatched,work identified from filename (bhagavata_saroddhara) but it does not exist in DGE — add the text to DGE first,filename,A,[],provide text / rename / identify work
kamadhenu_dataset/incoming_audio/drive/Bhagavata Saroddhara/SBS31.2.SBS366.mp3,bhagavata_saroddhara,adhyaya_31,2,full,,,,,19.069,,0.0,<0.50 weak/unmatched,unmatched,work identified from filename (bhagavata_saroddhara) but it does not exist in DGE — add the text to DGE first,filename,A,[],provide text / rename / identify work
kamadhenu_dataset/incoming_audio/drive/Bhagavata Saroddhara/SBS31.3.SBS367.mp3,bhagavata_saroddhara,adhyaya_31,3,full,,,,,18.103,,0.0,<0.50 weak/unmatched,unmatched,work identified from filename (bhagavata_saroddhara) but it does not exist in DGE — add the text to DGE first,filename,A,[],provide text / rename / identify work
kamadhenu_dataset/incoming_audio/drive/Bhagavata Saroddhara/SBS31.E.mp3,bhagavata_saroddhara,adhyaya_31,E,full,,,,,7.785,,0.0,<0.50 weak/unmatched,unmatched,work identified from filename (bhagavata_saroddhara) but it does not exist in DGE — add the text to DGE first,filename,A,[],provide text / rename / identify work
kamadhenu_dataset/incoming_audio/drive/Bhagavata Saroddhara/SBS4.0.mp3,bhagavata_saroddhara,adhyaya_4,0,full,,,,,4.571,,0.0,<0.50 weak/unmatched,unmatched,work identified from filename (bhagavata_saroddhara) but it does not exist in DGE — add the text to DGE first,filename,A,[],provide text / rename / identify work
kamadhenu_dataset/incoming_audio/drive/Bhagavata Saroddhara/SBS4.1.SBS43.mp3,bhagavata_saroddhara,adhyaya_4,1,full,,,,,15.203,,0.0,<0.50 weak/unmatched,unmatched,work identified from filename (bhagavata_saroddhara) but it does not exist in DGE — add the text to DGE first,filename,A,[],provide text / rename / identify work
kamadhenu_dataset/incoming_audio/drive/Bhagavata Saroddhara/SBS4.10.SBS52.mp3,bhagavata_saroddhara,adhyaya_4,10,full,,,,,15.7,,0.0,<0.50 weak/unmatched,unmatched,work identified from filename (bhagavata_saroddhara) but it does not exist in DGE — add the text to DGE first,filename,A,[],provide text / rename / identify work
kamadhenu_dataset/incoming_audio/drive/Bhagavata Saroddhara/SBS4.11.SBS53.mp3,bhagavata_saroddhara,adhyaya_4,11,full,,,,,16.483,,0.0,<0.50 weak/unmatched,unmatched,work identified from filename (bhagavata_saroddhara) but it does not exist in DGE — add the text to DGE first,filename,A,[],provide text / rename / identify work
kamadhenu_dataset/incoming_audio/drive/Bhagavata Saroddhara/SBS4.12.SBS54.mp3,bhagavata_saroddhara,adhyaya_4,12,full,,,,,15.203,,0.0,<0.50 weak/unmatched,unmatched,work identified from filename (bhagavata_saroddhara) but it does not exist in DGE — add the text to DGE first,filename,A,[],provide text / rename / identify work
kamadhenu_dataset/incoming_audio/drive/Bhagavata Saroddhara/SBS4.13.SBS55.mp3,bhagavata_saroddhara,adhyaya_4,13,full,,,,,15.7,,0.0,<0.50 weak/unmatched,unmatched,work identified from filename (bhagavata_saroddhara) but it does not exist in DGE — add the text to DGE first,filename,A,[],provide text / rename / identify work
kamadhenu_dataset/incoming_audio/drive/Bhagavata Saroddhara/SBS4.14.SBS56.mp3,bhagavata_saroddhara,adhyaya_4,14,full,,,,,15.7,,0.0,<0.50 weak/unmatched,unmatched,work identified from filename (bhagavata_saroddhara) but it does not exist in DGE — add the text to DGE first,filename,A,[],provide text / rename / identify work
kamadhenu_dataset/incoming_audio/drive/Bhagavata Saroddhara/SBS4.2.SBS44.mp3,bhagavata_saroddhara,adhyaya_4,2,full,,,,,17.293,,0.0,<0.50 weak/unmatched,unmatched,work identified from filename (bhagavata_saroddhara) but it does not exist in DGE — add the text to DGE first,filename,A,[],provide text / rename / identify work
kamadhenu_dataset/incoming_audio/drive/Bhagavata Saroddhara/SBS4.3.SBS45.mp3,bhagavata_saroddhara,adhyaya_4,3,full,,,,,16.013,,0.0,<0.50 weak/unmatched,unmatched,work identified from filename (bhagavata_saroddhara) but it does not exist in DGE — add the text to DGE first,filename,A,[],provide text / rename / identify work
kamadhenu_dataset/incoming_audio/drive/Bhagavata Saroddhara/SBS4.4.SBS46.mp3,bhagavata_saroddhara,adhyaya_4,4,full,,,,,17.45,,0.0,<0.50 weak/unmatched,unmatched,work identified from filename (bhagavata_saroddhara) but it does not exist in DGE — add the text to DGE first,filename,A,[],provide text / rename / identify work
kamadhenu_dataset/incoming_audio/drive/Bhagavata Saroddhara/SBS4.5.SBS47.mp3,bhagavata_saroddhara,adhyaya_4,5,full,,,,,14.237,,0.0,<0.50 weak/unmatched,unmatched,work identified from filename (bhagavata_saroddhara) but it does not exist in DGE — add the text to DGE first,filename,A,[],provide text / rename / identify work
kamadhenu_dataset/incoming_audio/drive/Bhagavata Saroddhara/SBS4.6.SBS48.mp3,bhagavata_saroddhara,adhyaya_4,6,full,,,,,16.823,,0.0,<0.50 weak/unmatched,unmatched,work identified from filename (bhagavata_saroddhara) but it does not exist in DGE — add the text to DGE first,filename,A,[],provide text / rename / identify work
kamadhenu_dataset/incoming_audio/drive/Bhagavata Saroddhara/SBS4.7.SBS49.mp3,bhagavata_saroddhara,adhyaya_4,7,full,,,,,15.517,,0.0,<0.50 weak/unmatched,unmatched,work identified from filename (bhagavata_saroddhara) but it does not exist in DGE — add the text to DGE first,filename,A,[],provide text / rename / identify work
kamadhenu_dataset/incoming_audio/drive/Bhagavata Saroddhara/SBS4.8.SBS50.mp3,bhagavata_saroddhara,adhyaya_4,8,full,,,,,24.059,,0.0,<0.50 weak/unmatched,unmatched,work identified from filename (bhagavata_saroddhara) but it does not exist in DGE — add the text to DGE first,filename,A,[],provide text / rename / identify work
kamadhenu_dataset/incoming_audio/drive/Bhagavata Saroddhara/SBS4.9.SBS51.mp3,bhagavata_saroddhara,adhyaya_4,9,full,,,,,16.483,,0.0,<0.50 weak/unmatched,unmatched,work identified from filename (bhagavata_saroddhara) but it does not exist in DGE — add the text to DGE first,filename,A,[],provide text / rename / identify work
kamadhenu_dataset/incoming_audio/drive/Bhagavata Saroddhara/SBS4.E.mp3,bhagavata_saroddhara,adhyaya_4,E,full,,,,,7.628,,0.0,<0.50 weak/unmatched,unmatched,work identified from filename (bhagavata_saroddhara) but it does not exist in DGE — add the text to DGE first,filename,A,[],provide text / rename / identify work
kamadhenu_dataset/incoming_audio/drive/Bhagavata Saroddhara/SBS5.0.mp3,bhagavata_saroddhara,adhyaya_5,0,full,,,,,3.135,,0.0,<0.50 weak/unmatched,unmatched,work identified from filename (bhagavata_saroddhara) but it does not exist in DGE — add the text to DGE first,filename,A,[],provide text / rename / identify work
kamadhenu_dataset/incoming_audio/drive/Bhagavata Saroddhara/SBS5.1.SBS57.mp3,bhagavata_saroddhara,adhyaya_5,1,full,,,,,16.17,,0.0,<0.50 weak/unmatched,unmatched,work identified from filename (bhagavata_saroddhara) but it does not exist in DGE — add the text to DGE first,filename,A,[],provide text / rename / identify work
kamadhenu_dataset/incoming_audio/drive/Bhagavata Saroddhara/SBS5.10.SBS66.mp3,bhagavata_saroddhara,adhyaya_5,10,full,,,,,16.17,,0.0,<0.50 weak/unmatched,unmatched,work identified from filename (bhagavata_saroddhara) but it does not exist in DGE — add the text to DGE first,filename,A,[],provide text / rename / identify work
kamadhenu_dataset/incoming_audio/drive/Bhagavata Saroddhara/SBS5.11.SBS67.mp3,bhagavata_saroddhara,adhyaya_5,11,full,,,,,16.013,,0.0,<0.50 weak/unmatched,unmatched,work identified from filename (bhagavata_saroddhara) but it does not exist in DGE — add the text to DGE first,filename,A,[],provide text / rename / identify work
kamadhenu_dataset/incoming_audio/drive/Bhagavata Saroddhara/SBS5.12.SBS68.mp3,bhagavata_saroddhara,adhyaya_5,12,full,,,,,16.483,,0.0,<0.50 weak/unmatched,unmatched,work identified from filename (bhagavata_saroddhara) but it does not exist in DGE — add the text to DGE first,filename,A,[],provide text / rename / identify work
kamadhenu_dataset/incoming_audio/drive/Bhagavata Saroddhara/SBS5.13.SBS69.mp3,bhagavata_saroddhara,adhyaya_5,13,full,,,,,16.823,,0.0,<0.50 weak/unmatched,unmatched,work identified from filename (bhagavata_saroddhara) but it does not exist in DGE — add the text to DGE first,filename,A,[],provide text / rename / identify work
kamadhenu_dataset/incoming_audio/drive/Bhagavata Saroddhara/SBS5.14.SBS70.mp3,bhagavata_saroddhara,adhyaya_5,14,full,,,,,17.45,,0.0,<0.50 weak/unmatched,unmatched,work identified from filename (bhagavata_saroddhara) but it does not exist in DGE — add the text to DGE first,filename,A,[],provide text / rename / identify work
kamadhenu_dataset/incoming_audio/drive/Bhagavata Saroddhara/SBS5.15.SBS71.mp3,bhagavata_saroddhara,adhyaya_5,15,full,,,,,18.26,,0.0,<0.50 weak/unmatched,unmatched,work identified from filename (bhagavata_saroddhara) but it does not exist in DGE — add the text to DGE first,filename,A,[],provide text / rename / identify work
kamadhenu_dataset/incoming_audio/drive/Bhagavata Saroddhara/SBS5.16.SBS72.mp3,bhagavata_saroddhara,adhyaya_5,16,full,,,,,19.069,,0.0,<0.50 weak/unmatched,unmatched,work identified from filename (bhagavata_saroddhara) but it does not exist in DGE — add the text to DGE first,filename,A,[],provide text / rename / identify work
kamadhenu_dataset/incoming_audio/drive/Bhagavata Saroddhara/SBS5.17.SBS73.mp3,bhagavata_saroddhara,adhyaya_5,17,full,,,,,18.599,,0.0,<0.50 weak/unmatched,unmatched,work identified from filename (bhagavata_saroddhara) but it does not exist in DGE — add the text to DGE first,filename,A,[],provide text / rename / identify work
kamadhenu_dataset/incoming_audio/drive/Bhagavata Saroddhara/SBS5.18.SBS74.mp3,bhagavata_saroddhara,adhyaya_5,18,full,,,,,16.98,,0.0,<0.50 weak/unmatched,unmatched,work identified from filename (bhagavata_saroddhara) but it does not exist in DGE — add the text to DGE first,filename,A,[],provide text / rename / identify work
kamadhenu_dataset/incoming_audio/drive/Bhagavata Saroddhara/SBS5.19.SBS75.mp3,bhagavata_saroddhara,adhyaya_5,19,full,,,,,17.946,,0.0,<0.50 weak/unmatched,unmatched,work identified from filename (bhagavata_saroddhara) but it does not exist in DGE — add the text to DGE first,filename,A,[],provide text / rename / identify work
kamadhenu_dataset/incoming_audio/drive/Bhagavata Saroddhara/SBS5.2.SBS58.mp3,bhagavata_saroddhara,adhyaya_5,2,full,,,,,20.532,,0.0,<0.50 weak/unmatched,unmatched,work identified from filename (bhagavata_saroddhara) but it does not exist in DGE — add the text to DGE first,filename,A,[],provide text / rename / identify work
kamadhenu_dataset/incoming_audio/drive/Bhagavata Saroddhara/SBS5.20.SBS76.mp3,bhagavata_saroddhara,adhyaya_5,20,full,,,,,18.416,,0.0,<0.50 weak/unmatched,unmatched,work identified from filename (bhagavata_saroddhara) but it does not exist in DGE — add the text to DGE first,filename,A,[],provide text / rename / identify work
kamadhenu_dataset/incoming_audio/drive/Bhagavata Saroddhara/SBS5.21.SBS77.mp3,bhagavata_saroddhara,adhyaya_5,21,full,,,,,16.823,,0.0,<0.50 weak/unmatched,unmatched,work identified from filename (bhagavata_saroddhara) but it does not exist in DGE — add the text to DGE first,filename,A,[],provide text / rename / identify work
kamadhenu_dataset/incoming_audio/drive/Bhagavata Saroddhara/SBS5.22.SBS78.mp3,bhagavata_saroddhara,adhyaya_5,22,full,,,,,17.633,,0.0,<0.50 weak/unmatched,unmatched,work identified from filename (bhagavata_saroddhara) but it does not exist in DGE — add the text to DGE first,filename,A,[],provide text / rename / identify work
kamadhenu_dataset/incoming_audio/drive/Bhagavata Saroddhara/SBS5.23.SBS79.mp3,bhagavata_saroddhara,adhyaya_5,23,full,,,,,28.082,,0.0,<0.50 weak/unmatched,unmatched,work identified from filename (bhagavata_saroddhara) but it does not exist in DGE — add the text to DGE first,filename,A,[],provide text / rename / identify work
kamadhenu_dataset/incoming_audio/drive/Bhagavata Saroddhara/SBS5.24.SBS80.mp3,bhagavata_saroddhara,adhyaya_5,24,full,,,,,21.969,,0.0,<0.50 weak/unmatched,unmatched,work identified from filename (bhagavata_saroddhara) but it does not exist in DGE — add the text to DGE first,filename,A,[],provide text / rename / identify work
kamadhenu_dataset/incoming_audio/drive/Bhagavata Saroddhara/SBS5.25.SBS81.mp3,bhagavata_saroddhara,adhyaya_5,25,full,,,,,20.036,,0.0,<0.50 weak/unmatched,unmatched,work identified from filename (bhagavata_saroddhara) but it does not exist in DGE — add the text to DGE first,filename,A,[],provide text / rename / identify work
kamadhenu_dataset/incoming_audio/drive/Bhagavata Saroddhara/SBS5.26.SBS82.mp3,bhagavata_saroddhara,adhyaya_5,26,full,,,,,18.416,,0.0,<0.50 weak/unmatched,unmatched,work identified from filename (bhagavata_saroddhara) but it does not exist in DGE — add the text to DGE first,filename,A,[],provide text / rename / identify work
kamadhenu_dataset/incoming_audio/drive/Bhagavata Saroddhara/SBS5.27.SBS83.mp3,bhagavata_saroddhara,adhyaya_5,27,full,,,,,17.789,,0.0,<0.50 weak/unmatched,unmatched,work identified from filename (bhagavata_saroddhara) but it does not exist in DGE — add the text to DGE first,filename,A,[],provide text / rename / identify work
kamadhenu_dataset/incoming_audio/drive/Bhagavata Saroddhara/SBS5.28.SBS84.mp3,bhagavata_saroddhara,adhyaya_5,28,full,,,,,16.17,,0.0,<0.50 weak/unmatched,unmatched,work identified from filename (bhagavata_saroddhara) but it does not exist in DGE — add the text to DGE first,filename,A,[],provide text / rename / identify work
kamadhenu_dataset/incoming_audio/drive/Bhagavata Saroddhara/SBS5.29.SBS85.mp3,bhagavata_saroddhara,adhyaya_5,29,full,,,,,19.566,,0.0,<0.50 weak/unmatched,unmatched,work identified from filename (bhagavata_saroddhara) but it does not exist in DGE — add the text to DGE first,filename,A,[],provide text / rename / identify work
kamadhenu_dataset/incoming_audio/drive/Bhagavata Saroddhara/SBS5.3.SBS59.mp3,bhagavata_saroddhara,adhyaya_5,3,full,,,,,17.789,,0.0,<0.50 weak/unmatched,unmatched,work identified from filename (bhagavata_saroddhara) but it does not exist in DGE — add the text to DGE first,filename,A,[],provide text / rename / identify work
kamadhenu_dataset/incoming_audio/drive/Bhagavata Saroddhara/SBS5.30.SBS86.mp3,bhagavata_saroddhara,adhyaya_5,30,full,,,,,18.416,,0.0,<0.50 weak/unmatched,unmatched,work identified from filename (bhagavata_saroddhara) but it does not exist in DGE — add the text to DGE first,filename,A,[],provide text / rename / identify work
kamadhenu_dataset/incoming_audio/drive/Bhagavata Saroddhara/SBS5.31.SBS87.mp3,bhagavata_saroddhara,adhyaya_5,31,full,,,,,16.823,,0.0,<0.50 weak/unmatched,unmatched,work identified from filename (bhagavata_saroddhara) but it does not exist in DGE — add the text to DGE first,filename,A,[],provide text / rename / identify work
kamadhenu_dataset/incoming_audio/drive/Bhagavata Saroddhara/SBS5.32.SBS88.mp3,bhagavata_saroddhara,adhyaya_5,32,full,,,,,16.013,,0.0,<0.50 weak/unmatched,unmatched,work identified from filename (bhagavata_saroddhara) but it does not exist in DGE — add the text to DGE first,filename,A,[],provide text / rename / identify work
kamadhenu_dataset/incoming_audio/drive/Bhagavata Saroddhara/SBS5.33.SBS89.mp3,bhagavata_saroddhara,adhyaya_5,33,full,,,,,21.159,,0.0,<0.50 weak/unmatched,unmatched,work identified from filename (bhagavata_saroddhara) but it does not exist in DGE — add the text to DGE first,filename,A,[],provide text / rename / identify work
kamadhenu_dataset/incoming_audio/drive/Bhagavata Saroddhara/SBS5.34.SBS90.mp3,bhagavata_saroddhara,adhyaya_5,34,full,,,,,16.17,,0.0,<0.50 weak/unmatched,unmatched,work identified from filename (bhagavata_saroddhara) but it does not exist in DGE — add the text to DGE first,filename,A,[],provide text / rename / identify work
kamadhenu_dataset/incoming_audio/drive/Bhagavata Saroddhara/SBS5.35.SBS91.mp3,bhagavata_saroddhara,adhyaya_5,35,full,,,,,17.45,,0.0,<0.50 weak/unmatched,unmatched,work identified from filename (bhagavata_saroddhara) but it does not exist in DGE — add the text to DGE first,filename,A,[],provide text / rename / identify work
kamadhenu_dataset/incoming_audio/drive/Bhagavata Saroddhara/SBS5.36.SBS92.mp3,bhagavata_saroddhara,adhyaya_5,36,full,,,,,18.103,,0.0,<0.50 weak/unmatched,unmatched,work identified from filename (bhagavata_saroddhara) but it does not exist in DGE — add the text to DGE first,filename,A,[],provide text / rename / identify work
kamadhenu_dataset/incoming_audio/drive/Bhagavata Saroddhara/SBS5.37.SBS93.mp3,bhagavata_saroddhara,adhyaya_5,37,full,,,,,16.98,,0.0,<0.50 weak/unmatched,unmatched,work identified from filename (bhagavata_saroddhara) but it does not exist in DGE — add the text to DGE first,filename,A,[],provide text / rename / identify work
kamadhenu_dataset/incoming_audio/drive/Bhagavata Saroddhara/SBS5.38.SBS94.mp3,bhagavata_saroddhara,adhyaya_5,38,full,,,,,20.193,,0.0,<0.50 weak/unmatched,unmatched,work identified from filename (bhagavata_saroddhara) but it does not exist in DGE — add the text to DGE first,filename,A,[],provide text / rename / identify work
kamadhenu_dataset/incoming_audio/drive/Bhagavata Saroddhara/SBS5.39.SBS95.mp3,bhagavata_saroddhara,adhyaya_5,39,full,,,,,18.599,,0.0,<0.50 weak/unmatched,unmatched,work identified from filename (bhagavata_saroddhara) but it does not exist in DGE — add the text to DGE first,filename,A,[],provide text / rename / identify work
kamadhenu_dataset/incoming_audio/drive/Bhagavata Saroddhara/SBS5.4.SBS60.mp3,bhagavata_saroddhara,adhyaya_5,4,full,,,,,17.136,,0.0,<0.50 weak/unmatched,unmatched,work identified from filename (bhagavata_saroddhara) but it does not exist in DGE — add the text to DGE first,filename,A,[],provide text / rename / identify work
kamadhenu_dataset/incoming_audio/drive/Bhagavata Saroddhara/SBS5.40.SBS96.mp3,bhagavata_saroddhara,adhyaya_5,40,full,,,,,17.946,,0.0,<0.50 weak/unmatched,unmatched,work identified from filename (bhagavata_saroddhara) but it does not exist in DGE — add the text to DGE first,filename,A,[],provide text / rename / identify work
kamadhenu_dataset/incoming_audio/drive/Bhagavata Saroddhara/SBS5.41.SBS97.mp3,bhagavata_saroddhara,adhyaya_5,41,full,,,,,18.913,,0.0,<0.50 weak/unmatched,unmatched,work identified from filename (bhagavata_saroddhara) but it does not exist in DGE — add the text to DGE first,filename,A,[],provide text / rename / identify work
kamadhenu_dataset/incoming_audio/drive/Bhagavata Saroddhara/SBS5.42.SBS98.mp3,bhagavata_saroddhara,adhyaya_5,42,full,,,,,19.226,,0.0,<0.50 weak/unmatched,unmatched,work identified from filename (bhagavata_saroddhara) but it does not exist in DGE — add the text to DGE first,filename,A,[],provide text / rename / identify work
kamadhenu_dataset/incoming_audio/drive/Bhagavata Saroddhara/SBS5.43.SBS99.mp3,bhagavata_saroddhara,adhyaya_5,43,full,,,,,19.383,,0.0,<0.50 weak/unmatched,unmatched,work identified from filename (bhagavata_saroddhara) but it does not exist in DGE — add the text to DGE first,filename,A,[],provide text / rename / identify work
kamadhenu_dataset/incoming_audio/drive/Bhagavata Saroddhara/SBS5.44.SBS100.mp3,bhagavata_saroddhara,adhyaya_5,44,full,,,,,16.98,,0.0,<0.50 weak/unmatched,unmatched,work identified from filename (bhagavata_saroddhara) but it does not exist in DGE — add the text to DGE first,filename,A,[],provide text / rename / identify work
kamadhenu_dataset/incoming_audio/drive/Bhagavata Saroddhara/SBS5.45.SBS101.mp3,bhagavata_saroddhara,adhyaya_5,45,full,,,,,22.465,,0.0,<0.50 weak/unmatched,unmatched,work identified from filename (bhagavata_saroddhara) but it does not exist in DGE — add the text to DGE first,filename,A,[],provide text / rename / identify work
kamadhenu_dataset/incoming_audio/drive/Bhagavata Saroddhara/SBS5.5.SBS61.mp3,bhagavata_saroddhara,adhyaya_5,5,full,,,,,16.013,,0.0,<0.50 weak/unmatched,unmatched,work identified from filename (bhagavata_saroddhara) but it does not exist in DGE — add the text to DGE first,filename,A,[],provide text / rename / identify work
kamadhenu_dataset/incoming_audio/drive/Bhagavata Saroddhara/SBS5.6.SBS62.mp3,bhagavata_saroddhara,adhyaya_5,6,full,,,,,16.17,,0.0,<0.50 weak/unmatched,unmatched,work identified from filename (bhagavata_saroddhara) but it does not exist in DGE — add the text to DGE first,filename,A,[],provide text / rename / identify work
kamadhenu_dataset/incoming_audio/drive/Bhagavata Saroddhara/SBS5.7.SBS63.mp3,bhagavata_saroddhara,adhyaya_5,7,full,,,,,16.823,,0.0,<0.50 weak/unmatched,unmatched,work identified from filename (bhagavata_saroddhara) but it does not exist in DGE — add the text to DGE first,filename,A,[],provide text / rename / identify work
kamadhenu_dataset/incoming_audio/drive/Bhagavata Saroddhara/SBS5.8.SBS64.mp3,bhagavata_saroddhara,adhyaya_5,8,full,,,,,17.946,,0.0,<0.50 weak/unmatched,unmatched,work identified from filename (bhagavata_saroddhara) but it does not exist in DGE — add the text to DGE first,filename,A,[],provide text / rename / identify work
kamadhenu_dataset/incoming_audio/drive/Bhagavata Saroddhara/SBS5.9.SBS65.mp3,bhagavata_saroddhara,adhyaya_5,9,full,,,,,16.327,,0.0,<0.50 weak/unmatched,unmatched,work identified from filename (bhagavata_saroddhara) but it does not exist in DGE — add the text to DGE first,filename,A,[],provide text / rename / identify work
kamadhenu_dataset/incoming_audio/drive/Bhagavata Saroddhara/SBS5.E.mp3,bhagavata_saroddhara,adhyaya_5,E,full,,,,,6.505,,0.0,<0.50 weak/unmatched,unmatched,work identified from filename (bhagavata_saroddhara) but it does not exist in DGE — add the text to DGE first,filename,A,[],provide text / rename / identify work
kamadhenu_dataset/incoming_audio/drive/Bhagavata Saroddhara/SBS6.0.mp3,bhagavata_saroddhara,adhyaya_6,0,full,,,,,3.448,,0.0,<0.50 weak/unmatched,unmatched,work identified from filename (bhagavata_saroddhara) but it does not exist in DGE — add the text to DGE first,filename,A,[],provide text / rename / identify work
kamadhenu_dataset/incoming_audio/drive/Bhagavata Saroddhara/SBS6.1.SBS102.mp3,bhagavata_saroddhara,adhyaya_6,1,full,,,,,16.666,,0.0,<0.50 weak/unmatched,unmatched,work identified from filename (bhagavata_saroddhara) but it does not exist in DGE — add the text to DGE first,filename,A,[],provide text / rename / identify work
kamadhenu_dataset/incoming_audio/drive/Bhagavata Saroddhara/SBS6.10.SBS111.mp3,bhagavata_saroddhara,adhyaya_6,10,full,,,,,15.7,,0.0,<0.50 weak/unmatched,unmatched,work identified from filename (bhagavata_saroddhara) but it does not exist in DGE — add the text to DGE first,filename,A,[],provide text / rename / identify work
kamadhenu_dataset/incoming_audio/drive/Bhagavata Saroddhara/SBS6.2.SBS103.mp3,bhagavata_saroddhara,adhyaya_6,2,full,,,,,18.416,,0.0,<0.50 weak/unmatched,unmatched,work identified from filename (bhagavata_saroddhara) but it does not exist in DGE — add the text to DGE first,filename,A,[],provide text / rename / identify work
kamadhenu_dataset/incoming_audio/drive/Bhagavata Saroddhara/SBS6.3.SBS104.mp3,bhagavata_saroddhara,adhyaya_6,3,full,,,,,15.517,,0.0,<0.50 weak/unmatched,unmatched,work identified from filename (bhagavata_saroddhara) but it does not exist in DGE — add the text to DGE first,filename,A,[],provide text / rename / identify work
kamadhenu_dataset/incoming_audio/drive/Bhagavata Saroddhara/SBS6.4.SBS105.mp3,bhagavata_saroddhara,adhyaya_6,4,full,,,,,16.483,,0.0,<0.50 weak/unmatched,unmatched,work identified from filename (bhagavata_saroddhara) but it does not exist in DGE — add the text to DGE first,filename,A,[],provide text / rename / identify work
kamadhenu_dataset/incoming_audio/drive/Bhagavata Saroddhara/SBS6.5.SBS106.mp3,bhagavata_saroddhara,adhyaya_6,5,full,,,,,18.103,,0.0,<0.50 weak/unmatched,unmatched,work identified from filename (bhagavata_saroddhara) but it does not exist in DGE — add the text to DGE first,filename,A,[],provide text / rename / identify work
kamadhenu_dataset/incoming_audio/drive/Bhagavata Saroddhara/SBS6.6.SBS107.mp3,bhagavata_saroddhara,adhyaya_6,6,full,,,,,16.17,,0.0,<0.50 weak/unmatched,unmatched,work identified from filename (bhagavata_saroddhara) but it does not exist in DGE — add the text to DGE first,filename,A,[],provide text / rename / identify work
kamadhenu_dataset/incoming_audio/drive/Bhagavata Saroddhara/SBS6.7.SBS108.mp3,bhagavata_saroddhara,adhyaya_6,7,full,,,,,16.013,,0.0,<0.50 weak/unmatched,unmatched,work identified from filename (bhagavata_saroddhara) but it does not exist in DGE — add the text to DGE first,filename,A,[],provide text / rename / identify work
kamadhenu_dataset/incoming_audio/drive/Bhagavata Saroddhara/SBS6.8.SBS109.mp3,bhagavata_saroddhara,adhyaya_6,8,full,,,,,15.203,,0.0,<0.50 weak/unmatched,unmatched,work identified from filename (bhagavata_saroddhara) but it does not exist in DGE — add the text to DGE first,filename,A,[],provide text / rename / identify work
kamadhenu_dataset/incoming_audio/drive/Bhagavata Saroddhara/SBS6.9.SBS110.mp3,bhagavata_saroddhara,adhyaya_6,9,full,,,,,16.98,,0.0,<0.50 weak/unmatched,unmatched,work identified from filename (bhagavata_saroddhara) but it does not exist in DGE — add the text to DGE first,filename,A,[],provide text / rename / identify work
kamadhenu_dataset/incoming_audio/drive/Bhagavata Saroddhara/SBS6.E.mp3,bhagavata_saroddhara,adhyaya_6,E,full,,,,,7.158,,0.0,<0.50 weak/unmatched,unmatched,work identified from filename (bhagavata_saroddhara) but it does not exist in DGE — add the text to DGE first,filename,A,[],provide text / rename / identify work
kamadhenu_dataset/incoming_audio/drive/Bhagavata Saroddhara/SBS7.0.mp3,bhagavata_saroddhara,adhyaya_7,0,full,,,,,4.258,,0.0,<0.50 weak/unmatched,unmatched,work identified from filename (bhagavata_saroddhara) but it does not exist in DGE — add the text to DGE first,filename,A,[],provide text / rename / identify work
kamadhenu_dataset/incoming_audio/drive/Bhagavata Saroddhara/SBS7.1.SBS112.mp3,bhagavata_saroddhara,adhyaya_7,1,full,,,,,18.416,,0.0,<0.50 weak/unmatched,unmatched,work identified from filename (bhagavata_saroddhara) but it does not exist in DGE — add the text to DGE first,filename,A,[],provide text / rename / identify work
kamadhenu_dataset/incoming_audio/drive/Bhagavata Saroddhara/SBS7.10.SBS121.mp3,bhagavata_saroddhara,adhyaya_7,10,full,,,,,16.98,,0.0,<0.50 weak/unmatched,unmatched,work identified from filename (bhagavata_saroddhara) but it does not exist in DGE — add the text to DGE first,filename,A,[],provide text / rename / identify work
kamadhenu_dataset/incoming_audio/drive/Bhagavata Saroddhara/SBS7.2.SBS113.mp3,bhagavata_saroddhara,adhyaya_7,2,full,,,,,16.823,,0.0,<0.50 weak/unmatched,unmatched,work identified from filename (bhagavata_saroddhara) but it does not exist in DGE — add the text to DGE first,filename,A,[],provide text / rename / identify work
kamadhenu_dataset/incoming_audio/drive/Bhagavata Saroddhara/SBS7.3.SBS114.mp3,bhagavata_saroddhara,adhyaya_7,3,full,,,,,17.45,,0.0,<0.50 weak/unmatched,unmatched,work identified from filename (bhagavata_saroddhara) but it does not exist in DGE — add the text to DGE first,filename,A,[],provide text / rename / identify work
kamadhenu_dataset/incoming_audio/drive/Bhagavata Saroddhara/SBS7.4.SBS115.mp3,bhagavata_saroddhara,adhyaya_7,4,full,,,,,16.823,,0.0,<0.50 weak/unmatched,unmatched,work identified from filename (bhagavata_saroddhara) but it does not exist in DGE — add the text to DGE first,filename,A,[],provide text / rename / identify work
kamadhenu_dataset/incoming_audio/drive/Bhagavata Saroddhara/SBS7.5.SBS116.mp3,bhagavata_saroddhara,adhyaya_7,5,full,,,,,16.013,,0.0,<0.50 weak/unmatched,unmatched,work identified from filename (bhagavata_saroddhara) but it does not exist in DGE — add the text to DGE first,filename,A,[],provide text / rename / identify work
kamadhenu_dataset/incoming_audio/drive/Bhagavata Saroddhara/SBS7.6.SBS117.mp3,bhagavata_saroddhara,adhyaya_7,6,full,,,,,16.98,,0.0,<0.50 weak/unmatched,unmatched,work identified from filename (bhagavata_saroddhara) but it does not exist in DGE — add the text to DGE first,filename,A,[],provide text / rename / identify work
kamadhenu_dataset/incoming_audio/drive/Bhagavata Saroddhara/SBS7.7.SBS118.mp3,bhagavata_saroddhara,adhyaya_7,7,full,,,,,18.103,,0.0,<0.50 weak/unmatched,unmatched,work identified from filename (bhagavata_saroddhara) but it does not exist in DGE — add the text to DGE first,filename,A,[],provide text / rename / identify work
kamadhenu_dataset/incoming_audio/drive/Bhagavata Saroddhara/SBS7.8.SBS119.mp3,bhagavata_saroddhara,adhyaya_7,8,full,,,,,19.226,,0.0,<0.50 weak/unmatched,unmatched,work identified from filename (bhagavata_saroddhara) but it does not exist in DGE — add the text to DGE first,filename,A,[],provide text / rename / identify work
kamadhenu_dataset/incoming_audio/drive/Bhagavata Saroddhara/SBS7.9.SBS120.mp3,bhagavata_saroddhara,adhyaya_7,9,full,,,,,17.293,,0.0,<0.50 weak/unmatched,unmatched,work identified from filename (bhagavata_saroddhara) but it does not exist in DGE — add the text to DGE first,filename,A,[],provide text / rename / identify work
kamadhenu_dataset/incoming_audio/drive/Bhagavata Saroddhara/SBS7.E.mp3,bhagavata_saroddhara,adhyaya_7,E,full,,,,,6.661,,0.0,<0.50 weak/unmatched,unmatched,work identified from filename (bhagavata_saroddhara) but it does not exist in DGE — add the text to DGE first,filename,A,[],provide text / rename / identify work
kamadhenu_dataset/incoming_audio/drive/Bhagavata Saroddhara/SBS8.0.mp3,bhagavata_saroddhara,adhyaya_8,0,full,,,,,3.291,,0.0,<0.50 weak/unmatched,unmatched,work identified from filename (bhagavata_saroddhara) but it does not exist in DGE — add the text to DGE first,filename,A,[],provide text / rename / identify work
kamadhenu_dataset/incoming_audio/drive/Bhagavata Saroddhara/SBS8.1.SBS122.mp3,bhagavata_saroddhara,adhyaya_8,1,full,,,,,16.483,,0.0,<0.50 weak/unmatched,unmatched,work identified from filename (bhagavata_saroddhara) but it does not exist in DGE — add the text to DGE first,filename,A,[],provide text / rename / identify work
kamadhenu_dataset/incoming_audio/drive/Bhagavata Saroddhara/SBS8.10.SBS131.mp3,bhagavata_saroddhara,adhyaya_8,10,full,,,,,15.856,,0.0,<0.50 weak/unmatched,unmatched,work identified from filename (bhagavata_saroddhara) but it does not exist in DGE — add the text to DGE first,filename,A,[],provide text / rename / identify work
kamadhenu_dataset/incoming_audio/drive/Bhagavata Saroddhara/SBS8.11.SBS132.mp3,bhagavata_saroddhara,adhyaya_8,11,full,,,,,15.856,,0.0,<0.50 weak/unmatched,unmatched,work identified from filename (bhagavata_saroddhara) but it does not exist in DGE — add the text to DGE first,filename,A,[],provide text / rename / identify work
kamadhenu_dataset/incoming_audio/drive/Bhagavata Saroddhara/SBS8.2.SBS123.mp3,bhagavata_saroddhara,adhyaya_8,2,full,,,,,15.36,,0.0,<0.50 weak/unmatched,unmatched,work identified from filename (bhagavata_saroddhara) but it does not exist in DGE — add the text to DGE first,filename,A,[],provide text / rename / identify work
kamadhenu_dataset/incoming_audio/drive/Bhagavata Saroddhara/SBS8.3.SBS124.mp3,bhagavata_saroddhara,adhyaya_8,3,full,,,,,16.823,,0.0,<0.50 weak/unmatched,unmatched,work identified from filename (bhagavata_saroddhara) but it does not exist in DGE — add the text to DGE first,filename,A,[],provide text / rename / identify work
kamadhenu_dataset/incoming_audio/drive/Bhagavata Saroddhara/SBS8.4.SBS125.mp3,bhagavata_saroddhara,adhyaya_8,4,full,,,,,17.136,,0.0,<0.50 weak/unmatched,unmatched,work identified from filename (bhagavata_saroddhara) but it does not exist in DGE — add the text to DGE first,filename,A,[],provide text / rename / identify work
kamadhenu_dataset/incoming_audio/drive/Bhagavata Saroddhara/SBS8.5.SBS126.mp3,bhagavata_saroddhara,adhyaya_8,5,full,,,,,19.566,,0.0,<0.50 weak/unmatched,unmatched,work identified from filename (bhagavata_saroddhara) but it does not exist in DGE — add the text to DGE first,filename,A,[],provide text / rename / identify work
kamadhenu_dataset/incoming_audio/drive/Bhagavata Saroddhara/SBS8.6.SBS127.mp3,bhagavata_saroddhara,adhyaya_8,6,full,,,,,16.666,,0.0,<0.50 weak/unmatched,unmatched,work identified from filename (bhagavata_saroddhara) but it does not exist in DGE — add the text to DGE first,filename,A,[],provide text / rename / identify work
kamadhenu_dataset/incoming_audio/drive/Bhagavata Saroddhara/SBS8.7.SBS128.mp3,bhagavata_saroddhara,adhyaya_8,7,full,,,,,17.45,,0.0,<0.50 weak/unmatched,unmatched,work identified from filename (bhagavata_saroddhara) but it does not exist in DGE — add the text to DGE first,filename,B,"[""hot_peaks""]",provide text / rename / identify work
kamadhenu_dataset/incoming_audio/drive/Bhagavata Saroddhara/SBS8.8.SBS129.mp3,bhagavata_saroddhara,adhyaya_8,8,full,,,,,17.293,,0.0,<0.50 weak/unmatched,unmatched,work identified from filename (bhagavata_saroddhara) but it does not exist in DGE — add the text to DGE first,filename,A,[],provide text / rename / identify work
kamadhenu_dataset/incoming_audio/drive/Bhagavata Saroddhara/SBS8.9.SBS130.mp3,bhagavata_saroddhara,adhyaya_8,9,full,,,,,15.517,,0.0,<0.50 weak/unmatched,unmatched,work identified from filename (bhagavata_saroddhara) but it does not exist in DGE — add the text to DGE first,filename,A,[],provide text / rename / identify work
kamadhenu_dataset/incoming_audio/drive/Bhagavata Saroddhara/SBS8.E.mp3,bhagavata_saroddhara,adhyaya_8,E,full,,,,,6.661,,0.0,<0.50 weak/unmatched,unmatched,work identified from filename (bhagavata_saroddhara) but it does not exist in DGE — add the text to DGE first,filename,A,[],provide text / rename / identify work
kamadhenu_dataset/incoming_audio/drive/Bhagavata Saroddhara/SBS9.0.mp3,bhagavata_saroddhara,adhyaya_9,0,full,,,,,4.728,,0.0,<0.50 weak/unmatched,unmatched,work identified from filename (bhagavata_saroddhara) but it does not exist in DGE — add the text to DGE first,filename,A,[],provide text / rename / identify work
kamadhenu_dataset/incoming_audio/drive/Bhagavata Saroddhara/SBS9.1.SBS133.mp3,bhagavata_saroddhara,adhyaya_9,1,full,,,,,16.013,,0.0,<0.50 weak/unmatched,unmatched,work identified from filename (bhagavata_saroddhara) but it does not exist in DGE — add the text to DGE first,filename,A,[],provide text / rename / identify work
kamadhenu_dataset/incoming_audio/drive/Bhagavata Saroddhara/SBS9.2.SBS134.mp3,bhagavata_saroddhara,adhyaya_9,2,full,,,,,15.203,,0.0,<0.50 weak/unmatched,unmatched,work identified from filename (bhagavata_saroddhara) but it does not exist in DGE — add the text to DGE first,filename,B,"[""hot_peaks""]",provide text / rename / identify work
kamadhenu_dataset/incoming_audio/drive/Bhagavata Saroddhara/SBS9.3.SBS135.mp3,bhagavata_saroddhara,adhyaya_9,3,full,,,,,14.733,,0.0,<0.50 weak/unmatched,unmatched,work identified from filename (bhagavata_saroddhara) but it does not exist in DGE — add the text to DGE first,filename,A,[],provide text / rename / identify work
kamadhenu_dataset/incoming_audio/drive/Bhagavata Saroddhara/SBS9.4.SBS136.mp3,bhagavata_saroddhara,adhyaya_9,4,full,,,,,16.013,,0.0,<0.50 weak/unmatched,unmatched,work identified from filename (bhagavata_saroddhara) but it does not exist in DGE — add the text to DGE first,filename,A,[],provide text / rename / identify work
kamadhenu_dataset/incoming_audio/drive/Bhagavata Saroddhara/SBS9.5.SBS137.mp3,bhagavata_saroddhara,adhyaya_9,5,full,,,,,16.823,,0.0,<0.50 weak/unmatched,unmatched,work identified from filename (bhagavata_saroddhara) but it does not exist in DGE — add the text to DGE first,filename,A,[],provide text / rename / identify work
kamadhenu_dataset/incoming_audio/drive/Bhagavata Saroddhara/SBS9.E.mp3,bhagavata_saroddhara,adhyaya_9,E,full,,,,,7.314,,0.0,<0.50 weak/unmatched,unmatched,work identified from filename (bhagavata_saroddhara) but it does not exist in DGE — add the text to DGE first,filename,A,[],provide text / rename / identify work
kamadhenu_dataset/incoming_audio/drive/Bhagavata Saroddhara/SrimadBhAgavata SaroddhAra SAra Selected.mp3,bhagavata_saroddhara,,,full,,,,,969.169,,0.0,<0.50 weak/unmatched,unmatched,work identified from filename (bhagavata_saroddhara) but it does not exist in DGE — add the text to DGE first,filename,A,[],provide text / rename / identify work
kamadhenu_dataset/incoming_audio/drive/Gita Shlokas__Adhyaya 15/G.15.1.1.mp3,bhagavad_gita,adhyaya_15,1,half_1,gita:15.1,"श्री भगवानुवाचऊर्ध्वमूलमधःशाखमश्वत्थं प्राहुरव्ययम्
छन्दांसि यस्य पर्णानि यस्तं वेद स वेदवित्",अज्ञातम्,39,60.216,too_long,0.72,0.70–0.89 probable,review,"60.2s is 7.0× the single-rendition upper bound (8.6s) — likely repeats, teaching pauses or explanation included",filename,B,"[""hot_peaks""]",listen once: confirm text = audio
kamadhenu_dataset/incoming_audio/drive/Gita Shlokas__Adhyaya 15/G.15.1.2.mp3,bhagavad_gita,adhyaya_15,1,half_2,gita:15.1,"श्री भगवानुवाचऊर्ध्वमूलमधःशाखमश्वत्थं प्राहुरव्ययम्
छन्दांसि यस्य पर्णानि यस्तं वेद स वेदवित्",अज्ञातम्,39,51.576,too_long,0.72,0.70–0.89 probable,review,"51.6s is 6.0× the single-rendition upper bound (8.6s) — likely repeats, teaching pauses or explanation included",filename,B,"[""hot_peaks""]",listen once: confirm text = audio
kamadhenu_dataset/incoming_audio/drive/Gita Shlokas__Adhyaya 15/G.15.10.1.mp3.aac,bhagavad_gita,adhyaya_15,10,half_1,gita:15.10,"उत्क्रामन्तं स्थितं वापि भुञ्जानं वा गुणान्वितम्
विमूढा नानुपश्यन्ति पश्यन्ति ज्ञानचक्षुषः",अनुष्टुप्,32,44.907,too_long,0.72,0.70–0.89 probable,review,"44.9s is 6.4× the single-rendition upper bound (7.0s) — likely repeats, teaching pauses or explanation included",filename,B,"[""hot_peaks""]",listen once: confirm text = audio
kamadhenu_dataset/incoming_audio/drive/Gita Shlokas__Adhyaya 15/G.15.10.2.mp3.aac,bhagavad_gita,adhyaya_15,10,half_2,gita:15.10,"उत्क्रामन्तं स्थितं वापि भुञ्जानं वा गुणान्वितम्
विमूढा नानुपश्यन्ति पश्यन्ति ज्ञानचक्षुषः",अनुष्टुप्,32,60.096,too_long,0.72,0.70–0.89 probable,review,"60.1s is 8.5× the single-rendition upper bound (7.0s) — likely repeats, teaching pauses or explanation included",filename,A,[],listen once: confirm text = audio
kamadhenu_dataset/incoming_audio/drive/Gita Shlokas__Adhyaya 15/G.15.11.1.mp3.aac,bhagavad_gita,adhyaya_15,11,half_1,gita:15.11,"यतन्तो योगिनश्चैनं पश्यन्त्यात्मन्यवस्थितम्
यतन्तोऽप्यकृतात्मानो नैनं पश्यन्त्यचेतसः",अनुष्टुप्,32,56.277,too_long,0.72,0.70–0.89 probable,review,"56.3s is 8.0× the single-rendition upper bound (7.0s) — likely repeats, teaching pauses or explanation included",filename,A,[],listen once: confirm text = audio
kamadhenu_dataset/incoming_audio/drive/Gita Shlokas__Adhyaya 15/G.15.11.2.mp3.aac,bhagavad_gita,adhyaya_15,11,half_2,gita:15.11,"यतन्तो योगिनश्चैनं पश्यन्त्यात्मन्यवस्थितम्
यतन्तोऽप्यकृतात्मानो नैनं पश्यन्त्यचेतसः",अनुष्टुप्,32,52.395,too_long,0.72,0.70–0.89 probable,review,"52.4s is 7.4× the single-rendition upper bound (7.0s) — likely repeats, teaching pauses or explanation included",filename,B,"[""hot_peaks""]",listen once: confirm text = audio
kamadhenu_dataset/incoming_audio/drive/Gita Shlokas__Adhyaya 15/G.15.12.1.mp3.aac,bhagavad_gita,adhyaya_15,12,half_1,gita:15.12,"यदादित्यगतं तेजो जगद्भासयतेऽखिलम्
यच्चन्द्रमसि यच्चाग्नौ तत्तेजो विद्धि मामकम्",अनुष्टुप्,32,52.459,too_long,0.72,0.70–0.89 probable,review,"52.5s is 7.5× the single-rendition upper bound (7.0s) — likely repeats, teaching pauses or explanation included",filename,B,"[""long_leading_silence""]",listen once: confirm text = audio
kamadhenu_dataset/incoming_audio/drive/Gita Shlokas__Adhyaya 15/G.15.12.2.mp3.aac,bhagavad_gita,adhyaya_15,12,half_2,gita:15.12,"यदादित्यगतं तेजो जगद्भासयतेऽखिलम्
यच्चन्द्रमसि यच्चाग्नौ तत्तेजो विद्धि मामकम्",अनुष्टुप्,32,56.981,too_long,0.72,0.70–0.89 probable,review,"57.0s is 8.1× the single-rendition upper bound (7.0s) — likely repeats, teaching pauses or explanation included",filename,A,[],listen once: confirm text = audio
kamadhenu_dataset/incoming_audio/drive/Gita Shlokas__Adhyaya 15/G.15.13.1.mp3.aac,bhagavad_gita,adhyaya_15,13,half_1,gita:15.13,"गामाविश्य च भूतानि धारयाम्यहमोजसा
पुष्णामि चौषधीः सर्वाः सोमो भूत्वा रसात्मकः",अनुष्टुप्,32,57.131,too_long,0.72,0.70–0.89 probable,review,"57.1s is 8.1× the single-rendition upper bound (7.0s) — likely repeats, teaching pauses or explanation included",filename,A,[],listen once: confirm text = audio
kamadhenu_dataset/incoming_audio/drive/Gita Shlokas__Adhyaya 15/G.15.13.2.mp3.aac,bhagavad_gita,adhyaya_15,13,half_2,gita:15.13,"गामाविश्य च भूतानि धारयाम्यहमोजसा
पुष्णामि चौषधीः सर्वाः सोमो भूत्वा रसात्मकः",अनुष्टुप्,32,83.157,too_long,0.72,0.70–0.89 probable,review,"83.2s is 11.8× the single-rendition upper bound (7.0s) — likely repeats, teaching pauses or explanation included",filename,A,[],listen once: confirm text = audio
kamadhenu_dataset/incoming_audio/drive/Gita Shlokas__Adhyaya 15/G.15.14.1.mp3.aac,bhagavad_gita,adhyaya_15,14,half_1,gita:15.14,"अहं वैश्वानरो भूत्वा प्राणिनां देहमाश्रितः
प्राणापानसमायुक्तः पचाम्यन्नं चतुर्विधम्",अनुष्टुप्,32,49.067,too_long,0.72,0.70–0.89 probable,review,"49.1s is 7.0× the single-rendition upper bound (7.0s) — likely repeats, teaching pauses or explanation included",filename,A,[],listen once: confirm text = audio
kamadhenu_dataset/incoming_audio/drive/Gita Shlokas__Adhyaya 15/G.15.14.2.mp3.aac,bhagavad_gita,adhyaya_15,14,half_2,gita:15.14,"अहं वैश्वानरो भूत्वा प्राणिनां देहमाश्रितः
प्राणापानसमायुक्तः पचाम्यन्नं चतुर्विधम्",अनुष्टुप्,32,66.048,too_long,0.72,0.70–0.89 probable,review,"66.0s is 9.4× the single-rendition upper bound (7.0s) — likely repeats, teaching pauses or explanation included",filename,A,[],listen once: confirm text = audio
kamadhenu_dataset/incoming_audio/drive/Gita Shlokas__Adhyaya 15/G.15.15.1.mp3.aac,bhagavad_gita,adhyaya_15,15,half_1,gita:15.15,"सर्वस्य चाहं हृदि सन्निविष्टो मत्तः स्मृतिर्ज्ञानमपोहनं च
वेदैश्च सर्वैरहमेव वेद्यो वेदान्तकृद्वेदविदेव चाहम्",इन्द्रवज्रा,44,96.341,too_long,0.72,0.70–0.89 probable,review,"96.3s is 10.0× the single-rendition upper bound (9.7s) — likely repeats, teaching pauses or explanation included",filename,A,[],listen once: confirm text = audio
kamadhenu_dataset/incoming_audio/drive/Gita Shlokas__Adhyaya 15/G.15.15.2.mp3.aac,bhagavad_gita,adhyaya_15,15,half_2,gita:15.15,"सर्वस्य चाहं हृदि सन्निविष्टो मत्तः स्मृतिर्ज्ञानमपोहनं च
वेदैश्च सर्वैरहमेव वेद्यो वेदान्तकृद्वेदविदेव चाहम्",इन्द्रवज्रा,44,99.925,too_long,0.72,0.70–0.89 probable,review,"99.9s is 10.3× the single-rendition upper bound (9.7s) — likely repeats, teaching pauses or explanation included",filename,A,[],listen once: confirm text = audio
kamadhenu_dataset/incoming_audio/drive/Gita Shlokas__Adhyaya 15/G.15.15.End.aac,bhagavad_gita,,,full,,,,,95.659,,0.3,<0.50 weak/unmatched,unmatched,"work known from folder, verse not parseable from filename",folder,A,[],provide text / rename / identify work
kamadhenu_dataset/incoming_audio/drive/Gita Shlokas__Adhyaya 15/G.15.16.1.aac,bhagavad_gita,adhyaya_15,16,half_1,gita:15.16,"द्वाविमौ पुरुषौ लोके क्षरश्चाक्षर एव च
क्षरः सर्वाणि भूतानि कूटस्थोऽक्षर उच्यते",अनुष्टुप्,32,67.243,too_long,0.72,0.70–0.89 probable,review,"67.2s is 9.6× the single-rendition upper bound (7.0s) — likely repeats, teaching pauses or explanation included",filename,A,[],listen once: confirm text = audio
kamadhenu_dataset/incoming_audio/drive/Gita Shlokas__Adhyaya 15/G.15.16.2.aac,bhagavad_gita,adhyaya_15,16,half_2,gita:15.16,"द्वाविमौ पुरुषौ लोके क्षरश्चाक्षर एव च
क्षरः सर्वाणि भूतानि कूटस्थोऽक्षर उच्यते",अनुष्टुप्,32,91.52,too_long,0.72,0.70–0.89 probable,review,"91.5s is 13.0× the single-rendition upper bound (7.0s) — likely repeats, teaching pauses or explanation included",filename,A,[],listen once: confirm text = audio
kamadhenu_dataset/incoming_audio/drive/Gita Shlokas__Adhyaya 15/G.15.17.1.aac,bhagavad_gita,adhyaya_15,17,half_1,gita:15.17,"उत्तमः पुरुषस्त्वन्यः परमात्मेत्युदाहृतः
यो लोकत्रयमाविश्य बिभर्त्यव्यय ईश्वरः",अनुष्टुप्,32,85.12,too_long,0.72,0.70–0.89 probable,review,"85.1s is 12.1× the single-rendition upper bound (7.0s) — likely repeats, teaching pauses or explanation included",filename,A,[],listen once: confirm text = audio
kamadhenu_dataset/incoming_audio/drive/Gita Shlokas__Adhyaya 15/G.15.17.2.aac,bhagavad_gita,adhyaya_15,17,half_2,gita:15.17,"उत्तमः पुरुषस्त्वन्यः परमात्मेत्युदाहृतः
यो लोकत्रयमाविश्य बिभर्त्यव्यय ईश्वरः",अनुष्टुप्,32,90.091,too_long,0.72,0.70–0.89 probable,review,"90.1s is 12.8× the single-rendition upper bound (7.0s) — likely repeats, teaching pauses or explanation included",filename,A,[],listen once: confirm text = audio
kamadhenu_dataset/incoming_audio/drive/Gita Shlokas__Adhyaya 15/G.15.18.1.aac,bhagavad_gita,adhyaya_15,18,half_1,gita:15.18,"यस्मात्क्षरमतीतोऽहमक्षरादपि चोत्तमः
अतोऽस्मि लोके वेदे च प्रथितः पुरुषोत्तमः",अनुष्टुप् (vipulā/irregular — unverified),32,65.088,too_long,0.72,0.70–0.89 probable,review,"65.1s is 9.2× the single-rendition upper bound (7.0s) — likely repeats, teaching pauses or explanation included",filename,A,[],listen once: confirm text = audio
kamadhenu_dataset/incoming_audio/drive/Gita Shlokas__Adhyaya 15/G.15.18.2.aac,bhagavad_gita,adhyaya_15,18,half_2,gita:15.18,"यस्मात्क्षरमतीतोऽहमक्षरादपि चोत्तमः
अतोऽस्मि लोके वेदे च प्रथितः पुरुषोत्तमः",अनुष्टुप् (vipulā/irregular — unverified),32,67.669,too_long,0.72,0.70–0.89 probable,review,"67.7s is 9.6× the single-rendition upper bound (7.0s) — likely repeats, teaching pauses or explanation included",filename,A,[],listen once: confirm text = audio
kamadhenu_dataset/incoming_audio/drive/Gita Shlokas__Adhyaya 15/G.15.19.1.aac,bhagavad_gita,adhyaya_15,19,half_1,gita:15.19,"यो मामेवमसम्मूढो जानाति पुरुषोत्तमम्
स सर्वविद्भजति मां सर्वभावेन भारत",अनुष्टुप् (vipulā/irregular — unverified),32,57.6,too_long,0.72,0.70–0.89 probable,review,"57.6s is 8.2× the single-rendition upper bound (7.0s) — likely repeats, teaching pauses or explanation included",filename,A,[],listen once: confirm text = audio
kamadhenu_dataset/incoming_audio/drive/Gita Shlokas__Adhyaya 15/G.15.19.2.aac,bhagavad_gita,adhyaya_15,19,half_2,gita:15.19,"यो मामेवमसम्मूढो जानाति पुरुषोत्तमम्
स सर्वविद्भजति मां सर्वभावेन भारत",अनुष्टुप् (vipulā/irregular — unverified),32,71.467,too_long,0.72,0.70–0.89 probable,review,"71.5s is 10.2× the single-rendition upper bound (7.0s) — likely repeats, teaching pauses or explanation included",filename,A,[],listen once: confirm text = audio
kamadhenu_dataset/incoming_audio/drive/Gita Shlokas__Adhyaya 15/G.15.2.1.mp3,bhagavad_gita,adhyaya_15,2,half_1,gita:15.2,"अधश्चोर्ध्वं प्रसृतास्तस्य शाखा गुणप्रवृद्धा विषयप्रवालाः
अधश्च मूलान्यनुसन्ततानि कर्मानुबन्धीनि मनुष्यलोके",अज्ञातम्,44,101.808,too_long,0.72,0.70–0.89 probable,review,"101.8s is 10.5× the single-rendition upper bound (9.7s) — likely repeats, teaching pauses or explanation included",filename,B,"[""hot_peaks""]",listen once: confirm text = audio
kamadhenu_dataset/incoming_audio/drive/Gita Shlokas__Adhyaya 15/G.15.2.2.mp3,bhagavad_gita,adhyaya_15,2,half_2,gita:15.2,"अधश्चोर्ध्वं प्रसृतास्तस्य शाखा गुणप्रवृद्धा विषयप्रवालाः
अधश्च मूलान्यनुसन्ततानि कर्मानुबन्धीनि मनुष्यलोके",अज्ञातम्,44,105.816,too_long,0.72,0.70–0.89 probable,review,"105.8s is 10.9× the single-rendition upper bound (9.7s) — likely repeats, teaching pauses or explanation included",filename,B,"[""hot_peaks""]",listen once: confirm text = audio
kamadhenu_dataset/incoming_audio/drive/Gita Shlokas__Adhyaya 15/G.15.20.1.aac,bhagavad_gita,adhyaya_15,20,half_1,gita:15.20,"इति गुह्यतमं शास्त्रमिदमुक्तं मयाऽनघ
एतद्बुद्ध्वा बुद्धिमान्स्यात्कृतकृत्यश्च भारत",अनुष्टुप् (vipulā/irregular — unverified),32,61.44,too_long,0.72,0.70–0.89 probable,review,"61.4s is 8.7× the single-rendition upper bound (7.0s) — likely repeats, teaching pauses or explanation included",filename,A,[],listen once: confirm text = audio
kamadhenu_dataset/incoming_audio/drive/Gita Shlokas__Adhyaya 15/G.15.20.2.aac,bhagavad_gita,adhyaya_15,20,half_2,gita:15.20,"इति गुह्यतमं शास्त्रमिदमुक्तं मयाऽनघ
एतद्बुद्ध्वा बुद्धिमान्स्यात्कृतकृत्यश्च भारत",अनुष्टुप् (vipulā/irregular — unverified),32,100.203,too_long,0.72,0.70–0.89 probable,review,"100.2s is 14.2× the single-rendition upper bound (7.0s) — likely repeats, teaching pauses or explanation included",filename,A,[],listen once: confirm text = audio
kamadhenu_dataset/incoming_audio/drive/Gita Shlokas__Adhyaya 15/G.15.3.1.mp3,bhagavad_gita,adhyaya_15,3,half_1,gita:15.3,"न रूपमस्येह तथोपलभ्यते नान्तो न चादिर्न च संप्रतिष्ठा
अश्वत्थमेनं सुविरूढमूल मसङ्गशस्त्रेण दृढेन छित्त्वा",अज्ञातम्,45,68.856,too_long,0.72,0.70–0.89 probable,review,"68.9s is 7.0× the single-rendition upper bound (9.9s) — likely repeats, teaching pauses or explanation included",filename,B,"[""hot_peaks""]",listen once: confirm text = audio
kamadhenu_dataset/incoming_audio/drive/Gita Shlokas__Adhyaya 15/G.15.3.2.mp3,bhagavad_gita,adhyaya_15,3,half_2,gita:15.3,"न रूपमस्येह तथोपलभ्यते नान्तो न चादिर्न च संप्रतिष्ठा
अश्वत्थमेनं सुविरूढमूल मसङ्गशस्त्रेण दृढेन छित्त्वा",अज्ञातम्,45,67.896,too_long,0.72,0.70–0.89 probable,review,"67.9s is 6.9× the single-rendition upper bound (9.9s) — likely repeats, teaching pauses or explanation included",filename,B,"[""hot_peaks""]",listen once: confirm text = audio
kamadhenu_dataset/incoming_audio/drive/Gita Shlokas__Adhyaya 15/G.15.4.1.mp3,bhagavad_gita,adhyaya_15,4,half_1,gita:15.4,"ततः पदं तत्परिमार्गितव्य यस्मिन्गता न निवर्तन्ति भूयः
तमेव चाद्यं पुरुषं प्रपद्ये यतः प्रवृत्तिः प्रसृता पुराणी",अज्ञातम्,44,84.528,too_long,0.72,0.70–0.89 probable,review,"84.5s is 8.7× the single-rendition upper bound (9.7s) — likely repeats, teaching pauses or explanation included",filename,B,"[""hot_peaks""]",listen once: confirm text = audio
kamadhenu_dataset/incoming_audio/drive/Gita Shlokas__Adhyaya 15/G.15.4.2.mp3,bhagavad_gita,adhyaya_15,4,half_2,gita:15.4,"ततः पदं तत्परिमार्गितव्य यस्मिन्गता न निवर्तन्ति भूयः
तमेव चाद्यं पुरुषं प्रपद्ये यतः प्रवृत्तिः प्रसृता पुराणी",अज्ञातम्,44,84.864,too_long,0.72,0.70–0.89 probable,review,"84.9s is 8.8× the single-rendition upper bound (9.7s) — likely repeats, teaching pauses or explanation included",filename,B,"[""hot_peaks""]",listen once: confirm text = audio
kamadhenu_dataset/incoming_audio/drive/Gita Shlokas__Adhyaya 15/G.15.5.1.mp3,bhagavad_gita,adhyaya_15,5,half_1,gita:15.5,"निर्मानमोहा जितसङ्गदोषा अध्यात्मनित्या विनिवृत्तकामाः
द्वन्द्वैर्विमुक्ताः सुखदुःखसंज्ञै र्गच्छन्त्यमूढाः पदमव्ययं तत्",इन्द्रवज्रा,44,62.304,too_long,0.72,0.70–0.89 probable,review,"62.3s is 6.4× the single-rendition upper bound (9.7s) — likely repeats, teaching pauses or explanation included",filename,B,"[""hot_peaks""]",listen once: confirm text = audio
kamadhenu_dataset/incoming_audio/drive/Gita Shlokas__Adhyaya 15/G.15.5.2.mp3,bhagavad_gita,adhyaya_15,5,half_2,gita:15.5,"निर्मानमोहा जितसङ्गदोषा अध्यात्मनित्या विनिवृत्तकामाः
द्वन्द्वैर्विमुक्ताः सुखदुःखसंज्ञै र्गच्छन्त्यमूढाः पदमव्ययं तत्",इन्द्रवज्रा,44,89.664,too_long,0.72,0.70–0.89 probable,review,"89.7s is 9.3× the single-rendition upper bound (9.7s) — likely repeats, teaching pauses or explanation included",filename,B,"[""hot_peaks""]",listen once: confirm text = audio
kamadhenu_dataset/incoming_audio/drive/Gita Shlokas__Adhyaya 15/G.15.6.1.mp3,bhagavad_gita,adhyaya_15,6,half_1,gita:15.6,"न तद्भासयते सूर्यो न शशाङ्को न पावकः
यद्गत्वा न निवर्तन्ते तद्धाम परमं मम",अनुष्टुप्,32,40.811,too_long,0.72,0.70–0.89 probable,review,"40.8s is 5.8× the single-rendition upper bound (7.0s) — likely repeats, teaching pauses or explanation included",filename,A,"[""extension_mismatch""]",listen once: confirm text = audio
kamadhenu_dataset/incoming_audio/drive/Gita Shlokas__Adhyaya 15/G.15.6.2.mp3,bhagavad_gita,adhyaya_15,6,half_2,gita:15.6,"न तद्भासयते सूर्यो न शशाङ्को न पावकः
यद्गत्वा न निवर्तन्ते तद्धाम परमं मम",अनुष्टुप्,32,46.976,too_long,0.72,0.70–0.89 probable,review,"47.0s is 6.7× the single-rendition upper bound (7.0s) — likely repeats, teaching pauses or explanation included",filename,B,"[""hot_peaks"", ""extension_mismatch""]",listen once: confirm text = audio
kamadhenu_dataset/incoming_audio/drive/Gita Shlokas__Adhyaya 15/G.15.7.1.mp3.aac,bhagavad_gita,adhyaya_15,7,half_1,gita:15.7,"ममैवांशो जीवलोके जीवभूतः सनातनः
मनःषष्ठानीन्द्रियाणि प्रकृतिस्थानि कर्षति",अनुष्टुप् (vipulā/irregular — unverified),32,39.68,too_long,0.72,0.70–0.89 probable,review,"39.7s is 5.6× the single-rendition upper bound (7.0s) — likely repeats, teaching pauses or explanation included",filename,B,"[""hot_peaks""]",listen once: confirm text = audio
kamadhenu_dataset/incoming_audio/drive/Gita Shlokas__Adhyaya 15/G.15.7.2.mp3.aac,bhagavad_gita,adhyaya_15,7,half_2,gita:15.7,"ममैवांशो जीवलोके जीवभूतः सनातनः
मनःषष्ठानीन्द्रियाणि प्रकृतिस्थानि कर्षति",अनुष्टुप् (vipulā/irregular — unverified),32,56.085,too_long,0.72,0.70–0.89 probable,review,"56.1s is 8.0× the single-rendition upper bound (7.0s) — likely repeats, teaching pauses or explanation included",filename,A,[],listen once: confirm text = audio
kamadhenu_dataset/incoming_audio/drive/Gita Shlokas__Adhyaya 15/G.15.8.1.mp3.aac,bhagavad_gita,adhyaya_15,8,half_1,gita:15.8,"शरीरं यदवाप्नोति यच्चाप्युत्क्रामतीश्वरः
गृहीत्वैतानि संयाति वायुर्गन्धानिवाशयात्",अनुष्टुप्,32,45.12,too_long,0.72,0.70–0.89 probable,review,"45.1s is 6.4× the single-rendition upper bound (7.0s) — likely repeats, teaching pauses or explanation included",filename,A,[],listen once: confirm text = audio
kamadhenu_dataset/incoming_audio/drive/Gita Shlokas__Adhyaya 15/G.15.8.2.mp3.aac,bhagavad_gita,adhyaya_15,8,half_2,gita:15.8,"शरीरं यदवाप्नोति यच्चाप्युत्क्रामतीश्वरः
गृहीत्वैतानि संयाति वायुर्गन्धानिवाशयात्",अनुष्टुप्,32,60.352,too_long,0.72,0.70–0.89 probable,review,"60.4s is 8.6× the single-rendition upper bound (7.0s) — likely repeats, teaching pauses or explanation included",filename,A,[],listen once: confirm text = audio
kamadhenu_dataset/incoming_audio/drive/Gita Shlokas__Adhyaya 15/G.15.9.1.mp3.aac,bhagavad_gita,adhyaya_15,9,half_1,gita:15.9,"श्रोत्रं चक्षुः स्पर्शनं च रसनं घ्राणमेव च
अधिष्ठाय मनश्चायं विषयानुपसेवते",अनुष्टुप् (vipulā/irregular — unverified),32,45.824,too_long,0.72,0.70–0.89 probable,review,"45.8s is 6.5× the single-rendition upper bound (7.0s) — likely repeats, teaching pauses or explanation included",filename,B,"[""hot_peaks""]",listen once: confirm text = audio
kamadhenu_dataset/incoming_audio/drive/Gita Shlokas__Adhyaya 15/G.15.9.2.mp3.aac,bhagavad_gita,adhyaya_15,9,half_2,gita:15.9,"श्रोत्रं चक्षुः स्पर्शनं च रसनं घ्राणमेव च
अधिष्ठाय मनश्चायं विषयानुपसेवते",अनुष्टुप् (vipulā/irregular — unverified),32,58.197,too_long,0.72,0.70–0.89 probable,review,"58.2s is 8.3× the single-rendition upper bound (7.0s) — likely repeats, teaching pauses or explanation included",filename,A,[],listen once: confirm text = audio
kamadhenu_dataset/incoming_audio/drive/Gita Shlokas__Adhyaya 16/G.16.1.1.aac,bhagavad_gita,adhyaya_16,1,half_1,gita:16.1,"श्री भगवानुवाच
अभयं सत्त्वसंशुद्धिः ज्ञानयोगव्यवस्थितिः
दानं दमश्च यज्ञश्च स्वाध्यायस्तप आर्जवम्",अज्ञातम्,39,52.843,too_long,0.72,0.70–0.89 probable,review,"52.8s is 6.2× the single-rendition upper bound (8.6s) — likely repeats, teaching pauses or explanation included",filename,A,[],listen once: confirm text = audio
kamadhenu_dataset/incoming_audio/drive/Gita Shlokas__Adhyaya 16/G.16.1.2.aac,bhagavad_gita,adhyaya_16,1,half_2,gita:16.1,"श्री भगवानुवाच
अभयं सत्त्वसंशुद्धिः ज्ञानयोगव्यवस्थितिः
दानं दमश्च यज्ञश्च स्वाध्यायस्तप आर्जवम्",अज्ञातम्,39,55.723,too_long,0.72,0.70–0.89 probable,review,"55.7s is 6.5× the single-rendition upper bound (8.6s) — likely repeats, teaching pauses or explanation included",filename,A,[],listen once: confirm text = audio
kamadhenu_dataset/incoming_audio/drive/Gita Shlokas__Adhyaya 16/G.16.10.1.aac,bhagavad_gita,adhyaya_16,10,half_1,gita:16.10,"काममाश्रित्य दुष्पूरं दम्भमानमदान्विताः
मोहाद्गृहीत्वासद्ग्राहान्प्रवर्तन्तेऽशुचिव्रताः",अनुष्टुप् (vipulā/irregular — unverified),32,72.96,too_long,0.72,0.70–0.89 probable,review,"73.0s is 10.4× the single-rendition upper bound (7.0s) — likely repeats, teaching pauses or explanation included",filename,B,"[""hot_peaks""]",listen once: confirm text = audio
kamadhenu_dataset/incoming_audio/drive/Gita Shlokas__Adhyaya 16/G.16.10.2.aac,bhagavad_gita,adhyaya_16,10,half_2,gita:16.10,"काममाश्रित्य दुष्पूरं दम्भमानमदान्विताः
मोहाद्गृहीत्वासद्ग्राहान्प्रवर्तन्तेऽशुचिव्रताः",अनुष्टुप् (vipulā/irregular — unverified),32,95.957,too_long,0.72,0.70–0.89 probable,review,"96.0s is 13.6× the single-rendition upper bound (7.0s) — likely repeats, teaching pauses or explanation included",filename,B,"[""hot_peaks""]",listen once: confirm text = audio
kamadhenu_dataset/incoming_audio/drive/Gita Shlokas__Adhyaya 16/G.16.11.1.aac,bhagavad_gita,adhyaya_16,11,half_1,gita:16.11,"चिन्तामपरिमेयां च प्रलयान्तामुपाश्रिताः
कामोपभोगपरमा एतावदिति निश्िचताः",अनुष्टुप् (vipulā/irregular — unverified),32,51.883,too_long,0.72,0.70–0.89 probable,review,"51.9s is 7.4× the single-rendition upper bound (7.0s) — likely repeats, teaching pauses or explanation included",filename,B,"[""hot_peaks""]",listen once: confirm text = audio
kamadhenu_dataset/incoming_audio/drive/Gita Shlokas__Adhyaya 16/G.16.11.2.aac,bhagavad_gita,adhyaya_16,11,half_2,gita:16.11,"चिन्तामपरिमेयां च प्रलयान्तामुपाश्रिताः
कामोपभोगपरमा एतावदिति निश्िचताः",अनुष्टुप् (vipulā/irregular — unverified),32,65.92,too_long,0.72,0.70–0.89 probable,review,"65.9s is 9.4× the single-rendition upper bound (7.0s) — likely repeats, teaching pauses or explanation included",filename,B,"[""hot_peaks""]",listen once: confirm text = audio
kamadhenu_dataset/incoming_audio/drive/Gita Shlokas__Adhyaya 16/G.16.12.1.aac,bhagavad_gita,adhyaya_16,12,half_1,gita:16.12,"आशापाशशतैर्बद्धाः कामक्रोधपरायणाः
ईहन्ते कामभोगार्थमन्यायेनार्थसञ्चयान्",अनुष्टुप्,32,59.285,too_long,0.72,0.70–0.89 probable,review,"59.3s is 8.4× the single-rendition upper bound (7.0s) — likely repeats, teaching pauses or explanation included",filename,B,"[""hot_peaks""]",listen once: confirm text = audio
kamadhenu_dataset/incoming_audio/drive/Gita Shlokas__Adhyaya 16/G.16.12.2.aac,bhagavad_gita,adhyaya_16,12,half_2,gita:16.12,"आशापाशशतैर्बद्धाः कामक्रोधपरायणाः
ईहन्ते कामभोगार्थमन्यायेनार्थसञ्चयान्",अनुष्टुप्,32,85.12,too_long,0.72,0.70–0.89 probable,review,"85.1s is 12.1× the single-rendition upper bound (7.0s) — likely repeats, teaching pauses or explanation included",filename,B,"[""hot_peaks""]",listen once: confirm text = audio
kamadhenu_dataset/incoming_audio/drive/Gita Shlokas__Adhyaya 16/G.16.13.1.aac,bhagavad_gita,adhyaya_16,13,half_1,gita:16.13,"इदमद्य मया लब्धमिमं प्राप्स्ये मनोरथम्
इदमस्तीदमपि मे भविष्यति पुनर्धनम्",अनुष्टुप् (vipulā/irregular — unverified),32,51.499,too_long,0.72,0.70–0.89 probable,review,"51.5s is 7.3× the single-rendition upper bound (7.0s) — likely repeats, teaching pauses or explanation included",filename,B,"[""hot_peaks"", ""long_leading_silence""]",listen once: confirm text = audio
kamadhenu_dataset/incoming_audio/drive/Gita Shlokas__Adhyaya 16/G.16.13.2.aac,bhagavad_gita,adhyaya_16,13,half_2,gita:16.13,"इदमद्य मया लब्धमिमं प्राप्स्ये मनोरथम्
इदमस्तीदमपि मे भविष्यति पुनर्धनम्",अनुष्टुप् (vipulā/irregular — unverified),32,64.939,too_long,0.72,0.70–0.89 probable,review,"64.9s is 9.2× the single-rendition upper bound (7.0s) — likely repeats, teaching pauses or explanation included",filename,B,"[""hot_peaks""]",listen once: confirm text = audio
kamadhenu_dataset/incoming_audio/drive/Gita Shlokas__Adhyaya 16/G.16.14.1.aac,bhagavad_gita,adhyaya_16,14,half_1,gita:16.14,"असौ मया हतः शत्रुर्हनिष्ये चापरानपि
ईश्वरोऽहमहं भोगी सिद्धोऽहं बलवान्सुखी",अनुष्टुप्,32,60.288,too_long,0.72,0.70–0.89 probable,review,"60.3s is 8.6× the single-rendition upper bound (7.0s) — likely repeats, teaching pauses or explanation included",filename,B,"[""hot_peaks""]",listen once: confirm text = audio
kamadhenu_dataset/incoming_audio/drive/Gita Shlokas__Adhyaya 16/G.16.14.2.aac,bhagavad_gita,adhyaya_16,14,half_2,gita:16.14,"असौ मया हतः शत्रुर्हनिष्ये चापरानपि
ईश्वरोऽहमहं भोगी सिद्धोऽहं बलवान्सुखी",अनुष्टुप्,32,82.795,too_long,0.72,0.70–0.89 probable,review,"82.8s is 11.8× the single-rendition upper bound (7.0s) — likely repeats, teaching pauses or explanation included",filename,B,"[""hot_peaks""]",listen once: confirm text = audio
kamadhenu_dataset/incoming_audio/drive/Gita Shlokas__Adhyaya 16/G.16.15.1.aac,bhagavad_gita,adhyaya_16,15,half_1,gita:16.15,"आढ्योऽभिजनवानस्मि कोऽन्योऽस्ति सदृशो मया
यक्ष्ये दास्यामि मोदिष्य इत्यज्ञानविमोहिताः",अनुष्टुप्,32,76.395,too_long,0.72,0.70–0.89 probable,review,"76.4s is 10.9× the single-rendition upper bound (7.0s) — likely repeats, teaching pauses or explanation included",filename,A,[],listen once: confirm text = audio
kamadhenu_dataset/incoming_audio/drive/Gita Shlokas__Adhyaya 16/G.16.15.2.aac,bhagavad_gita,adhyaya_16,15,half_2,gita:16.15,"आढ्योऽभिजनवानस्मि कोऽन्योऽस्ति सदृशो मया
यक्ष्ये दास्यामि मोदिष्य इत्यज्ञानविमोहिताः",अनुष्टुप्,32,74.411,too_long,0.72,0.70–0.89 probable,review,"74.4s is 10.6× the single-rendition upper bound (7.0s) — likely repeats, teaching pauses or explanation included",filename,B,"[""hot_peaks""]",listen once: confirm text = audio
kamadhenu_dataset/incoming_audio/drive/Gita Shlokas__Adhyaya 16/G.16.16.1.aac,bhagavad_gita,adhyaya_16,16,half_1,gita:16.16,"अनेकचित्तविभ्रान्ता मोहजालसमावृताः
प्रसक्ताः कामभोगेषु पतन्ति नरकेऽशुचौ",अनुष्टुप्,32,50.923,too_long,0.72,0.70–0.89 probable,review,"50.9s is 7.2× the single-rendition upper bound (7.0s) — likely repeats, teaching pauses or explanation included",filename,B,"[""hot_peaks""]",listen once: confirm text = audio
kamadhenu_dataset/incoming_audio/drive/Gita Shlokas__Adhyaya 16/G.16.16.2.aac,bhagavad_gita,adhyaya_16,16,half_2,gita:16.16,"अनेकचित्तविभ्रान्ता मोहजालसमावृताः
प्रसक्ताः कामभोगेषु पतन्ति नरकेऽशुचौ",अनुष्टुप्,32,70.848,too_long,0.72,0.70–0.89 probable,review,"70.8s is 10.1× the single-rendition upper bound (7.0s) — likely repeats, teaching pauses or explanation included",filename,B,"[""hot_peaks""]",listen once: confirm text = audio
kamadhenu_dataset/incoming_audio/drive/Gita Shlokas__Adhyaya 16/G.16.17.1.aac,bhagavad_gita,adhyaya_16,17,half_1,gita:16.17,"आत्मसम्भाविताः स्तब्धा धनमानमदान्विताः
यजन्ते नामयज्ञैस्ते दम्भेनाविधिपूर्वकम्",अनुष्टुप्,32,58.24,too_long,0.72,0.70–0.89 probable,review,"58.2s is 8.3× the single-rendition upper bound (7.0s) — likely repeats, teaching pauses or explanation included",filename,B,"[""hot_peaks""]",listen once: confirm text = audio
kamadhenu_dataset/incoming_audio/drive/Gita Shlokas__Adhyaya 16/G.16.17.2.aac,bhagavad_gita,adhyaya_16,17,half_2,gita:16.17,"आत्मसम्भाविताः स्तब्धा धनमानमदान्विताः
यजन्ते नामयज्ञैस्ते दम्भेनाविधिपूर्वकम्",अनुष्टुप्,32,67.861,too_long,0.72,0.70–0.89 probable,review,"67.9s is 9.6× the single-rendition upper bound (7.0s) — likely repeats, teaching pauses or explanation included",filename,B,"[""hot_peaks""]",listen once: confirm text = audio
kamadhenu_dataset/incoming_audio/drive/Gita Shlokas__Adhyaya 16/G.16.18.1.aac,bhagavad_gita,adhyaya_16,18,half_1,gita:16.18,"अहङ्कारं बलं दर्पं कामं क्रोधं च संश्रिताः
मामात्मपरदेहेषु प्रद्विषन्तोऽभ्यसूयकाः",अनुष्टुप्,32,59.285,too_long,0.72,0.70–0.89 probable,review,"59.3s is 8.4× the single-rendition upper bound (7.0s) — likely repeats, teaching pauses or explanation included",filename,B,"[""hot_peaks""]",listen once: confirm text = audio
kamadhenu_dataset/incoming_audio/drive/Gita Shlokas__Adhyaya 16/G.16.18.2.aac,bhagavad_gita,adhyaya_16,18,half_2,gita:16.18,"अहङ्कारं बलं दर्पं कामं क्रोधं च संश्रिताः
मामात्मपरदेहेषु प्रद्विषन्तोऽभ्यसूयकाः",अनुष्टुप्,32,71.616,too_long,0.72,0.70–0.89 probable,review,"71.6s is 10.2× the single-rendition upper bound (7.0s) — likely repeats, teaching pauses or explanation included",filename,B,"[""hot_peaks""]",listen once: confirm text = audio
kamadhenu_dataset/incoming_audio/drive/Gita Shlokas__Adhyaya 16/G.16.19.1.aac,bhagavad_gita,adhyaya_16,19,half_1,gita:16.19,"तानहं द्विषतः क्रूरान्संसारेषु नराधमान्
क्षिपाम्यजस्रमशुभानासुरीष्वेव योनिषु",अनुष्टुप् (vipulā/irregular — unverified),32,65.003,too_long,0.72,0.70–0.89 probable,review,"65.0s is 9.2× the single-rendition upper bound (7.0s) — likely repeats, teaching pauses or explanation included",filename,B,"[""hot_peaks""]",listen once: confirm text = audio
kamadhenu_dataset/incoming_audio/drive/Gita Shlokas__Adhyaya 16/G.16.19.2.aac,bhagavad_gita,adhyaya_16,19,half_2,gita:16.19,"तानहं द्विषतः क्रूरान्संसारेषु नराधमान्
क्षिपाम्यजस्रमशुभानासुरीष्वेव योनिषु",अनुष्टुप् (vipulā/irregular — unverified),32,86.805,too_long,0.72,0.70–0.89 probable,review,"86.8s is 12.3× the single-rendition upper bound (7.0s) — likely repeats, teaching pauses or explanation included",filename,B,"[""hot_peaks""]",listen once: confirm text = audio
kamadhenu_dataset/incoming_audio/drive/Gita Shlokas__Adhyaya 16/G.16.2.1.aac,bhagavad_gita,adhyaya_16,2,half_1,gita:16.2,"अहिंसा सत्यमक्रोधस्त्यागः शान्तिरपैशुनम्
दया भूतेष्वलोलुप्त्वं मार्दवं ह्रीरचापलम्",अनुष्टुप्,32,54.72,too_long,0.72,0.70–0.89 probable,review,"54.7s is 7.8× the single-rendition upper bound (7.0s) — likely repeats, teaching pauses or explanation included",filename,A,[],listen once: confirm text = audio
kamadhenu_dataset/incoming_audio/drive/Gita Shlokas__Adhyaya 16/G.16.2.2.aac,bhagavad_gita,adhyaya_16,2,half_2,gita:16.2,"अहिंसा सत्यमक्रोधस्त्यागः शान्तिरपैशुनम्
दया भूतेष्वलोलुप्त्वं मार्दवं ह्रीरचापलम्",अनुष्टुप्,32,63.637,too_long,0.72,0.70–0.89 probable,review,"63.6s is 9.0× the single-rendition upper bound (7.0s) — likely repeats, teaching pauses or explanation included",filename,A,[],listen once: confirm text = audio
kamadhenu_dataset/incoming_audio/drive/Gita Shlokas__Adhyaya 16/G.16.20.1.aac,bhagavad_gita,adhyaya_16,20,half_1,gita:16.20,"असुरीं योनिमापन्ना मूढा जन्मनि जन्मनि
मामप्राप्यैव कौन्तेय ततो यान्त्यधमां गतिम्",अनुष्टुप्,32,40.213,too_long,0.72,0.70–0.89 probable,review,"40.2s is 5.7× the single-rendition upper bound (7.0s) — likely repeats, teaching pauses or explanation included",filename,B,"[""hot_peaks""]",listen once: confirm text = audio
kamadhenu_dataset/incoming_audio/drive/Gita Shlokas__Adhyaya 16/G.16.20.2.aac,bhagavad_gita,adhyaya_16,20,half_2,gita:16.20,"असुरीं योनिमापन्ना मूढा जन्मनि जन्मनि
मामप्राप्यैव कौन्तेय ततो यान्त्यधमां गतिम्",अनुष्टुप्,32,92.907,too_long,0.72,0.70–0.89 probable,review,"92.9s is 13.2× the single-rendition upper bound (7.0s) — likely repeats, teaching pauses or explanation included",filename,B,"[""hot_peaks""]",listen once: confirm text = audio
kamadhenu_dataset/incoming_audio/drive/Gita Shlokas__Adhyaya 16/G.16.21.1.aac,bhagavad_gita,adhyaya_16,21,half_1,gita:16.21,"त्रिविधं नरकस्येदं द्वारं नाशनमात्मनः
कामः क्रोधस्तथा लोभस्तस्मादेतत्त्रयं त्यजेत्",अनुष्टुप्,32,60.587,too_long,0.72,0.70–0.89 probable,review,"60.6s is 8.6× the single-rendition upper bound (7.0s) — likely repeats, teaching pauses or explanation included",filename,B,"[""hot_peaks""]",listen once: confirm text = audio
kamadhenu_dataset/incoming_audio/drive/Gita Shlokas__Adhyaya 16/G.16.21.2.aac,bhagavad_gita,adhyaya_16,21,half_2,gita:16.21,"त्रिविधं नरकस्येदं द्वारं नाशनमात्मनः
कामः क्रोधस्तथा लोभस्तस्मादेतत्त्रयं त्यजेत्",अनुष्टुप्,32,85.312,too_long,0.72,0.70–0.89 probable,review,"85.3s is 12.1× the single-rendition upper bound (7.0s) — likely repeats, teaching pauses or explanation included",filename,B,"[""hot_peaks""]",listen once: confirm text = audio
kamadhenu_dataset/incoming_audio/drive/Gita Shlokas__Adhyaya 16/G.16.22.1.aac,bhagavad_gita,adhyaya_16,22,half_1,gita:16.22,"एतैर्विमुक्तः कौन्तेय तमोद्वारैस्त्रिभिर्नरः
आचरत्यात्मनः श्रेयस्ततो याति परां गतिम्",अनुष्टुप् (vipulā/irregular — unverified),32,50.859,too_long,0.72,0.70–0.89 probable,review,"50.9s is 7.2× the single-rendition upper bound (7.0s) — likely repeats, teaching pauses or explanation included",filename,B,"[""hot_peaks""]",listen once: confirm text = audio
kamadhenu_dataset/incoming_audio/drive/Gita Shlokas__Adhyaya 16/G.16.22.2.aac,bhagavad_gita,adhyaya_16,22,half_2,gita:16.22,"एतैर्विमुक्तः कौन्तेय तमोद्वारैस्त्रिभिर्नरः
आचरत्यात्मनः श्रेयस्ततो याति परां गतिम्",अनुष्टुप् (vipulā/irregular — unverified),32,64.021,too_long,0.72,0.70–0.89 probable,review,"64.0s is 9.1× the single-rendition upper bound (7.0s) — likely repeats, teaching pauses or explanation included",filename,B,"[""hot_peaks""]",listen once: confirm text = audio
kamadhenu_dataset/incoming_audio/drive/Gita Shlokas__Adhyaya 16/G.16.23.1.aac,bhagavad_gita,adhyaya_16,23,half_1,gita:16.23,"यः शास्त्रविधिमुत्सृज्य वर्तते कामकारतः
न स सिद्धिमवाप्नोति न सुखं न परां गतिम्",अनुष्टुप्,32,51.52,too_long,0.72,0.70–0.89 probable,review,"51.5s is 7.3× the single-rendition upper bound (7.0s) — likely repeats, teaching pauses or explanation included",filename,A,[],listen once: confirm text = audio
kamadhenu_dataset/incoming_audio/drive/Gita Shlokas__Adhyaya 16/G.16.23.2.aac,bhagavad_gita,adhyaya_16,23,half_2,gita:16.23,"यः शास्त्रविधिमुत्सृज्य वर्तते कामकारतः
न स सिद्धिमवाप्नोति न सुखं न परां गतिम्",अनुष्टुप्,32,59.413,too_long,0.72,0.70–0.89 probable,review,"59.4s is 8.4× the single-rendition upper bound (7.0s) — likely repeats, teaching pauses or explanation included",filename,A,[],listen once: confirm text = audio
kamadhenu_dataset/incoming_audio/drive/Gita Shlokas__Adhyaya 16/G.16.24.1.aac,bhagavad_gita,adhyaya_16,24,half_1,gita:16.24,"तस्माच्छास्त्रं प्रमाणं ते कार्याकार्यव्यवस्थितौ
ज्ञात्वा शास्त्रविधानोक्तं कर्म कर्तुमिहार्हसि",अनुष्टुप्,32,69.205,too_long,0.72,0.70–0.89 probable,review,"69.2s is 9.8× the single-rendition upper bound (7.0s) — likely repeats, teaching pauses or explanation included",filename,B,"[""hot_peaks""]",listen once: confirm text = audio
kamadhenu_dataset/incoming_audio/drive/Gita Shlokas__Adhyaya 16/G.16.24.2.aac,bhagavad_gita,adhyaya_16,24,half_2,gita:16.24,"तस्माच्छास्त्रं प्रमाणं ते कार्याकार्यव्यवस्थितौ
ज्ञात्वा शास्त्रविधानोक्तं कर्म कर्तुमिहार्हसि",अनुष्टुप्,32,76.395,too_long,0.72,0.70–0.89 probable,review,"76.4s is 10.9× the single-rendition upper bound (7.0s) — likely repeats, teaching pauses or explanation included",filename,B,"[""hot_peaks""]",listen once: confirm text = audio
kamadhenu_dataset/incoming_audio/drive/Gita Shlokas__Adhyaya 16/G.16.3.1.aac,bhagavad_gita,adhyaya_16,3,half_1,gita:16.3,"तेजः क्षमा धृतिः शौचमद्रोहो नातिमानिता
भवन्ति सम्पदं दैवीमभिजातस्य भारत",अनुष्टुप्,32,44.352,too_long,0.72,0.70–0.89 probable,review,"44.4s is 6.3× the single-rendition upper bound (7.0s) — likely repeats, teaching pauses or explanation included",filename,A,[],listen once: confirm text = audio
kamadhenu_dataset/incoming_audio/drive/Gita Shlokas__Adhyaya 16/G.16.3.2.aac,bhagavad_gita,adhyaya_16,3,half_2,gita:16.3,"तेजः क्षमा धृतिः शौचमद्रोहो नातिमानिता
भवन्ति सम्पदं दैवीमभिजातस्य भारत",अनुष्टुप्,32,49.941,too_long,0.72,0.70–0.89 probable,review,"49.9s is 7.1× the single-rendition upper bound (7.0s) — likely repeats, teaching pauses or explanation included",filename,A,[],listen once: confirm text = audio
kamadhenu_dataset/incoming_audio/drive/Gita Shlokas__Adhyaya 16/G.16.4.1.aac,bhagavad_gita,adhyaya_16,4,half_1,gita:16.4,"दम्भो दर्पोऽभिमानश्च क्रोधः पारुष्यमेव च
अज्ञानं चाभिजातस्य पार्थ सम्पदमासुरीम्",अनुष्टुप्,32,47.659,too_long,0.72,0.70–0.89 probable,review,"47.7s is 6.8× the single-rendition upper bound (7.0s) — likely repeats, teaching pauses or explanation included",filename,A,[],listen once: confirm text = audio
kamadhenu_dataset/incoming_audio/drive/Gita Shlokas__Adhyaya 16/G.16.4.2.aac,bhagavad_gita,adhyaya_16,4,half_2,gita:16.4,"दम्भो दर्पोऽभिमानश्च क्रोधः पारुष्यमेव च
अज्ञानं चाभिजातस्य पार्थ सम्पदमासुरीम्",अनुष्टुप्,32,56.832,too_long,0.72,0.70–0.89 probable,review,"56.8s is 8.1× the single-rendition upper bound (7.0s) — likely repeats, teaching pauses or explanation included",filename,A,[],listen once: confirm text = audio
kamadhenu_dataset/incoming_audio/drive/Gita Shlokas__Adhyaya 16/G.16.5.1.aac,bhagavad_gita,adhyaya_16,5,half_1,gita:16.5,"दैवी सम्पद्विमोक्षाय निबन्धायासुरी मता
मा शुचः सम्पदं दैवीमभिजातोऽसि पाण्डव",अनुष्टुप्,32,47.04,too_long,0.72,0.70–0.89 probable,review,"47.0s is 6.7× the single-rendition upper bound (7.0s) — likely repeats, teaching pauses or explanation included",filename,A,[],listen once: confirm text = audio
kamadhenu_dataset/incoming_audio/drive/Gita Shlokas__Adhyaya 16/G.16.5.2.aac,bhagavad_gita,adhyaya_16,5,half_2,gita:16.5,"दैवी सम्पद्विमोक्षाय निबन्धायासुरी मता
मा शुचः सम्पदं दैवीमभिजातोऽसि पाण्डव",अनुष्टुप्,32,51.776,too_long,0.72,0.70–0.89 probable,review,"51.8s is 7.4× the single-rendition upper bound (7.0s) — likely repeats, teaching pauses or explanation included",filename,A,[],listen once: confirm text = audio
kamadhenu_dataset/incoming_audio/drive/Gita Shlokas__Adhyaya 16/G.16.6.1.aac,bhagavad_gita,adhyaya_16,6,half_1,gita:16.6,"द्वौ भूतसर्गौ लोकेऽस्मिन् दैव आसुर एव च
दैवो विस्तरशः प्रोक्त आसुरं पार्थ मे श्रृणु",अनुष्टुप् (vipulā/irregular — unverified),32,53.376,too_long,0.72,0.70–0.89 probable,review,"53.4s is 7.6× the single-rendition upper bound (7.0s) — likely repeats, teaching pauses or explanation included",filename,A,[],listen once: confirm text = audio
kamadhenu_dataset/incoming_audio/drive/Gita Shlokas__Adhyaya 16/G.16.6.2.aac,bhagavad_gita,adhyaya_16,6,half_2,gita:16.6,"द्वौ भूतसर्गौ लोकेऽस्मिन् दैव आसुर एव च
दैवो विस्तरशः प्रोक्त आसुरं पार्थ मे श्रृणु",अनुष्टुप् (vipulā/irregular — unverified),32,79.637,too_long,0.72,0.70–0.89 probable,review,"79.6s is 11.3× the single-rendition upper bound (7.0s) — likely repeats, teaching pauses or explanation included",filename,A,[],listen once: confirm text = audio
kamadhenu_dataset/incoming_audio/drive/Gita Shlokas__Adhyaya 16/G.16.7.1.aac,bhagavad_gita,adhyaya_16,7,half_1,gita:16.7,"प्रवृत्तिं च निवृत्तिं च जना न विदुरासुराः
न शौचं नापि चाचारो न सत्यं तेषु विद्यते",अनुष्टुप्,32,50.944,too_long,0.72,0.70–0.89 probable,review,"50.9s is 7.2× the single-rendition upper bound (7.0s) — likely repeats, teaching pauses or explanation included",filename,B,"[""long_leading_silence""]",listen once: confirm text = audio
kamadhenu_dataset/incoming_audio/drive/Gita Shlokas__Adhyaya 16/G.16.7.2.aac,bhagavad_gita,adhyaya_16,7,half_2,gita:16.7,"प्रवृत्तिं च निवृत्तिं च जना न विदुरासुराः
न शौचं नापि चाचारो न सत्यं तेषु विद्यते",अनुष्टुप्,32,67.435,too_long,0.72,0.70–0.89 probable,review,"67.4s is 9.6× the single-rendition upper bound (7.0s) — likely repeats, teaching pauses or explanation included",filename,A,[],listen once: confirm text = audio
kamadhenu_dataset/incoming_audio/drive/Gita Shlokas__Adhyaya 16/G.16.8.1.aac,bhagavad_gita,adhyaya_16,8,half_1,gita:16.8,"असत्यमप्रतिष्ठं ते जगदाहुरनीश्वरम्
अपरस्परसम्भूतं किमन्यत्कामहैतुकम्",अनुष्टुप्,32,45.44,too_long,0.72,0.70–0.89 probable,review,"45.4s is 6.5× the single-rendition upper bound (7.0s) — likely repeats, teaching pauses or explanation included",filename,A,[],listen once: confirm text = audio
kamadhenu_dataset/incoming_audio/drive/Gita Shlokas__Adhyaya 16/G.16.8.2.aac,bhagavad_gita,adhyaya_16,8,half_2,gita:16.8,"असत्यमप्रतिष्ठं ते जगदाहुरनीश्वरम्
अपरस्परसम्भूतं किमन्यत्कामहैतुकम्",अनुष्टुप्,32,65.451,too_long,0.72,0.70–0.89 probable,review,"65.5s is 9.3× the single-rendition upper bound (7.0s) — likely repeats, teaching pauses or explanation included",filename,A,[],listen once: confirm text = audio
kamadhenu_dataset/incoming_audio/drive/Gita Shlokas__Adhyaya 16/G.16.9.1.aac,bhagavad_gita,adhyaya_16,9,half_1,gita:16.9,"एतां दृष्टिमवष्टभ्य नष्टात्मानोऽल्पबुद्धयः
प्रभवन्त्युग्रकर्माणः क्षयाय जगतोऽहिताः",अनुष्टुप्,32,93.973,too_long,0.72,0.70–0.89 probable,review,"94.0s is 13.3× the single-rendition upper bound (7.0s) — likely repeats, teaching pauses or explanation included",filename,A,[],listen once: confirm text = audio
kamadhenu_dataset/incoming_audio/drive/Gita Shlokas__Adhyaya 16/G.16.9.2.aac,bhagavad_gita,adhyaya_16,9,half_2,gita:16.9,"एतां दृष्टिमवष्टभ्य नष्टात्मानोऽल्पबुद्धयः
प्रभवन्त्युग्रकर्माणः क्षयाय जगतोऽहिताः",अनुष्टुप्,32,87.147,too_long,0.72,0.70–0.89 probable,review,"87.1s is 12.4× the single-rendition upper bound (7.0s) — likely repeats, teaching pauses or explanation included",filename,A,[],listen once: confirm text = audio
kamadhenu_dataset/incoming_audio/drive/Gita Shlokas__Adhyaya 16/G.16.Ends.aac,bhagavad_gita,,,full,,,,,40.597,,0.3,<0.50 weak/unmatched,unmatched,"work known from folder, verse not parseable from filename",folder,A,[],provide text / rename / identify work
kamadhenu_dataset/incoming_audio/drive/Gita Shlokas__Adhyaya 1__1 to 10/G.1.1.1.mp3,bhagavad_gita,adhyaya_01,1,half_1,gita:1.1,"धर्मक्षेत्रे कुरुक्षेत्रे समवेता युयुत्सवः
मामकाः पाण्डवाश्चैव किमकुर्वत सञ्जय",अनुष्टुप्,32,71.419,too_long,0.72,0.70–0.89 probable,review,"71.4s is 10.1× the single-rendition upper bound (7.0s) — likely repeats, teaching pauses or explanation included",filename,A,[],listen once: confirm text = audio
kamadhenu_dataset/incoming_audio/drive/Gita Shlokas__Adhyaya 1__1 to 10/G.1.1.2.mp3,bhagavad_gita,adhyaya_01,1,half_2,gita:1.1,"धर्मक्षेत्रे कुरुक्षेत्रे समवेता युयुत्सवः
मामकाः पाण्डवाश्चैव किमकुर्वत सञ्जय",अनुष्टुप्,32,69.486,too_long,0.72,0.70–0.89 probable,review,"69.5s is 9.9× the single-rendition upper bound (7.0s) — likely repeats, teaching pauses or explanation included",filename,A,[],listen once: confirm text = audio
kamadhenu_dataset/incoming_audio/drive/Gita Shlokas__Adhyaya 1__1 to 10/G.1.10.1.mp3,bhagavad_gita,adhyaya_01,10,half_1,gita:1.10,"अपर्याप्तं तदस्माकं बलं भीष्माभिरक्षितम्
पर्याप्तं त्विदमेतेषां बलं भीमाभिरक्षितम्",अनुष्टुप्,32,59.82,too_long,0.72,0.70–0.89 probable,review,"59.8s is 8.5× the single-rendition upper bound (7.0s) — likely repeats, teaching pauses or explanation included",filename,A,[],listen once: confirm text = audio
kamadhenu_dataset/incoming_audio/drive/Gita Shlokas__Adhyaya 1__1 to 10/G.1.10.2.mp3,bhagavad_gita,adhyaya_01,10,half_2,gita:1.10,"अपर्याप्तं तदस्माकं बलं भीष्माभिरक्षितम्
पर्याप्तं त्विदमेतेषां बलं भीमाभिरक्षितम्",अनुष्टुप्,32,70.609,too_long,0.72,0.70–0.89 probable,review,"70.6s is 10.0× the single-rendition upper bound (7.0s) — likely repeats, teaching pauses or explanation included",filename,A,[],listen once: confirm text = audio
kamadhenu_dataset/incoming_audio/drive/Gita Shlokas__Adhyaya 1__1 to 10/G.1.2.1.mp3,bhagavad_gita,adhyaya_01,2,half_1,gita:1.2,"दृष्ट्वा तु पाण्डवानीकं व्यूढं दुर्योधनस्तदा
आचार्यमुपसङ्गम्य राजा वचनमब्रवीत्",अनुष्टुप्,32,67.709,too_long,0.72,0.70–0.89 probable,review,"67.7s is 9.6× the single-rendition upper bound (7.0s) — likely repeats, teaching pauses or explanation included",filename,A,[],listen once: confirm text = audio
kamadhenu_dataset/incoming_audio/drive/Gita Shlokas__Adhyaya 1__1 to 10/G.1.2.2.mp3,bhagavad_gita,adhyaya_01,2,half_2,gita:1.2,"दृष्ट्वा तु पाण्डवानीकं व्यूढं दुर्योधनस्तदा
आचार्यमुपसङ्गम्य राजा वचनमब्रवीत्",अनुष्टुप्,32,71.262,too_long,0.72,0.70–0.89 probable,review,"71.3s is 10.1× the single-rendition upper bound (7.0s) — likely repeats, teaching pauses or explanation included",filename,A,[],listen once: confirm text = audio
kamadhenu_dataset/incoming_audio/drive/Gita Shlokas__Adhyaya 1__1 to 10/G.1.3.1.mp3,bhagavad_gita,adhyaya_01,3,half_1,gita:1.3,"पश्यैतां पाण्डुपुत्राणामाचार्य महतीं चमूम्
व्यूढां द्रुपदपुत्रेण तव शिष्येण धीमता",अनुष्टुप्,32,62.72,too_long,0.72,0.70–0.89 probable,review,"62.7s is 8.9× the single-rendition upper bound (7.0s) — likely repeats, teaching pauses or explanation included",filename,B,"[""hot_peaks""]",listen once: confirm text = audio
kamadhenu_dataset/incoming_audio/drive/Gita Shlokas__Adhyaya 1__1 to 10/G.1.3.2.mp3,bhagavad_gita,adhyaya_01,3,half_2,gita:1.3,"पश्यैतां पाण्डुपुत्राणामाचार्य महतीं चमूम्
व्यूढां द्रुपदपुत्रेण तव शिष्येण धीमता",अनुष्टुप्,32,55.327,too_long,0.72,0.70–0.89 probable,review,"55.3s is 7.9× the single-rendition upper bound (7.0s) — likely repeats, teaching pauses or explanation included",filename,A,[],listen once: confirm text = audio
kamadhenu_dataset/incoming_audio/drive/Gita Shlokas__Adhyaya 1__1 to 10/G.1.4.1.mp3,bhagavad_gita,adhyaya_01,4,half_1,gita:1.4,"अत्र शूरा महेष्वासा भीमार्जुनसमा युधि
युयुधानो विराटश्च द्रुपदश्च महारथः",अनुष्टुप्,32,62.563,too_long,0.72,0.70–0.89 probable,review,"62.6s is 8.9× the single-rendition upper bound (7.0s) — likely repeats, teaching pauses or explanation included",filename,A,[],listen once: confirm text = audio
kamadhenu_dataset/incoming_audio/drive/Gita Shlokas__Adhyaya 1__1 to 10/G.1.4.2.mp3,bhagavad_gita,adhyaya_01,4,half_2,gita:1.4,"अत्र शूरा महेष्वासा भीमार्जुनसमा युधि
युयुधानो विराटश्च द्रुपदश्च महारथः",अनुष्टुप्,32,57.078,too_long,0.72,0.70–0.89 probable,review,"57.1s is 8.1× the single-rendition upper bound (7.0s) — likely repeats, teaching pauses or explanation included",filename,A,[],listen once: confirm text = audio
kamadhenu_dataset/incoming_audio/drive/Gita Shlokas__Adhyaya 1__1 to 10/G.1.5.1.mp3,bhagavad_gita,adhyaya_01,5,half_1,gita:1.5,"धृष्टकेतुश्चेकितानः काशिराजश्च वीर्यवान्
पुरुजित्कुन्तिभोजश्च शैब्यश्च नरपुङ्गवः",अनुष्टुप् (vipulā/irregular — unverified),32,67.396,too_long,0.72,0.70–0.89 probable,review,"67.4s is 9.6× the single-rendition upper bound (7.0s) — likely repeats, teaching pauses or explanation included",filename,A,[],listen once: confirm text = audio
kamadhenu_dataset/incoming_audio/drive/Gita Shlokas__Adhyaya 1__1 to 10/G.1.5.2.mp3,bhagavad_gita,adhyaya_01,5,half_2,gita:1.5,"धृष्टकेतुश्चेकितानः काशिराजश्च वीर्यवान्
पुरुजित्कुन्तिभोजश्च शैब्यश्च नरपुङ्गवः",अनुष्टुप् (vipulā/irregular — unverified),32,65.776,too_long,0.72,0.70–0.89 probable,review,"65.8s is 9.3× the single-rendition upper bound (7.0s) — likely repeats, teaching pauses or explanation included",filename,A,[],listen once: confirm text = audio
kamadhenu_dataset/incoming_audio/drive/Gita Shlokas__Adhyaya 1__1 to 10/G.1.6.1.mp3,bhagavad_gita,adhyaya_01,6,half_1,gita:1.6,"युधामन्युश्च विक्रान्त उत्तमौजाश्च वीर्यवान्
सौभद्रो द्रौपदेयाश्च सर्व एव महारथाः",अनुष्टुप्,32,74.658,too_long,0.72,0.70–0.89 probable,review,"74.7s is 10.6× the single-rendition upper bound (7.0s) — likely repeats, teaching pauses or explanation included",filename,A,[],listen once: confirm text = audio
kamadhenu_dataset/incoming_audio/drive/Gita Shlokas__Adhyaya 1__1 to 10/G.1.6.2.mp3,bhagavad_gita,adhyaya_01,6,half_2,gita:1.6,"युधामन्युश्च विक्रान्त उत्तमौजाश्च वीर्यवान्
सौभद्रो द्रौपदेयाश्च सर्व एव महारथाः",अनुष्टुप्,32,68.049,too_long,0.72,0.70–0.89 probable,review,"68.0s is 9.7× the single-rendition upper bound (7.0s) — likely repeats, teaching pauses or explanation included",filename,A,[],listen once: confirm text = audio
kamadhenu_dataset/incoming_audio/drive/Gita Shlokas__Adhyaya 1__1 to 10/G.1.7.1.mp3,bhagavad_gita,adhyaya_01,7,half_1,gita:1.7,"अस्माकं तु विशिष्टा ये तान्निबोध द्विजोत्तम
नायका मम सैन्यस्य संज्ञार्थं तान्ब्रवीमि ते",अनुष्टुप्,32,63.53,too_long,0.72,0.70–0.89 probable,review,"63.5s is 9.0× the single-rendition upper bound (7.0s) — likely repeats, teaching pauses or explanation included",filename,A,[],listen once: confirm text = audio
kamadhenu_dataset/incoming_audio/drive/Gita Shlokas__Adhyaya 1__1 to 10/G.1.7.2.mp3,bhagavad_gita,adhyaya_01,7,half_2,gita:1.7,"अस्माकं तु विशिष्टा ये तान्निबोध द्विजोत्तम
नायका मम सैन्यस्य संज्ञार्थं तान्ब्रवीमि ते",अनुष्टुप्,32,83.357,too_long,0.72,0.70–0.89 probable,review,"83.4s is 11.8× the single-rendition upper bound (7.0s) — likely repeats, teaching pauses or explanation included",filename,A,[],listen once: confirm text = audio
kamadhenu_dataset/incoming_audio/drive/Gita Shlokas__Adhyaya 1__1 to 10/G.1.8.1.mp3,bhagavad_gita,adhyaya_01,8,half_1,gita:1.8,"भवान्भीष्मश्च कर्णश्च कृपश्च समितिञ्जयः
अश्वत्थामा विकर्णश्च सौमदत्तिस्तथैव च",अनुष्टुप्,32,70.609,too_long,0.72,0.70–0.89 probable,review,"70.6s is 10.0× the single-rendition upper bound (7.0s) — likely repeats, teaching pauses or explanation included",filename,A,[],listen once: confirm text = audio
kamadhenu_dataset/incoming_audio/drive/Gita Shlokas__Adhyaya 1__1 to 10/G.1.8.2.mp3,bhagavad_gita,adhyaya_01,8,half_2,gita:1.8,"भवान्भीष्मश्च कर्णश्च कृपश्च समितिञ्जयः
अश्वत्थामा विकर्णश्च सौमदत्तिस्तथैव च",अनुष्टुप्,32,78.524,too_long,0.72,0.70–0.89 probable,review,"78.5s is 11.2× the single-rendition upper bound (7.0s) — likely repeats, teaching pauses or explanation included",filename,A,[],listen once: confirm text = audio
kamadhenu_dataset/incoming_audio/drive/Gita Shlokas__Adhyaya 1__1 to 10/G.1.9.1.mp3,bhagavad_gita,adhyaya_01,9,half_1,gita:1.9,"अन्ये च बहवः शूरा मदर्थे त्यक्तजीविताः
नानाशस्त्रप्रहरणाः सर्वे युद्धविशारदाः",अनुष्टुप् (vipulā/irregular — unverified),32,63.687,too_long,0.72,0.70–0.89 probable,review,"63.7s is 9.0× the single-rendition upper bound (7.0s) — likely repeats, teaching pauses or explanation included",filename,A,[],listen once: confirm text = audio
kamadhenu_dataset/incoming_audio/drive/Gita Shlokas__Adhyaya 1__1 to 10/G.1.9.2.mp3,bhagavad_gita,adhyaya_01,9,half_2,gita:1.9,"अन्ये च बहवः शूरा मदर्थे त्यक्तजीविताः
नानाशस्त्रप्रहरणाः सर्वे युद्धविशारदाः",अनुष्टुप् (vipulā/irregular — unverified),32,62.093,too_long,0.72,0.70–0.89 probable,review,"62.1s is 8.8× the single-rendition upper bound (7.0s) — likely repeats, teaching pauses or explanation included",filename,A,[],listen once: confirm text = audio
kamadhenu_dataset/incoming_audio/drive/Gita Shlokas__Adhyaya 1__11 to 20/G.1.11.1.mp3,bhagavad_gita,adhyaya_01,11,half_1,gita:1.11,"अयनेषु च सर्वेषु यथाभागमवस्थिताः
भीष्ममेवाभिरक्षन्तु भवन्तः सर्व एव हि",अनुष्टुप्,32,60.787,too_long,0.72,0.70–0.89 probable,review,"60.8s is 8.6× the single-rendition upper bound (7.0s) — likely repeats, teaching pauses or explanation included",filename,B,"[""hot_peaks""]",listen once: confirm text = audio
kamadhenu_dataset/incoming_audio/drive/Gita Shlokas__Adhyaya 1__11 to 20/G.1.11.2.mp3,bhagavad_gita,adhyaya_01,11,half_2,gita:1.11,"अयनेषु च सर्वेषु यथाभागमवस्थिताः
भीष्ममेवाभिरक्षन्तु भवन्तः सर्व एव हि",अनुष्टुप्,32,60.16,too_long,0.72,0.70–0.89 probable,review,"60.2s is 8.5× the single-rendition upper bound (7.0s) — likely repeats, teaching pauses or explanation included",filename,B,"[""hot_peaks""]",listen once: confirm text = audio
kamadhenu_dataset/incoming_audio/drive/Gita Shlokas__Adhyaya 1__11 to 20/G.1.12.1.mp3,bhagavad_gita,adhyaya_01,12,half_1,gita:1.12,"तस्य संजनयन्हर्षं कुरुवृद्धः पितामहः
सिंहनादं विनद्योच्चैः शङ्खं दध्मौ प्रतापवान्",अनुष्टुप्,32,80.614,too_long,0.72,0.70–0.89 probable,review,"80.6s is 11.5× the single-rendition upper bound (7.0s) — likely repeats, teaching pauses or explanation included",filename,A,[],listen once: confirm text = audio
kamadhenu_dataset/incoming_audio/drive/Gita Shlokas__Adhyaya 1__11 to 20/G.1.12.2.mp3,bhagavad_gita,adhyaya_01,12,half_2,gita:1.12,"तस्य संजनयन्हर्षं कुरुवृद्धः पितामहः
सिंहनादं विनद्योच्चैः शङ्खं दध्मौ प्रतापवान्",अनुष्टुप्,32,93.806,too_long,0.72,0.70–0.89 probable,review,"93.8s is 13.3× the single-rendition upper bound (7.0s) — likely repeats, teaching pauses or explanation included",filename,A,[],listen once: confirm text = audio
kamadhenu_dataset/incoming_audio/drive/Gita Shlokas__Adhyaya 1__11 to 20/G.1.13.1.mp3,bhagavad_gita,adhyaya_01,13,half_1,gita:1.13,"ततः शङ्खाश्च भेर्यश्च पणवानकगोमुखाः
सहसैवाभ्यहन्यन्त स शब्दस्तुमुलोऽभवत्",अनुष्टुप्,32,74.005,too_long,0.72,0.70–0.89 probable,review,"74.0s is 10.5× the single-rendition upper bound (7.0s) — likely repeats, teaching pauses or explanation included",filename,A,[],listen once: confirm text = audio
kamadhenu_dataset/incoming_audio/drive/Gita Shlokas__Adhyaya 1__11 to 20/G.1.13.2.mp3,bhagavad_gita,adhyaya_01,13,half_2,gita:1.13,"ततः शङ्खाश्च भेर्यश्च पणवानकगोमुखाः
सहसैवाभ्यहन्यन्त स शब्दस्तुमुलोऽभवत्",अनुष्टुप्,32,82.547,too_long,0.72,0.70–0.89 probable,review,"82.5s is 11.7× the single-rendition upper bound (7.0s) — likely repeats, teaching pauses or explanation included",filename,A,[],listen once: confirm text = audio
kamadhenu_dataset/incoming_audio/drive/Gita Shlokas__Adhyaya 1__11 to 20/G.1.14.1.mp3,bhagavad_gita,adhyaya_01,14,half_1,gita:1.14,"ततः श्वेतैर्हयैर्युक्ते महति स्यन्दने स्थितौ
माधवः पाण्डवश्चैव दिव्यौ शङ्खौ प्रदध्मतुः",अनुष्टुप्,32,92.682,too_long,0.72,0.70–0.89 probable,review,"92.7s is 13.2× the single-rendition upper bound (7.0s) — likely repeats, teaching pauses or explanation included",filename,A,[],listen once: confirm text = audio
kamadhenu_dataset/incoming_audio/drive/Gita Shlokas__Adhyaya 1__11 to 20/G.1.14.2.mp3,bhagavad_gita,adhyaya_01,14,half_2,gita:1.14,"ततः श्वेतैर्हयैर्युक्ते महति स्यन्दने स्थितौ
माधवः पाण्डवश्चैव दिव्यौ शङ्खौ प्रदध्मतुः",अनुष्टुप्,32,74.658,too_long,0.72,0.70–0.89 probable,review,"74.7s is 10.6× the single-rendition upper bound (7.0s) — likely repeats, teaching pauses or explanation included",filename,B,"[""hot_peaks""]",listen once: confirm text = audio
kamadhenu_dataset/incoming_audio/drive/Gita Shlokas__Adhyaya 1__11 to 20/G.1.15.1.mp3,bhagavad_gita,adhyaya_01,15,half_1,gita:1.15,"पाञ्चजन्यं हृषीकेशो देवदत्तं धनंजयः
पौण्ड्रं दध्मौ महाशङ्खं भीमकर्मा वृकोदरः",अनुष्टुप्,32,67.892,too_long,0.72,0.70–0.89 probable,review,"67.9s is 9.6× the single-rendition upper bound (7.0s) — likely repeats, teaching pauses or explanation included",filename,A,[],listen once: confirm text = audio
kamadhenu_dataset/incoming_audio/drive/Gita Shlokas__Adhyaya 1__11 to 20/G.1.15.2.mp3,bhagavad_gita,adhyaya_01,15,half_2,gita:1.15,"पाञ्चजन्यं हृषीकेशो देवदत्तं धनंजयः
पौण्ड्रं दध्मौ महाशङ्खं भीमकर्मा वृकोदरः",अनुष्टुप्,32,73.195,too_long,0.72,0.70–0.89 probable,review,"73.2s is 10.4× the single-rendition upper bound (7.0s) — likely repeats, teaching pauses or explanation included",filename,A,[],listen once: confirm text = audio
kamadhenu_dataset/incoming_audio/drive/Gita Shlokas__Adhyaya 1__11 to 20/G.1.16.1.mp3,bhagavad_gita,adhyaya_01,16,half_1,gita:1.16,"अनन्तविजयं राजा कुन्तीपुत्रो युधिष्ठिरः
नकुलः सहदेवश्च सुघोषमणिपुष्पकौ",अनुष्टुप्,32,65.959,too_long,0.72,0.70–0.89 probable,review,"66.0s is 9.4× the single-rendition upper bound (7.0s) — likely repeats, teaching pauses or explanation included",filename,A,[],listen once: confirm text = audio
kamadhenu_dataset/incoming_audio/drive/Gita Shlokas__Adhyaya 1__11 to 20/G.1.16.2.mp3,bhagavad_gita,adhyaya_01,16,half_2,gita:1.16,"अनन्तविजयं राजा कुन्तीपुत्रो युधिष्ठिरः
नकुलः सहदेवश्च सुघोषमणिपुष्पकौ",अनुष्टुप्,32,61.127,too_long,0.72,0.70–0.89 probable,review,"61.1s is 8.7× the single-rendition upper bound (7.0s) — likely repeats, teaching pauses or explanation included",filename,A,[],listen once: confirm text = audio
kamadhenu_dataset/incoming_audio/drive/Gita Shlokas__Adhyaya 1__11 to 20/G.1.17.1.mp3,bhagavad_gita,adhyaya_01,17,half_1,gita:1.17,"काश्यश्च परमेष्वासः शिखण्डी च महारथः
धृष्टद्युम्नो विराटश्च सात्यकिश्चापराजितः",अनुष्टुप्,32,68.206,too_long,0.72,0.70–0.89 probable,review,"68.2s is 9.7× the single-rendition upper bound (7.0s) — likely repeats, teaching pauses or explanation included",filename,A,[],listen once: confirm text = audio
kamadhenu_dataset/incoming_audio/drive/Gita Shlokas__Adhyaya 1__11 to 20/G.1.17.2.mp3,bhagavad_gita,adhyaya_01,17,half_2,gita:1.17,"काश्यश्च परमेष्वासः शिखण्डी च महारथः
धृष्टद्युम्नो विराटश्च सात्यकिश्चापराजितः",अनुष्टुप्,32,81.241,too_long,0.72,0.70–0.89 probable,review,"81.2s is 11.5× the single-rendition upper bound (7.0s) — likely repeats, teaching pauses or explanation included",filename,A,[],listen once: confirm text = audio
kamadhenu_dataset/incoming_audio/drive/Gita Shlokas__Adhyaya 1__11 to 20/G.1.18.1.mp3,bhagavad_gita,adhyaya_01,18,half_1,gita:1.18,"द्रुपदो द्रौपदेयाश्च सर्वशः पृथिवीपते
सौभद्रश्च महाबाहुः शङ्खान्दध्मुः पृथक्पृथक्",अनुष्टुप्,32,67.892,too_long,0.72,0.70–0.89 probable,review,"67.9s is 9.6× the single-rendition upper bound (7.0s) — likely repeats, teaching pauses or explanation included",filename,A,[],listen once: confirm text = audio
kamadhenu_dataset/incoming_audio/drive/Gita Shlokas__Adhyaya 1__11 to 20/G.1.18.2.mp3,bhagavad_gita,adhyaya_01,18,half_2,gita:1.18,"द्रुपदो द्रौपदेयाश्च सर्वशः पृथिवीपते
सौभद्रश्च महाबाहुः शङ्खान्दध्मुः पृथक्पृथक्",अनुष्टुप्,32,72.385,too_long,0.72,0.70–0.89 probable,review,"72.4s is 10.3× the single-rendition upper bound (7.0s) — likely repeats, teaching pauses or explanation included",filename,A,[],listen once: confirm text = audio
kamadhenu_dataset/incoming_audio/drive/Gita Shlokas__Adhyaya 1__11 to 20/G.1.19.1.mp3,bhagavad_gita,adhyaya_01,19,half_1,gita:1.19,"स घोषो धार्तराष्ट्राणां हृदयानि व्यदारयत्
नभश्च पृथिवीं चैव तुमुलो व्यनुनादयन्",अनुष्टुप्,32,73.691,too_long,0.72,0.70–0.89 probable,review,"73.7s is 10.5× the single-rendition upper bound (7.0s) — likely repeats, teaching pauses or explanation included",filename,A,[],listen once: confirm text = audio
kamadhenu_dataset/incoming_audio/drive/Gita Shlokas__Adhyaya 1__11 to 20/G.1.19.2.mp3,bhagavad_gita,adhyaya_01,19,half_2,gita:1.19,"स घोषो धार्तराष्ट्राणां हृदयानि व्यदारयत्
नभश्च पृथिवीं चैव तुमुलो व्यनुनादयन्",अनुष्टुप्,32,69.016,too_long,0.72,0.70–0.89 probable,review,"69.0s is 9.8× the single-rendition upper bound (7.0s) — likely repeats, teaching pauses or explanation included",filename,A,[],listen once: confirm text = audio
kamadhenu_dataset/incoming_audio/drive/Gita Shlokas__Adhyaya 1__11 to 20/G.1.20.1.mp3,bhagavad_gita,adhyaya_01,20,half_1,gita:1.20,"अथ व्यवस्थितान् दृष्ट्वा धार्तराष्ट्रान्कपिध्वजः
प्रवृत्ते शस्त्रसंपाते धनुरुद्यम्य पाण्डवः",अनुष्टुप्,32,70.452,too_long,0.72,0.70–0.89 probable,review,"70.5s is 10.0× the single-rendition upper bound (7.0s) — likely repeats, teaching pauses or explanation included",filename,A,[],listen once: confirm text = audio
kamadhenu_dataset/incoming_audio/drive/Gita Shlokas__Adhyaya 1__11 to 20/G.1.20.2.mp3,bhagavad_gita,adhyaya_01,20,half_2,gita:1.20,"अथ व्यवस्थितान् दृष्ट्वा धार्तराष्ट्रान्कपिध्वजः
प्रवृत्ते शस्त्रसंपाते धनुरुद्यम्य पाण्डवः",अनुष्टुप्,32,71.576,too_long,0.72,0.70–0.89 probable,review,"71.6s is 10.2× the single-rendition upper bound (7.0s) — likely repeats, teaching pauses or explanation included",filename,A,[],listen once: confirm text = audio
kamadhenu_dataset/incoming_audio/drive/Gita Shlokas__Adhyaya 1__21 to 30/G.1.21.1.mp3,bhagavad_gita,adhyaya_01,21,half_1,gita:1.21,"हृषीकेशं तदा वाक्यमिदमाह महीपते
सेनयोरुभयोर्मध्ये रथं स्थापय मेऽच्युत",अनुष्टुप्,32,65.328,too_long,0.72,0.70–0.89 probable,review,"65.3s is 9.3× the single-rendition upper bound (7.0s) — likely repeats, teaching pauses or explanation included",filename,A,[],listen once: confirm text = audio
kamadhenu_dataset/incoming_audio/drive/Gita Shlokas__Adhyaya 1__21 to 30/G.1.21.2.mp3,bhagavad_gita,adhyaya_01,21,half_2,gita:1.21,"हृषीकेशं तदा वाक्यमिदमाह महीपते
सेनयोरुभयोर्मध्ये रथं स्थापय मेऽच्युत",अनुष्टुप्,32,49.685,too_long,0.72,0.70–0.89 probable,review,"49.7s is 7.1× the single-rendition upper bound (7.0s) — likely repeats, teaching pauses or explanation included",filename,B,"[""hot_peaks""]",listen once: confirm text = audio
kamadhenu_dataset/incoming_audio/drive/Gita Shlokas__Adhyaya 1__21 to 30/G.1.22.1.mp3,bhagavad_gita,adhyaya_01,22,half_1,gita:1.22,"यावदेतान्निरीक्षेऽहं योद्धुकामानवस्थितान्
कैर्मया सह योद्धव्यमस्मिन्रणसमुद्यमे",अनुष्टुप्,32,58.384,too_long,0.72,0.70–0.89 probable,review,"58.4s is 8.3× the single-rendition upper bound (7.0s) — likely repeats, teaching pauses or explanation included",filename,A,[],listen once: confirm text = audio
kamadhenu_dataset/incoming_audio/drive/Gita Shlokas__Adhyaya 1__21 to 30/G.1.22.2.mp3,bhagavad_gita,adhyaya_01,22,half_2,gita:1.22,"यावदेतान्निरीक्षेऽहं योद्धुकामानवस्थितान्
कैर्मया सह योद्धव्यमस्मिन्रणसमुद्यमे",अनुष्टुप्,32,60.317,too_long,0.72,0.70–0.89 probable,review,"60.3s is 8.6× the single-rendition upper bound (7.0s) — likely repeats, teaching pauses or explanation included",filename,A,[],listen once: confirm text = audio
kamadhenu_dataset/incoming_audio/drive/Gita Shlokas__Adhyaya 1__21 to 30/G.1.23.1.mp3,bhagavad_gita,adhyaya_01,23,half_1,gita:1.23,"योत्स्यमानानवेक्षेऽहं य एतेऽत्र समागताः
धार्तराष्ट्रस्य दुर्बुद्धेर्युद्धे प्रियचिकीर्षवः",अनुष्टुप्,32,61.44,too_long,0.72,0.70–0.89 probable,review,"61.4s is 8.7× the single-rendition upper bound (7.0s) — likely repeats, teaching pauses or explanation included",filename,A,[],listen once: confirm text = audio
kamadhenu_dataset/incoming_audio/drive/Gita Shlokas__Adhyaya 1__21 to 30/G.1.23.2.mp3,bhagavad_gita,adhyaya_01,23,half_2,gita:1.23,"योत्स्यमानानवेक्षेऽहं य एतेऽत्र समागताः
धार्तराष्ट्रस्य दुर्बुद्धेर्युद्धे प्रियचिकीर्षवः",अनुष्टुप्,32,76.591,too_long,0.72,0.70–0.89 probable,review,"76.6s is 10.9× the single-rendition upper bound (7.0s) — likely repeats, teaching pauses or explanation included",filename,A,[],listen once: confirm text = audio
kamadhenu_dataset/incoming_audio/drive/Gita Shlokas__Adhyaya 1__21 to 30/G.1.24.1.mp3,bhagavad_gita,adhyaya_01,24,half_1,gita:1.24,"एवमुक्तो हृषीकेशो गुडाकेशेन भारत
सेनयोरुभयोर्मध्ये स्थापयित्वा रथोत्तमम्",अनुष्टुप्,32,58.854,too_long,0.72,0.70–0.89 probable,review,"58.9s is 8.4× the single-rendition upper bound (7.0s) — likely repeats, teaching pauses or explanation included",filename,A,[],listen once: confirm text = audio
kamadhenu_dataset/incoming_audio/drive/Gita Shlokas__Adhyaya 1__21 to 30/G.1.24.2.mp3,bhagavad_gita,adhyaya_01,24,half_2,gita:1.24,"एवमुक्तो हृषीकेशो गुडाकेशेन भारत
सेनयोरुभयोर्मध्ये स्थापयित्वा रथोत्तमम्",अनुष्टुप्,32,49.842,too_long,0.72,0.70–0.89 probable,review,"49.8s is 7.1× the single-rendition upper bound (7.0s) — likely repeats, teaching pauses or explanation included",filename,B,"[""hot_peaks""]",listen once: confirm text = audio
kamadhenu_dataset/incoming_audio/drive/Gita Shlokas__Adhyaya 1__21 to 30/G.1.25.1.mp3,bhagavad_gita,adhyaya_01,25,half_1,gita:1.25,"भीष्मद्रोणप्रमुखतः सर्वेषां च महीक्षिताम्
उवाच पार्थ पश्यैतान्समवेतान्कुरूनिति",अनुष्टुप् (vipulā/irregular — unverified),32,75.624,too_long,0.72,0.70–0.89 probable,review,"75.6s is 10.7× the single-rendition upper bound (7.0s) — likely repeats, teaching pauses or explanation included",filename,A,[],listen once: confirm text = audio
kamadhenu_dataset/incoming_audio/drive/Gita Shlokas__Adhyaya 1__21 to 30/G.1.25.2.mp3,bhagavad_gita,adhyaya_01,25,half_2,gita:1.25,"भीष्मद्रोणप्रमुखतः सर्वेषां च महीक्षिताम्
उवाच पार्थ पश्यैतान्समवेतान्कुरूनिति",अनुष्टुप् (vipulā/irregular — unverified),32,64.81,too_long,0.72,0.70–0.89 probable,review,"64.8s is 9.2× the single-rendition upper bound (7.0s) — likely repeats, teaching pauses or explanation included",filename,B,"[""hot_peaks""]",listen once: confirm text = audio
kamadhenu_dataset/incoming_audio/drive/Gita Shlokas__Adhyaya 1__21 to 30/G.1.26.1.mp3,bhagavad_gita,adhyaya_01,26,half_1,gita:1.26,"तत्रापश्यत्स्थितान्पार्थः पितृ़नथ पितामहान्
आचार्यान्मातुलान्भ्रातृ़न्पुत्रान्पौत्रान्सखींस्तथा",अनुष्टुप्,32,74.304,too_long,0.72,0.70–0.89 probable,review,"74.3s is 10.6× the single-rendition upper bound (7.0s) — likely repeats, teaching pauses or explanation included",filename,A,[],listen once: confirm text = audio
kamadhenu_dataset/incoming_audio/drive/Gita Shlokas__Adhyaya 1__21 to 30/G.1.26.2.mp3,bhagavad_gita,adhyaya_01,26,half_2,gita:1.26,"तत्रापश्यत्स्थितान्पार्थः पितृ़नथ पितामहान्
आचार्यान्मातुलान्भ्रातृ़न्पुत्रान्पौत्रान्सखींस्तथा",अनुष्टुप्,32,111.408,too_long,0.72,0.70–0.89 probable,review,"111.4s is 15.8× the single-rendition upper bound (7.0s) — likely repeats, teaching pauses or explanation included",filename,A,[],listen once: confirm text = audio
kamadhenu_dataset/incoming_audio/drive/Gita Shlokas__Adhyaya 1__21 to 30/G.1.27.1.mp3,bhagavad_gita,adhyaya_01,27,half_1,gita:1.27,"श्वशुरान्सुहृदश्चैव सेनयोरुभयोरपि
तान्समीक्ष्य स कौन्तेयः सर्वान्बन्धूनवस्थितान्",अनुष्टुप्,32,72.048,too_long,0.72,0.70–0.89 probable,review,"72.0s is 10.2× the single-rendition upper bound (7.0s) — likely repeats, teaching pauses or explanation included",filename,A,[],listen once: confirm text = audio
kamadhenu_dataset/incoming_audio/drive/Gita Shlokas__Adhyaya 1__21 to 30/G.1.27.2.mp3,bhagavad_gita,adhyaya_01,27,half_2,gita:1.27,"श्वशुरान्सुहृदश्चैव सेनयोरुभयोरपि
तान्समीक्ष्य स कौन्तेयः सर्वान्बन्धूनवस्थितान्",अनुष्टुप्,32,94.776,too_long,0.72,0.70–0.89 probable,review,"94.8s is 13.5× the single-rendition upper bound (7.0s) — likely repeats, teaching pauses or explanation included",filename,A,[],listen once: confirm text = audio
kamadhenu_dataset/incoming_audio/drive/Gita Shlokas__Adhyaya 1__21 to 30/G.1.28.1.mp3,bhagavad_gita,adhyaya_01,28,half_1,gita:1.28,"कृपया परयाऽऽविष्टो विषीदन्निदमब्रवीत्
दृष्ट्वेमं स्वजनं कृष्ण युयुत्सुं समुपस्थितम्",अनुष्टुप्,32,69.024,too_long,0.72,0.70–0.89 probable,review,"69.0s is 9.8× the single-rendition upper bound (7.0s) — likely repeats, teaching pauses or explanation included",filename,A,[],listen once: confirm text = audio
kamadhenu_dataset/incoming_audio/drive/Gita Shlokas__Adhyaya 1__21 to 30/G.1.28.2.mp3,bhagavad_gita,adhyaya_01,28,half_2,gita:1.28,"कृपया परयाऽऽविष्टो विषीदन्निदमब्रवीत्
दृष्ट्वेमं स्वजनं कृष्ण युयुत्सुं समुपस्थितम्",अनुष्टुप्,32,72.528,too_long,0.72,0.70–0.89 probable,review,"72.5s is 10.3× the single-rendition upper bound (7.0s) — likely repeats, teaching pauses or explanation included",filename,A,[],listen once: confirm text = audio
kamadhenu_dataset/incoming_audio/drive/Gita Shlokas__Adhyaya 1__21 to 30/G.1.29.1.mp3,bhagavad_gita,adhyaya_01,29,half_1,gita:1.29,"सीदन्ति मम गात्राणि मुखं च परिशुष्यति
वेपथुश्च शरीरे मे रोमहर्षश्च जायते",अनुष्टुप्,32,58.776,too_long,0.72,0.70–0.89 probable,review,"58.8s is 8.3× the single-rendition upper bound (7.0s) — likely repeats, teaching pauses or explanation included",filename,A,[],listen once: confirm text = audio
kamadhenu_dataset/incoming_audio/drive/Gita Shlokas__Adhyaya 1__21 to 30/G.1.29.2.mp3,bhagavad_gita,adhyaya_01,29,half_2,gita:1.29,"सीदन्ति मम गात्राणि मुखं च परिशुष्यति
वेपथुश्च शरीरे मे रोमहर्षश्च जायते",अनुष्टुप्,32,71.736,too_long,0.72,0.70–0.89 probable,review,"71.7s is 10.2× the single-rendition upper bound (7.0s) — likely repeats, teaching pauses or explanation included",filename,A,[],listen once: confirm text = audio
kamadhenu_dataset/incoming_audio/drive/Gita Shlokas__Adhyaya 1__21 to 30/G.1.30.mp3,bhagavad_gita,adhyaya_01,30,full,gita:1.30,"गाण्डीवं स्रंसते हस्तात्त्वक्चैव परिदह्यते
न च शक्नोम्यवस्थातुं भ्रमतीव च मे मनः",अनुष्टुप्,32,196.704,too_long,0.8,0.70–0.89 probable,review,"196.7s is 14.0× the single-rendition upper bound (14.1s) — likely repeats, teaching pauses or explanation included",filename,A,[],listen once: confirm text = audio
kamadhenu_dataset/incoming_audio/drive/Gita Shlokas__Adhyaya 1__31 to 40/G.1.31.mp3,bhagavad_gita,adhyaya_01,31,full,gita:1.31,"निमित्तानि च पश्यामि विपरीतानि केशव
न च श्रेयोऽनुपश्यामि हत्वा स्वजनमाहवे",अनुष्टुप्,32,136.536,too_long,0.8,0.70–0.89 probable,review,"136.5s is 9.7× the single-rendition upper bound (14.1s) — likely repeats, teaching pauses or explanation included",filename,A,[],listen once: confirm text = audio
kamadhenu_dataset/incoming_audio/drive/Gita Shlokas__Adhyaya 1__31 to 40/G.1.32.1.mp3,bhagavad_gita,adhyaya_01,32,half_1,gita:1.32,"न काङ्क्षे विजयं कृष्ण न च राज्यं सुखानि च
किं नो राज्येन गोविन्द किं भोगैर्जीवितेन वा",अनुष्टुप्,32,65.976,too_long,0.72,0.70–0.89 probable,review,"66.0s is 9.4× the single-rendition upper bound (7.0s) — likely repeats, teaching pauses or explanation included",filename,A,[],listen once: confirm text = audio
kamadhenu_dataset/incoming_audio/drive/Gita Shlokas__Adhyaya 1__31 to 40/G.1.32.2.mp3,bhagavad_gita,adhyaya_01,32,half_2,gita:1.32,"न काङ्क्षे विजयं कृष्ण न च राज्यं सुखानि च
किं नो राज्येन गोविन्द किं भोगैर्जीवितेन वा",अनुष्टुप्,32,73.824,too_long,0.72,0.70–0.89 probable,review,"73.8s is 10.5× the single-rendition upper bound (7.0s) — likely repeats, teaching pauses or explanation included",filename,A,[],listen once: confirm text = audio
kamadhenu_dataset/incoming_audio/drive/Gita Shlokas__Adhyaya 1__31 to 40/G.1.33.1.mp3,bhagavad_gita,adhyaya_01,33,half_1,gita:1.33,"येषामर्थे काङ्क्षितं नो राज्यं भोगाः सुखानि च
त इमेऽवस्थिता युद्धे प्राणांस्त्यक्त्वा धनानि च",अनुष्टुप् (vipulā/irregular — unverified),32,82.464,too_long,0.72,0.70–0.89 probable,review,"82.5s is 11.7× the single-rendition upper bound (7.0s) — likely repeats, teaching pauses or explanation included",filename,A,[],listen once: confirm text = audio
kamadhenu_dataset/incoming_audio/drive/Gita Shlokas__Adhyaya 1__31 to 40/G.1.33.2.mp3,bhagavad_gita,adhyaya_01,33,half_2,gita:1.33,"येषामर्थे काङ्क्षितं नो राज्यं भोगाः सुखानि च
त इमेऽवस्थिता युद्धे प्राणांस्त्यक्त्वा धनानि च",अनुष्टुप् (vipulā/irregular — unverified),32,95.736,too_long,0.72,0.70–0.89 probable,review,"95.7s is 13.6× the single-rendition upper bound (7.0s) — likely repeats, teaching pauses or explanation included",filename,A,[],listen once: confirm text = audio
kamadhenu_dataset/incoming_audio/drive/Gita Shlokas__Adhyaya 1__31 to 40/G.1.34.1.mp3,bhagavad_gita,adhyaya_01,34,half_1,gita:1.34,"आचार्याः पितरः पुत्रास्तथैव च पितामहाः
मातुलाः श्चशुराः पौत्राः श्यालाः सम्बन्धिनस्तथा",अनुष्टुप्,32,75.576,too_long,0.72,0.70–0.89 probable,review,"75.6s is 10.7× the single-rendition upper bound (7.0s) — likely repeats, teaching pauses or explanation included",filename,A,[],listen once: confirm text = audio
kamadhenu_dataset/incoming_audio/drive/Gita Shlokas__Adhyaya 1__31 to 40/G.1.34.2.mp3,bhagavad_gita,adhyaya_01,34,half_2,gita:1.34,"आचार्याः पितरः पुत्रास्तथैव च पितामहाः
मातुलाः श्चशुराः पौत्राः श्यालाः सम्बन्धिनस्तथा",अनुष्टुप्,32,87.264,too_long,0.72,0.70–0.89 probable,review,"87.3s is 12.4× the single-rendition upper bound (7.0s) — likely repeats, teaching pauses or explanation included",filename,A,[],listen once: confirm text = audio
kamadhenu_dataset/incoming_audio/drive/Gita Shlokas__Adhyaya 1__31 to 40/G.1.35.1.mp3,bhagavad_gita,adhyaya_01,35,half_1,gita:1.35,"एतान्न हन्तुमिच्छामि घ्नतोऽपि मधुसूदन
अपि त्रैलोक्यराज्यस्य हेतोः किं नु महीकृते",अनुष्टुप्,32,68.688,too_long,0.72,0.70–0.89 probable,review,"68.7s is 9.8× the single-rendition upper bound (7.0s) — likely repeats, teaching pauses or explanation included",filename,A,[],listen once: confirm text = audio
kamadhenu_dataset/incoming_audio/drive/Gita Shlokas__Adhyaya 1__31 to 40/G.1.35.2.mp3,bhagavad_gita,adhyaya_01,35,half_2,gita:1.35,"एतान्न हन्तुमिच्छामि घ्नतोऽपि मधुसूदन
अपि त्रैलोक्यराज्यस्य हेतोः किं नु महीकृते",अनुष्टुप्,32,70.608,too_long,0.72,0.70–0.89 probable,review,"70.6s is 10.0× the single-rendition upper bound (7.0s) — likely repeats, teaching pauses or explanation included",filename,A,[],listen once: confirm text = audio
kamadhenu_dataset/incoming_audio/drive/Gita Shlokas__Adhyaya 1__31 to 40/G.1.36.1.mp3,bhagavad_gita,adhyaya_01,36,half_1,gita:1.36,"निहत्य धार्तराष्ट्रान्नः का प्रीतिः स्याज्जनार्दन
पापमेवाश्रयेदस्मान्हत्वैतानाततायिनः",अनुष्टुप्,32,62.136,too_long,0.72,0.70–0.89 probable,review,"62.1s is 8.8× the single-rendition upper bound (7.0s) — likely repeats, teaching pauses or explanation included",filename,B,"[""hot_peaks""]",listen once: confirm text = audio
kamadhenu_dataset/incoming_audio/drive/Gita Shlokas__Adhyaya 1__31 to 40/G.1.36.2.mp3,bhagavad_gita,adhyaya_01,36,half_2,gita:1.36,"निहत्य धार्तराष्ट्रान्नः का प्रीतिः स्याज्जनार्दन
पापमेवाश्रयेदस्मान्हत्वैतानाततायिनः",अनुष्टुप्,32,65.976,too_long,0.72,0.70–0.89 probable,review,"66.0s is 9.4× the single-rendition upper bound (7.0s) — likely repeats, teaching pauses or explanation included",filename,B,"[""hot_peaks""]",listen once: confirm text = audio
kamadhenu_dataset/incoming_audio/drive/Gita Shlokas__Adhyaya 1__31 to 40/G.1.37.1.mp3,bhagavad_gita,adhyaya_01,37,half_1,gita:1.37,"तस्मान्नार्हा वयं हन्तुं धार्तराष्ट्रान्स्वबान्धवान्
स्वजनं हि कथं हत्वा सुखिनः स्याम माधव",अनुष्टुप्,32,57.984,too_long,0.72,0.70–0.89 probable,review,"58.0s is 8.2× the single-rendition upper bound (7.0s) — likely repeats, teaching pauses or explanation included",filename,B,"[""hot_peaks""]",listen once: confirm text = audio
kamadhenu_dataset/incoming_audio/drive/Gita Shlokas__Adhyaya 1__31 to 40/G.1.37.2.mp3,bhagavad_gita,adhyaya_01,37,half_2,gita:1.37,"तस्मान्नार्हा वयं हन्तुं धार्तराष्ट्रान्स्वबान्धवान्
स्वजनं हि कथं हत्वा सुखिनः स्याम माधव",अनुष्टुप्,32,45.504,too_long,0.72,0.70–0.89 probable,review,"45.5s is 6.5× the single-rendition upper bound (7.0s) — likely repeats, teaching pauses or explanation included",filename,B,"[""hot_peaks""]",listen once: confirm text = audio
kamadhenu_dataset/incoming_audio/drive/Gita Shlokas__Adhyaya 1__31 to 40/G.1.38.1.mp3,bhagavad_gita,adhyaya_01,38,half_1,gita:1.38,"यद्यप्येते न पश्यन्ति लोभोपहतचेतसः
कुलक्षयकृतं दोषं मित्रद्रोहे च पातकम्",अनुष्टुप्,32,53.184,too_long,0.72,0.70–0.89 probable,review,"53.2s is 7.6× the single-rendition upper bound (7.0s) — likely repeats, teaching pauses or explanation included",filename,A,[],listen once: confirm text = audio
kamadhenu_dataset/incoming_audio/drive/Gita Shlokas__Adhyaya 1__31 to 40/G.1.38.2.mp3,bhagavad_gita,adhyaya_01,38,half_2,gita:1.38,"यद्यप्येते न पश्यन्ति लोभोपहतचेतसः
कुलक्षयकृतं दोषं मित्रद्रोहे च पातकम्",अनुष्टुप्,32,48.528,too_long,0.72,0.70–0.89 probable,review,"48.5s is 6.9× the single-rendition upper bound (7.0s) — likely repeats, teaching pauses or explanation included",filename,B,"[""hot_peaks""]",listen once: confirm text = audio
kamadhenu_dataset/incoming_audio/drive/Gita Shlokas__Adhyaya 1__31 to 40/G.1.39.1.mp3,bhagavad_gita,adhyaya_01,39,half_1,gita:1.39,"कथं न ज्ञेयमस्माभिः पापादस्मान्निवर्तितुम्
कुलक्षयकृतं दोषं प्रपश्यद्भिर्जनार्दन",अनुष्टुप्,32,76.848,too_long,0.72,0.70–0.89 probable,review,"76.8s is 10.9× the single-rendition upper bound (7.0s) — likely repeats, teaching pauses or explanation included",filename,B,"[""hot_peaks""]",listen once: confirm text = audio
kamadhenu_dataset/incoming_audio/drive/Gita Shlokas__Adhyaya 1__31 to 40/G.1.39.2.mp3,bhagavad_gita,adhyaya_01,39,half_2,gita:1.39,"कथं न ज्ञेयमस्माभिः पापादस्मान्निवर्तितुम्
कुलक्षयकृतं दोषं प्रपश्यद्भिर्जनार्दन",अनुष्टुप्,32,49.176,too_long,0.72,0.70–0.89 probable,review,"49.2s is 7.0× the single-rendition upper bound (7.0s) — likely repeats, teaching pauses or explanation included",filename,B,"[""hot_peaks""]",listen once: confirm text = audio
kamadhenu_dataset/incoming_audio/drive/Gita Shlokas__Adhyaya 1__31 to 40/G.1.40.1.mp3,bhagavad_gita,adhyaya_01,40,half_1,gita:1.40,"कुलक्षये प्रणश्यन्ति कुलधर्माः सनातनाः
धर्मे नष्टे कुलं कृत्स्नमधर्मोऽभिभवत्युत",अनुष्टुप्,32,49.968,too_long,0.72,0.70–0.89 probable,review,"50.0s is 7.1× the single-rendition upper bound (7.0s) — likely repeats, teaching pauses or explanation included",filename,A,[],listen once: confirm text = audio
kamadhenu_dataset/incoming_audio/drive/Gita Shlokas__Adhyaya 1__31 to 40/G.1.40.2.mp3,bhagavad_gita,adhyaya_01,40,half_2,gita:1.40,"कुलक्षये प्रणश्यन्ति कुलधर्माः सनातनाः
धर्मे नष्टे कुलं कृत्स्नमधर्मोऽभिभवत्युत",अनुष्टुप्,32,73.968,too_long,0.72,0.70–0.89 probable,review,"74.0s is 10.5× the single-rendition upper bound (7.0s) — likely repeats, teaching pauses or explanation included",filename,B,"[""hot_peaks""]",listen once: confirm text = audio
kamadhenu_dataset/incoming_audio/drive/Gita Shlokas__Adhyaya 1__31 to 40/G.1.47.1.mp3,bhagavad_gita,adhyaya_01,47,half_1,gita:1.47,"एवमुक्त्वाऽर्जुनः संख्ये रथोपस्थ उपाविशत्
विसृज्य सशरं चापं शोकसंविग्नमानसः",अनुष्टुप्,32,91.248,too_long,0.72,0.70–0.89 probable,review,"91.2s is 13.0× the single-rendition upper bound (7.0s) — likely repeats, teaching pauses or explanation included",filename,B,"[""hot_peaks"", ""exact_duplicate""]",listen once: confirm text = audio
kamadhenu_dataset/incoming_audio/drive/Gita Shlokas__Adhyaya 1__41 to 47/G.1.41.1.mp3,bhagavad_gita,adhyaya_01,41,half_1,gita:1.41,"अधर्माभिभवात्कृष्ण प्रदुष्यन्ति कुलस्त्रियः
स्त्रीषु दुष्टासु वार्ष्णेय जायते वर्णसङ्करः",अनुष्टुप्,32,66.456,too_long,0.72,0.70–0.89 probable,review,"66.5s is 9.4× the single-rendition upper bound (7.0s) — likely repeats, teaching pauses or explanation included",filename,A,[],listen once: confirm text = audio
kamadhenu_dataset/incoming_audio/drive/Gita Shlokas__Adhyaya 1__41 to 47/G.1.41.2.mp3,bhagavad_gita,adhyaya_01,41,half_2,gita:1.41,"अधर्माभिभवात्कृष्ण प्रदुष्यन्ति कुलस्त्रियः
स्त्रीषु दुष्टासु वार्ष्णेय जायते वर्णसङ्करः",अनुष्टुप्,32,63.888,too_long,0.72,0.70–0.89 probable,review,"63.9s is 9.1× the single-rendition upper bound (7.0s) — likely repeats, teaching pauses or explanation included",filename,A,[],listen once: confirm text = audio
kamadhenu_dataset/incoming_audio/drive/Gita Shlokas__Adhyaya 1__41 to 47/G.1.42.1.mp3,bhagavad_gita,adhyaya_01,42,half_1,gita:1.42,"सङ्करो नरकायैव कुलघ्नानां कुलस्य च
पतन्ति पितरो ह्येषां लुप्तपिण्डोदकक्रियाः",अनुष्टुप्,32,48.696,too_long,0.72,0.70–0.89 probable,review,"48.7s is 6.9× the single-rendition upper bound (7.0s) — likely repeats, teaching pauses or explanation included",filename,A,[],listen once: confirm text = audio
kamadhenu_dataset/incoming_audio/drive/Gita Shlokas__Adhyaya 1__41 to 47/G.1.42.2.mp3,bhagavad_gita,adhyaya_01,42,half_2,gita:1.42,"सङ्करो नरकायैव कुलघ्नानां कुलस्य च
पतन्ति पितरो ह्येषां लुप्तपिण्डोदकक्रियाः",अनुष्टुप्,32,75.408,too_long,0.72,0.70–0.89 probable,review,"75.4s is 10.7× the single-rendition upper bound (7.0s) — likely repeats, teaching pauses or explanation included",filename,A,[],listen once: confirm text = audio
kamadhenu_dataset/incoming_audio/drive/Gita Shlokas__Adhyaya 1__41 to 47/G.1.43.1.mp3,bhagavad_gita,adhyaya_01,43,half_1,gita:1.43,"दोषैरेतैः कुलघ्नानां वर्णसङ्करकारकैः
उत्साद्यन्ते जातिधर्माः कुलधर्माश्च शाश्वताः",अनुष्टुप् (vipulā/irregular — unverified),32,56.208,too_long,0.72,0.70–0.89 probable,review,"56.2s is 8.0× the single-rendition upper bound (7.0s) — likely repeats, teaching pauses or explanation included",filename,A,[],listen once: confirm text = audio
kamadhenu_dataset/incoming_audio/drive/Gita Shlokas__Adhyaya 1__41 to 47/G.1.43.2.mp3,bhagavad_gita,adhyaya_01,43,half_2,gita:1.43,"दोषैरेतैः कुलघ्नानां वर्णसङ्करकारकैः
उत्साद्यन्ते जातिधर्माः कुलधर्माश्च शाश्वताः",अनुष्टुप् (vipulā/irregular — unverified),32,58.296,too_long,0.72,0.70–0.89 probable,review,"58.3s is 8.3× the single-rendition upper bound (7.0s) — likely repeats, teaching pauses or explanation included",filename,A,[],listen once: confirm text = audio
kamadhenu_dataset/incoming_audio/drive/Gita Shlokas__Adhyaya 1__41 to 47/G.1.44.1.mp3,bhagavad_gita,adhyaya_01,44,half_1,gita:1.44,"उत्सन्नकुलधर्माणां मनुष्याणां जनार्दन
नरकेऽनियतं वासो भवतीत्यनुशुश्रुम",अनुष्टुप्,32,68.208,too_long,0.72,0.70–0.89 probable,review,"68.2s is 9.7× the single-rendition upper bound (7.0s) — likely repeats, teaching pauses or explanation included",filename,B,"[""hot_peaks""]",listen once: confirm text = audio
kamadhenu_dataset/incoming_audio/drive/Gita Shlokas__Adhyaya 1__41 to 47/G.1.44.2.mp3,bhagavad_gita,adhyaya_01,44,half_2,gita:1.44,"उत्सन्नकुलधर्माणां मनुष्याणां जनार्दन
नरकेऽनियतं वासो भवतीत्यनुशुश्रुम",अनुष्टुप्,32,72.048,too_long,0.72,0.70–0.89 probable,review,"72.0s is 10.2× the single-rendition upper bound (7.0s) — likely repeats, teaching pauses or explanation included",filename,B,"[""hot_peaks""]",listen once: confirm text = audio
kamadhenu_dataset/incoming_audio/drive/Gita Shlokas__Adhyaya 1__41 to 47/G.1.45.1.mp3,bhagavad_gita,adhyaya_01,45,half_1,gita:1.45,"अहो बत महत्पापं कर्तुं व्यवसिता वयम्
यद्राज्यसुखलोभेन हन्तुं स्वजनमुद्यताः",अनुष्टुप्,32,68.064,too_long,0.72,0.70–0.89 probable,review,"68.1s is 9.7× the single-rendition upper bound (7.0s) — likely repeats, teaching pauses or explanation included",filename,B,"[""hot_peaks""]",listen once: confirm text = audio
kamadhenu_dataset/incoming_audio/drive/Gita Shlokas__Adhyaya 1__41 to 47/G.1.45.2.mp3,bhagavad_gita,adhyaya_01,45,half_2,gita:1.45,"अहो बत महत्पापं कर्तुं व्यवसिता वयम्
यद्राज्यसुखलोभेन हन्तुं स्वजनमुद्यताः",अनुष्टुप्,32,76.848,too_long,0.72,0.70–0.89 probable,review,"76.8s is 10.9× the single-rendition upper bound (7.0s) — likely repeats, teaching pauses or explanation included",filename,A,[],listen once: confirm text = audio
kamadhenu_dataset/incoming_audio/drive/Gita Shlokas__Adhyaya 1__41 to 47/G.1.46.1.mp3,bhagavad_gita,adhyaya_01,46,half_1,gita:1.46,"यदि मामप्रतीकारमशस्त्रं शस्त्रपाणयः
धार्तराष्ट्रा रणे हन्युस्तन्मे क्षेमतरं भवेत्",अनुष्टुप्,32,157.656,too_long,0.72,0.70–0.89 probable,review,"157.7s is 22.4× the single-rendition upper bound (7.0s) — likely repeats, teaching pauses or explanation included",filename,B,"[""hot_peaks""]",listen once: confirm text = audio
kamadhenu_dataset/incoming_audio/drive/Gita Shlokas__Adhyaya 1__41 to 47/G.1.46.2.mp3,bhagavad_gita,adhyaya_01,46,half_2,gita:1.46,"यदि मामप्रतीकारमशस्त्रं शस्त्रपाणयः
धार्तराष्ट्रा रणे हन्युस्तन्मे क्षेमतरं भवेत्",अनुष्टुप्,32,95.088,too_long,0.72,0.70–0.89 probable,review,"95.1s is 13.5× the single-rendition upper bound (7.0s) — likely repeats, teaching pauses or explanation included",filename,B,"[""hot_peaks""]",listen once: confirm text = audio
kamadhenu_dataset/incoming_audio/drive/Gita Shlokas__Adhyaya 1__41 to 47/G.1.47.1.mp3,bhagavad_gita,adhyaya_01,47,half_1,gita:1.47,"एवमुक्त्वाऽर्जुनः संख्ये रथोपस्थ उपाविशत्
विसृज्य सशरं चापं शोकसंविग्नमानसः",अनुष्टुप्,32,91.248,too_long,0.72,0.70–0.89 probable,review,"91.2s is 13.0× the single-rendition upper bound (7.0s) — likely repeats, teaching pauses or explanation included",filename,B,"[""hot_peaks"", ""exact_duplicate""]",listen once: confirm text = audio
kamadhenu_dataset/incoming_audio/drive/Gita Shlokas__Adhyaya 1__41 to 47/G.1.47.2.mp3,bhagavad_gita,adhyaya_01,47,half_2,gita:1.47,"एवमुक्त्वाऽर्जुनः संख्ये रथोपस्थ उपाविशत्
विसृज्य सशरं चापं शोकसंविग्नमानसः",अनुष्टुप्,32,65.016,too_long,0.72,0.70–0.89 probable,review,"65.0s is 9.2× the single-rendition upper bound (7.0s) — likely repeats, teaching pauses or explanation included",filename,B,"[""hot_peaks""]",listen once: confirm text = audio
kamadhenu_dataset/incoming_audio/drive/Gita Shlokas__Adhyaya 1__41 to 47/G.1.48.mp3,bhagavad_gita,adhyaya_01,48,full,gita:2.48,"योगस्थः कुरु कर्माणि सङ्गं त्यक्त्वा धनञ्जय
सिद्ध्यसिद्ध्योः समो भूत्वा समत्वं योग उच्यते",अनुष्टुप्,32,157.824,too_long,0.8,0.70–0.89 probable,review,"157.8s is 11.2× the single-rendition upper bound (14.1s) — likely repeats, teaching pauses or explanation included",filename,B,"[""hot_peaks""]",listen once: confirm text = audio
kamadhenu_dataset/incoming_audio/drive/Gita Shlokas__Adhyaya 2/G.2.1.aac,bhagavad_gita,adhyaya_02,1,full,gita:2.1,"तं तथा कृपयाऽविष्टमश्रुपूर्णाकुलेक्षणम्
विषीदन्तमिदं वाक्यमुवाच मधुसूदनः",अनुष्टुप्,32,120.491,too_long,0.8,0.70–0.89 probable,review,"120.5s is 8.6× the single-rendition upper bound (14.1s) — likely repeats, teaching pauses or explanation included",filename,B,"[""hot_peaks""]",listen once: confirm text = audio
kamadhenu_dataset/incoming_audio/drive/Gita Shlokas__Adhyaya 2/G.2.10.aac,bhagavad_gita,adhyaya_02,10,full,gita:2.10,"तमुवाच हृषीकेशः प्रहसन्निव भारत
सेनयोरुभयोर्मध्ये विषीदन्तमिदं वचः",अनुष्टुप्,32,98.731,too_long,0.8,0.70–0.89 probable,review,"98.7s is 7.0× the single-rendition upper bound (14.1s) — likely repeats, teaching pauses or explanation included",filename,B,"[""hot_peaks""]",listen once: confirm text = audio
kamadhenu_dataset/incoming_audio/drive/Gita Shlokas__Adhyaya 2/G.2.11.aac,bhagavad_gita,adhyaya_02,11,full,gita:2.11,"श्री भगवानुवाच
अशोच्यानन्वशोचस्त्वं प्रज्ञावादांश्च भाषसे
गतासूनगतासूंश्च नानुशोचन्ति पण्डिताः",अज्ञातम्,39,120.832,too_long,0.8,0.70–0.89 probable,review,"120.8s is 7.0× the single-rendition upper bound (17.2s) — likely repeats, teaching pauses or explanation included",filename,B,"[""hot_peaks""]",listen once: confirm text = audio
kamadhenu_dataset/incoming_audio/drive/Gita Shlokas__Adhyaya 2/G.2.12.aac,bhagavad_gita,adhyaya_02,12,full,gita:2.12,"न त्वेवाहं जातु नासं न त्वं नेमे जनाधिपाः
न चैव न भविष्यामः सर्वे वयमतः परम्",अनुष्टुप् (vipulā/irregular — unverified),32,100.309,too_long,0.8,0.70–0.89 probable,review,"100.3s is 7.1× the single-rendition upper bound (14.1s) — likely repeats, teaching pauses or explanation included",filename,B,"[""hot_peaks""]",listen once: confirm text = audio
kamadhenu_dataset/incoming_audio/drive/Gita Shlokas__Adhyaya 2/G.2.13.aac,bhagavad_gita,adhyaya_02,13,full,gita:2.13,"देहिनोऽस्मिन्यथा देहे कौमारं यौवनं जरा
तथा देहान्तरप्राप्तिर्धीरस्तत्र न मुह्यति",अनुष्टुप्,32,116.011,too_long,0.8,0.70–0.89 probable,review,"116.0s is 8.2× the single-rendition upper bound (14.1s) — likely repeats, teaching pauses or explanation included",filename,B,"[""hot_peaks""]",listen once: confirm text = audio
kamadhenu_dataset/incoming_audio/drive/Gita Shlokas__Adhyaya 2/G.2.14.aac,bhagavad_gita,adhyaya_02,14,full,gita:2.14,"मात्रास्पर्शास्तु कौन्तेय शीतोष्णसुखदुःखदाः
आगमापायिनोऽनित्यास्तांस्तितिक्षस्व भारत",अनुष्टुप्,32,127.339,too_long,0.8,0.70–0.89 probable,review,"127.3s is 9.0× the single-rendition upper bound (14.1s) — likely repeats, teaching pauses or explanation included",filename,B,"[""hot_peaks""]",listen once: confirm text = audio
kamadhenu_dataset/incoming_audio/drive/Gita Shlokas__Adhyaya 2/G.2.15.aac,bhagavad_gita,adhyaya_02,15,full,gita:2.15,"यं हि न व्यथयन्त्येते पुरुषं पुरुषर्षभ
समदुःखसुखं धीरं सोऽमृतत्वाय कल्पते",अनुष्टुप्,32,104.683,too_long,0.8,0.70–0.89 probable,review,"104.7s is 7.4× the single-rendition upper bound (14.1s) — likely repeats, teaching pauses or explanation included",filename,A,[],listen once: confirm text = audio
kamadhenu_dataset/incoming_audio/drive/Gita Shlokas__Adhyaya 2/G.2.16.aac,bhagavad_gita,adhyaya_02,16,full,gita:2.16,"नासतो विद्यते भावो नाभावो विद्यते सतः
उभयोरपि दृष्टोऽन्तस्त्वनयोस्तत्त्वदर्शिभिः",अनुष्टुप्,32,107.413,too_long,0.8,0.70–0.89 probable,review,"107.4s is 7.6× the single-rendition upper bound (14.1s) — likely repeats, teaching pauses or explanation included",filename,B,"[""hot_peaks""]",listen once: confirm text = audio
kamadhenu_dataset/incoming_audio/drive/Gita Shlokas__Adhyaya 2/G.2.17.aac,bhagavad_gita,adhyaya_02,17,full,gita:2.17,"अविनाशि तु तद्विद्धि येन सर्वमिदं ततम्
विनाशमव्ययस्यास्य न कश्चित् कर्तुमर्हति",अनुष्टुप्,32,120.213,too_long,0.8,0.70–0.89 probable,review,"120.2s is 8.5× the single-rendition upper bound (14.1s) — likely repeats, teaching pauses or explanation included",filename,B,"[""hot_peaks""]",listen once: confirm text = audio
kamadhenu_dataset/incoming_audio/drive/Gita Shlokas__Adhyaya 2/G.2.18.aac,bhagavad_gita,adhyaya_02,18,full,gita:2.18,"अन्तवन्त इमे देहा नित्यस्योक्ताः शरीरिणः
अनाशिनोऽप्रमेयस्य तस्माद्युध्यस्व भारत",अनुष्टुप्,32,117.419,too_long,0.8,0.70–0.89 probable,review,"117.4s is 8.3× the single-rendition upper bound (14.1s) — likely repeats, teaching pauses or explanation included",filename,B,"[""hot_peaks""]",listen once: confirm text = audio
kamadhenu_dataset/incoming_audio/drive/Gita Shlokas__Adhyaya 2/G.2.19.aac,bhagavad_gita,adhyaya_02,19,full,gita:2.19,"य एनं वेत्ति हन्तारं यश्चैनं मन्यते हतम्
उभौ तौ न विजानीतो नायं हन्ति न हन्यते",अनुष्टुप्,32,105.003,too_long,0.8,0.70–0.89 probable,review,"105.0s is 7.5× the single-rendition upper bound (14.1s) — likely repeats, teaching pauses or explanation included",filename,B,"[""hot_peaks""]",listen once: confirm text = audio
kamadhenu_dataset/incoming_audio/drive/Gita Shlokas__Adhyaya 2/G.2.2.aac,bhagavad_gita,adhyaya_02,2,full,gita:2.2,"श्री भगवानुवाच
कुतस्त्वा कश्मलमिदं विषमे समुपस्थितम्
अनार्यजुष्टमस्वर्ग्यमकीर्तिकरमर्जुन",अज्ञातम्,39,131.947,too_long,0.8,0.70–0.89 probable,review,"131.9s is 7.7× the single-rendition upper bound (17.2s) — likely repeats, teaching pauses or explanation included",filename,B,"[""hot_peaks""]",listen once: confirm text = audio
kamadhenu_dataset/incoming_audio/drive/Gita Shlokas__Adhyaya 2/G.2.20.aac,bhagavad_gita,adhyaya_02,20,full,gita:2.20,"न जायते म्रियते वा कदाचि
न्नायं भूत्वा भविता वा न भूयः
अजो नित्यः शाश्वतोऽयं पुराणो
न हन्यते हन्यमाने शरीरे",अज्ञातम्,44,142.549,too_long,0.8,0.70–0.89 probable,review,"142.5s is 7.4× the single-rendition upper bound (19.4s) — likely repeats, teaching pauses or explanation included",filename,B,"[""hot_peaks""]",listen once: confirm text = audio
kamadhenu_dataset/incoming_audio/drive/Gita Shlokas__Adhyaya 2/G.2.21.aac,bhagavad_gita,adhyaya_02,21,full,gita:2.21,"वेदाविनाशिनं नित्यं य एनमजमव्ययम्
कथं स पुरुषः पार्थ कं घातयति हन्ति कम्",अनुष्टुप्,32,103.083,too_long,0.8,0.70–0.89 probable,review,"103.1s is 7.3× the single-rendition upper bound (14.1s) — likely repeats, teaching pauses or explanation included",filename,A,[],listen once: confirm text = audio
kamadhenu_dataset/incoming_audio/drive/Gita Shlokas__Adhyaya 2/G.2.22.aac,bhagavad_gita,adhyaya_02,22,full,gita:2.22,"वासांसि जीर्णानि यथा विहाय
नवानि गृह्णाति नरोऽपराणि
तथा शरीराणि विहाय जीर्णा
न्यन्यानि संयाति नवानि देही",उपजाति,44,161.429,too_long,0.8,0.70–0.89 probable,review,"161.4s is 8.3× the single-rendition upper bound (19.4s) — likely repeats, teaching pauses or explanation included",filename,A,[],listen once: confirm text = audio
kamadhenu_dataset/incoming_audio/drive/Gita Shlokas__Adhyaya 2/G.2.23.aac,bhagavad_gita,adhyaya_02,23,full,gita:2.23,"नैनं छिन्दन्ति शस्त्राणि नैनं दहति पावकः
न चैनं क्लेदयन्त्यापो न शोषयति मारुतः",अनुष्टुप्,32,126.208,too_long,0.8,0.70–0.89 probable,review,"126.2s is 9.0× the single-rendition upper bound (14.1s) — likely repeats, teaching pauses or explanation included",filename,A,[],listen once: confirm text = audio
kamadhenu_dataset/incoming_audio/drive/Gita Shlokas__Adhyaya 2/G.2.24.aac,bhagavad_gita,adhyaya_02,24,full,gita:2.24,"अच्छेद्योऽयमदाह्योऽयमक्लेद्योऽशोष्य एव च
नित्यः सर्वगतः स्थाणुरचलोऽयं सनातनः",अनुष्टुप्,32,118.037,too_long,0.8,0.70–0.89 probable,review,"118.0s is 8.4× the single-rendition upper bound (14.1s) — likely repeats, teaching pauses or explanation included",filename,A,[],listen once: confirm text = audio
kamadhenu_dataset/incoming_audio/drive/Gita Shlokas__Adhyaya 2/G.2.25.aac,bhagavad_gita,adhyaya_02,25,full,gita:2.25,"अव्यक्तोऽयमचिन्त्योऽयमविकार्योऽयमुच्यते
तस्मादेवं विदित्वैनं नानुशोचितुमर्हसि",अनुष्टुप्,32,111.851,too_long,0.8,0.70–0.89 probable,review,"111.9s is 7.9× the single-rendition upper bound (14.1s) — likely repeats, teaching pauses or explanation included",filename,A,[],listen once: confirm text = audio
kamadhenu_dataset/incoming_audio/drive/Gita Shlokas__Adhyaya 2/G.2.26.aac,bhagavad_gita,adhyaya_02,26,full,gita:2.26,"अथ चैनं नित्यजातं नित्यं वा मन्यसे मृतम्
तथापि त्वं महाबाहो नैवं शोचितुमर्हसि",अनुष्टुप् (vipulā/irregular — unverified),32,105.152,too_long,0.8,0.70–0.89 probable,review,"105.2s is 7.5× the single-rendition upper bound (14.1s) — likely repeats, teaching pauses or explanation included",filename,A,[],listen once: confirm text = audio
kamadhenu_dataset/incoming_audio/drive/Gita Shlokas__Adhyaya 2/G.2.27.aac,bhagavad_gita,adhyaya_02,27,full,gita:2.27,"जातस्य हि ध्रुवो मृत्युर्ध्रुवं जन्म मृतस्य च
तस्मादपरिहार्येऽर्थे न त्वं शोचितुमर्हसि",अनुष्टुप्,32,132.885,too_long,0.8,0.70–0.89 probable,review,"132.9s is 9.4× the single-rendition upper bound (14.1s) — likely repeats, teaching pauses or explanation included",filename,B,"[""hot_peaks""]",listen once: confirm text = audio
kamadhenu_dataset/incoming_audio/drive/Gita Shlokas__Adhyaya 2/G.2.28.aac,bhagavad_gita,adhyaya_02,28,full,gita:2.28,"अव्यक्तादीनि भूतानि व्यक्तमध्यानि भारत
अव्यक्तनिधनान्येव तत्र का परिदेवना",अनुष्टुप्,32,114.667,too_long,0.8,0.70–0.89 probable,review,"114.7s is 8.1× the single-rendition upper bound (14.1s) — likely repeats, teaching pauses or explanation included",filename,B,"[""hot_peaks""]",listen once: confirm text = audio
kamadhenu_dataset/incoming_audio/drive/Gita Shlokas__Adhyaya 2/G.2.29.aac,bhagavad_gita,adhyaya_02,29,full,gita:2.29,"आश्चर्यवत्पश्यति कश्चिदेन
माश्चर्यवद्वदति तथैव चान्यः
आश्चर्यवच्चैनमन्यः श्रृणोति
श्रुत्वाप्येनं वेद न चैव कश्चित्",अज्ञातम्,45,169.685,too_long,0.8,0.70–0.89 probable,review,"169.7s is 8.6× the single-rendition upper bound (19.8s) — likely repeats, teaching pauses or explanation included",filename,B,"[""hot_peaks""]",listen once: confirm text = audio
kamadhenu_dataset/incoming_audio/drive/Gita Shlokas__Adhyaya 2/G.2.3.aac,bhagavad_gita,adhyaya_02,3,full,gita:2.3,"क्लैब्यं मा स्म गमः पार्थ नैतत्त्वय्युपपद्यते
क्षुद्रं हृदयदौर्बल्यं त्यक्त्वोत्तिष्ठ परन्तप",अनुष्टुप्,32,139.52,too_long,0.8,0.70–0.89 probable,review,"139.5s is 9.9× the single-rendition upper bound (14.1s) — likely repeats, teaching pauses or explanation included",filename,B,"[""hot_peaks""]",listen once: confirm text = audio
kamadhenu_dataset/incoming_audio/drive/Gita Shlokas__Adhyaya 2/G.2.30.aac,bhagavad_gita,adhyaya_02,30,full,gita:2.30,"देही नित्यमवध्योऽयं देहे सर्वस्य भारत
तस्मात्सर्वाणि भूतानि न त्वं शोचितुमर्हसि",अनुष्टुप्,32,114.325,too_long,0.8,0.70–0.89 probable,review,"114.3s is 8.1× the single-rendition upper bound (14.1s) — likely repeats, teaching pauses or explanation included",filename,B,"[""hot_peaks""]",listen once: confirm text = audio
kamadhenu_dataset/incoming_audio/drive/Gita Shlokas__Adhyaya 2/G.2.31.aac,bhagavad_gita,adhyaya_02,31,full,gita:2.31,"स्वधर्ममपि चावेक्ष्य न विकम्पितुमर्हसि
धर्म्याद्धि युद्धाछ्रेयोऽन्यत्क्षत्रियस्य न विद्यते",अनुष्टुप् (vipulā/irregular — unverified),32,133.013,too_long,0.8,0.70–0.89 probable,review,"133.0s is 9.4× the single-rendition upper bound (14.1s) — likely repeats, teaching pauses or explanation included",filename,B,"[""hot_peaks""]",listen once: confirm text = audio
kamadhenu_dataset/incoming_audio/drive/Gita Shlokas__Adhyaya 2/G.2.32.aac,bhagavad_gita,adhyaya_02,32,full,gita:2.32,"यदृच्छया चोपपन्नं स्वर्गद्वारमपावृतम्
सुखिनः क्षत्रियाः पार्थ लभन्ते युद्धमीदृशम्",अनुष्टुप् (vipulā/irregular — unverified),32,112.619,too_long,0.8,0.70–0.89 probable,review,"112.6s is 8.0× the single-rendition upper bound (14.1s) — likely repeats, teaching pauses or explanation included",filename,B,"[""hot_peaks""]",listen once: confirm text = audio
kamadhenu_dataset/incoming_audio/drive/Gita Shlokas__Adhyaya 2/G.2.33.aac,bhagavad_gita,adhyaya_02,33,full,gita:2.33,"अथ चैत्त्वमिमं धर्म्यं संग्रामं न करिष्यसि
ततः स्वधर्मं कीर्तिं च हित्वा पापमवाप्स्यसि",अनुष्टुप् (vipulā/irregular — unverified),32,106.325,too_long,0.8,0.70–0.89 probable,review,"106.3s is 7.6× the single-rendition upper bound (14.1s) — likely repeats, teaching pauses or explanation included",filename,B,"[""hot_peaks""]",listen once: confirm text = audio
kamadhenu_dataset/incoming_audio/drive/Gita Shlokas__Adhyaya 2/G.2.34.aac,bhagavad_gita,adhyaya_02,34,full,gita:2.34,"अकीर्तिं चापि भूतानि कथयिष्यन्ति तेऽव्ययाम्
संभावितस्य चाकीर्तिर्मरणादतिरिच्यते",अनुष्टुप्,32,110.571,too_long,0.8,0.70–0.89 probable,review,"110.6s is 7.9× the single-rendition upper bound (14.1s) — likely repeats, teaching pauses or explanation included",filename,B,"[""hot_peaks""]",listen once: confirm text = audio
kamadhenu_dataset/incoming_audio/drive/Gita Shlokas__Adhyaya 2/G.2.35.aac,bhagavad_gita,adhyaya_02,35,full,gita:2.35,"भयाद्रणादुपरतं मंस्यन्ते त्वां महारथाः
येषां च त्वं बहुमतो भूत्वा यास्यसि लाघवम्",अनुष्टुप् (vipulā/irregular — unverified),32,119.317,too_long,0.8,0.70–0.89 probable,review,"119.3s is 8.5× the single-rendition upper bound (14.1s) — likely repeats, teaching pauses or explanation included",filename,B,"[""hot_peaks""]",listen once: confirm text = audio
kamadhenu_dataset/incoming_audio/drive/Gita Shlokas__Adhyaya 2/G.2.36.aac,bhagavad_gita,adhyaya_02,36,full,gita:2.36,"अवाच्यवादांश्च बहून् वदिष्यन्ति तवाहिताः
निन्दन्तस्तव सामर्थ्यं ततो दुःखतरं नु किम्",अनुष्टुप् (vipulā/irregular — unverified),32,108.864,too_long,0.8,0.70–0.89 probable,review,"108.9s is 7.7× the single-rendition upper bound (14.1s) — likely repeats, teaching pauses or explanation included",filename,B,"[""hot_peaks""]",listen once: confirm text = audio
kamadhenu_dataset/incoming_audio/drive/Gita Shlokas__Adhyaya 2/G.2.37.aac,bhagavad_gita,adhyaya_02,37,full,gita:2.37,"हतो वा प्राप्स्यसि स्वर्गं जित्वा वा भोक्ष्यसे महीम्
तस्मादुत्तिष्ठ कौन्तेय युद्धाय कृतनिश्चयः",अनुष्टुप्,32,135.616,too_long,0.8,0.70–0.89 probable,review,"135.6s is 9.6× the single-rendition upper bound (14.1s) — likely repeats, teaching pauses or explanation included",filename,B,"[""hot_peaks""]",listen once: confirm text = audio
kamadhenu_dataset/incoming_audio/drive/Gita Shlokas__Adhyaya 2/G.2.38.aac,bhagavad_gita,adhyaya_02,38,full,gita:2.38,"सुखदुःखे समे कृत्वा लाभालाभौ जयाजयौ
ततो युद्धाय युज्यस्व नैवं पापमवाप्स्यसि",अनुष्टुप्,32,114.453,too_long,0.8,0.70–0.89 probable,review,"114.5s is 8.1× the single-rendition upper bound (14.1s) — likely repeats, teaching pauses or explanation included",filename,B,"[""hot_peaks""]",listen once: confirm text = audio
kamadhenu_dataset/incoming_audio/drive/Gita Shlokas__Adhyaya 2/G.2.39.aac,bhagavad_gita,adhyaya_02,39,full,gita:2.39,"एषा तेऽभिहिता सांख्ये बुद्धिर्योगे त्विमां श्रृणु
बुद्ध्यायुक्तो यया पार्थ कर्मबन्धं प्रहास्यसि",अनुष्टुप्,32,118.315,too_long,0.8,0.70–0.89 probable,review,"118.3s is 8.4× the single-rendition upper bound (14.1s) — likely repeats, teaching pauses or explanation included",filename,B,"[""hot_peaks""]",listen once: confirm text = audio
kamadhenu_dataset/incoming_audio/drive/Gita Shlokas__Adhyaya 2/G.2.4.aac,bhagavad_gita,adhyaya_02,4,full,gita:2.4,"कथं भीष्ममहं संख्ये द्रोणं च मधुसूदन
इषुभिः प्रतियोत्स्यामि पूजार्हावरिसूदन",अनुष्टुप्,32,123.413,too_long,0.8,0.70–0.89 probable,review,"123.4s is 8.8× the single-rendition upper bound (14.1s) — likely repeats, teaching pauses or explanation included",filename,B,"[""hot_peaks""]",listen once: confirm text = audio
kamadhenu_dataset/incoming_audio/drive/Gita Shlokas__Adhyaya 2/G.2.5.aac,bhagavad_gita,adhyaya_02,5,full,gita:2.5,"गुरूनहत्वा हि महानुभावान्
श्रेयो भोक्तुं भैक्ष्यमपीह लोके
हत्वार्थकामांस्तु गुरूनिहैव
भुञ्जीय भोगान् रुधिरप्रदिग्धान्",अज्ञातम्,44,179.157,too_long,0.8,0.70–0.89 probable,review,"179.2s is 9.3× the single-rendition upper bound (19.4s) — likely repeats, teaching pauses or explanation included",filename,B,"[""hot_peaks"", ""long_trailing_silence""]",listen once: confirm text = audio
kamadhenu_dataset/incoming_audio/drive/Gita Shlokas__Adhyaya 2/G.2.6.aac,bhagavad_gita,adhyaya_02,6,full,gita:2.6,"न चैतद्विद्मः कतरन्नो गरीयो
यद्वा जयेम यदि वा नो जयेयुः
यानेव हत्वा न जिजीविषाम
स्तेऽवस्थिताः प्रमुखे धार्तराष्ट्राः",अज्ञातम्,46,171.669,too_long,0.8,0.70–0.89 probable,review,"171.7s is 8.5× the single-rendition upper bound (20.2s) — likely repeats, teaching pauses or explanation included",filename,B,"[""hot_peaks""]",listen once: confirm text = audio
kamadhenu_dataset/incoming_audio/drive/Gita Shlokas__Adhyaya 2/G.2.7.aac,bhagavad_gita,adhyaya_02,7,full,gita:2.7,"कार्पण्यदोषोपहतस्वभावः
पृच्छामि त्वां धर्मसंमूढचेताः
यच्छ्रेयः स्यान्निश्िचतं ब्रूहि तन्मे
शिष्यस्तेऽहं शाधि मां त्वां प्रपन्नम्",अज्ञातम्,44,179.499,too_long,0.8,0.70–0.89 probable,review,"179.5s is 9.3× the single-rendition upper bound (19.4s) — likely repeats, teaching pauses or explanation included",filename,B,"[""hot_peaks"", ""long_internal_silence""]",listen once: confirm text = audio
kamadhenu_dataset/incoming_audio/drive/Gita Shlokas__Adhyaya 2/G.2.8.aac,bhagavad_gita,adhyaya_02,8,full,gita:2.8,"न हि प्रपश्यामि ममापनुद्या
द्यच्छोकमुच्छोषणमिन्द्रियाणाम्
अवाप्य भूमावसपत्नमृद्धम्
राज्यं सुराणामपि चाधिपत्यम्",उपजाति,44,167.829,too_long,0.8,0.70–0.89 probable,review,"167.8s is 8.7× the single-rendition upper bound (19.4s) — likely repeats, teaching pauses or explanation included",filename,B,"[""hot_peaks""]",listen once: confirm text = audio
kamadhenu_dataset/incoming_audio/drive/Gita Shlokas__Adhyaya 2/G.2.9.aac,bhagavad_gita,adhyaya_02,9,full,gita:2.9,"एवमुक्त्वा हृषीकेशं गुडाकेशः परन्तप
न योत्स्य इति गोविन्दमुक्त्वा तूष्णीं बभूव ह",अनुष्टुप्,32,110.741,too_long,0.8,0.70–0.89 probable,review,"110.7s is 7.9× the single-rendition upper bound (14.1s) — likely repeats, teaching pauses or explanation included",filename,B,"[""hot_peaks""]",listen once: confirm text = audio
kamadhenu_dataset/incoming_audio/drive/Gita Shlokas__Adhyaya 5/G.5.1.1.aac,bhagavad_gita,adhyaya_05,1,half_1,gita:5.1,"संन्यासं कर्मणां कृष्ण पुनर्योगं च शंससि
यच्छ्रेय एतयोरेकं तन्मे ब्रूहि सुनिश्िचतम्",अनुष्टुप्,32,47.595,too_long,0.72,0.70–0.89 probable,review,"47.6s is 6.8× the single-rendition upper bound (7.0s) — likely repeats, teaching pauses or explanation included",filename,A,[],listen once: confirm text = audio
kamadhenu_dataset/incoming_audio/drive/Gita Shlokas__Adhyaya 5/G.5.1.2.aac,bhagavad_gita,adhyaya_05,1,half_2,gita:5.1,"संन्यासं कर्मणां कृष्ण पुनर्योगं च शंससि
यच्छ्रेय एतयोरेकं तन्मे ब्रूहि सुनिश्िचतम्",अनुष्टुप्,32,61.227,too_long,0.72,0.70–0.89 probable,review,"61.2s is 8.7× the single-rendition upper bound (7.0s) — likely repeats, teaching pauses or explanation included",filename,B,"[""hot_peaks""]",listen once: confirm text = audio
kamadhenu_dataset/incoming_audio/drive/Gita Shlokas__Adhyaya 5/G.5.10.1.aac,bhagavad_gita,adhyaya_05,10,half_1,gita:5.10,"ब्रह्मण्याधाय कर्माणि सङ्गं त्यक्त्वा करोति यः
लिप्यते न स पापेन पद्मपत्रमिवाम्भसा",अनुष्टुप्,32,64.405,too_long,0.72,0.70–0.89 probable,review,"64.4s is 9.1× the single-rendition upper bound (7.0s) — likely repeats, teaching pauses or explanation included",filename,B,"[""hot_peaks""]",listen once: confirm text = audio
kamadhenu_dataset/incoming_audio/drive/Gita Shlokas__Adhyaya 5/G.5.10.2.aac,bhagavad_gita,adhyaya_05,10,half_2,gita:5.10,"ब्रह्मण्याधाय कर्माणि सङ्गं त्यक्त्वा करोति यः
लिप्यते न स पापेन पद्मपत्रमिवाम्भसा",अनुष्टुप्,32,62.699,too_long,0.72,0.70–0.89 probable,review,"62.7s is 8.9× the single-rendition upper bound (7.0s) — likely repeats, teaching pauses or explanation included",filename,B,"[""hot_peaks"", ""long_internal_silence""]",listen once: confirm text = audio
kamadhenu_dataset/incoming_audio/drive/Gita Shlokas__Adhyaya 5/G.5.11.1.aac,bhagavad_gita,adhyaya_05,11,half_1,gita:5.11,"कायेन मनसा बुद्ध्या केवलैरिन्द्रियैरपि
योगिनः कर्म कुर्वन्ति सङ्गं त्यक्त्वाऽऽत्मशुद्धये",अनुष्टुप्,32,53.035,too_long,0.72,0.70–0.89 probable,review,"53.0s is 7.5× the single-rendition upper bound (7.0s) — likely repeats, teaching pauses or explanation included",filename,A,[],listen once: confirm text = audio
kamadhenu_dataset/incoming_audio/drive/Gita Shlokas__Adhyaya 5/G.5.11.2.aac,bhagavad_gita,adhyaya_05,11,half_2,gita:5.11,"कायेन मनसा बुद्ध्या केवलैरिन्द्रियैरपि
योगिनः कर्म कुर्वन्ति सङ्गं त्यक्त्वाऽऽत्मशुद्धये",अनुष्टुप्,32,87.659,too_long,0.72,0.70–0.89 probable,review,"87.7s is 12.5× the single-rendition upper bound (7.0s) — likely repeats, teaching pauses or explanation included",filename,A,[],listen once: confirm text = audio
kamadhenu_dataset/incoming_audio/drive/Gita Shlokas__Adhyaya 5/G.5.12.1.aac,bhagavad_gita,adhyaya_05,12,half_1,gita:5.12,"युक्तः कर्मफलं त्यक्त्वा शान्तिमाप्नोति नैष्ठिकीम्
अयुक्तः कामकारेण फले सक्तो निबध्यते",अनुष्टुप्,32,65.067,too_long,0.72,0.70–0.89 probable,review,"65.1s is 9.2× the single-rendition upper bound (7.0s) — likely repeats, teaching pauses or explanation included",filename,A,[],listen once: confirm text = audio
kamadhenu_dataset/incoming_audio/drive/Gita Shlokas__Adhyaya 5/G.5.12.2.aac,bhagavad_gita,adhyaya_05,12,half_2,gita:5.12,"युक्तः कर्मफलं त्यक्त्वा शान्तिमाप्नोति नैष्ठिकीम्
अयुक्तः कामकारेण फले सक्तो निबध्यते",अनुष्टुप्,32,69.483,too_long,0.72,0.70–0.89 probable,review,"69.5s is 9.9× the single-rendition upper bound (7.0s) — likely repeats, teaching pauses or explanation included",filename,A,[],listen once: confirm text = audio
kamadhenu_dataset/incoming_audio/drive/Gita Shlokas__Adhyaya 5/G.5.13.1.aac,bhagavad_gita,adhyaya_05,13,half_1,gita:5.13,"सर्वकर्माणि मनसा संन्यस्यास्ते सुखं वशी
नवद्वारे पुरे देही नैव कुर्वन्न कारयन्",अनुष्टुप् (vipulā/irregular — unverified),32,56.832,too_long,0.72,0.70–0.89 probable,review,"56.8s is 8.1× the single-rendition upper bound (7.0s) — likely repeats, teaching pauses or explanation included",filename,A,[],listen once: confirm text = audio
kamadhenu_dataset/incoming_audio/drive/Gita Shlokas__Adhyaya 5/G.5.13.2.aac,bhagavad_gita,adhyaya_05,13,half_2,gita:5.13,"सर्वकर्माणि मनसा संन्यस्यास्ते सुखं वशी
नवद्वारे पुरे देही नैव कुर्वन्न कारयन्",अनुष्टुप् (vipulā/irregular — unverified),32,72.469,too_long,0.72,0.70–0.89 probable,review,"72.5s is 10.3× the single-rendition upper bound (7.0s) — likely repeats, teaching pauses or explanation included",filename,A,[],listen once: confirm text = audio
kamadhenu_dataset/incoming_audio/drive/Gita Shlokas__Adhyaya 5/G.5.14.1.aac,bhagavad_gita,adhyaya_05,14,half_1,gita:5.14,"न कर्तृत्वं न कर्माणि लोकस्य सृजति प्रभुः
न कर्मफलसंयोगं स्वभावस्तु प्रवर्तते",अनुष्टुप्,32,50.005,too_long,0.72,0.70–0.89 probable,review,"50.0s is 7.1× the single-rendition upper bound (7.0s) — likely repeats, teaching pauses or explanation included",filename,A,[],listen once: confirm text = audio
kamadhenu_dataset/incoming_audio/drive/Gita Shlokas__Adhyaya 5/G.5.14.2.aac,bhagavad_gita,adhyaya_05,14,half_2,gita:5.14,"न कर्तृत्वं न कर्माणि लोकस्य सृजति प्रभुः
न कर्मफलसंयोगं स्वभावस्तु प्रवर्तते",अनुष्टुप्,32,69.483,too_long,0.72,0.70–0.89 probable,review,"69.5s is 9.9× the single-rendition upper bound (7.0s) — likely repeats, teaching pauses or explanation included",filename,A,[],listen once: confirm text = audio
kamadhenu_dataset/incoming_audio/drive/Gita Shlokas__Adhyaya 5/G.5.15.1.aac,bhagavad_gita,adhyaya_05,15,half_1,gita:5.15,"नादत्ते कस्यचित्पापं न चैव सुकृतं विभुः
अज्ञानेनावृतं ज्ञानं तेन मुह्यन्ति जन्तवः",अनुष्टुप्,32,66.027,too_long,0.72,0.70–0.89 probable,review,"66.0s is 9.4× the single-rendition upper bound (7.0s) — likely repeats, teaching pauses or explanation included",filename,A,[],listen once: confirm text = audio
kamadhenu_dataset/incoming_audio/drive/Gita Shlokas__Adhyaya 5/G.5.15.2.aac,bhagavad_gita,adhyaya_05,15,half_2,gita:5.15,"नादत्ते कस्यचित्पापं न चैव सुकृतं विभुः
अज्ञानेनावृतं ज्ञानं तेन मुह्यन्ति जन्तवः",अनुष्टुप्,32,92.181,too_long,0.72,0.70–0.89 probable,review,"92.2s is 13.1× the single-rendition upper bound (7.0s) — likely repeats, teaching pauses or explanation included",filename,A,[],listen once: confirm text = audio
kamadhenu_dataset/incoming_audio/drive/Gita Shlokas__Adhyaya 5/G.5.16.1.aac,bhagavad_gita,adhyaya_05,16,half_1,gita:5.16,"ज्ञानेन तु तदज्ञानं येषां नाशितमात्मनः
तेषामादित्यवज्ज्ञानं प्रकाशयति तत्परम्",अनुष्टुप्,32,74.005,too_long,0.72,0.70–0.89 probable,review,"74.0s is 10.5× the single-rendition upper bound (7.0s) — likely repeats, teaching pauses or explanation included",filename,A,[],listen once: confirm text = audio
kamadhenu_dataset/incoming_audio/drive/Gita Shlokas__Adhyaya 5/G.5.16.2.aac,bhagavad_gita,adhyaya_05,16,half_2,gita:5.16,"ज्ञानेन तु तदज्ञानं येषां नाशितमात्मनः
तेषामादित्यवज्ज्ञानं प्रकाशयति तत्परम्",अनुष्टुप्,32,77.888,too_long,0.72,0.70–0.89 probable,review,"77.9s is 11.1× the single-rendition upper bound (7.0s) — likely repeats, teaching pauses or explanation included",filename,A,[],listen once: confirm text = audio
kamadhenu_dataset/incoming_audio/drive/Gita Shlokas__Adhyaya 5/G.5.17.1.aac,bhagavad_gita,adhyaya_05,17,half_1,gita:5.17,"तद्बुद्धयस्तदात्मानस्तन्निष्ठास्तत्परायणाः
गच्छन्त्यपुनरावृत्तिं ज्ञाननिर्धूतकल्मषाः",अनुष्टुप्,32,71.616,too_long,0.72,0.70–0.89 probable,review,"71.6s is 10.2× the single-rendition upper bound (7.0s) — likely repeats, teaching pauses or explanation included",filename,A,[],listen once: confirm text = audio
kamadhenu_dataset/incoming_audio/drive/Gita Shlokas__Adhyaya 5/G.5.17.2.aac,bhagavad_gita,adhyaya_05,17,half_2,gita:5.17,"तद्बुद्धयस्तदात्मानस्तन्निष्ठास्तत्परायणाः
गच्छन्त्यपुनरावृत्तिं ज्ञाननिर्धूतकल्मषाः",अनुष्टुप्,32,92.437,too_long,0.72,0.70–0.89 probable,review,"92.4s is 13.1× the single-rendition upper bound (7.0s) — likely repeats, teaching pauses or explanation included",filename,A,[],listen once: confirm text = audio
kamadhenu_dataset/incoming_audio/drive/Gita Shlokas__Adhyaya 5/G.5.18.1.aac,bhagavad_gita,adhyaya_05,18,half_1,gita:5.18,"विद्याविनयसंपन्ने ब्राह्मणे गवि हस्तिनि
शुनि चैव श्वपाके च पण्डिताः समदर्शिनः",अनुष्टुप्,32,48.235,too_long,0.72,0.70–0.89 probable,review,"48.2s is 6.9× the single-rendition upper bound (7.0s) — likely repeats, teaching pauses or explanation included",filename,A,[],listen once: confirm text = audio
kamadhenu_dataset/incoming_audio/drive/Gita Shlokas__Adhyaya 5/G.5.18.2.aac,bhagavad_gita,adhyaya_05,18,half_2,gita:5.18,"विद्याविनयसंपन्ने ब्राह्मणे गवि हस्तिनि
शुनि चैव श्वपाके च पण्डिताः समदर्शिनः",अनुष्टुप्,32,72.597,too_long,0.72,0.70–0.89 probable,review,"72.6s is 10.3× the single-rendition upper bound (7.0s) — likely repeats, teaching pauses or explanation included",filename,A,[],listen once: confirm text = audio
kamadhenu_dataset/incoming_audio/drive/Gita Shlokas__Adhyaya 5/G.5.19.1.aac,bhagavad_gita,adhyaya_05,19,half_1,gita:5.19,"इहैव तैर्जितः सर्गो येषां साम्ये स्थितं मनः
निर्दोषं हि समं ब्रह्म तस्माद्ब्रह्मणि ते स्थिताः",अनुष्टुप्,32,56.747,too_long,0.72,0.70–0.89 probable,review,"56.7s is 8.1× the single-rendition upper bound (7.0s) — likely repeats, teaching pauses or explanation included",filename,A,[],listen once: confirm text = audio
kamadhenu_dataset/incoming_audio/drive/Gita Shlokas__Adhyaya 5/G.5.19.2.aac,bhagavad_gita,adhyaya_05,19,half_2,gita:5.19,"इहैव तैर्जितः सर्गो येषां साम्ये स्थितं मनः
निर्दोषं हि समं ब्रह्म तस्माद्ब्रह्मणि ते स्थिताः",अनुष्टुप्,32,71.957,too_long,0.72,0.70–0.89 probable,review,"72.0s is 10.2× the single-rendition upper bound (7.0s) — likely repeats, teaching pauses or explanation included",filename,A,[],listen once: confirm text = audio
kamadhenu_dataset/incoming_audio/drive/Gita Shlokas__Adhyaya 5/G.5.2.1.aac,bhagavad_gita,adhyaya_05,2,half_1,gita:5.2,"श्री भगवानुवाच
संन्यासः कर्मयोगश्च निःश्रेयसकरावुभौ
तयोस्तु कर्मसंन्यासात्कर्मयोगो विशिष्यते",अज्ञातम्,39,52.075,too_long,0.72,0.70–0.89 probable,review,"52.1s is 6.1× the single-rendition upper bound (8.6s) — likely repeats, teaching pauses or explanation included",filename,B,"[""hot_peaks""]",listen once: confirm text = audio
kamadhenu_dataset/incoming_audio/drive/Gita Shlokas__Adhyaya 5/G.5.2.2.aac,bhagavad_gita,adhyaya_05,2,half_2,gita:5.2,"श्री भगवानुवाच
संन्यासः कर्मयोगश्च निःश्रेयसकरावुभौ
तयोस्तु कर्मसंन्यासात्कर्मयोगो विशिष्यते",अज्ञातम्,39,63.147,too_long,0.72,0.70–0.89 probable,review,"63.1s is 7.4× the single-rendition upper bound (8.6s) — likely repeats, teaching pauses or explanation included",filename,B,"[""hot_peaks""]",listen once: confirm text = audio
kamadhenu_dataset/incoming_audio/drive/Gita Shlokas__Adhyaya 5/G.5.20.1.aac,bhagavad_gita,adhyaya_05,20,half_1,gita:5.20,"न प्रहृष्येत्प्रियं प्राप्य नोद्विजेत्प्राप्य चाप्रियम्
स्थिरबुद्धिरसम्मूढो ब्रह्मविद्ब्रह्मणि स्थितः",अनुष्टुप्,32,66.795,too_long,0.72,0.70–0.89 probable,review,"66.8s is 9.5× the single-rendition upper bound (7.0s) — likely repeats, teaching pauses or explanation included",filename,A,[],listen once: confirm text = audio
kamadhenu_dataset/incoming_audio/drive/Gita Shlokas__Adhyaya 5/G.5.20.2.aac,bhagavad_gita,adhyaya_05,20,half_2,gita:5.20,"न प्रहृष्येत्प्रियं प्राप्य नोद्विजेत्प्राप्य चाप्रियम्
स्थिरबुद्धिरसम्मूढो ब्रह्मविद्ब्रह्मणि स्थितः",अनुष्टुप्,32,77.76,too_long,0.72,0.70–0.89 probable,review,"77.8s is 11.0× the single-rendition upper bound (7.0s) — likely repeats, teaching pauses or explanation included",filename,A,[],listen once: confirm text = audio
kamadhenu_dataset/incoming_audio/drive/Gita Shlokas__Adhyaya 5/G.5.21.1.aac,bhagavad_gita,adhyaya_05,21,half_1,gita:5.21,"बाह्यस्पर्शेष्वसक्तात्मा विन्दत्यात्मनि यत्सुखम्
स ब्रह्मयोगयुक्तात्मा सुखमक्षयमश्नुते",अनुष्टुप्,32,81.195,too_long,0.72,0.70–0.89 probable,review,"81.2s is 11.5× the single-rendition upper bound (7.0s) — likely repeats, teaching pauses or explanation included",filename,B,"[""hot_peaks""]",listen once: confirm text = audio
kamadhenu_dataset/incoming_audio/drive/Gita Shlokas__Adhyaya 5/G.5.21.2.aac,bhagavad_gita,adhyaya_05,21,half_2,gita:5.21,"बाह्यस्पर्शेष्वसक्तात्मा विन्दत्यात्मनि यत्सुखम्
स ब्रह्मयोगयुक्तात्मा सुखमक्षयमश्नुते",अनुष्टुप्,32,87.573,too_long,0.72,0.70–0.89 probable,review,"87.6s is 12.4× the single-rendition upper bound (7.0s) — likely repeats, teaching pauses or explanation included",filename,B,"[""hot_peaks""]",listen once: confirm text = audio
kamadhenu_dataset/incoming_audio/drive/Gita Shlokas__Adhyaya 5/G.5.22.1.aac,bhagavad_gita,adhyaya_05,22,half_1,gita:5.22,"ये हि संस्पर्शजा भोगा दुःखयोनय एव ते
आद्यन्तवन्तः कौन्तेय न तेषु रमते बुधः",अनुष्टुप् (vipulā/irregular — unverified),32,68.501,too_long,0.72,0.70–0.89 probable,review,"68.5s is 9.7× the single-rendition upper bound (7.0s) — likely repeats, teaching pauses or explanation included",filename,A,[],listen once: confirm text = audio
kamadhenu_dataset/incoming_audio/drive/Gita Shlokas__Adhyaya 5/G.5.22.2.aac,bhagavad_gita,adhyaya_05,22,half_2,gita:5.22,"ये हि संस्पर्शजा भोगा दुःखयोनय एव ते
आद्यन्तवन्तः कौन्तेय न तेषु रमते बुधः",अनुष्टुप् (vipulā/irregular — unverified),32,73.109,too_long,0.72,0.70–0.89 probable,review,"73.1s is 10.4× the single-rendition upper bound (7.0s) — likely repeats, teaching pauses or explanation included",filename,A,[],listen once: confirm text = audio
kamadhenu_dataset/incoming_audio/drive/Gita Shlokas__Adhyaya 5/G.5.23.1.aac,bhagavad_gita,adhyaya_05,23,half_1,gita:5.23,"शक्नोतीहैव यः सोढुं प्राक्शरीरविमोक्षणात्
कामक्रोधोद्भवं वेगं स युक्तः स सुखी नरः",अनुष्टुप्,32,85.547,too_long,0.72,0.70–0.89 probable,review,"85.5s is 12.2× the single-rendition upper bound (7.0s) — likely repeats, teaching pauses or explanation included",filename,B,"[""hot_peaks""]",listen once: confirm text = audio
kamadhenu_dataset/incoming_audio/drive/Gita Shlokas__Adhyaya 5/G.5.24.1.aac,bhagavad_gita,adhyaya_05,24,half_1,gita:5.24,"योऽन्तःसुखोऽन्तरारामस्तथान्तर्ज्योतिरेव यः
स योगी ब्रह्मनिर्वाणं ब्रह्मभूतोऽधिगच्छति",अनुष्टुप्,32,70.784,too_long,0.72,0.70–0.89 probable,review,"70.8s is 10.1× the single-rendition upper bound (7.0s) — likely repeats, teaching pauses or explanation included",filename,B,"[""hot_peaks""]",listen once: confirm text = audio
kamadhenu_dataset/incoming_audio/drive/Gita Shlokas__Adhyaya 5/G.5.24.2.aac,bhagavad_gita,adhyaya_05,24,half_2,gita:5.24,"योऽन्तःसुखोऽन्तरारामस्तथान्तर्ज्योतिरेव यः
स योगी ब्रह्मनिर्वाणं ब्रह्मभूतोऽधिगच्छति",अनुष्टुप्,32,76.437,too_long,0.72,0.70–0.89 probable,review,"76.4s is 10.9× the single-rendition upper bound (7.0s) — likely repeats, teaching pauses or explanation included",filename,A,[],listen once: confirm text = audio
kamadhenu_dataset/incoming_audio/drive/Gita Shlokas__Adhyaya 5/G.5.25.1.aac,bhagavad_gita,adhyaya_05,25,half_1,gita:5.25,"लभन्ते ब्रह्मनिर्वाणमृषयः क्षीणकल्मषाः
छिन्नद्वैधा यतात्मानः सर्वभूतहिते रताः",अनुष्टुप्,32,59.584,too_long,0.72,0.70–0.89 probable,review,"59.6s is 8.5× the single-rendition upper bound (7.0s) — likely repeats, teaching pauses or explanation included",filename,A,[],listen once: confirm text = audio
kamadhenu_dataset/incoming_audio/drive/Gita Shlokas__Adhyaya 5/G.5.25.2.aac,bhagavad_gita,adhyaya_05,25,half_2,gita:5.25,"लभन्ते ब्रह्मनिर्वाणमृषयः क्षीणकल्मषाः
छिन्नद्वैधा यतात्मानः सर्वभूतहिते रताः",अनुष्टुप्,32,88.768,too_long,0.72,0.70–0.89 probable,review,"88.8s is 12.6× the single-rendition upper bound (7.0s) — likely repeats, teaching pauses or explanation included",filename,A,[],listen once: confirm text = audio
kamadhenu_dataset/incoming_audio/drive/Gita Shlokas__Adhyaya 5/G.5.26.1.aac,bhagavad_gita,adhyaya_05,26,half_1,gita:5.26,"कामक्रोधवियुक्तानां यतीनां यतचेतसाम्
अभितो ब्रह्मनिर्वाणं वर्तते विदितात्मनाम्",अनुष्टुप्,32,54.229,too_long,0.72,0.70–0.89 probable,review,"54.2s is 7.7× the single-rendition upper bound (7.0s) — likely repeats, teaching pauses or explanation included",filename,A,[],listen once: confirm text = audio
kamadhenu_dataset/incoming_audio/drive/Gita Shlokas__Adhyaya 5/G.5.26.2.aac,bhagavad_gita,adhyaya_05,26,half_2,gita:5.26,"कामक्रोधवियुक्तानां यतीनां यतचेतसाम्
अभितो ब्रह्मनिर्वाणं वर्तते विदितात्मनाम्",अनुष्टुप्,32,66.88,too_long,0.72,0.70–0.89 probable,review,"66.9s is 9.5× the single-rendition upper bound (7.0s) — likely repeats, teaching pauses or explanation included",filename,A,[],listen once: confirm text = audio
kamadhenu_dataset/incoming_audio/drive/Gita Shlokas__Adhyaya 5/G.5.27.1.aac,bhagavad_gita,adhyaya_05,27,half_1,gita:5.27,"स्पर्शान्कृत्वा बहिर्बाह्यांश्चक्षुश्चैवान्तरे भ्रुवोः
प्राणापानौ समौ कृत्वा नासाभ्यन्तरचारिणौ",अनुष्टुप्,32,89.365,too_long,0.72,0.70–0.89 probable,review,"89.4s is 12.7× the single-rendition upper bound (7.0s) — likely repeats, teaching pauses or explanation included",filename,A,[],listen once: confirm text = audio
kamadhenu_dataset/incoming_audio/drive/Gita Shlokas__Adhyaya 5/G.5.27.2.aac,bhagavad_gita,adhyaya_05,27,half_2,gita:5.27,"स्पर्शान्कृत्वा बहिर्बाह्यांश्चक्षुश्चैवान्तरे भ्रुवोः
प्राणापानौ समौ कृत्वा नासाभ्यन्तरचारिणौ",अनुष्टुप्,32,73.579,too_long,0.72,0.70–0.89 probable,review,"73.6s is 10.5× the single-rendition upper bound (7.0s) — likely repeats, teaching pauses or explanation included",filename,D,"[""clipping""]",listen once: confirm text = audio
kamadhenu_dataset/incoming_audio/drive/Gita Shlokas__Adhyaya 5/G.5.28.1.aac,bhagavad_gita,adhyaya_05,28,half_1,gita:5.28,"यतेन्द्रियमनोबुद्धिर्मुनिर्मोक्षपरायणः
विगतेच्छाभयक्रोधो यः सदा मुक्त एव सः",अनुष्टुप्,32,52.096,too_long,0.72,0.70–0.89 probable,review,"52.1s is 7.4× the single-rendition upper bound (7.0s) — likely repeats, teaching pauses or explanation included",filename,A,[],listen once: confirm text = audio
kamadhenu_dataset/incoming_audio/drive/Gita Shlokas__Adhyaya 5/G.5.28.2.aac,bhagavad_gita,adhyaya_05,28,half_2,gita:5.28,"यतेन्द्रियमनोबुद्धिर्मुनिर्मोक्षपरायणः
विगतेच्छाभयक्रोधो यः सदा मुक्त एव सः",अनुष्टुप्,32,68.971,too_long,0.72,0.70–0.89 probable,review,"69.0s is 9.8× the single-rendition upper bound (7.0s) — likely repeats, teaching pauses or explanation included",filename,A,[],listen once: confirm text = audio
kamadhenu_dataset/incoming_audio/drive/Gita Shlokas__Adhyaya 5/G.5.29.1.aac,bhagavad_gita,adhyaya_05,29,half_1,gita:5.29,"भोक्तारं यज्ञतपसां सर्वलोकमहेश्वरम्
सुहृदं सर्वभूतानां ज्ञात्वा मां शान्तिमृच्छति",अनुष्टुप् (vipulā/irregular — unverified),32,44.245,too_long,0.72,0.70–0.89 probable,review,"44.2s is 6.3× the single-rendition upper bound (7.0s) — likely repeats, teaching pauses or explanation included",filename,A,[],listen once: confirm text = audio
kamadhenu_dataset/incoming_audio/drive/Gita Shlokas__Adhyaya 5/G.5.29.2.aac,bhagavad_gita,adhyaya_05,29,half_2,gita:5.29,"भोक्तारं यज्ञतपसां सर्वलोकमहेश्वरम्
सुहृदं सर्वभूतानां ज्ञात्वा मां शान्तिमृच्छति",अनुष्टुप् (vipulā/irregular — unverified),32,70.699,too_long,0.72,0.70–0.89 probable,review,"70.7s is 10.0× the single-rendition upper bound (7.0s) — likely repeats, teaching pauses or explanation included",filename,A,[],listen once: confirm text = audio
kamadhenu_dataset/incoming_audio/drive/Gita Shlokas__Adhyaya 5/G.5.3.1.aac,bhagavad_gita,adhyaya_05,3,half_1,gita:5.3,"ज्ञेयः स नित्यसंन्यासी यो न द्वेष्टि न काङ्क्षति
निर्द्वन्द्वो हि महाबाहो सुखं बन्धात्प्रमुच्यते",अनुष्टुप्,32,38.912,too_long,0.72,0.70–0.89 probable,review,"38.9s is 5.5× the single-rendition upper bound (7.0s) — likely repeats, teaching pauses or explanation included",filename,B,"[""hot_peaks""]",listen once: confirm text = audio
kamadhenu_dataset/incoming_audio/drive/Gita Shlokas__Adhyaya 5/G.5.3.2.aac,bhagavad_gita,adhyaya_05,3,half_2,gita:5.3,"ज्ञेयः स नित्यसंन्यासी यो न द्वेष्टि न काङ्क्षति
निर्द्वन्द्वो हि महाबाहो सुखं बन्धात्प्रमुच्यते",अनुष्टुप्,32,62.528,too_long,0.72,0.70–0.89 probable,review,"62.5s is 8.9× the single-rendition upper bound (7.0s) — likely repeats, teaching pauses or explanation included",filename,B,"[""hot_peaks""]",listen once: confirm text = audio
kamadhenu_dataset/incoming_audio/drive/Gita Shlokas__Adhyaya 5/G.5.4.1.aac,bhagavad_gita,adhyaya_05,4,half_1,gita:5.4,"सांख्ययोगौ पृथग्बालाः प्रवदन्ति न पण्डिताः
एकमप्यास्थितः सम्यगुभयोर्विन्दते फलम्",अनुष्टुप्,32,42.304,too_long,0.72,0.70–0.89 probable,review,"42.3s is 6.0× the single-rendition upper bound (7.0s) — likely repeats, teaching pauses or explanation included",filename,B,"[""hot_peaks""]",listen once: confirm text = audio
kamadhenu_dataset/incoming_audio/drive/Gita Shlokas__Adhyaya 5/G.5.4.2.aac,bhagavad_gita,adhyaya_05,4,half_2,gita:5.4,"सांख्ययोगौ पृथग्बालाः प्रवदन्ति न पण्डिताः
एकमप्यास्थितः सम्यगुभयोर्विन्दते फलम्",अनुष्टुप्,32,101.824,too_long,0.72,0.70–0.89 probable,review,"101.8s is 14.5× the single-rendition upper bound (7.0s) — likely repeats, teaching pauses or explanation included",filename,B,"[""hot_peaks""]",listen once: confirm text = audio
kamadhenu_dataset/incoming_audio/drive/Gita Shlokas__Adhyaya 5/G.5.5.1.aac,bhagavad_gita,adhyaya_05,5,half_1,gita:5.5,"यत्सांख्यैः प्राप्यते स्थानं तद्योगैरपि गम्यते
एकं सांख्यं च योगं च यः पश्यति स पश्यति",अनुष्टुप्,32,61.589,too_long,0.72,0.70–0.89 probable,review,"61.6s is 8.7× the single-rendition upper bound (7.0s) — likely repeats, teaching pauses or explanation included",filename,B,"[""hot_peaks""]",listen once: confirm text = audio
kamadhenu_dataset/incoming_audio/drive/Gita Shlokas__Adhyaya 5/G.5.5.2.aac,bhagavad_gita,adhyaya_05,5,half_2,gita:5.5,"यत्सांख्यैः प्राप्यते स्थानं तद्योगैरपि गम्यते
एकं सांख्यं च योगं च यः पश्यति स पश्यति",अनुष्टुप्,32,72.832,too_long,0.72,0.70–0.89 probable,review,"72.8s is 10.3× the single-rendition upper bound (7.0s) — likely repeats, teaching pauses or explanation included",filename,B,"[""hot_peaks""]",listen once: confirm text = audio
kamadhenu_dataset/incoming_audio/drive/Gita Shlokas__Adhyaya 5/G.5.6.1.aac,bhagavad_gita,adhyaya_05,6,half_1,gita:5.6,"संन्यासस्तु महाबाहो दुःखमाप्तुमयोगतः
योगयुक्तो मुनिर्ब्रह्म नचिरेणाधिगच्छति",अनुष्टुप्,32,54.272,too_long,0.72,0.70–0.89 probable,review,"54.3s is 7.7× the single-rendition upper bound (7.0s) — likely repeats, teaching pauses or explanation included",filename,A,[],listen once: confirm text = audio
kamadhenu_dataset/incoming_audio/drive/Gita Shlokas__Adhyaya 5/G.5.6.2.aac,bhagavad_gita,adhyaya_05,6,half_2,gita:5.6,"संन्यासस्तु महाबाहो दुःखमाप्तुमयोगतः
योगयुक्तो मुनिर्ब्रह्म नचिरेणाधिगच्छति",अनुष्टुप्,32,67.285,too_long,0.72,0.70–0.89 probable,review,"67.3s is 9.6× the single-rendition upper bound (7.0s) — likely repeats, teaching pauses or explanation included",filename,B,"[""hot_peaks""]",listen once: confirm text = audio
kamadhenu_dataset/incoming_audio/drive/Gita Shlokas__Adhyaya 5/G.5.7.1.aac,bhagavad_gita,adhyaya_05,7,half_1,gita:5.7,"योगयुक्तो विशुद्धात्मा विजितात्मा जितेन्द्रियः
सर्वभूतात्मभूतात्मा कुर्वन्नपि न लिप्यते",अनुष्टुप्,32,46.741,too_long,0.72,0.70–0.89 probable,review,"46.7s is 6.6× the single-rendition upper bound (7.0s) — likely repeats, teaching pauses or explanation included",filename,B,"[""hot_peaks""]",listen once: confirm text = audio
kamadhenu_dataset/incoming_audio/drive/Gita Shlokas__Adhyaya 5/G.5.7.2.aac,bhagavad_gita,adhyaya_05,7,half_2,gita:5.7,"योगयुक्तो विशुद्धात्मा विजितात्मा जितेन्द्रियः
सर्वभूतात्मभूतात्मा कुर्वन्नपि न लिप्यते",अनुष्टुप्,32,61.909,too_long,0.72,0.70–0.89 probable,review,"61.9s is 8.8× the single-rendition upper bound (7.0s) — likely repeats, teaching pauses or explanation included",filename,B,"[""hot_peaks""]",listen once: confirm text = audio
kamadhenu_dataset/incoming_audio/drive/Gita Shlokas__Adhyaya 5/G.5.8.1.aac,bhagavad_gita,adhyaya_05,8,half_1,gita:5.8,"नैव किंचित्करोमीति युक्तो मन्येत तत्त्ववित्
पश्यन् श्रृणवन्स्पृशञ्जिघ्रन्नश्नन्गच्छन्स्वपन् श्वसन्",अज्ञातम्,33,51.563,too_long,0.72,0.70–0.89 probable,review,"51.6s is 7.1× the single-rendition upper bound (7.3s) — likely repeats, teaching pauses or explanation included",filename,B,"[""hot_peaks""]",listen once: confirm text = audio
kamadhenu_dataset/incoming_audio/drive/Gita Shlokas__Adhyaya 5/G.5.8.2.aac,bhagavad_gita,adhyaya_05,8,half_2,gita:5.8,"नैव किंचित्करोमीति युक्तो मन्येत तत्त्ववित्
पश्यन् श्रृणवन्स्पृशञ्जिघ्रन्नश्नन्गच्छन्स्वपन् श्वसन्",अज्ञातम्,33,148.608,too_long,0.72,0.70–0.89 probable,review,"148.6s is 20.5× the single-rendition upper bound (7.3s) — likely repeats, teaching pauses or explanation included",filename,B,"[""hot_peaks"", ""long_internal_silence""]",listen once: confirm text = audio
kamadhenu_dataset/incoming_audio/drive/Gita Shlokas__Adhyaya 5/G.5.9.1.aac,bhagavad_gita,adhyaya_05,9,half_1,gita:5.9,"प्रलपन्विसृजन्गृह्णन्नुन्मिषन्निमिषन्नपि
इन्द्रियाणीन्द्रियार्थेषु वर्तन्त इति धारयन्",अनुष्टुप्,32,55.595,too_long,0.72,0.70–0.89 probable,review,"55.6s is 7.9× the single-rendition upper bound (7.0s) — likely repeats, teaching pauses or explanation included",filename,B,"[""hot_peaks""]",listen once: confirm text = audio
kamadhenu_dataset/incoming_audio/drive/Gita Shlokas__Adhyaya 5/G.5.9.2.aac,bhagavad_gita,adhyaya_05,9,half_2,gita:5.9,"प्रलपन्विसृजन्गृह्णन्नुन्मिषन्निमिषन्नपि
इन्द्रियाणीन्द्रियार्थेषु वर्तन्त इति धारयन्",अनुष्टुप्,32,73.365,too_long,0.72,0.70–0.89 probable,review,"73.4s is 10.4× the single-rendition upper bound (7.0s) — likely repeats, teaching pauses or explanation included",filename,B,"[""hot_peaks"", ""long_internal_silence""]",listen once: confirm text = audio
kamadhenu_dataset/incoming_audio/drive/Gita Shlokas__Adhyaya 5/G.5.E.aac,bhagavad_gita,,,full,,,,,34.389,,0.3,<0.50 weak/unmatched,unmatched,"work known from folder, verse not parseable from filename",folder,A,[],provide text / rename / identify work
kamadhenu_dataset/incoming_audio/drive/Gita Shlokas__Adhyaya 6/G.6.1.1.aac,bhagavad_gita,adhyaya_06,1,half_1,gita:6.1,"श्री भगवानुवाच
अनाश्रितः कर्मफलं कार्यं कर्म करोति यः
स संन्यासी च योगी च न निरग्निर्न चाक्रियः",अज्ञातम्,39,50.133,too_long,0.72,0.70–0.89 probable,review,"50.1s is 5.8× the single-rendition upper bound (8.6s) — likely repeats, teaching pauses or explanation included",filename,B,"[""hot_peaks""]",listen once: confirm text = audio
kamadhenu_dataset/incoming_audio/drive/Gita Shlokas__Adhyaya 6/G.6.1.2.aac,bhagavad_gita,adhyaya_06,1,half_2,gita:6.1,"श्री भगवानुवाच
अनाश्रितः कर्मफलं कार्यं कर्म करोति यः
स संन्यासी च योगी च न निरग्निर्न चाक्रियः",अज्ञातम्,39,68.565,too_long,0.72,0.70–0.89 probable,review,"68.6s is 8.0× the single-rendition upper bound (8.6s) — likely repeats, teaching pauses or explanation included",filename,B,"[""hot_peaks""]",listen once: confirm text = audio
kamadhenu_dataset/incoming_audio/drive/Gita Shlokas__Adhyaya 6/G.6.10.1.aac,bhagavad_gita,adhyaya_06,10,half_1,gita:6.10,"योगी युञ्जीत सततमात्मानं रहसि स्थितः
एकाकी यतचित्तात्मा निराशीरपरिग्रहः",अनुष्टुप् (vipulā/irregular — unverified),32,60.715,too_long,0.72,0.70–0.89 probable,review,"60.7s is 8.6× the single-rendition upper bound (7.0s) — likely repeats, teaching pauses or explanation included",filename,A,[],listen once: confirm text = audio
kamadhenu_dataset/incoming_audio/drive/Gita Shlokas__Adhyaya 6/G.6.10.2.aac,bhagavad_gita,adhyaya_06,10,half_2,gita:6.10,"योगी युञ्जीत सततमात्मानं रहसि स्थितः
एकाकी यतचित्तात्मा निराशीरपरिग्रहः",अनुष्टुप् (vipulā/irregular — unverified),32,70.613,too_long,0.72,0.70–0.89 probable,review,"70.6s is 10.0× the single-rendition upper bound (7.0s) — likely repeats, teaching pauses or explanation included",filename,B,"[""hot_peaks""]",listen once: confirm text = audio
kamadhenu_dataset/incoming_audio/drive/Gita Shlokas__Adhyaya 6/G.6.11.1.aac,bhagavad_gita,adhyaya_06,11,half_1,gita:6.11,"शुचौ देशे प्रतिष्ठाप्य स्थिरमासनमात्मनः
नात्युच्छ्रितं नातिनीचं चैलाजिनकुशोत्तरम्",अनुष्टुप् (vipulā/irregular — unverified),32,60.437,too_long,0.72,0.70–0.89 probable,review,"60.4s is 8.6× the single-rendition upper bound (7.0s) — likely repeats, teaching pauses or explanation included",filename,B,"[""hot_peaks""]",listen once: confirm text = audio
kamadhenu_dataset/incoming_audio/drive/Gita Shlokas__Adhyaya 6/G.6.11.2.aac,bhagavad_gita,adhyaya_06,11,half_2,gita:6.11,"शुचौ देशे प्रतिष्ठाप्य स्थिरमासनमात्मनः
नात्युच्छ्रितं नातिनीचं चैलाजिनकुशोत्तरम्",अनुष्टुप् (vipulā/irregular — unverified),32,77.12,too_long,0.72,0.70–0.89 probable,review,"77.1s is 11.0× the single-rendition upper bound (7.0s) — likely repeats, teaching pauses or explanation included",filename,B,"[""hot_peaks""]",listen once: confirm text = audio
kamadhenu_dataset/incoming_audio/drive/Gita Shlokas__Adhyaya 6/G.6.12.1.aac,bhagavad_gita,adhyaya_06,12,half_1,gita:6.12,"तत्रैकाग्रं मनः कृत्वा यतचित्तेन्द्रियक्रियः
उपविश्यासने युञ्ज्याद्योगमात्मविशुद्धये",अनुष्टुप्,32,64.619,too_long,0.72,0.70–0.89 probable,review,"64.6s is 9.2× the single-rendition upper bound (7.0s) — likely repeats, teaching pauses or explanation included",filename,B,"[""hot_peaks""]",listen once: confirm text = audio
kamadhenu_dataset/incoming_audio/drive/Gita Shlokas__Adhyaya 6/G.6.12.2.aac,bhagavad_gita,adhyaya_06,12,half_2,gita:6.12,"तत्रैकाग्रं मनः कृत्वा यतचित्तेन्द्रियक्रियः
उपविश्यासने युञ्ज्याद्योगमात्मविशुद्धये",अनुष्टुप्,32,93.077,too_long,0.72,0.70–0.89 probable,review,"93.1s is 13.2× the single-rendition upper bound (7.0s) — likely repeats, teaching pauses or explanation included",filename,D,"[""clipping""]",listen once: confirm text = audio
kamadhenu_dataset/incoming_audio/drive/Gita Shlokas__Adhyaya 6/G.6.13.1.aac,bhagavad_gita,adhyaya_06,13,half_1,gita:6.13,"समं कायशिरोग्रीवं धारयन्नचलं स्थिरः
संप्रेक्ष्य नासिकाग्रं स्वं दिशश्चानवलोकयन्",अनुष्टुप्,32,52.651,too_long,0.72,0.70–0.89 probable,review,"52.7s is 7.5× the single-rendition upper bound (7.0s) — likely repeats, teaching pauses or explanation included",filename,B,"[""hot_peaks""]",listen once: confirm text = audio
kamadhenu_dataset/incoming_audio/drive/Gita Shlokas__Adhyaya 6/G.6.13.2.aac,bhagavad_gita,adhyaya_06,13,half_2,gita:6.13,"समं कायशिरोग्रीवं धारयन्नचलं स्थिरः
संप्रेक्ष्य नासिकाग्रं स्वं दिशश्चानवलोकयन्",अनुष्टुप्,32,82.944,too_long,0.72,0.70–0.89 probable,review,"82.9s is 11.8× the single-rendition upper bound (7.0s) — likely repeats, teaching pauses or explanation included",filename,B,"[""hot_peaks""]",listen once: confirm text = audio
kamadhenu_dataset/incoming_audio/drive/Gita Shlokas__Adhyaya 6/G.6.14.1.aac,bhagavad_gita,adhyaya_06,14,half_1,gita:6.14,"प्रशान्तात्मा विगतभीर्ब्रह्मचारिव्रते स्थितः
मनः संयम्य मच्चित्तो युक्त आसीत मत्परः",अनुष्टुप् (vipulā/irregular — unverified),32,64.256,too_long,0.72,0.70–0.89 probable,review,"64.3s is 9.1× the single-rendition upper bound (7.0s) — likely repeats, teaching pauses or explanation included",filename,B,"[""hot_peaks""]",listen once: confirm text = audio
kamadhenu_dataset/incoming_audio/drive/Gita Shlokas__Adhyaya 6/G.6.14.2.aac,bhagavad_gita,adhyaya_06,14,half_2,gita:6.14,"प्रशान्तात्मा विगतभीर्ब्रह्मचारिव्रते स्थितः
मनः संयम्य मच्चित्तो युक्त आसीत मत्परः",अनुष्टुप् (vipulā/irregular — unverified),32,77.931,too_long,0.72,0.70–0.89 probable,review,"77.9s is 11.1× the single-rendition upper bound (7.0s) — likely repeats, teaching pauses or explanation included",filename,B,"[""hot_peaks""]",listen once: confirm text = audio
kamadhenu_dataset/incoming_audio/drive/Gita Shlokas__Adhyaya 6/G.6.15.1.aac,bhagavad_gita,adhyaya_06,15,half_1,gita:6.15,"युञ्जन्नेवं सदाऽऽत्मानं योगी नियतमानसः
शान्तिं निर्वाणपरमां मत्संस्थामधिगच्छति",अनुष्टुप् (vipulā/irregular — unverified),32,60.352,too_long,0.72,0.70–0.89 probable,review,"60.4s is 8.6× the single-rendition upper bound (7.0s) — likely repeats, teaching pauses or explanation included",filename,B,"[""hot_peaks""]",listen once: confirm text = audio
kamadhenu_dataset/incoming_audio/drive/Gita Shlokas__Adhyaya 6/G.6.15.2.aac,bhagavad_gita,adhyaya_06,15,half_2,gita:6.15,"युञ्जन्नेवं सदाऽऽत्मानं योगी नियतमानसः
शान्तिं निर्वाणपरमां मत्संस्थामधिगच्छति",अनुष्टुप् (vipulā/irregular — unverified),32,78.037,too_long,0.72,0.70–0.89 probable,review,"78.0s is 11.1× the single-rendition upper bound (7.0s) — likely repeats, teaching pauses or explanation included",filename,B,"[""hot_peaks""]",listen once: confirm text = audio
kamadhenu_dataset/incoming_audio/drive/Gita Shlokas__Adhyaya 6/G.6.16.1.aac,bhagavad_gita,adhyaya_06,16,half_1,gita:6.16,"नात्यश्नतस्तु योगोऽस्ति न चैकान्तमनश्नतः
न चातिस्वप्नशीलस्य जाग्रतो नैव चार्जुन",अनुष्टुप्,32,54.955,too_long,0.72,0.70–0.89 probable,review,"55.0s is 7.8× the single-rendition upper bound (7.0s) — likely repeats, teaching pauses or explanation included",filename,B,"[""hot_peaks""]",listen once: confirm text = audio
kamadhenu_dataset/incoming_audio/drive/Gita Shlokas__Adhyaya 6/G.6.16.2.aac,bhagavad_gita,adhyaya_06,16,half_2,gita:6.16,"नात्यश्नतस्तु योगोऽस्ति न चैकान्तमनश्नतः
न चातिस्वप्नशीलस्य जाग्रतो नैव चार्जुन",अनुष्टुप्,32,69.248,too_long,0.72,0.70–0.89 probable,review,"69.2s is 9.8× the single-rendition upper bound (7.0s) — likely repeats, teaching pauses or explanation included",filename,B,"[""hot_peaks""]",listen once: confirm text = audio
kamadhenu_dataset/incoming_audio/drive/Gita Shlokas__Adhyaya 6/G.6.17.1.aac,bhagavad_gita,adhyaya_06,17,half_1,gita:6.17,"युक्ताहारविहारस्य युक्तचेष्टस्य कर्मसु
युक्तस्वप्नावबोधस्य योगो भवति दुःखहा",अनुष्टुप्,32,59.051,too_long,0.72,0.70–0.89 probable,review,"59.1s is 8.4× the single-rendition upper bound (7.0s) — likely repeats, teaching pauses or explanation included",filename,B,"[""hot_peaks""]",listen once: confirm text = audio
kamadhenu_dataset/incoming_audio/drive/Gita Shlokas__Adhyaya 6/G.6.17.2.aac,bhagavad_gita,adhyaya_06,17,half_2,gita:6.17,"युक्ताहारविहारस्य युक्तचेष्टस्य कर्मसु
युक्तस्वप्नावबोधस्य योगो भवति दुःखहा",अनुष्टुप्,32,74.923,too_long,0.72,0.70–0.89 probable,review,"74.9s is 10.6× the single-rendition upper bound (7.0s) — likely repeats, teaching pauses or explanation included",filename,B,"[""hot_peaks""]",listen once: confirm text = audio
kamadhenu_dataset/incoming_audio/drive/Gita Shlokas__Adhyaya 6/G.6.18.1.aac,bhagavad_gita,adhyaya_06,18,half_1,gita:6.18,"यदा विनियतं चित्तमात्मन्येवावतिष्ठते
निःस्पृहः सर्वकामेभ्यो युक्त इत्युच्यते तदा",अनुष्टुप्,32,68.352,too_long,0.72,0.70–0.89 probable,review,"68.4s is 9.7× the single-rendition upper bound (7.0s) — likely repeats, teaching pauses or explanation included",filename,B,"[""hot_peaks""]",listen once: confirm text = audio
kamadhenu_dataset/incoming_audio/drive/Gita Shlokas__Adhyaya 6/G.6.18.2.aac,bhagavad_gita,adhyaya_06,18,half_2,gita:6.18,"यदा विनियतं चित्तमात्मन्येवावतिष्ठते
निःस्पृहः सर्वकामेभ्यो युक्त इत्युच्यते तदा",अनुष्टुप्,32,89.088,too_long,0.72,0.70–0.89 probable,review,"89.1s is 12.7× the single-rendition upper bound (7.0s) — likely repeats, teaching pauses or explanation included",filename,B,"[""hot_peaks""]",listen once: confirm text = audio
kamadhenu_dataset/incoming_audio/drive/Gita Shlokas__Adhyaya 6/G.6.19.1.aac,bhagavad_gita,adhyaya_06,19,half_1,gita:6.19,"यथा दीपो निवातस्थो नेङ्गते सोपमा स्मृता
योगिनो यतचित्तस्य युञ्जतो योगमात्मनः",अनुष्टुप्,32,56.256,too_long,0.72,0.70–0.89 probable,review,"56.3s is 8.0× the single-rendition upper bound (7.0s) — likely repeats, teaching pauses or explanation included",filename,B,"[""hot_peaks""]",listen once: confirm text = audio
kamadhenu_dataset/incoming_audio/drive/Gita Shlokas__Adhyaya 6/G.6.19.2.aac,bhagavad_gita,adhyaya_06,19,half_2,gita:6.19,"यथा दीपो निवातस्थो नेङ्गते सोपमा स्मृता
योगिनो यतचित्तस्य युञ्जतो योगमात्मनः",अनुष्टुप्,32,75.221,too_long,0.72,0.70–0.89 probable,review,"75.2s is 10.7× the single-rendition upper bound (7.0s) — likely repeats, teaching pauses or explanation included",filename,B,"[""hot_peaks""]",listen once: confirm text = audio
kamadhenu_dataset/incoming_audio/drive/Gita Shlokas__Adhyaya 6/G.6.2.1.aac,bhagavad_gita,adhyaya_06,2,half_1,gita:6.2,"यं संन्यासमिति प्राहुर्योगं तं विद्धि पाण्डव
न ह्यसंन्यस्तसङ्कल्पो योगी भवति कश्चन",अनुष्टुप्,32,61.653,too_long,0.72,0.70–0.89 probable,review,"61.7s is 8.8× the single-rendition upper bound (7.0s) — likely repeats, teaching pauses or explanation included",filename,B,"[""hot_peaks""]",listen once: confirm text = audio
kamadhenu_dataset/incoming_audio/drive/Gita Shlokas__Adhyaya 6/G.6.2.2.aac,bhagavad_gita,adhyaya_06,2,half_2,gita:6.2,"यं संन्यासमिति प्राहुर्योगं तं विद्धि पाण्डव
न ह्यसंन्यस्तसङ्कल्पो योगी भवति कश्चन",अनुष्टुप्,32,71.317,too_long,0.72,0.70–0.89 probable,review,"71.3s is 10.1× the single-rendition upper bound (7.0s) — likely repeats, teaching pauses or explanation included",filename,B,"[""hot_peaks""]",listen once: confirm text = audio
kamadhenu_dataset/incoming_audio/drive/Gita Shlokas__Adhyaya 6/G.6.20.1.aac,bhagavad_gita,adhyaya_06,20,half_1,gita:6.20,"यत्रोपरमते चित्तं निरुद्धं योगसेवया
यत्र चैवात्मनाऽऽत्मानं पश्यन्नात्मनि तुष्यति",अनुष्टुप्,32,49.557,too_long,0.72,0.70–0.89 probable,review,"49.6s is 7.0× the single-rendition upper bound (7.0s) — likely repeats, teaching pauses or explanation included",filename,B,"[""hot_peaks""]",listen once: confirm text = audio
kamadhenu_dataset/incoming_audio/drive/Gita Shlokas__Adhyaya 6/G.6.20.2.aac,bhagavad_gita,adhyaya_06,20,half_2,gita:6.20,"यत्रोपरमते चित्तं निरुद्धं योगसेवया
यत्र चैवात्मनाऽऽत्मानं पश्यन्नात्मनि तुष्यति",अनुष्टुप्,32,86.165,too_long,0.72,0.70–0.89 probable,review,"86.2s is 12.2× the single-rendition upper bound (7.0s) — likely repeats, teaching pauses or explanation included",filename,B,"[""hot_peaks""]",listen once: confirm text = audio
kamadhenu_dataset/incoming_audio/drive/Gita Shlokas__Adhyaya 6/G.6.21.1.aac,bhagavad_gita,adhyaya_06,21,half_1,gita:6.21,"सुखमात्यन्तिकं यत्तद्बुद्धिग्राह्यमतीन्द्रियम्
वेत्ति यत्र न चैवायं स्थितश्चलति तत्त्वतः",अनुष्टुप्,32,65.003,too_long,0.72,0.70–0.89 probable,review,"65.0s is 9.2× the single-rendition upper bound (7.0s) — likely repeats, teaching pauses or explanation included",filename,B,"[""hot_peaks""]",listen once: confirm text = audio
kamadhenu_dataset/incoming_audio/drive/Gita Shlokas__Adhyaya 6/G.6.21.2.aac,bhagavad_gita,adhyaya_06,21,half_2,gita:6.21,"सुखमात्यन्तिकं यत्तद्बुद्धिग्राह्यमतीन्द्रियम्
वेत्ति यत्र न चैवायं स्थितश्चलति तत्त्वतः",अनुष्टुप्,32,59.968,too_long,0.72,0.70–0.89 probable,review,"60.0s is 8.5× the single-rendition upper bound (7.0s) — likely repeats, teaching pauses or explanation included",filename,B,"[""hot_peaks""]",listen once: confirm text = audio
kamadhenu_dataset/incoming_audio/drive/Gita Shlokas__Adhyaya 6/G.6.22.1.aac,bhagavad_gita,adhyaya_06,22,half_1,gita:6.22,"यं लब्ध्वा चापरं लाभं मन्यते नाधिकं ततः
यस्मिन्स्थितो न दुःखेन गुरुणापि विचाल्यते",अनुष्टुप्,32,59.243,too_long,0.72,0.70–0.89 probable,review,"59.2s is 8.4× the single-rendition upper bound (7.0s) — likely repeats, teaching pauses or explanation included",filename,B,"[""hot_peaks""]",listen once: confirm text = audio
kamadhenu_dataset/incoming_audio/drive/Gita Shlokas__Adhyaya 6/G.6.22.2.aac,bhagavad_gita,adhyaya_06,22,half_2,gita:6.22,"यं लब्ध्वा चापरं लाभं मन्यते नाधिकं ततः
यस्मिन्स्थितो न दुःखेन गुरुणापि विचाल्यते",अनुष्टुप्,32,68.181,too_long,0.72,0.70–0.89 probable,review,"68.2s is 9.7× the single-rendition upper bound (7.0s) — likely repeats, teaching pauses or explanation included",filename,B,"[""hot_peaks""]",listen once: confirm text = audio
kamadhenu_dataset/incoming_audio/drive/Gita Shlokas__Adhyaya 6/G.6.23.1.aac,bhagavad_gita,adhyaya_06,23,half_1,gita:6.23,"तं विद्याद् दुःखसंयोगवियोगं योगसंज्ञितम्
स निश्चयेन योक्तव्यो योगोऽनिर्विण्णचेतसा",अनुष्टुप्,32,64.085,too_long,0.72,0.70–0.89 probable,review,"64.1s is 9.1× the single-rendition upper bound (7.0s) — likely repeats, teaching pauses or explanation included",filename,B,"[""hot_peaks""]",listen once: confirm text = audio
kamadhenu_dataset/incoming_audio/drive/Gita Shlokas__Adhyaya 6/G.6.23.2.aac,bhagavad_gita,adhyaya_06,23,half_2,gita:6.23,"तं विद्याद् दुःखसंयोगवियोगं योगसंज्ञितम्
स निश्चयेन योक्तव्यो योगोऽनिर्विण्णचेतसा",अनुष्टुप्,32,58.091,too_long,0.72,0.70–0.89 probable,review,"58.1s is 8.3× the single-rendition upper bound (7.0s) — likely repeats, teaching pauses or explanation included",filename,D,"[""clipping""]",listen once: confirm text = audio
kamadhenu_dataset/incoming_audio/drive/Gita Shlokas__Adhyaya 6/G.6.24.1.aac,bhagavad_gita,adhyaya_06,24,half_1,gita:6.24,"सङ्कल्पप्रभवान्कामांस्त्यक्त्वा सर्वानशेषतः
मनसैवेन्द्रियग्रामं विनियम्य समन्ततः",अनुष्टुप्,32,70.613,too_long,0.72,0.70–0.89 probable,review,"70.6s is 10.0× the single-rendition upper bound (7.0s) — likely repeats, teaching pauses or explanation included",filename,D,"[""clipping""]",listen once: confirm text = audio
kamadhenu_dataset/incoming_audio/drive/Gita Shlokas__Adhyaya 6/G.6.24.2.aac,bhagavad_gita,adhyaya_06,24,half_2,gita:6.24,"सङ्कल्पप्रभवान्कामांस्त्यक्त्वा सर्वानशेषतः
मनसैवेन्द्रियग्रामं विनियम्य समन्ततः",अनुष्टुप्,32,77.611,too_long,0.72,0.70–0.89 probable,review,"77.6s is 11.0× the single-rendition upper bound (7.0s) — likely repeats, teaching pauses or explanation included",filename,B,"[""hot_peaks""]",listen once: confirm text = audio
kamadhenu_dataset/incoming_audio/drive/Gita Shlokas__Adhyaya 6/G.6.25.1.aac,bhagavad_gita,adhyaya_06,25,half_1,gita:6.25,"शनैः शनैरुपरमेद् बुद्ध्या धृतिगृहीतया
आत्मसंस्थं मनः कृत्वा न किञ्चिदपि चिन्तयेत्",अनुष्टुप् (vipulā/irregular — unverified),32,66.667,too_long,0.72,0.70–0.89 probable,review,"66.7s is 9.5× the single-rendition upper bound (7.0s) — likely repeats, teaching pauses or explanation included",filename,B,"[""hot_peaks""]",listen once: confirm text = audio
kamadhenu_dataset/incoming_audio/drive/Gita Shlokas__Adhyaya 6/G.6.25.2.aac,bhagavad_gita,adhyaya_06,25,half_2,gita:6.25,"शनैः शनैरुपरमेद् बुद्ध्या धृतिगृहीतया
आत्मसंस्थं मनः कृत्वा न किञ्चिदपि चिन्तयेत्",अनुष्टुप् (vipulā/irregular — unverified),32,75.051,too_long,0.72,0.70–0.89 probable,review,"75.1s is 10.7× the single-rendition upper bound (7.0s) — likely repeats, teaching pauses or explanation included",filename,B,"[""hot_peaks""]",listen once: confirm text = audio
kamadhenu_dataset/incoming_audio/drive/Gita Shlokas__Adhyaya 6/G.6.26.1.aac,bhagavad_gita,adhyaya_06,26,half_1,gita:6.26,"यतो यतो निश्चरति मनश्चञ्चलमस्थिरम्
ततस्ततो नियम्यैतदात्मन्येव वशं नयेत्",अनुष्टुप् (vipulā/irregular — unverified),32,50.517,too_long,0.72,0.70–0.89 probable,review,"50.5s is 7.2× the single-rendition upper bound (7.0s) — likely repeats, teaching pauses or explanation included",filename,D,"[""clipping""]",listen once: confirm text = audio
kamadhenu_dataset/incoming_audio/drive/Gita Shlokas__Adhyaya 6/G.6.26.2.aac,bhagavad_gita,adhyaya_06,26,half_2,gita:6.26,"यतो यतो निश्चरति मनश्चञ्चलमस्थिरम्
ततस्ततो नियम्यैतदात्मन्येव वशं नयेत्",अनुष्टुप् (vipulā/irregular — unverified),32,91.136,too_long,0.72,0.70–0.89 probable,review,"91.1s is 12.9× the single-rendition upper bound (7.0s) — likely repeats, teaching pauses or explanation included",filename,B,"[""hot_peaks""]",listen once: confirm text = audio
kamadhenu_dataset/incoming_audio/drive/Gita Shlokas__Adhyaya 6/G.6.27.1.aac,bhagavad_gita,adhyaya_06,27,half_1,gita:6.27,"प्रशान्तमनसं ह्येनं योगिनं सुखमुत्तमम्
उपैति शान्तरजसं ब्रह्मभूतमकल्मषम्",अनुष्टुप् (vipulā/irregular — unverified),32,65.984,too_long,0.72,0.70–0.89 probable,review,"66.0s is 9.4× the single-rendition upper bound (7.0s) — likely repeats, teaching pauses or explanation included",filename,B,"[""hot_peaks""]",listen once: confirm text = audio
kamadhenu_dataset/incoming_audio/drive/Gita Shlokas__Adhyaya 6/G.6.27.2.aac,bhagavad_gita,adhyaya_06,27,half_2,gita:6.27,"प्रशान्तमनसं ह्येनं योगिनं सुखमुत्तमम्
उपैति शान्तरजसं ब्रह्मभूतमकल्मषम्",अनुष्टुप् (vipulā/irregular — unverified),32,68.011,too_long,0.72,0.70–0.89 probable,review,"68.0s is 9.7× the single-rendition upper bound (7.0s) — likely repeats, teaching pauses or explanation included",filename,B,"[""hot_peaks""]",listen once: confirm text = audio
kamadhenu_dataset/incoming_audio/drive/Gita Shlokas__Adhyaya 6/G.6.28.1.aac,bhagavad_gita,adhyaya_06,28,half_1,gita:6.28,"युञ्जन्नेवं सदाऽऽत्मानं योगी विगतकल्मषः
सुखेन ब्रह्मसंस्पर्शमत्यन्तं सुखमश्नुते",अनुष्टुप्,32,74.304,too_long,0.72,0.70–0.89 probable,review,"74.3s is 10.6× the single-rendition upper bound (7.0s) — likely repeats, teaching pauses or explanation included",filename,B,"[""hot_peaks""]",listen once: confirm text = audio
kamadhenu_dataset/incoming_audio/drive/Gita Shlokas__Adhyaya 6/G.6.28.2.aac,bhagavad_gita,adhyaya_06,28,half_2,gita:6.28,"युञ्जन्नेवं सदाऽऽत्मानं योगी विगतकल्मषः
सुखेन ब्रह्मसंस्पर्शमत्यन्तं सुखमश्नुते",अनुष्टुप्,32,81.493,too_long,0.72,0.70–0.89 probable,review,"81.5s is 11.6× the single-rendition upper bound (7.0s) — likely repeats, teaching pauses or explanation included",filename,B,"[""hot_peaks""]",listen once: confirm text = audio
kamadhenu_dataset/incoming_audio/drive/Gita Shlokas__Adhyaya 6/G.6.29.1.aac,bhagavad_gita,adhyaya_06,29,half_1,gita:6.29,"सर्वभूतस्थमात्मानं सर्वभूतानि चात्मनि
ईक्षते योगयुक्तात्मा सर्वत्र समदर्शनः",अनुष्टुप्,32,55.915,too_long,0.72,0.70–0.89 probable,review,"55.9s is 7.9× the single-rendition upper bound (7.0s) — likely repeats, teaching pauses or explanation included",filename,B,"[""hot_peaks""]",listen once: confirm text = audio
kamadhenu_dataset/incoming_audio/drive/Gita Shlokas__Adhyaya 6/G.6.29.2.aac,bhagavad_gita,adhyaya_06,29,half_2,gita:6.29,"सर्वभूतस्थमात्मानं सर्वभूतानि चात्मनि
ईक्षते योगयुक्तात्मा सर्वत्र समदर्शनः",अनुष्टुप्,32,68.48,too_long,0.72,0.70–0.89 probable,review,"68.5s is 9.7× the single-rendition upper bound (7.0s) — likely repeats, teaching pauses or explanation included",filename,D,"[""clipping""]",listen once: confirm text = audio
kamadhenu_dataset/incoming_audio/drive/Gita Shlokas__Adhyaya 6/G.6.3.1.aac,bhagavad_gita,adhyaya_06,3,half_1,gita:6.3,"आरुरुक्षोर्मुनेर्योगं कर्म कारणमुच्यते
योगारूढस्य तस्यैव शमः कारणमुच्यते",अनुष्टुप्,32,55.253,too_long,0.72,0.70–0.89 probable,review,"55.3s is 7.8× the single-rendition upper bound (7.0s) — likely repeats, teaching pauses or explanation included",filename,A,[],listen once: confirm text = audio
kamadhenu_dataset/incoming_audio/drive/Gita Shlokas__Adhyaya 6/G.6.3.2.aac,bhagavad_gita,adhyaya_06,3,half_2,gita:6.3,"आरुरुक्षोर्मुनेर्योगं कर्म कारणमुच्यते
योगारूढस्य तस्यैव शमः कारणमुच्यते",अनुष्टुप्,32,73.365,too_long,0.72,0.70–0.89 probable,review,"73.4s is 10.4× the single-rendition upper bound (7.0s) — likely repeats, teaching pauses or explanation included",filename,B,"[""hot_peaks""]",listen once: confirm text = audio
kamadhenu_dataset/incoming_audio/drive/Gita Shlokas__Adhyaya 6/G.6.30.1.aac,bhagavad_gita,adhyaya_06,30,half_1,gita:6.30,"यो मां पश्यति सर्वत्र सर्वं च मयि पश्यति
तस्याहं न प्रणश्यामि स च मे न प्रणश्यति",अनुष्टुप्,32,51.904,too_long,0.72,0.70–0.89 probable,review,"51.9s is 7.4× the single-rendition upper bound (7.0s) — likely repeats, teaching pauses or explanation included",filename,B,"[""hot_peaks""]",listen once: confirm text = audio
kamadhenu_dataset/incoming_audio/drive/Gita Shlokas__Adhyaya 6/G.6.30.2.aac,bhagavad_gita,adhyaya_06,30,half_2,gita:6.30,"यो मां पश्यति सर्वत्र सर्वं च मयि पश्यति
तस्याहं न प्रणश्यामि स च मे न प्रणश्यति",अनुष्टुप्,32,68.117,too_long,0.72,0.70–0.89 probable,review,"68.1s is 9.7× the single-rendition upper bound (7.0s) — likely repeats, teaching pauses or explanation included",filename,B,"[""hot_peaks""]",listen once: confirm text = audio
kamadhenu_dataset/incoming_audio/drive/Gita Shlokas__Adhyaya 6/G.6.31.1.aac,bhagavad_gita,adhyaya_06,31,half_1,gita:6.31,"सर्वभूतस्थितं यो मां भजत्येकत्वमास्थितः
सर्वथा वर्तमानोऽपि स योगी मयि वर्तते",अनुष्टुप्,32,74.475,too_long,0.72,0.70–0.89 probable,review,"74.5s is 10.6× the single-rendition upper bound (7.0s) — likely repeats, teaching pauses or explanation included",filename,B,"[""hot_peaks""]",listen once: confirm text = audio
kamadhenu_dataset/incoming_audio/drive/Gita Shlokas__Adhyaya 6/G.6.31.2.aac,bhagavad_gita,adhyaya_06,31,half_2,gita:6.31,"सर्वभूतस्थितं यो मां भजत्येकत्वमास्थितः
सर्वथा वर्तमानोऽपि स योगी मयि वर्तते",अनुष्टुप्,32,61.76,too_long,0.72,0.70–0.89 probable,review,"61.8s is 8.8× the single-rendition upper bound (7.0s) — likely repeats, teaching pauses or explanation included",filename,B,"[""hot_peaks""]",listen once: confirm text = audio
kamadhenu_dataset/incoming_audio/drive/Gita Shlokas__Adhyaya 6/G.6.32.1.aac,bhagavad_gita,adhyaya_06,32,half_1,gita:6.32,"आत्मौपम्येन सर्वत्र समं पश्यति योऽर्जुन
सुखं वा यदि वा दुःखं सः योगी परमो मतः",अनुष्टुप्,32,61.611,too_long,0.72,0.70–0.89 probable,review,"61.6s is 8.8× the single-rendition upper bound (7.0s) — likely repeats, teaching pauses or explanation included",filename,B,"[""hot_peaks""]",listen once: confirm text = audio
kamadhenu_dataset/incoming_audio/drive/Gita Shlokas__Adhyaya 6/G.6.32.2.aac,bhagavad_gita,adhyaya_06,32,half_2,gita:6.32,"आत्मौपम्येन सर्वत्र समं पश्यति योऽर्जुन
सुखं वा यदि वा दुःखं सः योगी परमो मतः",अनुष्टुप्,32,57.493,too_long,0.72,0.70–0.89 probable,review,"57.5s is 8.2× the single-rendition upper bound (7.0s) — likely repeats, teaching pauses or explanation included",filename,B,"[""hot_peaks""]",listen once: confirm text = audio
kamadhenu_dataset/incoming_audio/drive/Gita Shlokas__Adhyaya 6/G.6.33.1.aac,bhagavad_gita,adhyaya_06,33,half_1,gita:6.33,"योऽयं योगस्त्वया प्रोक्तः साम्येन मधुसूदन
एतस्याहं न पश्यामि चञ्चलत्वात् स्थितिं स्थिराम्",अनुष्टुप्,32,71.189,too_long,0.72,0.70–0.89 probable,review,"71.2s is 10.1× the single-rendition upper bound (7.0s) — likely repeats, teaching pauses or explanation included",filename,B,"[""hot_peaks""]",listen once: confirm text = audio
kamadhenu_dataset/incoming_audio/drive/Gita Shlokas__Adhyaya 6/G.6.33.2.aac,bhagavad_gita,adhyaya_06,33,half_2,gita:6.33,"योऽयं योगस्त्वया प्रोक्तः साम्येन मधुसूदन
एतस्याहं न पश्यामि चञ्चलत्वात् स्थितिं स्थिराम्",अनुष्टुप्,32,81.92,too_long,0.72,0.70–0.89 probable,review,"81.9s is 11.6× the single-rendition upper bound (7.0s) — likely repeats, teaching pauses or explanation included",filename,B,"[""hot_peaks""]",listen once: confirm text = audio
kamadhenu_dataset/incoming_audio/drive/Gita Shlokas__Adhyaya 6/G.6.34.1.aac,bhagavad_gita,adhyaya_06,34,half_1,gita:6.34,"चञ्चलं हि मनः कृष्ण प्रमाथि बलवद्दृढम्
तस्याहं निग्रहं मन्ये वायोरिव सुदुष्करम्",अनुष्टुप्,32,56.363,too_long,0.72,0.70–0.89 probable,review,"56.4s is 8.0× the single-rendition upper bound (7.0s) — likely repeats, teaching pauses or explanation included",filename,B,"[""hot_peaks""]",listen once: confirm text = audio
kamadhenu_dataset/incoming_audio/drive/Gita Shlokas__Adhyaya 6/G.6.34.2.aac,bhagavad_gita,adhyaya_06,34,half_2,gita:6.34,"चञ्चलं हि मनः कृष्ण प्रमाथि बलवद्दृढम्
तस्याहं निग्रहं मन्ये वायोरिव सुदुष्करम्",अनुष्टुप्,32,79.04,too_long,0.72,0.70–0.89 probable,review,"79.0s is 11.2× the single-rendition upper bound (7.0s) — likely repeats, teaching pauses or explanation included",filename,B,"[""hot_peaks""]",listen once: confirm text = audio
kamadhenu_dataset/incoming_audio/drive/Gita Shlokas__Adhyaya 6/G.6.35.1.aac,bhagavad_gita,adhyaya_06,35,half_1,gita:6.35,"श्री भगवानुवाच
असंशयं महाबाहो मनो दुर्निग्रहं चलं
अभ्यासेन तु कौन्तेय वैराग्येण च गृह्यते",अज्ञातम्,39,56.213,too_long,0.72,0.70–0.89 probable,review,"56.2s is 6.6× the single-rendition upper bound (8.6s) — likely repeats, teaching pauses or explanation included",filename,B,"[""hot_peaks""]",listen once: confirm text = audio
kamadhenu_dataset/incoming_audio/drive/Gita Shlokas__Adhyaya 6/G.6.35.2.aac,bhagavad_gita,adhyaya_06,35,half_2,gita:6.35,"श्री भगवानुवाच
असंशयं महाबाहो मनो दुर्निग्रहं चलं
अभ्यासेन तु कौन्तेय वैराग्येण च गृह्यते",अज्ञातम्,39,67.755,too_long,0.72,0.70–0.89 probable,review,"67.8s is 7.9× the single-rendition upper bound (8.6s) — likely repeats, teaching pauses or explanation included",filename,B,"[""hot_peaks""]",listen once: confirm text = audio
kamadhenu_dataset/incoming_audio/drive/Gita Shlokas__Adhyaya 6/G.6.36.1.aac,bhagavad_gita,adhyaya_06,36,half_1,gita:6.36,"असंयतात्मना योगो दुष्प्राप इति मे मतिः
वश्यात्मना तु यतता शक्योऽवाप्तुमुपायतः",अनुष्टुप् (vipulā/irregular — unverified),32,51.733,too_long,0.72,0.70–0.89 probable,review,"51.7s is 7.3× the single-rendition upper bound (7.0s) — likely repeats, teaching pauses or explanation included",filename,B,"[""hot_peaks""]",listen once: confirm text = audio
kamadhenu_dataset/incoming_audio/drive/Gita Shlokas__Adhyaya 6/G.6.36.2.aac,bhagavad_gita,adhyaya_06,36,half_2,gita:6.36,"असंयतात्मना योगो दुष्प्राप इति मे मतिः
वश्यात्मना तु यतता शक्योऽवाप्तुमुपायतः",अनुष्टुप् (vipulā/irregular — unverified),32,72.043,too_long,0.72,0.70–0.89 probable,review,"72.0s is 10.2× the single-rendition upper bound (7.0s) — likely repeats, teaching pauses or explanation included",filename,B,"[""hot_peaks""]",listen once: confirm text = audio
kamadhenu_dataset/incoming_audio/drive/Gita Shlokas__Adhyaya 6/G.6.37.1.aac,bhagavad_gita,adhyaya_06,37,half_1,gita:6.37,"अयतिः श्रद्धयोपेतो योगाच्चलितमानसः
अप्राप्य योगसंसिद्धिं कां गतिं कृष्ण गच्छति",अनुष्टुप्,32,63.403,too_long,0.72,0.70–0.89 probable,review,"63.4s is 9.0× the single-rendition upper bound (7.0s) — likely repeats, teaching pauses or explanation included",filename,B,"[""hot_peaks""]",listen once: confirm text = audio
kamadhenu_dataset/incoming_audio/drive/Gita Shlokas__Adhyaya 6/G.6.37.2.aac,bhagavad_gita,adhyaya_06,37,half_2,gita:6.37,"अयतिः श्रद्धयोपेतो योगाच्चलितमानसः
अप्राप्य योगसंसिद्धिं कां गतिं कृष्ण गच्छति",अनुष्टुप्,32,65.92,too_long,0.72,0.70–0.89 probable,review,"65.9s is 9.4× the single-rendition upper bound (7.0s) — likely repeats, teaching pauses or explanation included",filename,B,"[""hot_peaks""]",listen once: confirm text = audio
kamadhenu_dataset/incoming_audio/drive/Gita Shlokas__Adhyaya 6/G.6.38.1.aac,bhagavad_gita,adhyaya_06,38,half_1,gita:6.38,"कच्चिन्नोभयविभ्रष्टश्छिन्नाभ्रमिव नश्यति
अप्रतिष्ठो महाबाहो विमूढो ब्रह्मणः पथि",अनुष्टुप्,32,61.824,too_long,0.72,0.70–0.89 probable,review,"61.8s is 8.8× the single-rendition upper bound (7.0s) — likely repeats, teaching pauses or explanation included",filename,B,"[""hot_peaks""]",listen once: confirm text = audio
kamadhenu_dataset/incoming_audio/drive/Gita Shlokas__Adhyaya 6/G.6.38.2.aac,bhagavad_gita,adhyaya_06,38,half_2,gita:6.38,"कच्चिन्नोभयविभ्रष्टश्छिन्नाभ्रमिव नश्यति
अप्रतिष्ठो महाबाहो विमूढो ब्रह्मणः पथि",अनुष्टुप्,32,72.192,too_long,0.72,0.70–0.89 probable,review,"72.2s is 10.3× the single-rendition upper bound (7.0s) — likely repeats, teaching pauses or explanation included",filename,B,"[""hot_peaks""]",listen once: confirm text = audio
kamadhenu_dataset/incoming_audio/drive/Gita Shlokas__Adhyaya 6/G.6.39.1.aac,bhagavad_gita,adhyaya_06,39,half_1,gita:6.39,"एतन्मे संशयं कृष्ण छेत्तुमर्हस्यशेषतः
त्वदन्यः संशयस्यास्य छेत्ता न ह्युपपद्यते",अनुष्टुप्,32,57.963,too_long,0.72,0.70–0.89 probable,review,"58.0s is 8.2× the single-rendition upper bound (7.0s) — likely repeats, teaching pauses or explanation included",filename,B,"[""hot_peaks""]",listen once: confirm text = audio
kamadhenu_dataset/incoming_audio/drive/Gita Shlokas__Adhyaya 6/G.6.39.2.aac,bhagavad_gita,adhyaya_06,39,half_2,gita:6.39,"एतन्मे संशयं कृष्ण छेत्तुमर्हस्यशेषतः
त्वदन्यः संशयस्यास्य छेत्ता न ह्युपपद्यते",अनुष्टुप्,32,89.387,too_long,0.72,0.70–0.89 probable,review,"89.4s is 12.7× the single-rendition upper bound (7.0s) — likely repeats, teaching pauses or explanation included",filename,B,"[""hot_peaks""]",listen once: confirm text = audio
kamadhenu_dataset/incoming_audio/drive/Gita Shlokas__Adhyaya 6/G.6.4.1.aac,bhagavad_gita,adhyaya_06,4,half_1,gita:6.4,"यदा हि नेन्द्रियार्थेषु न कर्मस्वनुषज्जते
सर्वसङ्कल्पसंन्यासी योगारूढस्तदोच्यते",अनुष्टुप्,32,69.013,too_long,0.72,0.70–0.89 probable,review,"69.0s is 9.8× the single-rendition upper bound (7.0s) — likely repeats, teaching pauses or explanation included",filename,A,[],listen once: confirm text = audio
kamadhenu_dataset/incoming_audio/drive/Gita Shlokas__Adhyaya 6/G.6.4.2.aac,bhagavad_gita,adhyaya_06,4,half_2,gita:6.4,"यदा हि नेन्द्रियार्थेषु न कर्मस्वनुषज्जते
सर्वसङ्कल्पसंन्यासी योगारूढस्तदोच्यते",अनुष्टुप्,32,72.32,too_long,0.72,0.70–0.89 probable,review,"72.3s is 10.3× the single-rendition upper bound (7.0s) — likely repeats, teaching pauses or explanation included",filename,B,"[""hot_peaks""]",listen once: confirm text = audio
kamadhenu_dataset/incoming_audio/drive/Gita Shlokas__Adhyaya 6/G.6.40.1.aac,bhagavad_gita,adhyaya_06,40,half_1,gita:6.40,"श्री भगवानुवाच
पार्थ नैवेह नामुत्र विनाशस्तस्य विद्यते
नहि कल्याणकृत्कश्िचद्दुर्गतिं तात गच्छति",अज्ञातम्,39,66.197,too_long,0.72,0.70–0.89 probable,review,"66.2s is 7.7× the single-rendition upper bound (8.6s) — likely repeats, teaching pauses or explanation included",filename,B,"[""hot_peaks""]",listen once: confirm text = audio
kamadhenu_dataset/incoming_audio/drive/Gita Shlokas__Adhyaya 6/G.6.40.2.aac,bhagavad_gita,adhyaya_06,40,half_2,gita:6.40,"श्री भगवानुवाच
पार्थ नैवेह नामुत्र विनाशस्तस्य विद्यते
नहि कल्याणकृत्कश्िचद्दुर्गतिं तात गच्छति",अज्ञातम्,39,79.829,too_long,0.72,0.70–0.89 probable,review,"79.8s is 9.3× the single-rendition upper bound (8.6s) — likely repeats, teaching pauses or explanation included",filename,B,"[""hot_peaks""]",listen once: confirm text = audio
kamadhenu_dataset/incoming_audio/drive/Gita Shlokas__Adhyaya 6/G.6.41.1.aac,bhagavad_gita,adhyaya_06,41,half_1,gita:6.41,"प्राप्य पुण्यकृतां लोकानुषित्वा शाश्वतीः समाः
शुचीनां श्रीमतां गेहे योगभ्रष्टोऽभिजायते",अनुष्टुप्,32,60.992,too_long,0.72,0.70–0.89 probable,review,"61.0s is 8.7× the single-rendition upper bound (7.0s) — likely repeats, teaching pauses or explanation included",filename,B,"[""hot_peaks""]",listen once: confirm text = audio
kamadhenu_dataset/incoming_audio/drive/Gita Shlokas__Adhyaya 6/G.6.41.2.aac,bhagavad_gita,adhyaya_06,41,half_2,gita:6.41,"प्राप्य पुण्यकृतां लोकानुषित्वा शाश्वतीः समाः
शुचीनां श्रीमतां गेहे योगभ्रष्टोऽभिजायते",अनुष्टुप्,32,81.621,too_long,0.72,0.70–0.89 probable,review,"81.6s is 11.6× the single-rendition upper bound (7.0s) — likely repeats, teaching pauses or explanation included",filename,D,"[""clipping""]",listen once: confirm text = audio
kamadhenu_dataset/incoming_audio/drive/Gita Shlokas__Adhyaya 6/G.6.42.1.aac,bhagavad_gita,adhyaya_06,42,half_1,gita:6.42,"अथवा योगिनामेव कुले भवति धीमताम्
एतद्धि दुर्लभतरं लोके जन्म यदीदृशम्",अनुष्टुप् (vipulā/irregular — unverified),32,43.819,too_long,0.72,0.70–0.89 probable,review,"43.8s is 6.2× the single-rendition upper bound (7.0s) — likely repeats, teaching pauses or explanation included",filename,B,"[""hot_peaks""]",listen once: confirm text = audio
kamadhenu_dataset/incoming_audio/drive/Gita Shlokas__Adhyaya 6/G.6.42.2.aac,bhagavad_gita,adhyaya_06,42,half_2,gita:6.42,"अथवा योगिनामेव कुले भवति धीमताम्
एतद्धि दुर्लभतरं लोके जन्म यदीदृशम्",अनुष्टुप् (vipulā/irregular — unverified),32,63.232,too_long,0.72,0.70–0.89 probable,review,"63.2s is 9.0× the single-rendition upper bound (7.0s) — likely repeats, teaching pauses or explanation included",filename,D,"[""clipping""]",listen once: confirm text = audio
kamadhenu_dataset/incoming_audio/drive/Gita Shlokas__Adhyaya 6/G.6.43.1.aac,bhagavad_gita,adhyaya_06,43,half_1,gita:6.43,"तत्र तं बुद्धिसंयोगं लभते पौर्वदेहिकम्
यतते च ततो भूयः संसिद्धौ कुरुनन्दन",अनुष्टुप्,32,100.309,too_long,0.72,0.70–0.89 probable,review,"100.3s is 14.2× the single-rendition upper bound (7.0s) — likely repeats, teaching pauses or explanation included",filename,B,"[""hot_peaks""]",listen once: confirm text = audio
kamadhenu_dataset/incoming_audio/drive/Gita Shlokas__Adhyaya 6/G.6.43.2.aac,bhagavad_gita,adhyaya_06,43,half_2,gita:6.43,"तत्र तं बुद्धिसंयोगं लभते पौर्वदेहिकम्
यतते च ततो भूयः संसिद्धौ कुरुनन्दन",अनुष्टुप्,32,57.6,too_long,0.72,0.70–0.89 probable,review,"57.6s is 8.2× the single-rendition upper bound (7.0s) — likely repeats, teaching pauses or explanation included",filename,B,"[""hot_peaks""]",listen once: confirm text = audio
kamadhenu_dataset/incoming_audio/drive/Gita Shlokas__Adhyaya 6/G.6.44.aac,bhagavad_gita,adhyaya_06,44,full,gita:6.44,"पूर्वाभ्यासेन तेनैव ह्रियते ह्यवशोऽपि सः
जिज्ञासुरपि योगस्य शब्दब्रह्मातिवर्तते",अनुष्टुप्,32,67.605,too_long,0.8,0.70–0.89 probable,review,"67.6s is 4.8× the single-rendition upper bound (14.1s) — likely repeats, teaching pauses or explanation included",filename,B,"[""hot_peaks""]",listen once: confirm text = audio
kamadhenu_dataset/incoming_audio/drive/Gita Shlokas__Adhyaya 6/G.6.45.1.aac,bhagavad_gita,adhyaya_06,45,half_1,gita:6.45,"प्रयत्नाद्यतमानस्तु योगी संशुद्धकिल्बिषः
अनेकजन्मसंसिद्धस्ततो याति परां गतिम्",अनुष्टुप्,32,52.224,too_long,0.72,0.70–0.89 probable,review,"52.2s is 7.4× the single-rendition upper bound (7.0s) — likely repeats, teaching pauses or explanation included",filename,D,"[""clipping""]",listen once: confirm text = audio
kamadhenu_dataset/incoming_audio/drive/Gita Shlokas__Adhyaya 6/G.6.45.2.aac,bhagavad_gita,adhyaya_06,45,half_2,gita:6.45,"प्रयत्नाद्यतमानस्तु योगी संशुद्धकिल्बिषः
अनेकजन्मसंसिद्धस्ततो याति परां गतिम्",अनुष्टुप्,32,54.635,too_long,0.72,0.70–0.89 probable,review,"54.6s is 7.8× the single-rendition upper bound (7.0s) — likely repeats, teaching pauses or explanation included",filename,B,"[""hot_peaks""]",listen once: confirm text = audio
kamadhenu_dataset/incoming_audio/drive/Gita Shlokas__Adhyaya 6/G.6.46.1.aac,bhagavad_gita,adhyaya_06,46,half_1,gita:6.46,"तपस्विभ्योऽधिको योगी ज्ञानिभ्योऽपि मतोऽधिकः
कर्मिभ्यश्चाधिको योगी तस्माद्योगी भवार्जुन",अनुष्टुप्,32,57.067,too_long,0.72,0.70–0.89 probable,review,"57.1s is 8.1× the single-rendition upper bound (7.0s) — likely repeats, teaching pauses or explanation included",filename,D,"[""clipping""]",listen once: confirm text = audio
kamadhenu_dataset/incoming_audio/drive/Gita Shlokas__Adhyaya 6/G.6.46.2.aac,bhagavad_gita,adhyaya_06,46,half_2,gita:6.46,"तपस्विभ्योऽधिको योगी ज्ञानिभ्योऽपि मतोऽधिकः
कर्मिभ्यश्चाधिको योगी तस्माद्योगी भवार्जुन",अनुष्टुप्,32,64.0,too_long,0.72,0.70–0.89 probable,review,"64.0s is 9.1× the single-rendition upper bound (7.0s) — likely repeats, teaching pauses or explanation included",filename,D,"[""clipping""]",listen once: confirm text = audio
kamadhenu_dataset/incoming_audio/drive/Gita Shlokas__Adhyaya 6/G.6.47.1.aac,bhagavad_gita,adhyaya_06,47,half_1,gita:6.47,"योगिनामपि सर्वेषां मद्गतेनान्तरात्मना
श्रद्धावान्भजते यो मां स मे युक्ततमो मतः",अनुष्टुप्,32,53.739,too_long,0.72,0.70–0.89 probable,review,"53.7s is 7.6× the single-rendition upper bound (7.0s) — likely repeats, teaching pauses or explanation included",filename,D,"[""clipping""]",listen once: confirm text = audio
kamadhenu_dataset/incoming_audio/drive/Gita Shlokas__Adhyaya 6/G.6.47.2.aac,bhagavad_gita,adhyaya_06,47,half_2,gita:6.47,"योगिनामपि सर्वेषां मद्गतेनान्तरात्मना
श्रद्धावान्भजते यो मां स मे युक्ततमो मतः",अनुष्टुप्,32,67.221,too_long,0.72,0.70–0.89 probable,review,"67.2s is 9.5× the single-rendition upper bound (7.0s) — likely repeats, teaching pauses or explanation included",filename,D,"[""clipping""]",listen once: confirm text = audio
kamadhenu_dataset/incoming_audio/drive/Gita Shlokas__Adhyaya 6/G.6.5.1.aac,bhagavad_gita,adhyaya_06,5,half_1,gita:6.5,"उद्धरेदात्मनाऽऽत्मानं नात्मानमवसादयेत्
आत्मैव ह्यात्मनो बन्धुरात्मैव रिपुरात्मनः",अनुष्टुप्,32,66.389,too_long,0.72,0.70–0.89 probable,review,"66.4s is 9.4× the single-rendition upper bound (7.0s) — likely repeats, teaching pauses or explanation included",filename,A,[],listen once: confirm text = audio
kamadhenu_dataset/incoming_audio/drive/Gita Shlokas__Adhyaya 6/G.6.5.2.aac,bhagavad_gita,adhyaya_06,5,half_2,gita:6.5,"उद्धरेदात्मनाऽऽत्मानं नात्मानमवसादयेत्
आत्मैव ह्यात्मनो बन्धुरात्मैव रिपुरात्मनः",अनुष्टुप्,32,81.195,too_long,0.72,0.70–0.89 probable,review,"81.2s is 11.5× the single-rendition upper bound (7.0s) — likely repeats, teaching pauses or explanation included",filename,A,[],listen once: confirm text = audio
kamadhenu_dataset/incoming_audio/drive/Gita Shlokas__Adhyaya 6/G.6.6.1.aac,bhagavad_gita,adhyaya_06,6,half_1,gita:6.6,"बन्धुरात्माऽऽत्मनस्तस्य येनात्मैवात्मना जितः
अनात्मनस्तु शत्रुत्वे वर्तेतात्मैव शत्रुवत्",अनुष्टुप्,32,65.195,too_long,0.72,0.70–0.89 probable,review,"65.2s is 9.3× the single-rendition upper bound (7.0s) — likely repeats, teaching pauses or explanation included",filename,B,"[""hot_peaks""]",listen once: confirm text = audio
kamadhenu_dataset/incoming_audio/drive/Gita Shlokas__Adhyaya 6/G.6.6.2.aac,bhagavad_gita,adhyaya_06,6,half_2,gita:6.6,"बन्धुरात्माऽऽत्मनस्तस्य येनात्मैवात्मना जितः
अनात्मनस्तु शत्रुत्वे वर्तेतात्मैव शत्रुवत्",अनुष्टुप्,32,78.464,too_long,0.72,0.70–0.89 probable,review,"78.5s is 11.1× the single-rendition upper bound (7.0s) — likely repeats, teaching pauses or explanation included",filename,B,"[""hot_peaks""]",listen once: confirm text = audio
kamadhenu_dataset/incoming_audio/drive/Gita Shlokas__Adhyaya 6/G.6.7.1.aac,bhagavad_gita,adhyaya_06,7,half_1,gita:6.7,"जितात्मनः प्रशान्तस्य परमात्मा समाहितः
शीतोष्णसुखदुःखेषु तथा मानापमानयोः",अनुष्टुप्,32,54.08,too_long,0.72,0.70–0.89 probable,review,"54.1s is 7.7× the single-rendition upper bound (7.0s) — likely repeats, teaching pauses or explanation included",filename,B,"[""hot_peaks""]",listen once: confirm text = audio
kamadhenu_dataset/incoming_audio/drive/Gita Shlokas__Adhyaya 6/G.6.7.2.aac,bhagavad_gita,adhyaya_06,7,half_2,gita:6.7,"जितात्मनः प्रशान्तस्य परमात्मा समाहितः
शीतोष्णसुखदुःखेषु तथा मानापमानयोः",अनुष्टुप्,32,82.88,too_long,0.72,0.70–0.89 probable,review,"82.9s is 11.8× the single-rendition upper bound (7.0s) — likely repeats, teaching pauses or explanation included",filename,B,"[""hot_peaks""]",listen once: confirm text = audio
kamadhenu_dataset/incoming_audio/drive/Gita Shlokas__Adhyaya 6/G.6.8.1.aac,bhagavad_gita,adhyaya_06,8,half_1,gita:6.8,"ज्ञानविज्ञानतृप्तात्मा कूटस्थो विजितेन्द्रियः
युक्त इत्युच्यते योगी समलोष्टाश्मकाञ्चनः",अनुष्टुप्,32,63.552,too_long,0.72,0.70–0.89 probable,review,"63.6s is 9.0× the single-rendition upper bound (7.0s) — likely repeats, teaching pauses or explanation included",filename,A,[],listen once: confirm text = audio
kamadhenu_dataset/incoming_audio/drive/Gita Shlokas__Adhyaya 6/G.6.8.2.aac,bhagavad_gita,adhyaya_06,8,half_2,gita:6.8,"ज्ञानविज्ञानतृप्तात्मा कूटस्थो विजितेन्द्रियः
युक्त इत्युच्यते योगी समलोष्टाश्मकाञ्चनः",अनुष्टुप्,32,91.819,too_long,0.72,0.70–0.89 probable,review,"91.8s is 13.0× the single-rendition upper bound (7.0s) — likely repeats, teaching pauses or explanation included",filename,B,"[""hot_peaks""]",listen once: confirm text = audio
kamadhenu_dataset/incoming_audio/drive/Gita Shlokas__Adhyaya 6/G.6.9.1.aac,bhagavad_gita,adhyaya_06,9,half_1,gita:6.9,"सुहृन्मित्रार्युदासीनमध्यस्थद्वेष्यबन्धुषु
साधुष्वपि च पापेषु समबुद्धिर्विशिष्यते",अनुष्टुप्,32,76.821,too_long,0.72,0.70–0.89 probable,review,"76.8s is 10.9× the single-rendition upper bound (7.0s) — likely repeats, teaching pauses or explanation included",filename,B,"[""hot_peaks""]",listen once: confirm text = audio
kamadhenu_dataset/incoming_audio/drive/Gita Shlokas__Adhyaya 6/G.6.9.2.aac,bhagavad_gita,adhyaya_06,9,half_2,gita:6.9,"सुहृन्मित्रार्युदासीनमध्यस्थद्वेष्यबन्धुषु
साधुष्वपि च पापेषु समबुद्धिर्विशिष्यते",अनुष्टुप्,32,72.043,too_long,0.72,0.70–0.89 probable,review,"72.0s is 10.2× the single-rendition upper bound (7.0s) — likely repeats, teaching pauses or explanation included",filename,B,"[""hot_peaks""]",listen once: confirm text = audio
kamadhenu_dataset/incoming_audio/drive/Gita Shlokas__Adhyaya 6/G.6.E.aac,bhagavad_gita,,,full,,,,,57.643,,0.3,<0.50 weak/unmatched,unmatched,"work known from folder, verse not parseable from filename",folder,D,"[""clipping""]",provide text / rename / identify work
kamadhenu_dataset/incoming_audio/drive/Gita Shlokas__Adhyaya 7/G.7.1.aac,bhagavad_gita,adhyaya_07,1,full,gita:7.1,"श्री भगवानुवाच
मय्यासक्तमनाः पार्थ योगं युञ्जन्मदाश्रयः
असंशयं समग्रं मां यथा ज्ञास्यसि तच्छृणु",अज्ञातम्,39,133.739,too_long,0.8,0.70–0.89 probable,review,"133.7s is 7.8× the single-rendition upper bound (17.2s) — likely repeats, teaching pauses or explanation included",filename,B,"[""hot_peaks""]",listen once: confirm text = audio
kamadhenu_dataset/incoming_audio/drive/Gita Shlokas__Adhyaya 7/G.7.10.aac,bhagavad_gita,adhyaya_07,10,full,gita:7.10,"बीजं मां सर्वभूतानां विद्धि पार्थ सनातनम्
बुद्धिर्बुद्धिमतामस्मि तेजस्तेजस्विनामहम्",अनुष्टुप्,32,117.995,too_long,0.8,0.70–0.89 probable,review,"118.0s is 8.4× the single-rendition upper bound (14.1s) — likely repeats, teaching pauses or explanation included",filename,B,"[""hot_peaks""]",listen once: confirm text = audio
kamadhenu_dataset/incoming_audio/drive/Gita Shlokas__Adhyaya 7/G.7.11.aac,bhagavad_gita,adhyaya_07,11,full,gita:7.11,"बलं बलवतां चाहं कामरागविवर्जितम्
धर्माविरुद्धो भूतेषु कामोऽस्मि भरतर्षभ",अनुष्टुप् (vipulā/irregular — unverified),32,111.915,too_long,0.8,0.70–0.89 probable,review,"111.9s is 7.9× the single-rendition upper bound (14.1s) — likely repeats, teaching pauses or explanation included",filename,B,"[""hot_peaks""]",listen once: confirm text = audio
kamadhenu_dataset/incoming_audio/drive/Gita Shlokas__Adhyaya 7/G.7.12.aac,bhagavad_gita,adhyaya_07,12,full,gita:7.12,"ये चैव सात्त्विका भावा राजसास्तामसाश्च ये
मत्त एवेति तान्विद्धि नत्वहं तेषु ते मयि",अनुष्टुप्,32,131.925,too_long,0.8,0.70–0.89 probable,review,"131.9s is 9.4× the single-rendition upper bound (14.1s) — likely repeats, teaching pauses or explanation included",filename,B,"[""hot_peaks""]",listen once: confirm text = audio
kamadhenu_dataset/incoming_audio/drive/Gita Shlokas__Adhyaya 7/G.7.13.aac,bhagavad_gita,adhyaya_07,13,full,gita:7.13,"त्रिभिर्गुणमयैर्भावैरेभिः सर्वमिदं जगत्
मोहितं नाभिजानाति मामेभ्यः परमव्ययम्",अनुष्टुप्,32,104.96,too_long,0.8,0.70–0.89 probable,review,"105.0s is 7.5× the single-rendition upper bound (14.1s) — likely repeats, teaching pauses or explanation included",filename,A,[],listen once: confirm text = audio
kamadhenu_dataset/incoming_audio/drive/Gita Shlokas__Adhyaya 7/G.7.14.aac,bhagavad_gita,adhyaya_07,14,full,gita:7.14,"दैवी ह्येषा गुणमयी मम माया दुरत्यया
मामेव ये प्रपद्यन्ते मायामेतां तरन्ति ते",अनुष्टुप् (vipulā/irregular — unverified),32,115.52,too_long,0.8,0.70–0.89 probable,review,"115.5s is 8.2× the single-rendition upper bound (14.1s) — likely repeats, teaching pauses or explanation included",filename,A,[],listen once: confirm text = audio
kamadhenu_dataset/incoming_audio/drive/Gita Shlokas__Adhyaya 7/G.7.15.aac,bhagavad_gita,adhyaya_07,15,full,gita:7.15,"न मां दुष्कृतिनो मूढाः प्रपद्यन्ते नराधमाः
माययापहृतज्ञाना आसुरं भावमाश्रिताः",अनुष्टुप्,32,132.267,too_long,0.8,0.70–0.89 probable,review,"132.3s is 9.4× the single-rendition upper bound (14.1s) — likely repeats, teaching pauses or explanation included",filename,B,"[""hot_peaks""]",listen once: confirm text = audio
kamadhenu_dataset/incoming_audio/drive/Gita Shlokas__Adhyaya 7/G.7.16.aac,bhagavad_gita,adhyaya_07,16,full,gita:7.16,"चतुर्विधा भजन्ते मां जनाः सुकृतिनोऽर्जुन
आर्तो जिज्ञासुरर्थार्थी ज्ञानी च भरतर्षभ",अनुष्टुप्,32,141.099,too_long,0.8,0.70–0.89 probable,review,"141.1s is 10.0× the single-rendition upper bound (14.1s) — likely repeats, teaching pauses or explanation included",filename,A,[],listen once: confirm text = audio
kamadhenu_dataset/incoming_audio/drive/Gita Shlokas__Adhyaya 7/G.7.17.aac,bhagavad_gita,adhyaya_07,17,full,gita:7.17,"तेषां ज्ञानी नित्ययुक्त एकभक्ितर्विशिष्यते
प्रियो हि ज्ञानिनोऽत्यर्थमहं स च मम प्रियः",अनुष्टुप् (vipulā/irregular — unverified),32,144.917,too_long,0.8,0.70–0.89 probable,review,"144.9s is 10.3× the single-rendition upper bound (14.1s) — likely repeats, teaching pauses or explanation included",filename,B,"[""hot_peaks""]",listen once: confirm text = audio
kamadhenu_dataset/incoming_audio/drive/Gita Shlokas__Adhyaya 7/G.7.18.aac,bhagavad_gita,adhyaya_07,18,full,gita:7.18,"उदाराः सर्व एवैते ज्ञानी त्वात्मैव मे मतम्
आस्थितः स हि युक्तात्मा मामेवानुत्तमां गतिम्",अनुष्टुप्,32,126.848,too_long,0.8,0.70–0.89 probable,review,"126.8s is 9.0× the single-rendition upper bound (14.1s) — likely repeats, teaching pauses or explanation included",filename,B,"[""hot_peaks""]",listen once: confirm text = audio
kamadhenu_dataset/incoming_audio/drive/Gita Shlokas__Adhyaya 7/G.7.19.aac,bhagavad_gita,adhyaya_07,19,full,gita:7.19,"बहूनां जन्मनामन्ते ज्ञानवान्मां प्रपद्यते
वासुदेवः सर्वमिति स महात्मा सुदुर्लभः",अनुष्टुप् (vipulā/irregular — unverified),32,102.805,too_long,0.8,0.70–0.89 probable,review,"102.8s is 7.3× the single-rendition upper bound (14.1s) — likely repeats, teaching pauses or explanation included",filename,B,"[""hot_peaks""]",listen once: confirm text = audio
kamadhenu_dataset/incoming_audio/drive/Gita Shlokas__Adhyaya 7/G.7.2.aac,bhagavad_gita,adhyaya_07,2,full,gita:7.2,"ज्ञानं तेऽहं सविज्ञानमिदं वक्ष्याम्यशेषतः
यज्ज्ञात्वा नेह भूयोऽन्यज्ज्ञातव्यमवशिष्यते",अनुष्टुप्,32,132.48,too_long,0.8,0.70–0.89 probable,review,"132.5s is 9.4× the single-rendition upper bound (14.1s) — likely repeats, teaching pauses or explanation included",filename,B,"[""hot_peaks""]",listen once: confirm text = audio
kamadhenu_dataset/incoming_audio/drive/Gita Shlokas__Adhyaya 7/G.7.20.aac,bhagavad_gita,adhyaya_07,20,full,gita:7.20,"कामैस्तैस्तैर्हृतज्ञानाः प्रपद्यन्तेऽन्यदेवताः
तं तं नियममास्थाय प्रकृत्या नियताः स्वया",अनुष्टुप्,32,124.523,too_long,0.8,0.70–0.89 probable,review,"124.5s is 8.8× the single-rendition upper bound (14.1s) — likely repeats, teaching pauses or explanation included",filename,B,"[""hot_peaks""]",listen once: confirm text = audio
kamadhenu_dataset/incoming_audio/drive/Gita Shlokas__Adhyaya 7/G.7.21.aac,bhagavad_gita,adhyaya_07,21,full,gita:7.21,"यो यो यां यां तनुं भक्तः श्रद्धयार्चितुमिच्छति
तस्य तस्याचलां श्रद्धां तामेव विदधाम्यहम्",अनुष्टुप्,32,120.043,too_long,0.8,0.70–0.89 probable,review,"120.0s is 8.5× the single-rendition upper bound (14.1s) — likely repeats, teaching pauses or explanation included",filename,A,[],listen once: confirm text = audio
kamadhenu_dataset/incoming_audio/drive/Gita Shlokas__Adhyaya 7/G.7.22.aac,bhagavad_gita,adhyaya_07,22,full,gita:7.22,"स तया श्रद्धया युक्तस्तस्याराधनमीहते
लभते च ततः कामान्मयैव विहितान् हि तान्",अनुष्टुप्,32,111.744,too_long,0.8,0.70–0.89 probable,review,"111.7s is 7.9× the single-rendition upper bound (14.1s) — likely repeats, teaching pauses or explanation included",filename,B,"[""hot_peaks""]",listen once: confirm text = audio
kamadhenu_dataset/incoming_audio/drive/Gita Shlokas__Adhyaya 7/G.7.23.aac,bhagavad_gita,adhyaya_07,23,full,gita:7.23,"अन्तवत्तु फलं तेषां तद्भवत्यल्पमेधसाम्
देवान्देवयजो यान्ति मद्भक्ता यान्ति मामपि",अनुष्टुप्,32,130.624,too_long,0.8,0.70–0.89 probable,review,"130.6s is 9.3× the single-rendition upper bound (14.1s) — likely repeats, teaching pauses or explanation included",filename,B,"[""hot_peaks""]",listen once: confirm text = audio
kamadhenu_dataset/incoming_audio/drive/Gita Shlokas__Adhyaya 7/G.7.24.aac,bhagavad_gita,adhyaya_07,24,full,gita:7.24,"अव्यक्तं व्यक्ितमापन्नं मन्यन्ते मामबुद्धयः
परं भावमजानन्तो ममाव्ययमनुत्तमम्",अनुष्टुप्,32,133.312,too_long,0.8,0.70–0.89 probable,review,"133.3s is 9.5× the single-rendition upper bound (14.1s) — likely repeats, teaching pauses or explanation included",filename,B,"[""hot_peaks"", ""long_internal_silence""]",listen once: confirm text = audio
kamadhenu_dataset/incoming_audio/drive/Gita Shlokas__Adhyaya 7/G.7.25.aac,bhagavad_gita,adhyaya_07,25,full,gita:7.25,"नाहं प्रकाशः सर्वस्य योगमायासमावृतः
मूढोऽयं नाभिजानाति लोको मामजमव्ययम्",अनुष्टुप् (vipulā/irregular — unverified),32,127.851,too_long,0.8,0.70–0.89 probable,review,"127.9s is 9.1× the single-rendition upper bound (14.1s) — likely repeats, teaching pauses or explanation included",filename,B,"[""hot_peaks""]",listen once: confirm text = audio
kamadhenu_dataset/incoming_audio/drive/Gita Shlokas__Adhyaya 7/G.7.26.aac,bhagavad_gita,adhyaya_07,26,full,gita:7.26,"वेदाहं समतीतानि वर्तमानानि चार्जुन
भविष्याणि च भूतानि मां तु वेद न कश्चन",अनुष्टुप्,32,111.893,too_long,0.8,0.70–0.89 probable,review,"111.9s is 7.9× the single-rendition upper bound (14.1s) — likely repeats, teaching pauses or explanation included",filename,B,"[""hot_peaks""]",listen once: confirm text = audio
kamadhenu_dataset/incoming_audio/drive/Gita Shlokas__Adhyaya 7/G.7.27.aac,bhagavad_gita,adhyaya_07,27,full,gita:7.27,"इच्छाद्वेषसमुत्थेन द्वन्द्वमोहेन भारत
सर्वभूतानि संमोहं सर्गे यान्ति परन्तप",अनुष्टुप्,32,115.029,too_long,0.8,0.70–0.89 probable,review,"115.0s is 8.2× the single-rendition upper bound (14.1s) — likely repeats, teaching pauses or explanation included",filename,A,[],listen once: confirm text = audio
kamadhenu_dataset/incoming_audio/drive/Gita Shlokas__Adhyaya 7/G.7.28.aac,bhagavad_gita,adhyaya_07,28,full,gita:7.28,"येषां त्वन्तगतं पापं जनानां पुण्यकर्मणाम्
ते द्वन्द्वमोहनिर्मुक्ता भजन्ते मां दृढव्रताः",अनुष्टुप्,32,124.928,too_long,0.8,0.70–0.89 probable,review,"124.9s is 8.9× the single-rendition upper bound (14.1s) — likely repeats, teaching pauses or explanation included",filename,B,"[""hot_peaks""]",listen once: confirm text = audio
kamadhenu_dataset/incoming_audio/drive/Gita Shlokas__Adhyaya 7/G.7.29.aac,bhagavad_gita,adhyaya_07,29,full,gita:7.29,"जरामरणमोक्षाय मामाश्रित्य यतन्ति ये
ते ब्रह्म तद्विदुः कृत्स्नमध्यात्मं कर्म चाखिलम्",अनुष्टुप्,32,115.52,too_long,0.8,0.70–0.89 probable,review,"115.5s is 8.2× the single-rendition upper bound (14.1s) — likely repeats, teaching pauses or explanation included",filename,B,"[""hot_peaks""]",listen once: confirm text = audio
kamadhenu_dataset/incoming_audio/drive/Gita Shlokas__Adhyaya 7/G.7.3.aac,bhagavad_gita,adhyaya_07,3,full,gita:7.3,"मनुष्याणां सहस्रेषु कश्िचद्यतति सिद्धये
यततामपि सिद्धानां कश्िचन्मां वेत्ति तत्त्वतः",अनुष्टुप्,32,123.243,too_long,0.8,0.70–0.89 probable,review,"123.2s is 8.8× the single-rendition upper bound (14.1s) — likely repeats, teaching pauses or explanation included",filename,B,"[""hot_peaks""]",listen once: confirm text = audio
kamadhenu_dataset/incoming_audio/drive/Gita Shlokas__Adhyaya 7/G.7.30.aac,bhagavad_gita,adhyaya_07,30,full,gita:7.30,"साधिभूताधिदैवं मां साधियज्ञं च ये विदुः
प्रयाणकालेऽपि च मां ते विदुर्युक्तचेतसः",अनुष्टुप् (vipulā/irregular — unverified),32,125.035,too_long,0.8,0.70–0.89 probable,review,"125.0s is 8.9× the single-rendition upper bound (14.1s) — likely repeats, teaching pauses or explanation included",filename,B,"[""hot_peaks""]",listen once: confirm text = audio
kamadhenu_dataset/incoming_audio/drive/Gita Shlokas__Adhyaya 7/G.7.4.aac,bhagavad_gita,adhyaya_07,4,full,gita:7.4,"भूमिरापोऽनलो वायुः खं मनो बुद्धिरेव च
अहङ्कार इतीयं मे भिन्ना प्रकृतिरष्टधा",अनुष्टुप्,32,126.293,too_long,0.8,0.70–0.89 probable,review,"126.3s is 9.0× the single-rendition upper bound (14.1s) — likely repeats, teaching pauses or explanation included",filename,B,"[""hot_peaks""]",listen once: confirm text = audio
kamadhenu_dataset/incoming_audio/drive/Gita Shlokas__Adhyaya 7/G.7.5.aac,bhagavad_gita,adhyaya_07,5,full,gita:7.5,"अपरेयमितस्त्वन्यां प्रकृतिं विद्धि मे पराम्
जीवभूतां महाबाहो ययेदं धार्यते जगत्",अनुष्टुप्,32,121.92,too_long,0.8,0.70–0.89 probable,review,"121.9s is 8.7× the single-rendition upper bound (14.1s) — likely repeats, teaching pauses or explanation included",filename,B,"[""hot_peaks""]",listen once: confirm text = audio
kamadhenu_dataset/incoming_audio/drive/Gita Shlokas__Adhyaya 7/G.7.6.aac,bhagavad_gita,adhyaya_07,6,full,gita:7.6,"एतद्योनीनि भूतानि सर्वाणीत्युपधारय
अहं कृत्स्नस्य जगतः प्रभवः प्रलयस्तथा",अनुष्टुप् (vipulā/irregular — unverified),32,127.808,too_long,0.8,0.70–0.89 probable,review,"127.8s is 9.1× the single-rendition upper bound (14.1s) — likely repeats, teaching pauses or explanation included",filename,B,"[""hot_peaks""]",listen once: confirm text = audio
kamadhenu_dataset/incoming_audio/drive/Gita Shlokas__Adhyaya 7/G.7.7.aac,bhagavad_gita,adhyaya_07,7,full,gita:7.7,"मत्तः परतरं नान्यत्किञ्चिदस्ति धनञ्जय
मयि सर्वमिदं प्रोतं सूत्रे मणिगणा इव",अनुष्टुप्,32,117.461,too_long,0.8,0.70–0.89 probable,review,"117.5s is 8.3× the single-rendition upper bound (14.1s) — likely repeats, teaching pauses or explanation included",filename,B,"[""hot_peaks""]",listen once: confirm text = audio
kamadhenu_dataset/incoming_audio/drive/Gita Shlokas__Adhyaya 7/G.7.8.aac,bhagavad_gita,adhyaya_07,8,full,gita:7.8,"रसोऽहमप्सु कौन्तेय प्रभास्मि शशिसूर्ययोः
प्रणवः सर्ववेदेषु शब्दः खे पौरुषं नृषु",अनुष्टुप्,32,137.963,too_long,0.8,0.70–0.89 probable,review,"138.0s is 9.8× the single-rendition upper bound (14.1s) — likely repeats, teaching pauses or explanation included",filename,B,"[""hot_peaks""]",listen once: confirm text = audio
kamadhenu_dataset/incoming_audio/drive/Gita Shlokas__Adhyaya 7/G.7.9.aac,bhagavad_gita,adhyaya_07,9,full,gita:7.9,"पुण्यो गन्धः पृथिव्यां च तेजश्चास्मि विभावसौ
जीवनं सर्वभूतेषु तपश्चास्मि तपस्विषु",अनुष्टुप्,32,114.987,too_long,0.8,0.70–0.89 probable,review,"115.0s is 8.2× the single-rendition upper bound (14.1s) — likely repeats, teaching pauses or explanation included",filename,B,"[""hot_peaks""]",listen once: confirm text = audio
kamadhenu_dataset/incoming_audio/drive/Gita Shlokas__Adhyaya 7/G.7.E.aac,bhagavad_gita,,,full,,,,,45.696,,0.3,<0.50 weak/unmatched,unmatched,"work known from folder, verse not parseable from filename",folder,B,"[""hot_peaks""]",provide text / rename / identify work
kamadhenu_dataset/incoming_audio/drive/Vayu Stuti/vs.ns.1.1.mp3,nakha_stuti,mula,1,pada_1,nakha_stuti:NNS_C01_V01,पान्त्वस्मान् पुरुहूतवैरिबलवन्मातङ्गमाद्यद्घटाकुम्भोच्चाद्रिविपाटनाधिकपटुप्रत्येकवज्रायिताः,अज्ञातम्,80,69.016,too_long,0.72,0.70–0.89 probable,review,"69.0s is 7.8× the single-rendition upper bound (8.8s) — likely repeats, teaching pauses or explanation included",filename,B,"[""long_leading_silence""]",listen once: confirm text = audio
kamadhenu_dataset/incoming_audio/drive/Vayu Stuti/vs.ns.1.2.mp3,nakha_stuti,mula,1,pada_2,nakha_stuti:NNS_C01_V01,पान्त्वस्मान् पुरुहूतवैरिबलवन्मातङ्गमाद्यद्घटाकुम्भोच्चाद्रिविपाटनाधिकपटुप्रत्येकवज्रायिताः,अज्ञातम्,80,70.296,too_long,0.72,0.70–0.89 probable,review,"70.3s is 8.0× the single-rendition upper bound (8.8s) — likely repeats, teaching pauses or explanation included",filename,B,"[""hot_peaks""]",listen once: confirm text = audio
kamadhenu_dataset/incoming_audio/drive/Vayu Stuti/vs.ns.1.3.mp3,nakha_stuti,mula,1,pada_3,nakha_stuti:NNS_C01_V01,श्रीमत्कण्ठीरवास्यप्रततसुनखरादारितारातिदूरप्रध्वस्तध्वान्तशान्तप्रविततमनसा भाविता भूरिभागैः,अज्ञातम्,80,87.38,too_long,0.72,0.70–0.89 probable,review,"87.4s is 9.9× the single-rendition upper bound (8.8s) — likely repeats, teaching pauses or explanation included",filename,A,[],listen once: confirm text = audio
kamadhenu_dataset/incoming_audio/drive/Vayu Stuti/vs.ns.1.4.mp3,nakha_stuti,mula,1,pada_4,nakha_stuti:NNS_C01_V01,श्रीमत्कण्ठीरवास्यप्रततसुनखरादारितारातिदूरप्रध्वस्तध्वान्तशान्तप्रविततमनसा भाविता भूरिभागैः,अज्ञातम्,80,97.515,too_long,0.72,0.70–0.89 probable,review,"97.5s is 11.1× the single-rendition upper bound (8.8s) — likely repeats, teaching pauses or explanation included",filename,A,[],listen once: confirm text = audio
kamadhenu_dataset/incoming_audio/drive/Vayu Stuti/vs.ns.2.1.mp3,nakha_stuti,mula,2,pada_1,nakha_stuti:NNS_C01_V02,लक्ष्मीकान्त समन्ततोऽपिकलयन्नैवेशितुस्ते समं पश्याम्युत्तमवस्तु दूरतरतोपास्तं रसो योष्टमः,शार्दूलविक्रीडित,76,73.848,too_long,0.72,0.70–0.89 probable,review,"73.8s is 8.8× the single-rendition upper bound (8.4s) — likely repeats, teaching pauses or explanation included",filename,A,[],listen once: confirm text = audio
kamadhenu_dataset/incoming_audio/drive/Vayu Stuti/vs.ns.2.2.mp3,nakha_stuti,mula,2,pada_2,nakha_stuti:NNS_C01_V02,लक्ष्मीकान्त समन्ततोऽपिकलयन्नैवेशितुस्ते समं पश्याम्युत्तमवस्तु दूरतरतोपास्तं रसो योष्टमः,शार्दूलविक्रीडित,76,73.509,too_long,0.72,0.70–0.89 probable,review,"73.5s is 8.8× the single-rendition upper bound (8.4s) — likely repeats, teaching pauses or explanation included",filename,A,[],listen once: confirm text = audio
kamadhenu_dataset/incoming_audio/drive/Vayu Stuti/vs.ns.2.3.mp3,nakha_stuti,mula,2,pada_3,nakha_stuti:NNS_C01_V02,यद्रोषोत्करदक्षनेत्रकुटलिप्रान्तोत्थिताग्निस्फुरत्खद्योतोपमविस्फुलिङ्गभसिता ब्रह्मेशशक्रोत्कराः,शार्दूलविक्रीडित,76,69.982,too_long,0.72,0.70–0.89 probable,review,"70.0s is 8.4× the single-rendition upper bound (8.4s) — likely repeats, teaching pauses or explanation included",filename,A,[],listen once: confirm text = audio
kamadhenu_dataset/incoming_audio/drive/Vayu Stuti/vs.ns.2.4.mp3,nakha_stuti,mula,2,pada_4,nakha_stuti:NNS_C01_V02,यद्रोषोत्करदक्षनेत्रकुटलिप्रान्तोत्थिताग्निस्फुरत्खद्योतोपमविस्फुलिङ्गभसिता ब्रह्मेशशक्रोत्कराः,शार्दूलविक्रीडित,76,71.105,too_long,0.72,0.70–0.89 probable,review,"71.1s is 8.5× the single-rendition upper bound (8.4s) — likely repeats, teaching pauses or explanation included",filename,A,[],listen once: confirm text = audio
kamadhenu_dataset/incoming_audio/drive/Vayu Stuti/vs1.1.mp3,vayu_stuti,mula,1,pada_1,,,,,90.436,,0.0,<0.50 weak/unmatched,unmatched,work identified from filename (vayu_stuti) but it does not exist in DGE — add the text to DGE first,filename,A,[],provide text / rename / identify work
kamadhenu_dataset/incoming_audio/drive/Vayu Stuti/vs1.2.mp3,vayu_stuti,mula,1,pada_2,,,,,92.055,,0.0,<0.50 weak/unmatched,unmatched,work identified from filename (vayu_stuti) but it does not exist in DGE — add the text to DGE first,filename,A,[],provide text / rename / identify work
kamadhenu_dataset/incoming_audio/drive/Vayu Stuti/vs1.3.mp3,vayu_stuti,mula,1,pada_3,,,,,77.558,,0.0,<0.50 weak/unmatched,unmatched,work identified from filename (vayu_stuti) but it does not exist in DGE — add the text to DGE first,filename,A,[],provide text / rename / identify work
kamadhenu_dataset/incoming_audio/drive/Vayu Stuti/vs1.4.mp3,vayu_stuti,mula,1,pada_4,,,,,71.758,,0.0,<0.50 weak/unmatched,unmatched,work identified from filename (vayu_stuti) but it does not exist in DGE — add the text to DGE first,filename,A,[],provide text / rename / identify work
kamadhenu_dataset/incoming_audio/drive/Vayu Stuti/vs2.1.mp3,vayu_stuti,mula,2,pada_1,,,,,67.553,,0.0,<0.50 weak/unmatched,unmatched,work identified from filename (vayu_stuti) but it does not exist in DGE — add the text to DGE first,filename,A,[],provide text / rename / identify work
kamadhenu_dataset/incoming_audio/drive/Vayu Stuti/vs2.2.mp3,vayu_stuti,mula,2,pada_2,,,,,91.559,,0.0,<0.50 weak/unmatched,unmatched,work identified from filename (vayu_stuti) but it does not exist in DGE — add the text to DGE first,filename,A,[],provide text / rename / identify work
kamadhenu_dataset/incoming_audio/drive/Vayu Stuti/vs2.3.mp3,vayu_stuti,mula,2,pada_3,,,,,94.459,,0.0,<0.50 weak/unmatched,unmatched,work identified from filename (vayu_stuti) but it does not exist in DGE — add the text to DGE first,filename,A,[],provide text / rename / identify work
kamadhenu_dataset/incoming_audio/drive/Vayu Stuti/vs2.4.mp3,vayu_stuti,mula,2,pada_4,,,,,76.095,,0.0,<0.50 weak/unmatched,unmatched,work identified from filename (vayu_stuti) but it does not exist in DGE — add the text to DGE first,filename,A,[],provide text / rename / identify work
kamadhenu_dataset/incoming_audio/drive/Vayu Stuti/vs3.1.mp3,vayu_stuti,mula,3,pada_1,,,,,98.978,,0.0,<0.50 weak/unmatched,unmatched,work identified from filename (vayu_stuti) but it does not exist in DGE — add the text to DGE first,filename,A,[],provide text / rename / identify work
kamadhenu_dataset/incoming_audio/drive/Vayu Stuti/vs3.2.mp3,vayu_stuti,mula,3,pada_2,,,,,73.509,,0.0,<0.50 weak/unmatched,unmatched,work identified from filename (vayu_stuti) but it does not exist in DGE — add the text to DGE first,filename,A,[],provide text / rename / identify work
kamadhenu_dataset/incoming_audio/drive/Vayu Stuti/vs3.3.mp3,vayu_stuti,mula,3,pada_3,,,,,90.749,,0.0,<0.50 weak/unmatched,unmatched,work identified from filename (vayu_stuti) but it does not exist in DGE — add the text to DGE first,filename,A,[],provide text / rename / identify work
kamadhenu_dataset/incoming_audio/drive/Vayu Stuti/vs3.4.mp3,vayu_stuti,mula,3,pada_4,,,,,80.118,,0.0,<0.50 weak/unmatched,unmatched,work identified from filename (vayu_stuti) but it does not exist in DGE — add the text to DGE first,filename,A,[],provide text / rename / identify work
