path,folder,file,ext,codec,container,sample_rate,channels,bit_depth,bitrate_kbps,duration_seconds,peak_dbfs,rms_dbfs,speech_level_dbfs,noise_floor_dbfs,snr_db_est,leading_silence_s,trailing_silence_s,longest_internal_silence_s,silence_ratio,clip_runs,quality_grade,flags,exact_duplicates,likely_duplicates,decode_error,size,sha1
kamadhenu_dataset/incoming_audio/dge_linked/PrahladaKrutaNarasimha/NS1.mp3,dge_linked/PrahladaKrutaNarasimha,NS1.mp3,.mp3,mp3 (mp3float),mp3,44100,2,32,96,21.824,-0.04,-15.84,-18.74,-41.17,29.6,0.65,0.29,0.65,0.134,0,A,[],[],[],,262732,99f28bbae757b92ef5a3d00f53a4e6e94538c96c
kamadhenu_dataset/incoming_audio/dge_linked/PrahladaKrutaNarasimha/NS10.mp3,dge_linked/PrahladaKrutaNarasimha,NS10.mp3,.mp3,mp3 (mp3float),mp3,44100,2,32,96,17.579,1.42,-14.66,-16.03,-32.47,22.2,0.34,0.25,0.56,0.237,9,A,[],[],[],,211636,92fe2e79974b68cab95d71b9a88a2fe7f73f8823
kamadhenu_dataset/incoming_audio/dge_linked/PrahladaKrutaNarasimha/NS11.mp3,dge_linked/PrahladaKrutaNarasimha,NS11.mp3,.mp3,mp3 (mp3float),mp3,44100,2,32,96,17.088,0.7,-14.21,-16.32,-35.89,26.0,0.55,0.18,0.55,0.174,0,A,[],[],[],,205994,49db077d82c92faee5948067810b870a3af6697a
kamadhenu_dataset/incoming_audio/dge_linked/PrahladaKrutaNarasimha/NS2.mp3,dge_linked/PrahladaKrutaNarasimha,NS2.mp3,.mp3,mp3 (mp3float),mp3,44100,2,32,96,18.155,0.05,-15.4,-17.86,-38.42,27.3,0.26,0.35,0.45,0.162,0,A,[],[],[],,218533,92b4410c437c24c38c86136c52e1879622016724
kamadhenu_dataset/incoming_audio/dge_linked/PrahladaKrutaNarasimha/NS3.mp3,dge_linked/PrahladaKrutaNarasimha,NS3.mp3,.mp3,mp3 (mp3float),mp3,44100,2,32,96,17.301,1.48,-13.86,-16.05,-36.68,27.3,0.51,0.19,0.51,0.138,6,B,"[""hot_peaks""]",[],[],,208502,e110c96261cd85220e607606e172290a16d849c2
kamadhenu_dataset/incoming_audio/dge_linked/PrahladaKrutaNarasimha/NS4.mp3,dge_linked/PrahladaKrutaNarasimha,NS4.mp3,.mp3,mp3 (mp3float),mp3,44100,2,32,96,17.173,1.38,-14.35,-17.03,-39.54,29.4,0.36,0.47,0.47,0.15,15,B,"[""hot_peaks""]",[],[],,206934,e486273b47ec017409ea2a77216eb7068d60d6f5
kamadhenu_dataset/incoming_audio/dge_linked/PrahladaKrutaNarasimha/NS5.mp3,dge_linked/PrahladaKrutaNarasimha,NS5.mp3,.mp3,mp3 (mp3float),mp3,44100,2,32,96,16.832,1.2,-13.3,-15.54,-35.47,26.7,0.37,0.22,0.42,0.153,18,B,"[""hot_peaks""]",[],[],,202859,71b9fee604ea2e3a11a61660f6f1ed55167c3ff2
kamadhenu_dataset/incoming_audio/dge_linked/PrahladaKrutaNarasimha/NS6.mp3,dge_linked/PrahladaKrutaNarasimha,NS6.mp3,.mp3,mp3 (mp3float),mp3,44100,2,32,96,18.56,1.33,-15.13,-18.37,-44.82,33.9,0.75,0.3,0.75,0.126,9,A,[],[],[],,223548,c3fe315979dd3abe9b30f08d0da6d383f49c0a07
kamadhenu_dataset/incoming_audio/dge_linked/PrahladaKrutaNarasimha/NS7.mp3,dge_linked/PrahladaKrutaNarasimha,NS7.mp3,.mp3,mp3 (mp3float),mp3,44100,2,32,96,17.515,1.0,-13.7,-16.76,-40.1,30.9,0.63,0.23,0.63,0.136,0,A,[],[],[],,211009,5c967a036393e841eecf11ebaae9bc3e12ae8b95
kamadhenu_dataset/incoming_audio/dge_linked/PrahladaKrutaNarasimha/NS8.mp3,dge_linked/PrahladaKrutaNarasimha,NS8.mp3,.mp3,mp3 (mp3float),mp3,44100,2,32,96,18.347,1.13,-14.03,-16.69,-36.84,27.3,0.41,0.15,0.43,0.166,5,A,[],[],[],,221040,7741ee3c5283f910042a2c9cea0e56a0c1d6d519
kamadhenu_dataset/incoming_audio/dge_linked/PrahladaKrutaNarasimha/NS9.mp3,dge_linked/PrahladaKrutaNarasimha,NS9.mp3,.mp3,mp3 (mp3float),mp3,44100,2,32,96,18.048,0.89,-14.27,-16.55,-37.57,27.6,0.44,0.13,0.44,0.161,3,A,[],[],[],,217279,216f2f572b4210dd4677a2455aa0bdb8454b4f55
kamadhenu_dataset/incoming_audio/dge_linked/raghavendra_vijaya/rv01.01.mp3,dge_linked/raghavendra_vijaya,rv01.01.mp3,.mp3,mp3 (mp3float),mp3,48000,2,32,320,17.304,2.59,-10.77,-10.46,-26.13,18.2,0.16,0.0,0.65,0.225,119,D,"[""clipping""]",[],[],,692160,b3c88fcb2b5116893669183feb667dcb3aa1410d
kamadhenu_dataset/incoming_audio/dge_linked/raghavendra_vijaya/rv01.02.mp3,dge_linked/raghavendra_vijaya,rv01.02.mp3,.mp3,mp3 (mp3float),mp3,48000,2,32,320,17.52,2.76,-11.49,-12.58,-31.86,24.3,0.32,0.44,0.46,0.244,133,D,"[""clipping""]",[],[],,700800,dcb0b8ec19ac5d3be48a89cbeb7878c2a89d4667
kamadhenu_dataset/incoming_audio/dge_linked/raghavendra_vijaya/rv01.03.mp3,dge_linked/raghavendra_vijaya,rv01.03.mp3,.mp3,mp3 (mp3float),mp3,48000,2,32,320,16.944,2.9,-9.35,-9.36,-26.16,19.5,0.38,0.2,0.76,0.185,235,D,"[""clipping""]",[],[],,677760,1cb5e305c1ef09e5f4277ac73a61d0cac86654e9
kamadhenu_dataset/incoming_audio/dge_linked/raghavendra_vijaya/rv01.04.mp3,dge_linked/raghavendra_vijaya,rv01.04.mp3,.mp3,mp3 (mp3float),mp3,48000,2,32,320,17.088,2.72,-9.53,-9.45,-26.53,19.4,0.29,0.0,0.66,0.182,424,D,"[""clipping""]",[],[],,683520,f32020b11f95c8e2883b08b835d3f1fd377e283d
kamadhenu_dataset/incoming_audio/dge_linked/raghavendra_vijaya/rv01.05.mp3,dge_linked/raghavendra_vijaya,rv01.05.mp3,.mp3,mp3 (mp3float),mp3,48000,2,32,320,16.728,2.53,-11.37,-12.55,-32.13,24.2,0.34,0.0,0.57,0.184,73,D,"[""clipping""]",[],[],,669120,c6efaf76ffe91b7870897fbe5a906e10e418d807
kamadhenu_dataset/incoming_audio/dge_linked/raghavendra_vijaya/rv01.06.mp3,dge_linked/raghavendra_vijaya,rv01.06.mp3,.mp3,mp3 (mp3float),mp3,48000,2,32,320,17.496,3.16,-10.08,-10.47,-30.28,22.9,0.36,0.06,0.66,0.163,295,D,"[""clipping""]",[],[],,699840,19539e49095dac89ae5a6ab39e0e57d9dec998a1
kamadhenu_dataset/incoming_audio/dge_linked/raghavendra_vijaya/rv01.07.mp3,dge_linked/raghavendra_vijaya,rv01.07.mp3,.mp3,mp3 (mp3float),mp3,48000,2,32,320,17.16,2.71,-9.47,-9.41,-26.04,19.3,0.27,0.02,0.74,0.187,255,D,"[""clipping""]",[],[],,686400,a8e699d12f3c93c86beec3bc3e422e083918910d
kamadhenu_dataset/incoming_audio/dge_linked/raghavendra_vijaya/rv01.08.mp3,dge_linked/raghavendra_vijaya,rv01.08.mp3,.mp3,mp3 (mp3float),mp3,48000,2,32,320,16.968,3.02,-9.33,-9.43,-26.51,20.1,0.14,0.22,0.87,0.206,436,D,"[""clipping""]",[],[],,678720,a6edba75faf9e88ed5318f00eb0ea0026801c757
kamadhenu_dataset/incoming_audio/dge_linked/raghavendra_vijaya/rv01.09.mp3,dge_linked/raghavendra_vijaya,rv01.09.mp3,.mp3,mp3 (mp3float),mp3,48000,2,32,320,16.728,2.44,-11.02,-10.82,-26.94,18.9,0.03,0.0,0.56,0.224,71,D,"[""clipping""]",[],[],,669120,13e31c51d1900b125cadbdaaaa251d0012b4ff98
kamadhenu_dataset/incoming_audio/dge_linked/raghavendra_vijaya/rv01.10.mp3,dge_linked/raghavendra_vijaya,rv01.10.mp3,.mp3,mp3 (mp3float),mp3,48000,2,32,320,17.52,2.59,-10.37,-10.19,-26.41,18.9,0.63,0.2,0.63,0.224,288,D,"[""clipping""]",[],[],,700800,1b2eade2a2716082953c01ff2720c1c67779b4dc
kamadhenu_dataset/incoming_audio/dge_linked/raghavendra_vijaya/rv01.11.mp3,dge_linked/raghavendra_vijaya,rv01.11.mp3,.mp3,mp3 (mp3float),mp3,48000,2,32,320,17.472,2.9,-9.56,-10.04,-29.49,22.8,0.46,0.23,0.72,0.188,245,D,"[""clipping""]",[],[],,698880,ec6cecaf19ee60a7bc384b454fe3d3c1ecbc495b
kamadhenu_dataset/incoming_audio/dge_linked/raghavendra_vijaya/rv01.12.mp3,dge_linked/raghavendra_vijaya,rv01.12.mp3,.mp3,mp3 (mp3float),mp3,48000,2,32,320,17.208,3.18,-9.55,-9.5,-26.59,19.9,0.16,0.12,0.71,0.208,245,D,"[""clipping""]",[],[],,688320,9b1d88b74c7eaedae1cae43a2843ef0c7a3cf480
kamadhenu_dataset/incoming_audio/dge_linked/raghavendra_vijaya/rv01.13.mp3,dge_linked/raghavendra_vijaya,rv01.13.mp3,.mp3,mp3 (mp3float),mp3,48000,2,32,320,17.328,2.48,-11.85,-12.52,-32.7,23.9,0.35,0.01,0.61,0.156,8,B,"[""hot_peaks""]",[],[],,693120,7b9e5653f4a75924eb83e6082b0063b8f3648006
kamadhenu_dataset/incoming_audio/dge_linked/raghavendra_vijaya/rv01.14.mp3,dge_linked/raghavendra_vijaya,rv01.14.mp3,.mp3,mp3 (mp3float),mp3,48000,2,32,320,17.184,2.86,-10.37,-10.59,-27.16,19.6,0.33,0.12,0.56,0.191,188,D,"[""clipping""]",[],[],,687360,ed88f4a77447eb9463fcbc013ffbb6ddd8316b69
kamadhenu_dataset/incoming_audio/dge_linked/raghavendra_vijaya/rv01.15.mp3,dge_linked/raghavendra_vijaya,rv01.15.mp3,.mp3,mp3 (mp3float),mp3,48000,2,32,320,17.184,2.94,-9.81,-9.93,-29.28,22.1,0.25,0.23,0.82,0.166,196,D,"[""clipping""]",[],[],,687360,c748a44998541afa20cff41807575305f8e10006
kamadhenu_dataset/incoming_audio/dge_linked/raghavendra_vijaya/rv01.16.mp3,dge_linked/raghavendra_vijaya,rv01.16.mp3,.mp3,mp3 (mp3float),mp3,48000,2,32,320,17.376,2.71,-9.74,-10.47,-30.27,23.3,0.32,0.01,0.7,0.157,185,D,"[""clipping""]",[],[],,695040,fcac31ce313221ea99f3cf6ebf386ea8e0a42bb3
kamadhenu_dataset/incoming_audio/dge_linked/raghavendra_vijaya/rv01.17.mp3,dge_linked/raghavendra_vijaya,rv01.17.mp3,.mp3,mp3 (mp3float),mp3,48000,2,32,320,16.8,2.59,-12.16,-12.96,-32.21,23.9,0.26,0.0,0.9,0.223,48,B,"[""hot_peaks""]",[],[],,672000,7718b090dce230c69bedcdeb99e3bd1967dfc8f9
kamadhenu_dataset/incoming_audio/dge_linked/raghavendra_vijaya/rv01.18.mp3,dge_linked/raghavendra_vijaya,rv01.18.mp3,.mp3,mp3 (mp3float),mp3,48000,2,32,320,17.04,3.31,-9.31,-9.13,-24.67,17.8,0.29,0.15,0.49,0.174,273,D,"[""clipping""]",[],[],,681600,99cec91a2956ad70a6894326506989d176c43a39
kamadhenu_dataset/incoming_audio/dge_linked/raghavendra_vijaya/rv01.19.mp3,dge_linked/raghavendra_vijaya,rv01.19.mp3,.mp3,mp3 (mp3float),mp3,48000,2,32,320,17.04,2.79,-9.31,-9.26,-25.58,18.9,0.22,0.0,0.53,0.166,288,D,"[""clipping""]",[],[],,681600,3c84f632fb7fa14afcbc4ed98259a27270b6d266
kamadhenu_dataset/incoming_audio/dge_linked/raghavendra_vijaya/rv01.20.mp3,dge_linked/raghavendra_vijaya,rv01.20.mp3,.mp3,mp3 (mp3float),mp3,48000,2,32,320,16.728,3.31,-9.55,-9.6,-26.68,19.8,0.04,0.21,0.58,0.166,267,D,"[""clipping""]",[],[],,669120,8262c622f3e363dfedb230f3057fd5df948ee69f
kamadhenu_dataset/incoming_audio/dge_linked/raghavendra_vijaya/rv01.21.mp3,dge_linked/raghavendra_vijaya,rv01.21.mp3,.mp3,mp3 (mp3float),mp3,48000,2,32,320,16.488,2.74,-11.29,-11.96,-30.04,22.0,0.04,0.0,0.54,0.203,59,D,"[""clipping""]",[],[],,659520,09288fd567b3362f859a28b1cba6304971e9545c
kamadhenu_dataset/incoming_audio/dge_linked/raghavendra_vijaya/rv01.22.mp3,dge_linked/raghavendra_vijaya,rv01.22.mp3,.mp3,mp3 (mp3float),mp3,48000,2,32,320,17.016,2.96,-9.56,-9.68,-26.3,19.1,0.23,0.09,0.65,0.14,317,D,"[""clipping""]",[],[],,680640,0a1064fd20d0872c14cc73aab5542aefe3d8c4e1
kamadhenu_dataset/incoming_audio/dge_linked/raghavendra_vijaya/rv01.23.mp3,dge_linked/raghavendra_vijaya,rv01.23.mp3,.mp3,mp3 (mp3float),mp3,48000,2,32,320,16.608,3.25,-9.47,-10.04,-29.14,22.9,0.23,0.0,0.68,0.209,212,D,"[""clipping""]",[],[],,664320,2de7a7ad98e58f8dfd1335bf9fa9a7358372db39
kamadhenu_dataset/incoming_audio/dge_linked/raghavendra_vijaya/rv01.24.mp3,dge_linked/raghavendra_vijaya,rv01.24.mp3,.mp3,mp3 (mp3float),mp3,48000,2,32,320,16.968,2.94,-9.88,-10.25,-29.53,22.6,0.3,0.01,0.54,0.178,161,D,"[""clipping""]",[],[],,678720,edb5c50642f1f3d411578f917ca09966dbb4f0b9
kamadhenu_dataset/incoming_audio/dge_linked/raghavendra_vijaya/rv01.25.mp3,dge_linked/raghavendra_vijaya,rv01.25.mp3,.mp3,mp3 (mp3float),mp3,48000,2,32,320,17.016,2.1,-11.4,-12.63,-34.02,25.8,0.29,0.0,0.79,0.156,25,B,"[""hot_peaks""]",[],[],,680640,b660f9e7b733248f88148bb867a031bcdf8aaa4e
kamadhenu_dataset/incoming_audio/dge_linked/raghavendra_vijaya/rv01.26.mp3,dge_linked/raghavendra_vijaya,rv01.26.mp3,.mp3,mp3 (mp3float),mp3,48000,2,32,320,16.896,3.11,-10.21,-10.19,-28.39,21.0,0.15,0.01,0.46,0.219,187,D,"[""clipping""]",[],[],,675840,734c6d8ca6c66cbda33fffca603dbabf6d108477
kamadhenu_dataset/incoming_audio/dge_linked/raghavendra_vijaya/rv01.27.mp3,dge_linked/raghavendra_vijaya,rv01.27.mp3,.mp3,mp3 (mp3float),mp3,48000,2,32,320,17.208,2.91,-8.8,-8.72,-24.91,18.4,0.17,0.15,0.55,0.151,256,D,"[""clipping""]",[],[],,688320,ef4c2554716de1c80d1fb61c517f78b2adedaa63
kamadhenu_dataset/incoming_audio/dge_linked/raghavendra_vijaya/rv01.28.mp3,dge_linked/raghavendra_vijaya,rv01.28.mp3,.mp3,mp3 (mp3float),mp3,48000,2,32,320,16.344,3.04,-9.54,-9.8,-28.17,21.4,0.23,0.0,0.75,0.187,177,D,"[""clipping""]",[],[],,653760,5cae74b3b95cd7b3a722b9857d0940381bdce211
kamadhenu_dataset/incoming_audio/dge_linked/raghavendra_vijaya/rv01.29.mp3,dge_linked/raghavendra_vijaya,rv01.29.mp3,.mp3,mp3 (mp3float),mp3,48000,2,32,320,16.272,2.37,-11.14,-11.63,-30.11,22.0,0.03,0.0,0.6,0.167,82,D,"[""clipping""]",[],[],,650880,ab1aeebd7f345fcfc0dea5932e354cef4dbded88
kamadhenu_dataset/incoming_audio/dge_linked/raghavendra_vijaya/rv01.30.mp3,dge_linked/raghavendra_vijaya,rv01.30.mp3,.mp3,mp3 (mp3float),mp3,48000,2,32,320,17.112,3.23,-9.88,-10.23,-27.71,20.9,0.2,0.14,0.51,0.181,198,D,"[""clipping""]",[],[],,684480,627ce29b570351bfe19e26fc4036af46d3a026e3
kamadhenu_dataset/incoming_audio/dge_linked/raghavendra_vijaya/rv01.31.mp3,dge_linked/raghavendra_vijaya,rv01.31.mp3,.mp3,mp3 (mp3float),mp3,48000,2,32,320,16.656,3.31,-8.97,-9.29,-27.92,21.5,0.15,0.06,0.8,0.169,503,D,"[""clipping""]",[],[],,666240,cbf97d2a184593d17ddfef965d7b05b4695bbd59
kamadhenu_dataset/incoming_audio/dge_linked/raghavendra_vijaya/rv01.32.mp3,dge_linked/raghavendra_vijaya,rv01.32.mp3,.mp3,mp3 (mp3float),mp3,48000,2,32,320,17.232,3.0,-9.48,-9.89,-29.48,22.6,0.13,0.1,0.92,0.185,388,D,"[""clipping""]",[],[],,689280,7e251c1a27b489d20f951817c69b4bb74cae640b
kamadhenu_dataset/incoming_audio/dge_linked/raghavendra_vijaya/rv01.33.mp3,dge_linked/raghavendra_vijaya,rv01.33.mp3,.mp3,mp3 (mp3float),mp3,48000,2,32,320,16.848,2.07,-11.46,-11.6,-29.5,20.8,0.3,0.0,0.59,0.175,12,B,"[""hot_peaks""]",[],[],,673920,e89ee4648af2790ca988070e50dd160663a76b13
kamadhenu_dataset/incoming_audio/dge_linked/raghavendra_vijaya/rv01.34.mp3,dge_linked/raghavendra_vijaya,rv01.34.mp3,.mp3,mp3 (mp3float),mp3,48000,2,32,320,17.232,2.52,-9.85,-9.89,-27.76,20.7,0.23,0.03,0.57,0.205,297,D,"[""clipping""]",[],[],,689280,2c1f64a693969d506b7ba53608c2c97e8b93c2f8
kamadhenu_dataset/incoming_audio/dge_linked/raghavendra_vijaya/rv01.35.mp3,dge_linked/raghavendra_vijaya,rv01.35.mp3,.mp3,mp3 (mp3float),mp3,48000,2,32,320,17.376,2.71,-10.56,-12.51,-35.58,28.2,0.23,0.19,1.06,0.151,119,D,"[""clipping""]",[],[],,695040,2c559998cc36ab24196b36b0b68e565a6cdfed34
kamadhenu_dataset/incoming_audio/dge_linked/raghavendra_vijaya/rv01.36.mp3,dge_linked/raghavendra_vijaya,rv01.36.mp3,.mp3,mp3 (mp3float),mp3,48000,2,32,320,17.112,3.22,-10.01,-10.76,-30.37,23.4,0.2,0.01,0.56,0.181,184,D,"[""clipping""]",[],[],,684480,ba33c0e23101dd1642d0ea90d391f44c34d5efdb
kamadhenu_dataset/incoming_audio/dge_linked/raghavendra_vijaya/rv01.37.mp3,dge_linked/raghavendra_vijaya,rv01.37.mp3,.mp3,mp3 (mp3float),mp3,48000,2,32,320,16.752,1.66,-11.25,-11.0,-26.79,18.2,0.12,0.0,0.48,0.188,9,B,"[""hot_peaks""]",[],[],,670080,c87931539314b8a13680548d8613d9c043f9fdd9
kamadhenu_dataset/incoming_audio/dge_linked/raghavendra_vijaya/rv01.38.mp3,dge_linked/raghavendra_vijaya,rv01.38.mp3,.mp3,mp3 (mp3float),mp3,48000,2,32,320,16.848,2.71,-9.5,-9.11,-23.9,17.3,0.17,0.18,0.55,0.227,216,D,"[""clipping""]",[],[],,673920,95bafa2bca178703e59ca682db5ef6c09bf23edd
kamadhenu_dataset/incoming_audio/dge_linked/raghavendra_vijaya/rv01.39.mp3,dge_linked/raghavendra_vijaya,rv01.39.mp3,.mp3,mp3 (mp3float),mp3,48000,2,32,320,17.304,3.05,-9.58,-9.54,-27.01,20.3,0.17,0.12,0.66,0.211,237,D,"[""clipping""]",[],[],,692160,832fba7d70b5ec866f4b1451998ed8d9c588f0d8
kamadhenu_dataset/incoming_audio/dge_linked/raghavendra_vijaya/rv01.40.mp3,dge_linked/raghavendra_vijaya,rv01.40.mp3,.mp3,mp3 (mp3float),mp3,48000,2,32,320,46.872,3.08,-9.69,-10.1,-30.01,23.3,0.44,0.49,1.01,0.183,799,D,"[""clipping""]",[],[],,1874880,088dbca01f67f66399d377941f9d42e3cc6c4b47
kamadhenu_dataset/incoming_audio/dge_linked/raghavendra_vijaya/rv01.41.mp3,dge_linked/raghavendra_vijaya,rv01.41.mp3,.mp3,mp3 (mp3float),mp3,48000,2,32,320,18.696,3.06,-9.09,-7.76,-15.41,8.6,0.37,0.04,1.01,0.427,256,D,"[""clipping"", ""noisy_low_snr""]",[],[],,747840,87f420ea60c47a7c3da6b1757da851b983d2094f
kamadhenu_dataset/incoming_audio/dge_linked/raghavendra_vijaya/rv01.42.mp3,dge_linked/raghavendra_vijaya,rv01.42.mp3,.mp3,mp3 (mp3float),mp3,48000,2,32,320,39.624,3.02,-9.35,-9.52,-28.46,22.0,0.04,0.39,1.21,0.191,808,D,"[""clipping""]",[],[],,1584960,02dcee47bda7ecd2b5119b15c0de05fd5cc09be5
kamadhenu_dataset/incoming_audio/dge_linked/raghavendra_vijaya/rv02.01.mp3,dge_linked/raghavendra_vijaya,rv02.01.mp3,.mp3,mp3 (mp3float),mp3,48000,2,32,320,18.216,3.27,-9.55,-9.98,-28.37,21.8,0.42,1.05,1.05,0.187,585,D,"[""clipping""]",[],[],,728640,b427ecefa3cc1aed6d86f6cc0067cb780df2f5fe
kamadhenu_dataset/incoming_audio/dge_linked/raghavendra_vijaya/rv02.02.mp3,dge_linked/raghavendra_vijaya,rv02.02.mp3,.mp3,mp3 (mp3float),mp3,48000,2,32,320,18.192,3.29,-10.52,-11.11,-29.3,22.1,0.29,1.0,1.0,0.195,325,D,"[""clipping""]",[],[],,727680,e50cc9d0bb57e5043d08fed3fec75cb2d8cb8a80
kamadhenu_dataset/incoming_audio/dge_linked/raghavendra_vijaya/rv02.03.mp3,dge_linked/raghavendra_vijaya,rv02.03.mp3,.mp3,mp3 (mp3float),mp3,48000,2,32,320,18.48,3.31,-9.72,-10.79,-31.17,24.5,0.85,1.0,1.0,0.133,577,D,"[""clipping"", ""broadband_noise_floor""]",[],[],,739200,fb938ffd49bd848a4dc1cf0f3793b62ce7b2ab62
kamadhenu_dataset/incoming_audio/dge_linked/raghavendra_vijaya/rv02.04.mp3,dge_linked/raghavendra_vijaya,rv02.04.mp3,.mp3,mp3 (mp3float),mp3,48000,2,32,320,18.552,3.42,-10.17,-10.6,-27.97,21.1,0.52,1.13,1.13,0.199,355,D,"[""clipping""]",[],[],,742080,8c3cb840ff43cef291b4a0ac8e45d2f5e477cc20
kamadhenu_dataset/incoming_audio/dge_linked/raghavendra_vijaya/rv02.05.mp3,dge_linked/raghavendra_vijaya,rv02.05.mp3,.mp3,mp3 (mp3float),mp3,48000,2,32,320,18.36,3.3,-9.96,-10.28,-28.71,21.7,0.63,0.86,0.86,0.191,385,D,"[""clipping""]",[],[],,734400,2d0a982e6b0e19813ff85cd4d64ac393a0154d75
kamadhenu_dataset/incoming_audio/dge_linked/raghavendra_vijaya/rv02.06.mp3,dge_linked/raghavendra_vijaya,rv02.06.mp3,.mp3,mp3 (mp3float),mp3,48000,2,32,320,18.048,3.29,-10.14,-10.78,-28.71,21.6,0.46,0.68,0.68,0.179,385,D,"[""clipping""]",[],[],,721920,cd18258bb9f83daed6b3d235c4c9d2aec349055e
kamadhenu_dataset/incoming_audio/dge_linked/raghavendra_vijaya/rv02.07.mp3,dge_linked/raghavendra_vijaya,rv02.07.mp3,.mp3,mp3 (mp3float),mp3,48000,2,32,320,18.912,3.16,-9.89,-10.61,-30.32,23.6,0.62,1.22,1.22,0.181,444,D,"[""clipping""]",[],[],,756480,9227a5f770284cb7a730467d5e4949263df2735f
kamadhenu_dataset/incoming_audio/dge_linked/raghavendra_vijaya/rv02.08.mp3,dge_linked/raghavendra_vijaya,rv02.08.mp3,.mp3,mp3 (mp3float),mp3,48000,2,32,320,19.92,3.33,-10.5,-14.39,-83.98,77.1,0.69,1.59,1.59,0.115,354,D,"[""clipping""]",[],[],,796800,631e9e939df8292f3732d5eea6af66263e91b1a7
kamadhenu_dataset/incoming_audio/dge_linked/raghavendra_vijaya/rv02.09.mp3,dge_linked/raghavendra_vijaya,rv02.09.mp3,.mp3,mp3 (mp3float),mp3,48000,2,32,320,18.168,3.55,-9.87,-9.96,-27.2,20.2,0.85,0.62,0.85,0.165,370,D,"[""clipping""]",[],[],,726720,66ee6becc3bdcdceafb2e1dccc1ea6c145e8e711
kamadhenu_dataset/incoming_audio/dge_linked/raghavendra_vijaya/rv02.10.mp3,dge_linked/raghavendra_vijaya,rv02.10.mp3,.mp3,mp3 (mp3float),mp3,48000,2,32,320,18.912,3.33,-9.76,-11.69,-36.9,30.1,0.82,1.19,1.19,0.123,530,D,"[""clipping""]",[],[],,756480,10b74c8f18fc377ce6e6866ab86dd60b955730d5
kamadhenu_dataset/incoming_audio/dge_linked/raghavendra_vijaya/rv02.11.mp3,dge_linked/raghavendra_vijaya,rv02.11.mp3,.mp3,mp3 (mp3float),mp3,48000,2,32,320,18.744,3.43,-9.74,-11.01,-33.63,26.9,0.97,1.02,1.02,0.132,455,D,"[""clipping""]",[],[],,749760,f4b798f227f354371ed1ae5a11fd4f5aec7dcecd
kamadhenu_dataset/incoming_audio/dge_linked/raghavendra_vijaya/rv02.12.mp3,dge_linked/raghavendra_vijaya,rv02.12.mp3,.mp3,mp3 (mp3float),mp3,48000,2,32,320,18.96,3.58,-10.42,-12.46,-35.48,28.5,0.78,1.31,1.31,0.135,321,D,"[""clipping""]",[],[],,758400,4c120f5ac5191ff869a642447bfe9bb474f83c4d
kamadhenu_dataset/incoming_audio/dge_linked/raghavendra_vijaya/rv02.13.mp3,dge_linked/raghavendra_vijaya,rv02.13.mp3,.mp3,mp3 (mp3float),mp3,48000,2,32,320,18.672,3.48,-9.84,-11.15,-32.35,25.5,0.96,0.92,0.96,0.141,372,D,"[""clipping""]",[],[],,746880,85bc05253a6a9ee6434cfcae39aa0e3862967026
kamadhenu_dataset/incoming_audio/dge_linked/raghavendra_vijaya/rv02.14.mp3,dge_linked/raghavendra_vijaya,rv02.14.mp3,.mp3,mp3 (mp3float),mp3,48000,2,32,320,18.624,3.25,-10.58,-11.25,-30.23,22.7,0.81,0.91,0.91,0.167,326,D,"[""clipping""]",[],[],,744960,6fc76ca2a0348f39430ed3d4696ac38240d11667
kamadhenu_dataset/incoming_audio/dge_linked/raghavendra_vijaya/rv02.15.mp3,dge_linked/raghavendra_vijaya,rv02.15.mp3,.mp3,mp3 (mp3float),mp3,48000,2,32,320,17.544,3.33,-9.78,-9.48,-26.01,19.0,0.69,0.0,0.69,0.225,473,D,"[""clipping""]",[],[],,701760,4596ade53b4c579aef67110230bf0e470b0e9edd
kamadhenu_dataset/incoming_audio/dge_linked/raghavendra_vijaya/rv02.16.mp3,dge_linked/raghavendra_vijaya,rv02.16.mp3,.mp3,mp3 (mp3float),mp3,48000,2,32,320,18.312,3.44,-9.74,-10.14,-29.11,22.5,0.63,0.85,0.85,0.177,304,D,"[""clipping""]",[],[],,732480,0a840c6046138799d421a0f74e7ddcb9b1c6475f
kamadhenu_dataset/incoming_audio/dge_linked/raghavendra_vijaya/rv02.17.mp3,dge_linked/raghavendra_vijaya,rv02.17.mp3,.mp3,mp3 (mp3float),mp3,48000,2,32,320,18.264,3.11,-10.28,-10.85,-31.43,24.0,0.71,0.86,0.86,0.16,401,D,"[""clipping""]",[],[],,730560,77c79e3b472ef727953310d192e0e3fbc729fc83
kamadhenu_dataset/incoming_audio/dge_linked/raghavendra_vijaya/rv02.18.mp3,dge_linked/raghavendra_vijaya,rv02.18.mp3,.mp3,mp3 (mp3float),mp3,48000,2,32,320,18.408,3.24,-9.78,-10.07,-27.67,21.0,0.75,0.78,0.78,0.189,450,D,"[""clipping"", ""broadband_noise_floor""]",[],[],,736320,a183b29fd8ae11b9c27b7e9d19cb33dafeecd2aa
kamadhenu_dataset/incoming_audio/dge_linked/raghavendra_vijaya/rv02.19.mp3,dge_linked/raghavendra_vijaya,rv02.19.mp3,.mp3,mp3 (mp3float),mp3,48000,2,32,320,18.552,3.26,-10.08,-11.75,-33.55,27.0,0.76,0.94,0.94,0.153,244,D,"[""clipping""]",[],[],,742080,9b3a36e8c477693b77abee54116e5999be3dda6f
kamadhenu_dataset/incoming_audio/dge_linked/raghavendra_vijaya/rv02.20.mp3,dge_linked/raghavendra_vijaya,rv02.20.mp3,.mp3,mp3 (mp3float),mp3,48000,2,32,320,18.36,3.33,-10.12,-10.6,-29.83,22.7,0.55,0.92,0.92,0.181,378,D,"[""clipping""]",[],[],,734400,98671e1fc23e7a6ef4b3b05c0d4b68d6c3b53b5d
kamadhenu_dataset/incoming_audio/dge_linked/raghavendra_vijaya/rv02.21.mp3,dge_linked/raghavendra_vijaya,rv02.21.mp3,.mp3,mp3 (mp3float),mp3,48000,2,32,320,18.384,3.62,-9.63,-10.06,-27.36,20.6,0.87,0.69,0.87,0.175,662,D,"[""clipping""]",[],[],,735360,8fe45902312b47bf21a1a9d7936fba64617b03ec
kamadhenu_dataset/incoming_audio/dge_linked/raghavendra_vijaya/rv02.22.mp3,dge_linked/raghavendra_vijaya,rv02.22.mp3,.mp3,mp3 (mp3float),mp3,48000,2,32,320,18.192,3.52,-9.93,-10.34,-27.78,20.9,0.59,0.84,0.84,0.174,323,D,"[""clipping""]",[],[],,727680,f062a69217685f6531c5eb075967f5a381c914da
kamadhenu_dataset/incoming_audio/dge_linked/raghavendra_vijaya/rv02.23.mp3,dge_linked/raghavendra_vijaya,rv02.23.mp3,.mp3,mp3 (mp3float),mp3,48000,2,32,320,18.048,3.54,-9.8,-9.74,-26.27,19.5,0.72,0.57,0.72,0.199,465,D,"[""clipping""]",[],[],,721920,cfea72cdbcdfc69d32b025d458c30a724aefa514
kamadhenu_dataset/incoming_audio/dge_linked/raghavendra_vijaya/rv02.24.mp3,dge_linked/raghavendra_vijaya,rv02.24.mp3,.mp3,mp3 (mp3float),mp3,48000,2,32,320,18.792,3.34,-10.29,-11.47,-31.54,24.3,0.79,1.19,1.19,0.157,378,D,"[""clipping""]",[],[],,751680,8861a279a7f9c9a8047dff3e545b41f07fffa632
kamadhenu_dataset/incoming_audio/dge_linked/raghavendra_vijaya/rv02.25.mp3,dge_linked/raghavendra_vijaya,rv02.25.mp3,.mp3,mp3 (mp3float),mp3,48000,2,32,320,18.6,3.17,-10.02,-10.35,-28.39,21.4,0.68,0.88,0.88,0.196,317,D,"[""clipping""]",[],[],,744000,bc0c87440a21b96d8856b0d2ead2f9993388a5e2
kamadhenu_dataset/incoming_audio/dge_linked/raghavendra_vijaya/rv02.26.mp3,dge_linked/raghavendra_vijaya,rv02.26.mp3,.mp3,mp3 (mp3float),mp3,48000,2,32,320,18.36,3.28,-9.81,-9.92,-27.72,20.8,0.63,0.86,0.86,0.201,474,D,"[""clipping""]",[],[],,734400,08f063755bceeec9d1f26cd4570296d51dbb747d
kamadhenu_dataset/incoming_audio/dge_linked/raghavendra_vijaya/rv02.27.mp3,dge_linked/raghavendra_vijaya,rv02.27.mp3,.mp3,mp3 (mp3float),mp3,48000,2,32,320,18.624,3.26,-10.19,-10.58,-29.76,22.4,0.71,0.77,0.77,0.169,355,D,"[""clipping""]",[],[],,744960,8bc8bfcc872da68e1fde74bb0b94c6196d31ffa2
kamadhenu_dataset/incoming_audio/dge_linked/raghavendra_vijaya/rv02.28.mp3,dge_linked/raghavendra_vijaya,rv02.28.mp3,.mp3,mp3 (mp3float),mp3,48000,2,32,320,18.192,3.34,-9.54,-9.79,-27.99,21.3,0.5,0.89,0.89,0.185,539,D,"[""clipping""]",[],[],,727680,1ddb22c5eb8e171e94fe46a295424aef79b249a7
kamadhenu_dataset/incoming_audio/dge_linked/raghavendra_vijaya/rv02.29.mp3,dge_linked/raghavendra_vijaya,rv02.29.mp3,.mp3,mp3 (mp3float),mp3,48000,2,32,320,18.192,3.13,-10.2,-10.25,-27.31,19.8,0.68,0.66,0.68,0.196,398,D,"[""clipping""]",[],[],,727680,9b4ca28086534341af7ba42d8ecdeb2c74888628
kamadhenu_dataset/incoming_audio/dge_linked/raghavendra_vijaya/rv02.30.mp3,dge_linked/raghavendra_vijaya,rv02.30.mp3,.mp3,mp3 (mp3float),mp3,48000,2,32,320,17.952,3.38,-9.54,-9.51,-24.35,17.7,0.7,0.33,0.7,0.202,541,D,"[""clipping""]",[],[],,718080,62d891dc5f1a54955e4581c8c5949483be6f79fb
kamadhenu_dataset/incoming_audio/dge_linked/raghavendra_vijaya/rv02.31.mp3,dge_linked/raghavendra_vijaya,rv02.31.mp3,.mp3,mp3 (mp3float),mp3,48000,2,32,320,18.024,3.46,-9.57,-9.95,-29.55,22.7,0.58,0.8,0.8,0.154,525,D,"[""clipping""]",[],[],,720960,ffa20bcb4c83150b00b254df76292ad48e4c2bd5
kamadhenu_dataset/incoming_audio/dge_linked/raghavendra_vijaya/rv02.32.mp3,dge_linked/raghavendra_vijaya,rv02.32.mp3,.mp3,mp3 (mp3float),mp3,48000,2,32,320,17.616,2.85,-10.08,-10.21,-27.48,20.4,0.4,0.67,0.67,0.219,490,D,"[""clipping""]",[],[],,704640,ade4a5881e88552a9a550c563cabf6a5264927dd
kamadhenu_dataset/incoming_audio/dge_linked/raghavendra_vijaya/rv02.33.mp3,dge_linked/raghavendra_vijaya,rv02.33.mp3,.mp3,mp3 (mp3float),mp3,48000,2,32,320,23.976,3.24,-11.98,-14.25,-180.0,172.0,0.03,1.93,3.78,0.255,109,B,"[""hot_peaks"", ""long_internal_silence""]",[],[],,959040,f03ac96f8524048fbf020416a127c1710b6a9ad2
kamadhenu_dataset/incoming_audio/dge_linked/raghavendra_vijaya/rv02.34.mp3,dge_linked/raghavendra_vijaya,rv02.34.mp3,.mp3,mp3 (mp3float),mp3,48000,2,32,320,21.984,3.12,-11.72,-14.67,-180.0,172.2,2.73,1.29,2.73,0.199,175,D,"[""clipping"", ""long_leading_silence""]",[],[],,879360,7d012a0a79e6ab589a09d7817c67151807e1dcd1
kamadhenu_dataset/incoming_audio/dge_linked/raghavendra_vijaya/rv02.35.mp3,dge_linked/raghavendra_vijaya,rv02.35.mp3,.mp3,mp3 (mp3float),mp3,48000,2,32,320,20.784,3.35,-10.63,-14.37,-141.61,134.4,1.53,0.23,1.53,0.131,341,D,"[""clipping""]",[],[],,831360,53b68e239cb2bcaa8d80758270c925b3cfee0303
kamadhenu_dataset/incoming_audio/dge_linked/raghavendra_vijaya/rv02.36.mp3,dge_linked/raghavendra_vijaya,rv02.36.mp3,.mp3,mp3 (mp3float),mp3,48000,2,32,320,17.928,3.24,-10.41,-10.43,-27.06,19.9,0.37,0.72,0.72,0.242,382,D,"[""clipping""]",[],[],,717120,4d2ef661aeff059d3666ad1e765a1bb408c283ba
kamadhenu_dataset/incoming_audio/dge_linked/raghavendra_vijaya/rv02.37.mp3,dge_linked/raghavendra_vijaya,rv02.37.mp3,.mp3,mp3 (mp3float),mp3,48000,2,32,320,17.52,3.32,-10.09,-10.57,-28.85,21.9,0.34,0.74,0.74,0.179,274,D,"[""clipping""]",[],[],,700800,2abe51b8e4eac877e7a66b552098d51d9d89b70a
kamadhenu_dataset/incoming_audio/dge_linked/raghavendra_vijaya/rv02.38.mp3,dge_linked/raghavendra_vijaya,rv02.38.mp3,.mp3,mp3 (mp3float),mp3,48000,2,32,320,18.792,3.57,-9.33,-9.88,-31.24,24.8,0.74,1.18,1.18,0.166,543,D,"[""clipping""]",[],[],,751680,2c2527215f37836ab3c550fc7f3bdfbc6dea29a9
kamadhenu_dataset/incoming_audio/dge_linked/raghavendra_vijaya/rv02.39.mp3,dge_linked/raghavendra_vijaya,rv02.39.mp3,.mp3,mp3 (mp3float),mp3,48000,2,32,320,17.664,3.3,-9.65,-9.4,-23.92,16.9,0.27,0.65,0.65,0.198,484,D,"[""clipping""]",[],[],,706560,e7e7d201f33ba4c6bff49f228c00739306c8d3f6
kamadhenu_dataset/incoming_audio/dge_linked/raghavendra_vijaya/rv02.40.mp3,dge_linked/raghavendra_vijaya,rv02.40.mp3,.mp3,mp3 (mp3float),mp3,48000,2,32,320,18.024,3.26,-9.82,-10.1,-26.77,20.0,0.42,0.69,0.69,0.173,357,D,"[""clipping""]",[],[],,720960,96c93ddd9e044aaf72ee476a064ec6f30ee93c6b
kamadhenu_dataset/incoming_audio/dge_linked/raghavendra_vijaya/rv02.41.mp3,dge_linked/raghavendra_vijaya,rv02.41.mp3,.mp3,mp3 (mp3float),mp3,48000,2,32,320,18.456,3.24,-10.0,-10.93,-30.61,23.7,0.5,1.1,1.1,0.158,413,D,"[""clipping""]",[],[],,738240,833dffcc84d8612fca3d6a3ea505391f7fa9df44
kamadhenu_dataset/incoming_audio/dge_linked/raghavendra_vijaya/rv02.42.mp3,dge_linked/raghavendra_vijaya,rv02.42.mp3,.mp3,mp3 (mp3float),mp3,48000,2,32,320,18.48,3.35,-10.34,-11.32,-31.54,24.2,0.92,0.85,0.92,0.144,232,D,"[""clipping""]",[],[],,739200,ef142bce816303abf566c02ff3003b4ecf644d26
kamadhenu_dataset/incoming_audio/dge_linked/raghavendra_vijaya/rv02.43.mp3,dge_linked/raghavendra_vijaya,rv02.43.mp3,.mp3,mp3 (mp3float),mp3,48000,2,32,320,17.88,3.48,-10.0,-10.62,-29.16,22.7,0.6,0.79,0.79,0.197,268,D,"[""clipping""]",[],[],,715200,ce9c0eeb8be888bb23def0b96ec58de7255066c1
kamadhenu_dataset/incoming_audio/dge_linked/raghavendra_vijaya/rv02.44.mp3,dge_linked/raghavendra_vijaya,rv02.44.mp3,.mp3,mp3 (mp3float),mp3,48000,2,32,320,18.288,3.29,-10.55,-10.92,-29.62,22.4,0.35,0.78,0.78,0.17,103,D,"[""clipping""]",[],[],,731520,d3471857178b41f03b17fc1c222156f23a8b5232
kamadhenu_dataset/incoming_audio/dge_linked/raghavendra_vijaya/rv02.45.mp3,dge_linked/raghavendra_vijaya,rv02.45.mp3,.mp3,mp3 (mp3float),mp3,48000,2,32,320,18.0,3.36,-10.72,-11.04,-28.77,21.3,0.41,0.63,0.63,0.22,316,D,"[""clipping""]",[],[],,720000,1553186e198fcaf84632dbbf6f43975bfc71f59b
kamadhenu_dataset/incoming_audio/dge_linked/raghavendra_vijaya/rv02.46.mp3,dge_linked/raghavendra_vijaya,rv02.46.mp3,.mp3,mp3 (mp3float),mp3,48000,2,32,320,17.928,3.31,-9.33,-9.29,-25.71,19.3,0.29,0.75,0.75,0.189,480,D,"[""clipping""]",[],[],,717120,0a6fcbc05e051117bcbe7280c20e7fd65afbe607
kamadhenu_dataset/incoming_audio/dge_linked/raghavendra_vijaya/rv02.47.mp3,dge_linked/raghavendra_vijaya,rv02.47.mp3,.mp3,mp3 (mp3float),mp3,48000,2,32,320,18.504,3.26,-10.15,-10.29,-28.14,20.9,0.51,0.93,0.93,0.198,434,D,"[""clipping""]",[],[],,740160,ad6266bfac0b65f2386dd194f134c55799f222f6
kamadhenu_dataset/incoming_audio/dge_linked/raghavendra_vijaya/rv02.48.mp3,dge_linked/raghavendra_vijaya,rv02.48.mp3,.mp3,mp3 (mp3float),mp3,48000,2,32,320,18.384,3.43,-9.5,-9.72,-27.17,20.6,0.3,0.86,0.86,0.179,601,D,"[""clipping""]",[],[],,735360,6a7521ea73cf3df7e0c6f5dc4b6d9fbf508608d8
kamadhenu_dataset/incoming_audio/dge_linked/raghavendra_vijaya/rv02.49.mp3,dge_linked/raghavendra_vijaya,rv02.49.mp3,.mp3,mp3 (mp3float),mp3,48000,2,32,320,18.0,3.28,-10.09,-10.14,-27.38,20.2,0.39,0.75,0.75,0.193,272,D,"[""clipping""]",[],[],,720000,4fbbc22fdb6b77a2b9f46e6250c805db43e457d5
kamadhenu_dataset/incoming_audio/dge_linked/raghavendra_vijaya/rv02.50.mp3,dge_linked/raghavendra_vijaya,rv02.50.mp3,.mp3,mp3 (mp3float),mp3,48000,2,32,320,17.808,3.18,-9.05,-9.12,-25.62,19.5,0.38,0.65,0.65,0.184,497,D,"[""clipping""]",[],[],,712320,50be30a1de7408735694700ae3a935a5b5c317d4
kamadhenu_dataset/incoming_audio/dge_linked/raghavendra_vijaya/rv02.51.mp3,dge_linked/raghavendra_vijaya,rv02.51.mp3,.mp3,mp3 (mp3float),mp3,48000,2,32,320,17.496,3.39,-9.75,-9.98,-26.8,20.1,0.46,0.22,0.54,0.182,377,D,"[""clipping""]",[],[],,699840,95eb6f51e1dd5c47c98c7a2cd2fd29e66b2ce159
kamadhenu_dataset/incoming_audio/dge_linked/raghavendra_vijaya/rv02.52.mp3,dge_linked/raghavendra_vijaya,rv02.52.mp3,.mp3,mp3 (mp3float),mp3,48000,2,32,320,18.504,3.21,-10.29,-10.52,-27.49,20.1,0.36,0.71,0.71,0.173,262,D,"[""clipping""]",[],[],,740160,640b3ebff19a87ba17e7401379dec1771c8eeaa5
kamadhenu_dataset/incoming_audio/dge_linked/raghavendra_vijaya/rv02.53.mp3,dge_linked/raghavendra_vijaya,rv02.53.mp3,.mp3,mp3 (mp3float),mp3,48000,2,32,320,28.44,3.12,-10.46,-13.23,-51.56,44.3,0.64,0.0,1.27,0.123,456,D,"[""clipping""]",[],[],,1137600,6bc9ba20263607b21f569271f4f4f872bebb6d19
kamadhenu_dataset/incoming_audio/dge_linked/raghavendra_vijaya/rv03.01.mp3,dge_linked/raghavendra_vijaya,rv03.01.mp3,.mp3,mp3 (mp3float),mp3,48000,2,32,320,16.368,2.48,-10.42,-9.84,-19.99,11.8,0.17,0.01,0.33,0.198,12,C,"[""hot_peaks"", ""noisy_low_snr""]",[],[],,654720,39415e6746995be5f60e9535bc047420680d6858
kamadhenu_dataset/incoming_audio/dge_linked/raghavendra_vijaya/rv03.02.mp3,dge_linked/raghavendra_vijaya,rv03.02.mp3,.mp3,mp3 (mp3float),mp3,48000,2,32,320,16.848,2.65,-10.22,-9.63,-23.85,16.5,0.03,0.15,0.72,0.249,60,D,"[""clipping""]",[],[],,673920,bb2f543946c3954cceccb51102f8f6faa71c8897
kamadhenu_dataset/incoming_audio/dge_linked/raghavendra_vijaya/rv03.03.mp3,dge_linked/raghavendra_vijaya,rv03.03.mp3,.mp3,mp3 (mp3float),mp3,48000,2,32,320,16.512,2.87,-10.37,-10.13,-25.22,17.6,0.04,0.04,0.7,0.219,77,D,"[""clipping""]",[],[],,660480,3f348a129bd33f6e781b3e9d88e33ca734f319ce
kamadhenu_dataset/incoming_audio/dge_linked/raghavendra_vijaya/rv03.04.mp3,dge_linked/raghavendra_vijaya,rv03.04.mp3,.mp3,mp3 (mp3float),mp3,48000,2,32,320,16.728,2.91,-9.38,-8.81,-19.73,12.8,0.22,0.01,0.29,0.208,76,D,"[""clipping"", ""noisy_low_snr""]",[],[],,669120,c607b471d9f58812b934f738c15fc9d3a4634f0c
kamadhenu_dataset/incoming_audio/dge_linked/raghavendra_vijaya/rv03.05.mp3,dge_linked/raghavendra_vijaya,rv03.05.mp3,.mp3,mp3 (mp3float),mp3,48000,2,32,320,16.464,3.29,-10.06,-9.69,-22.1,14.4,0.04,0.1,0.72,0.172,62,D,"[""clipping"", ""noisy_low_snr""]",[],[],,658560,f4a06b593c69f0a477ca6915e972bb1999056323
kamadhenu_dataset/incoming_audio/dge_linked/raghavendra_vijaya/rv03.06.mp3,dge_linked/raghavendra_vijaya,rv03.06.mp3,.mp3,mp3 (mp3float),mp3,48000,2,32,320,16.368,2.8,-9.96,-9.74,-23.88,16.5,0.25,0.01,0.8,0.191,41,D,"[""clipping""]",[],[],,654720,921c5118b54d4e062f5cccb4d9d4014d830c7c48
kamadhenu_dataset/incoming_audio/dge_linked/raghavendra_vijaya/rv03.07.mp3,dge_linked/raghavendra_vijaya,rv03.07.mp3,.mp3,mp3 (mp3float),mp3,48000,2,32,320,16.56,2.35,-10.19,-9.6,-21.33,13.3,0.05,0.09,0.3,0.206,11,D,"[""clipping"", ""noisy_low_snr""]",[],[],,662400,e3050aaeaacf94e7d224b2d7b38b3a500c876199
kamadhenu_dataset/incoming_audio/dge_linked/raghavendra_vijaya/rv03.08.mp3,dge_linked/raghavendra_vijaya,rv03.08.mp3,.mp3,mp3 (mp3float),mp3,48000,2,32,320,16.392,2.37,-9.99,-9.33,-19.08,11.2,0.17,0.0,0.3,0.216,33,D,"[""clipping"", ""noisy_low_snr""]",[],[],,655680,491db21c0408463d8cb24b3939eaf954111345db
kamadhenu_dataset/incoming_audio/dge_linked/raghavendra_vijaya/rv03.09.mp3,dge_linked/raghavendra_vijaya,rv03.09.mp3,.mp3,mp3 (mp3float),mp3,48000,2,32,320,16.8,2.82,-10.23,-9.85,-20.96,13.2,0.04,0.2,0.77,0.181,9,C,"[""hot_peaks"", ""noisy_low_snr""]",[],[],,672000,6fa17fe65ec13d4d0a1a0dc9350e5a631311d153
kamadhenu_dataset/incoming_audio/dge_linked/raghavendra_vijaya/rv03.10.mp3,dge_linked/raghavendra_vijaya,rv03.10.mp3,.mp3,mp3 (mp3float),mp3,48000,2,32,320,16.272,2.92,-11.15,-11.09,-26.05,17.7,0.28,0.0,0.62,0.192,14,B,"[""hot_peaks""]",[],[],,650880,84aa384eee4b12b48415905bcc71cf670aa68828
kamadhenu_dataset/incoming_audio/dge_linked/raghavendra_vijaya/rv03.11.mp3,dge_linked/raghavendra_vijaya,rv03.11.mp3,.mp3,mp3 (mp3float),mp3,48000,2,32,320,16.56,3.03,-9.9,-9.43,-21.18,13.8,0.24,0.0,0.28,0.199,35,D,"[""clipping"", ""noisy_low_snr""]",[],[],,662400,2b41981eba9e7dd07abaa2a626ae6ca84e2b3a9e
kamadhenu_dataset/incoming_audio/dge_linked/raghavendra_vijaya/rv03.12.mp3,dge_linked/raghavendra_vijaya,rv03.12.mp3,.mp3,mp3 (mp3float),mp3,48000,2,32,320,16.872,3.47,-10.76,-10.34,-25.42,17.5,0.03,0.2,0.71,0.232,33,D,"[""clipping""]",[],[],,674880,056d55656fd1ef37e11eac222934220f6608ae64
kamadhenu_dataset/incoming_audio/dge_linked/raghavendra_vijaya/rv03.13.mp3,dge_linked/raghavendra_vijaya,rv03.13.mp3,.mp3,mp3 (mp3float),mp3,48000,2,32,320,16.872,3.25,-10.23,-10.12,-26.22,18.7,0.11,0.22,0.91,0.204,42,D,"[""clipping""]",[],[],,674880,59fdc52a9bfafcb187fad4dbba85d2a71c59f246
kamadhenu_dataset/incoming_audio/dge_linked/raghavendra_vijaya/rv03.14.mp3,dge_linked/raghavendra_vijaya,rv03.14.mp3,.mp3,mp3 (mp3float),mp3,48000,2,32,320,16.872,2.96,-9.78,-9.33,-19.31,11.8,0.18,0.21,0.28,0.183,28,D,"[""clipping"", ""noisy_low_snr""]",[],[],,674880,0f2108c9884500896a4030d1a890a74218c9d929
kamadhenu_dataset/incoming_audio/dge_linked/raghavendra_vijaya/rv03.15.mp3,dge_linked/raghavendra_vijaya,rv03.15.mp3,.mp3,mp3 (mp3float),mp3,48000,2,32,320,16.2,2.22,-10.3,-9.83,-22.03,14.2,0.03,0.0,0.3,0.202,20,D,"[""clipping"", ""noisy_low_snr""]",[],[],,648000,93b302d9fcf4a859e59b50712ce6ee0873417292
kamadhenu_dataset/incoming_audio/dge_linked/raghavendra_vijaya/rv03.16.mp3,dge_linked/raghavendra_vijaya,rv03.16.mp3,.mp3,mp3 (mp3float),mp3,48000,2,32,320,16.944,2.56,-10.16,-9.95,-23.91,16.4,0.03,0.15,0.84,0.187,23,D,"[""clipping""]",[],[],,677760,6c8614cb78ca11c14648a2d4c29776d562e4d52b
kamadhenu_dataset/incoming_audio/dge_linked/raghavendra_vijaya/rv03.17.mp3,dge_linked/raghavendra_vijaya,rv03.17.mp3,.mp3,mp3 (mp3float),mp3,48000,2,32,320,16.728,2.58,-10.68,-10.58,-26.28,18.3,0.16,0.14,0.8,0.174,27,B,"[""hot_peaks""]",[],[],,669120,d816d8f8f4bc8971b182329f29d5a353f791096c
kamadhenu_dataset/incoming_audio/dge_linked/raghavendra_vijaya/rv03.18.mp3,dge_linked/raghavendra_vijaya,rv03.18.mp3,.mp3,mp3 (mp3float),mp3,48000,2,32,320,16.464,3.11,-9.92,-9.35,-20.31,12.8,0.18,0.0,0.37,0.222,30,D,"[""clipping"", ""noisy_low_snr""]",[],[],,658560,04fc18bb6c6d9fb8959492c6074bf404e8326392
kamadhenu_dataset/incoming_audio/dge_linked/raghavendra_vijaya/rv03.19.mp3,dge_linked/raghavendra_vijaya,rv03.19.mp3,.mp3,mp3 (mp3float),mp3,48000,2,32,320,16.68,2.3,-10.75,-10.11,-23.3,15.0,0.03,0.21,0.52,0.238,38,D,"[""clipping""]",[],[],,667200,578df8ac52b49f452e65acfa1b57c7ae1fe2b7b6
kamadhenu_dataset/incoming_audio/dge_linked/raghavendra_vijaya/rv03.20.mp3,dge_linked/raghavendra_vijaya,rv03.20.mp3,.mp3,mp3 (mp3float),mp3,48000,2,32,320,16.488,2.87,-9.96,-9.76,-24.28,16.9,0.11,0.14,0.8,0.189,59,D,"[""clipping""]",[],[],,659520,3ce87656064de676ca590d054c3d403a75a802b1
kamadhenu_dataset/incoming_audio/dge_linked/raghavendra_vijaya/rv03.21.mp3,dge_linked/raghavendra_vijaya,rv03.21.mp3,.mp3,mp3 (mp3float),mp3,48000,2,32,320,16.944,2.59,-9.83,-9.52,-22.41,15.1,0.19,0.39,0.39,0.174,61,D,"[""clipping""]",[],[],,677760,071b1ddfee8f7d5687f0a9363e89caa6ffba1e7b
kamadhenu_dataset/incoming_audio/dge_linked/raghavendra_vijaya/rv03.22.mp3,dge_linked/raghavendra_vijaya,rv03.22.mp3,.mp3,mp3 (mp3float),mp3,48000,2,32,320,16.608,2.64,-10.47,-10.08,-24.76,17.0,0.27,0.0,0.3,0.212,34,B,"[""hot_peaks""]",[],[],,664320,d13fbb374dfdef7a725713e9d51c412b7f323fab
kamadhenu_dataset/incoming_audio/dge_linked/raghavendra_vijaya/rv03.23.mp3,dge_linked/raghavendra_vijaya,rv03.23.mp3,.mp3,mp3 (mp3float),mp3,48000,2,32,320,17.04,3.0,-10.22,-10.1,-25.39,17.9,0.03,0.22,0.75,0.196,13,D,"[""clipping""]",[],[],,681600,73f243bac6e598ba9549892a44433b261e00fec6
kamadhenu_dataset/incoming_audio/dge_linked/raghavendra_vijaya/rv03.24.mp3,dge_linked/raghavendra_vijaya,rv03.24.mp3,.mp3,mp3 (mp3float),mp3,48000,2,32,320,17.04,2.12,-10.22,-9.93,-24.05,16.4,0.39,0.14,0.75,0.193,27,D,"[""clipping""]",[],[],,681600,503882cd9656613222c2aedb3c2ca05fb6c019d3
kamadhenu_dataset/incoming_audio/dge_linked/raghavendra_vijaya/rv03.25.mp3,dge_linked/raghavendra_vijaya,rv03.25.mp3,.mp3,mp3 (mp3float),mp3,48000,2,32,320,16.824,2.35,-10.37,-9.93,-21.02,13.2,0.14,0.0,0.31,0.201,51,D,"[""clipping"", ""noisy_low_snr""]",[],[],,672960,ab15f157886b112e8ee27f9b47560bd6302b522c
kamadhenu_dataset/incoming_audio/dge_linked/raghavendra_vijaya/rv03.26.mp3,dge_linked/raghavendra_vijaya,rv03.26.mp3,.mp3,mp3 (mp3float),mp3,48000,2,32,320,16.704,3.26,-10.42,-10.09,-23.41,15.8,0.03,0.07,0.77,0.21,56,D,"[""clipping""]",[],[],,668160,b170509547f82a685382bc8c656fce9207516598
kamadhenu_dataset/incoming_audio/dge_linked/raghavendra_vijaya/rv03.27.mp3,dge_linked/raghavendra_vijaya,rv03.27.mp3,.mp3,mp3 (mp3float),mp3,48000,2,32,320,17.04,3.47,-9.86,-9.58,-24.08,16.9,0.18,0.18,0.84,0.189,45,D,"[""clipping""]",[],[],,681600,faff1514797af95dc8eeefe38ce0bec1368283c1
kamadhenu_dataset/incoming_audio/dge_linked/raghavendra_vijaya/rv03.28.mp3,dge_linked/raghavendra_vijaya,rv03.28.mp3,.mp3,mp3 (mp3float),mp3,48000,2,32,320,17.256,2.53,-10.1,-9.77,-23.22,15.6,0.44,0.3,0.44,0.195,36,D,"[""clipping""]",[],[],,690240,216b07123e080ec3abca8dd3437e493a436f6a32
kamadhenu_dataset/incoming_audio/dge_linked/raghavendra_vijaya/rv03.29.mp3,dge_linked/raghavendra_vijaya,rv03.29.mp3,.mp3,mp3 (mp3float),mp3,48000,2,32,320,16.656,3.18,-10.36,-9.89,-22.15,14.1,0.32,0.0,0.32,0.198,31,C,"[""hot_peaks"", ""noisy_low_snr""]",[],[],,666240,a65e39655f0ccfb9e8c9cc44c3924bba29c93e73
kamadhenu_dataset/incoming_audio/dge_linked/raghavendra_vijaya/rv03.30.mp3,dge_linked/raghavendra_vijaya,rv03.30.mp3,.mp3,mp3 (mp3float),mp3,48000,2,32,320,16.368,3.17,-10.34,-9.63,-22.37,14.8,0.03,0.01,1.02,0.257,30,D,"[""clipping"", ""noisy_low_snr""]",[],[],,654720,5eee7fa21935b1cfe84f5786e0cf7ca8e58f04f5
kamadhenu_dataset/incoming_audio/dge_linked/raghavendra_vijaya/rv03.31.mp3,dge_linked/raghavendra_vijaya,rv03.31.mp3,.mp3,mp3 (mp3float),mp3,48000,2,32,320,17.184,2.4,-10.78,-10.48,-25.86,18.0,0.1,0.1,0.8,0.237,15,B,"[""hot_peaks""]",[],[],,687360,83dae132112b13ccd65b62575988935b65f64912
kamadhenu_dataset/incoming_audio/dge_linked/raghavendra_vijaya/rv03.32.mp3,dge_linked/raghavendra_vijaya,rv03.32.mp3,.mp3,mp3 (mp3float),mp3,48000,2,32,320,16.512,3.19,-9.85,-9.23,-20.21,12.9,0.07,0.0,0.33,0.237,42,D,"[""clipping"", ""noisy_low_snr""]",[],[],,660480,7da395a3fd2fcd46a7b955bde576c54f0364f3fb
kamadhenu_dataset/incoming_audio/dge_linked/raghavendra_vijaya/rv03.33.mp3,dge_linked/raghavendra_vijaya,rv03.33.mp3,.mp3,mp3 (mp3float),mp3,48000,2,32,320,16.656,2.28,-10.89,-10.97,-27.17,19.3,0.03,0.05,0.71,0.185,9,B,"[""hot_peaks""]",[],[],,666240,87ef8c21bbcc41c8873df7b962e6a17bffca3cd1
kamadhenu_dataset/incoming_audio/dge_linked/raghavendra_vijaya/rv03.34.mp3,dge_linked/raghavendra_vijaya,rv03.34.mp3,.mp3,mp3 (mp3float),mp3,48000,2,32,320,17.016,2.85,-10.11,-10.23,-26.59,19.4,0.3,0.21,1.0,0.197,52,D,"[""clipping""]",[],[],,680640,31666a9d3f348b60e86f8486f375ebecb12fb765
kamadhenu_dataset/incoming_audio/dge_linked/raghavendra_vijaya/rv03.35.mp3,dge_linked/raghavendra_vijaya,rv03.35.mp3,.mp3,mp3 (mp3float),mp3,48000,2,32,320,16.752,3.0,-9.93,-9.52,-20.63,12.9,0.22,0.13,0.29,0.181,48,D,"[""clipping"", ""noisy_low_snr""]",[],[],,670080,ab5b9084ef6e70a5d40409215d31b92233176a95
kamadhenu_dataset/incoming_audio/dge_linked/raghavendra_vijaya/rv03.36.mp3,dge_linked/raghavendra_vijaya,rv03.36.mp3,.mp3,mp3 (mp3float),mp3,48000,2,32,320,16.728,3.01,-10.48,-9.89,-23.52,15.9,0.23,0.0,0.31,0.253,22,D,"[""clipping""]",[],[],,669120,bc07dd6c519fe31f111209c070f62e080723be0b
kamadhenu_dataset/incoming_audio/dge_linked/raghavendra_vijaya/rv03.37.mp3,dge_linked/raghavendra_vijaya,rv03.37.mp3,.mp3,mp3 (mp3float),mp3,48000,2,32,320,15.864,3.07,-10.43,-10.3,-24.7,17.0,0.03,0.02,0.69,0.191,31,D,"[""clipping""]",[],[],,634560,7db8eee932abe9b9381e70e831da1bb9bbb80422
kamadhenu_dataset/incoming_audio/dge_linked/raghavendra_vijaya/rv03.38.mp3,dge_linked/raghavendra_vijaya,rv03.38.mp3,.mp3,mp3 (mp3float),mp3,48000,2,32,320,16.728,2.45,-10.56,-10.59,-25.77,17.9,0.08,0.18,1.09,0.185,37,D,"[""clipping""]",[],[],,669120,65556c8e13318fda28a384878326ca2738f79489
kamadhenu_dataset/incoming_audio/dge_linked/raghavendra_vijaya/rv03.39.mp3,dge_linked/raghavendra_vijaya,rv03.39.mp3,.mp3,mp3 (mp3float),mp3,48000,2,32,320,16.848,3.07,-9.66,-9.25,-20.8,13.5,0.15,0.0,0.33,0.185,21,D,"[""clipping"", ""noisy_low_snr""]",[],[],,673920,fbfcb57aea2a68bc27db9323ff3a5b452bb2b906
kamadhenu_dataset/incoming_audio/dge_linked/raghavendra_vijaya/rv03.40.mp3,dge_linked/raghavendra_vijaya,rv03.40.mp3,.mp3,mp3 (mp3float),mp3,48000,2,32,320,16.128,2.69,-10.62,-10.66,-26.58,18.5,0.03,0.37,0.87,0.166,20,D,"[""clipping""]",[],[],,645120,64c902570c2c7c1b43b668b763226f9316fc1b3e
kamadhenu_dataset/incoming_audio/dge_linked/raghavendra_vijaya/rv03.41.mp3,dge_linked/raghavendra_vijaya,rv03.41.mp3,.mp3,mp3 (mp3float),mp3,48000,2,32,320,16.704,2.63,-10.24,-10.45,-26.42,19.3,0.21,0.0,0.94,0.174,18,B,"[""hot_peaks""]",[],[],,668160,3112279e288bfd913d7376060c3d9a55bc281a86
kamadhenu_dataset/incoming_audio/dge_linked/raghavendra_vijaya/rv03.42.mp3,dge_linked/raghavendra_vijaya,rv03.42.mp3,.mp3,mp3 (mp3float),mp3,48000,2,32,320,16.656,3.1,-10.23,-9.75,-21.68,13.9,0.04,0.13,0.32,0.204,28,D,"[""clipping"", ""noisy_low_snr""]",[],[],,666240,cb8ef692d70e81fe0621ec5bd7bb92b1a3d76af3
kamadhenu_dataset/incoming_audio/dge_linked/raghavendra_vijaya/rv03.43.mp3,dge_linked/raghavendra_vijaya,rv03.43.mp3,.mp3,mp3 (mp3float),mp3,48000,2,32,320,15.816,2.72,-10.65,-10.25,-23.74,16.0,0.17,0.13,0.33,0.222,11,B,"[""hot_peaks""]",[],[],,632640,1ca3d4b229bdb1740977989420a00f899f2aa70d
kamadhenu_dataset/incoming_audio/dge_linked/raghavendra_vijaya/rv03.44.mp3,dge_linked/raghavendra_vijaya,rv03.44.mp3,.mp3,mp3 (mp3float),mp3,48000,2,32,320,16.56,2.71,-10.25,-10.25,-25.95,18.7,0.03,0.06,1.06,0.204,40,D,"[""clipping""]",[],[],,662400,c6e806fa28c57b30292e03aeb68973727e79c628
kamadhenu_dataset/incoming_audio/dge_linked/raghavendra_vijaya/rv03.45.mp3,dge_linked/raghavendra_vijaya,rv03.45.mp3,.mp3,mp3 (mp3float),mp3,48000,2,32,320,16.848,2.0,-10.84,-10.68,-25.05,17.1,0.21,0.08,0.63,0.212,12,B,"[""hot_peaks""]",[],[],,673920,9b5f7fa1e89aab3ece0178d0e53962ca51d7c00e
kamadhenu_dataset/incoming_audio/dge_linked/raghavendra_vijaya/rv03.46.mp3,dge_linked/raghavendra_vijaya,rv03.46.mp3,.mp3,mp3 (mp3float),mp3,48000,2,32,320,16.512,2.48,-10.18,-9.81,-23.03,15.4,0.15,0.0,0.29,0.196,45,D,"[""clipping""]",[],[],,660480,ed23b741ff5443488a56a030a5395eefbdd1bad2
kamadhenu_dataset/incoming_audio/dge_linked/raghavendra_vijaya/rv03.47.mp3,dge_linked/raghavendra_vijaya,rv03.47.mp3,.mp3,mp3 (mp3float),mp3,48000,2,32,320,16.776,2.71,-10.92,-10.69,-24.77,16.7,0.03,0.2,1.08,0.194,15,B,"[""hot_peaks""]",[],[],,671040,57123caa467aa70c9a11db375e8da6db69546df4
kamadhenu_dataset/incoming_audio/dge_linked/raghavendra_vijaya/rv03.48.mp3,dge_linked/raghavendra_vijaya,rv03.48.mp3,.mp3,mp3 (mp3float),mp3,48000,2,32,320,16.728,2.63,-10.36,-10.03,-23.75,16.0,0.32,0.07,0.66,0.203,13,D,"[""clipping""]",[],[],,669120,dcc48a1cdda926b5c6a61afe060cd6c15494fd64
kamadhenu_dataset/incoming_audio/dge_linked/raghavendra_vijaya/rv03.49.mp3,dge_linked/raghavendra_vijaya,rv03.49.mp3,.mp3,mp3 (mp3float),mp3,48000,2,32,320,17.04,2.54,-9.91,-9.48,-21.66,14.4,0.04,0.24,0.3,0.198,24,D,"[""clipping"", ""noisy_low_snr""]",[],[],,681600,97097cc6faaa89042696356e0c5b9d845b7fe2ba
kamadhenu_dataset/incoming_audio/dge_linked/raghavendra_vijaya/rv03.50.mp3,dge_linked/raghavendra_vijaya,rv03.50.mp3,.mp3,mp3 (mp3float),mp3,48000,2,32,320,16.704,3.32,-10.67,-10.1,-23.48,15.5,0.17,0.0,0.3,0.236,35,B,"[""hot_peaks""]",[],[],,668160,9163ec39905abeb8bc67775c890f9621575f18f3
kamadhenu_dataset/incoming_audio/dge_linked/raghavendra_vijaya/rv03.51.mp3,dge_linked/raghavendra_vijaya,rv03.51.mp3,.mp3,mp3 (mp3float),mp3,48000,2,32,320,16.704,2.81,-10.58,-10.14,-22.74,14.9,0.04,0.0,0.73,0.213,22,D,"[""clipping"", ""noisy_low_snr""]",[],[],,668160,2e945f04c9e45938262d6c9b3b13ca312572479b
kamadhenu_dataset/incoming_audio/dge_linked/raghavendra_vijaya/rv03.52.mp3,dge_linked/raghavendra_vijaya,rv03.52.mp3,.mp3,mp3 (mp3float),mp3,48000,2,32,320,16.632,3.39,-10.97,-10.77,-26.11,18.0,0.27,0.0,0.77,0.217,13,B,"[""hot_peaks""]",[],[],,665280,13cf13c2f56759b7e93eb06f0f539c573b9c4826
kamadhenu_dataset/incoming_audio/dge_linked/raghavendra_vijaya/rv03.53.mp3,dge_linked/raghavendra_vijaya,rv03.53.mp3,.mp3,mp3 (mp3float),mp3,48000,2,32,320,16.8,2.99,-9.95,-9.41,-22.13,14.6,0.18,0.0,0.32,0.218,86,D,"[""clipping"", ""noisy_low_snr""]",[],[],,672000,678bacb4a088520adb145a665060a3afd031ffa5
kamadhenu_dataset/incoming_audio/dge_linked/raghavendra_vijaya/rv03.54.mp3,dge_linked/raghavendra_vijaya,rv03.54.mp3,.mp3,mp3 (mp3float),mp3,48000,2,32,320,16.584,3.01,-11.3,-11.18,-27.15,18.8,0.03,0.39,0.87,0.222,28,B,"[""hot_peaks""]",[],[],,663360,d76626ce53a4bc2bf28b5d83c8eb239de791b64a
kamadhenu_dataset/incoming_audio/dge_linked/raghavendra_vijaya/rv03.55.mp3,dge_linked/raghavendra_vijaya,rv03.55.mp3,.mp3,mp3 (mp3float),mp3,48000,2,32,320,16.584,2.83,-10.7,-11.41,-30.46,23.0,0.24,0.39,1.5,0.197,24,D,"[""clipping""]",[],[],,663360,2a8b47e6ca10b72ecf3e236381b295728bea6a9f
kamadhenu_dataset/incoming_audio/dge_linked/raghavendra_vijaya/rv03.56.mp3,dge_linked/raghavendra_vijaya,rv03.56.mp3,.mp3,mp3 (mp3float),mp3,48000,2,32,320,16.968,3.41,-10.77,-10.35,-21.98,14.0,0.28,0.27,0.32,0.215,28,D,"[""clipping"", ""noisy_low_snr""]",[],[],,678720,33942b8ddeac25ca6a9932ee57df41844e19b558
kamadhenu_dataset/incoming_audio/dge_linked/raghavendra_vijaya/rv03.57.mp3,dge_linked/raghavendra_vijaya,rv03.57.mp3,.mp3,mp3 (mp3float),mp3,48000,2,32,320,41.376,3.18,-9.95,-11.42,-37.09,30.0,0.19,0.0,2.6,0.12,499,D,"[""clipping""]",[],[],,1655040,5b9bdc46a50054384e85ec0e2f186974f4b9c637
kamadhenu_dataset/incoming_audio/dge_linked/raghavendra_vijaya/rv03.58.mp3,dge_linked/raghavendra_vijaya,rv03.58.mp3,.mp3,mp3 (mp3float),mp3,48000,2,32,320,41.232,3.41,-9.49,-10.84,-34.0,27.4,0.03,0.0,2.69,0.137,799,D,"[""clipping""]",[],[],,1649280,47a38d217d995d7c2ba59e8e17a9b3d9dd7a4447
kamadhenu_dataset/incoming_audio/dge_linked/raghavendra_vijaya/rv04.01.mp3,dge_linked/raghavendra_vijaya,rv04.01.mp3,.mp3,mp3 (mp3float),mp3,48000,2,32,320,17.28,2.21,-11.98,-11.88,-26.8,18.1,0.16,0.35,0.41,0.219,13,B,"[""hot_peaks""]",[],[],,691200,c2b45393775d23eb99e52284886ceaab6fe85f38
kamadhenu_dataset/incoming_audio/dge_linked/raghavendra_vijaya/rv04.02.mp3,dge_linked/raghavendra_vijaya,rv04.02.mp3,.mp3,mp3 (mp3float),mp3,48000,2,32,320,17.16,2.51,-10.64,-10.22,-23.24,15.2,0.18,0.22,0.36,0.195,36,D,"[""clipping""]",[],[],,686400,94eba294b0db12f92da62dd06c21c685a330239b
kamadhenu_dataset/incoming_audio/dge_linked/raghavendra_vijaya/rv04.03.mp3,dge_linked/raghavendra_vijaya,rv04.03.mp3,.mp3,mp3 (mp3float),mp3,48000,2,32,320,17.16,3.16,-11.54,-11.42,-27.01,18.5,0.26,0.11,0.37,0.225,30,D,"[""clipping""]",[],[],,686400,9c01ac02cee39e1bb364ea4a274ebddc560d5cca
kamadhenu_dataset/incoming_audio/dge_linked/raghavendra_vijaya/rv04.04.mp3,dge_linked/raghavendra_vijaya,rv04.04.mp3,.mp3,mp3 (mp3float),mp3,48000,2,32,320,17.16,2.75,-11.74,-11.85,-28.05,19.8,0.03,0.39,0.39,0.225,13,D,"[""clipping""]",[],[],,686400,27f4f066b258a4cd9d439684f111d5f3c631aca5
kamadhenu_dataset/incoming_audio/dge_linked/raghavendra_vijaya/rv04.05.mp3,dge_linked/raghavendra_vijaya,rv04.05.mp3,.mp3,mp3 (mp3float),mp3,48000,2,32,320,17.232,3.16,-10.57,-10.53,-26.54,19.0,0.25,0.31,0.4,0.203,41,D,"[""clipping""]",[],[],,689280,4a8a3df8e2408441f3ea96bfae9ad867e79c51be
kamadhenu_dataset/incoming_audio/dge_linked/raghavendra_vijaya/rv04.06.mp3,dge_linked/raghavendra_vijaya,rv04.06.mp3,.mp3,mp3 (mp3float),mp3,48000,2,32,320,17.304,2.87,-11.64,-11.54,-26.81,18.4,0.24,0.32,0.45,0.21,19,B,"[""hot_peaks""]",[],[],,692160,189c4ebf89088c9c202ad6fa15b0526fb384bc2c
kamadhenu_dataset/incoming_audio/dge_linked/raghavendra_vijaya/rv04.07.mp3,dge_linked/raghavendra_vijaya,rv04.07.mp3,.mp3,mp3 (mp3float),mp3,48000,2,32,320,17.232,2.78,-11.6,-11.4,-27.17,18.9,0.31,0.14,0.41,0.248,38,D,"[""clipping""]",[],[],,689280,282ac2f775aa556708fd6835800d947d4a7f6612
kamadhenu_dataset/incoming_audio/dge_linked/raghavendra_vijaya/rv04.08.mp3,dge_linked/raghavendra_vijaya,rv04.08.mp3,.mp3,mp3 (mp3float),mp3,48000,2,32,320,17.424,2.72,-10.88,-10.68,-25.58,17.7,0.29,0.31,0.47,0.199,51,D,"[""clipping""]",[],[],,696960,8e83341c88dea4d074f243d1b663db190849b064
kamadhenu_dataset/incoming_audio/dge_linked/raghavendra_vijaya/rv04.09.mp3,dge_linked/raghavendra_vijaya,rv04.09.mp3,.mp3,mp3 (mp3float),mp3,48000,2,32,320,17.472,3.37,-11.64,-11.71,-27.76,19.4,0.3,0.21,0.46,0.214,43,D,"[""clipping""]",[],[],,698880,3bbbbde5e8205f1439ce9138922563145db4edfc
kamadhenu_dataset/incoming_audio/dge_linked/raghavendra_vijaya/rv04.10.mp3,dge_linked/raghavendra_vijaya,rv04.10.mp3,.mp3,mp3 (mp3float),mp3,48000,2,32,320,17.28,3.03,-11.66,-11.35,-26.85,18.6,0.26,0.19,0.43,0.261,42,D,"[""clipping""]",[],[],,691200,16753eefc0d27cd9a0a997a60b6c75a5865bfc7a
kamadhenu_dataset/incoming_audio/dge_linked/raghavendra_vijaya/rv04.11.mp3,dge_linked/raghavendra_vijaya,rv04.11.mp3,.mp3,mp3 (mp3float),mp3,48000,2,32,320,17.472,3.38,-10.55,-10.42,-25.58,17.8,0.23,0.32,0.33,0.179,63,D,"[""clipping""]",[],[],,698880,955d76659a9566783860bc09d66773f8a7cdd0c9
kamadhenu_dataset/incoming_audio/dge_linked/raghavendra_vijaya/rv04.12.mp3,dge_linked/raghavendra_vijaya,rv04.12.mp3,.mp3,mp3 (mp3float),mp3,48000,2,32,320,16.968,2.95,-11.3,-11.19,-27.5,19.3,0.19,0.13,0.39,0.224,61,D,"[""clipping""]",[],[],,678720,ae37355169e22793f1eaaf1383c65c01fbbe57ec
kamadhenu_dataset/incoming_audio/dge_linked/raghavendra_vijaya/rv04.13.mp3,dge_linked/raghavendra_vijaya,rv04.13.mp3,.mp3,mp3 (mp3float),mp3,48000,2,32,320,17.112,3.04,-12.02,-11.91,-26.63,17.9,0.27,0.21,0.38,0.219,6,B,"[""hot_peaks""]",[],[],,684480,74bea4510510305b6179100540fed8168d85b1df
kamadhenu_dataset/incoming_audio/dge_linked/raghavendra_vijaya/rv04.14.mp3,dge_linked/raghavendra_vijaya,rv04.14.mp3,.mp3,mp3 (mp3float),mp3,48000,2,32,320,17.112,3.14,-10.96,-10.77,-25.34,17.4,0.36,0.22,0.4,0.216,40,D,"[""clipping""]",[],[],,684480,f9122d845982edd9cb78823ddea2554bfef8724e
kamadhenu_dataset/incoming_audio/dge_linked/raghavendra_vijaya/rv04.15.mp3,dge_linked/raghavendra_vijaya,rv04.15.mp3,.mp3,mp3 (mp3float),mp3,48000,2,32,320,17.016,3.06,-11.36,-11.29,-25.67,17.3,0.21,0.2,0.33,0.185,32,D,"[""clipping""]",[],[],,680640,60297266ea70f0f852eab3c1300c63cc771a0075
kamadhenu_dataset/incoming_audio/dge_linked/raghavendra_vijaya/rv04.16.mp3,dge_linked/raghavendra_vijaya,rv04.16.mp3,.mp3,mp3 (mp3float),mp3,48000,2,32,320,16.824,3.27,-11.48,-11.28,-25.89,17.5,0.23,0.09,0.45,0.218,18,D,"[""clipping""]",[],[],,672960,7e9cdb7b249821f3156a4719420065d0da552434
kamadhenu_dataset/incoming_audio/dge_linked/raghavendra_vijaya/rv04.17.mp3,dge_linked/raghavendra_vijaya,rv04.17.mp3,.mp3,mp3 (mp3float),mp3,48000,2,32,320,17.592,2.61,-10.81,-10.74,-26.83,18.8,0.25,0.23,0.41,0.182,44,D,"[""clipping""]",[],[],,703680,48d41c98a69fe0c10431427eb7c7190cc0282b6b
kamadhenu_dataset/incoming_audio/dge_linked/raghavendra_vijaya/rv04.18.mp3,dge_linked/raghavendra_vijaya,rv04.18.mp3,.mp3,mp3 (mp3float),mp3,48000,2,32,320,16.92,2.75,-10.9,-10.75,-23.14,15.1,0.29,0.18,0.36,0.173,29,D,"[""clipping""]",[],[],,676800,861db87ce1699645321506b3ca04bd04a817004e
kamadhenu_dataset/incoming_audio/dge_linked/raghavendra_vijaya/rv04.19.mp3,dge_linked/raghavendra_vijaya,rv04.19.mp3,.mp3,mp3 (mp3float),mp3,48000,2,32,320,16.848,2.71,-10.72,-10.56,-26.0,18.2,0.2,0.0,0.43,0.197,51,D,"[""clipping""]",[],[],,673920,da7cd2508abf714e5d5ace6192f4ae537ee565d7
kamadhenu_dataset/incoming_audio/dge_linked/raghavendra_vijaya/rv04.20.mp3,dge_linked/raghavendra_vijaya,rv04.20.mp3,.mp3,mp3 (mp3float),mp3,48000,2,32,320,17.232,3.33,-11.09,-11.15,-26.04,18.1,0.2,0.15,0.46,0.2,28,D,"[""clipping""]",[],[],,689280,6e6eeb281e6195fa246877599e4ec72dcf6bd0d5
kamadhenu_dataset/incoming_audio/dge_linked/raghavendra_vijaya/rv04.21.mp3,dge_linked/raghavendra_vijaya,rv04.21.mp3,.mp3,mp3 (mp3float),mp3,48000,2,32,320,16.944,3.22,-11.01,-10.76,-24.23,16.1,0.33,0.0,0.41,0.201,28,D,"[""clipping""]",[],[],,677760,8632a890397f83ae5091e35ab40ccda2cdd3c8c3
kamadhenu_dataset/incoming_audio/dge_linked/raghavendra_vijaya/rv04.22.mp3,dge_linked/raghavendra_vijaya,rv04.22.mp3,.mp3,mp3 (mp3float),mp3,48000,2,32,320,17.136,3.18,-11.51,-11.34,-27.05,18.8,0.26,0.3,0.37,0.235,29,D,"[""clipping""]",[],[],,685440,736a5fcef496b9db8f1936d53a63775e40e62569
kamadhenu_dataset/incoming_audio/dge_linked/raghavendra_vijaya/rv04.23.mp3,dge_linked/raghavendra_vijaya,rv04.23.mp3,.mp3,mp3 (mp3float),mp3,48000,2,32,320,17.328,3.32,-10.6,-10.16,-23.85,15.9,0.29,0.19,0.45,0.225,69,D,"[""clipping""]",[],[],,693120,e292e26e889fb1f3f11f13c53f79f21d803899ed
kamadhenu_dataset/incoming_audio/dge_linked/raghavendra_vijaya/rv04.24.mp3,dge_linked/raghavendra_vijaya,rv04.24.mp3,.mp3,mp3 (mp3float),mp3,48000,2,32,320,17.112,3.17,-10.75,-10.53,-25.71,17.7,0.06,0.33,0.4,0.202,60,D,"[""clipping""]",[],[],,684480,68ac03bc48b884afb4d13af396394cbee92e498f
kamadhenu_dataset/incoming_audio/dge_linked/raghavendra_vijaya/rv04.25.mp3,dge_linked/raghavendra_vijaya,rv04.25.mp3,.mp3,mp3 (mp3float),mp3,48000,2,32,320,17.256,3.14,-10.63,-10.4,-24.47,16.9,0.17,0.32,0.36,0.207,67,D,"[""clipping""]",[],[],,690240,4fe00229c90040029daab56a893c661b8c253f75
kamadhenu_dataset/incoming_audio/dge_linked/raghavendra_vijaya/rv04.26.mp3,dge_linked/raghavendra_vijaya,rv04.26.mp3,.mp3,mp3 (mp3float),mp3,48000,2,32,320,17.472,3.25,-10.15,-9.96,-24.2,17.1,0.21,0.31,0.4,0.203,53,D,"[""clipping""]",[],[],,698880,8c4755d5ba3112b5609aa24aa5d74f212c731aea
kamadhenu_dataset/incoming_audio/dge_linked/raghavendra_vijaya/rv04.27.mp3,dge_linked/raghavendra_vijaya,rv04.27.mp3,.mp3,mp3 (mp3float),mp3,48000,2,32,320,17.064,3.05,-11.23,-11.14,-25.78,17.7,0.15,0.0,0.47,0.208,31,D,"[""clipping""]",[],[],,682560,acf7e1a2d84cedd53faf4bcc4f280eea5fd59cce
kamadhenu_dataset/incoming_audio/dge_linked/raghavendra_vijaya/rv04.28.mp3,dge_linked/raghavendra_vijaya,rv04.28.mp3,.mp3,mp3 (mp3float),mp3,48000,2,32,320,16.992,2.68,-11.91,-11.86,-26.86,18.3,0.2,0.12,0.43,0.214,25,D,"[""clipping""]",[],[],,679680,4fd878ec9b96bda2a0b97295cc1a57435d07571b
kamadhenu_dataset/incoming_audio/dge_linked/raghavendra_vijaya/rv04.29.mp3,dge_linked/raghavendra_vijaya,rv04.29.mp3,.mp3,mp3 (mp3float),mp3,48000,2,32,320,17.184,2.97,-10.43,-10.34,-25.13,17.6,0.11,0.28,0.43,0.182,49,D,"[""clipping""]",[],[],,687360,88ccb260bb38336e6c1f08024b27389363e398dd
kamadhenu_dataset/incoming_audio/dge_linked/raghavendra_vijaya/rv04.30.mp3,dge_linked/raghavendra_vijaya,rv04.30.mp3,.mp3,mp3 (mp3float),mp3,48000,2,32,320,16.992,3.15,-10.46,-10.16,-24.11,16.2,0.08,0.1,0.41,0.194,107,D,"[""clipping""]",[],[],,679680,9aec24a250efea3b6d3a7257dbf8b7126c6474c9
kamadhenu_dataset/incoming_audio/dge_linked/raghavendra_vijaya/rv04.31.mp3,dge_linked/raghavendra_vijaya,rv04.31.mp3,.mp3,mp3 (mp3float),mp3,48000,2,32,320,16.872,2.43,-11.22,-10.79,-24.06,15.7,0.1,0.1,0.44,0.213,35,D,"[""clipping""]",[],[],,674880,bbf41de73cc248bd104c8e778629f785996376ad
kamadhenu_dataset/incoming_audio/dge_linked/raghavendra_vijaya/rv04.32.mp3,dge_linked/raghavendra_vijaya,rv04.32.mp3,.mp3,mp3 (mp3float),mp3,48000,2,32,320,17.376,3.46,-10.21,-10.19,-26.2,18.9,0.14,0.29,0.38,0.177,69,D,"[""clipping""]",[],[],,695040,a5f43589b9b4a17db86347a59490f7eab529e8a8
kamadhenu_dataset/incoming_audio/dge_linked/raghavendra_vijaya/rv04.33.mp3,dge_linked/raghavendra_vijaya,rv04.33.mp3,.mp3,mp3 (mp3float),mp3,48000,2,32,320,17.088,2.9,-10.97,-10.78,-24.71,16.6,0.1,0.07,0.45,0.195,72,D,"[""clipping""]",[],[],,683520,8a58ca6036abed674b42ef8da5bfd0cc56552feb
kamadhenu_dataset/incoming_audio/dge_linked/raghavendra_vijaya/rv04.34.mp3,dge_linked/raghavendra_vijaya,rv04.34.mp3,.mp3,mp3 (mp3float),mp3,48000,2,32,320,17.28,3.09,-11.07,-11.0,-26.54,18.5,0.3,0.12,0.39,0.203,38,D,"[""clipping""]",[],[],,691200,6f4ee842f1b1777fbb5c6f78d2887d9ac29d2ed2
kamadhenu_dataset/incoming_audio/dge_linked/raghavendra_vijaya/rv04.35.mp3,dge_linked/raghavendra_vijaya,rv04.35.mp3,.mp3,mp3 (mp3float),mp3,48000,2,32,320,17.64,3.28,-10.5,-10.41,-25.54,17.9,0.33,0.2,0.39,0.191,60,D,"[""clipping""]",[],[],,705600,9f8870f933a997d50d8b360eef03c8de1550dc4c
kamadhenu_dataset/incoming_audio/dge_linked/raghavendra_vijaya/rv04.36.mp3,dge_linked/raghavendra_vijaya,rv04.36.mp3,.mp3,mp3 (mp3float),mp3,48000,2,32,320,17.472,2.94,-11.24,-10.87,-26.58,18.4,0.29,0.3,0.4,0.244,29,D,"[""clipping""]",[],[],,698880,86ecd9f788acdd2b41c8231e09fbeacbabb9468c
kamadhenu_dataset/incoming_audio/dge_linked/raghavendra_vijaya/rv04.37.mp3,dge_linked/raghavendra_vijaya,rv04.37.mp3,.mp3,mp3 (mp3float),mp3,48000,2,32,320,17.328,2.57,-11.5,-11.03,-26.44,18.1,0.24,0.37,0.44,0.26,60,D,"[""clipping""]",[],[],,693120,baf4228e18072199a6ef05a949387afc4f0475b8
kamadhenu_dataset/incoming_audio/dge_linked/raghavendra_vijaya/rv04.38.mp3,dge_linked/raghavendra_vijaya,rv04.38.mp3,.mp3,mp3 (mp3float),mp3,48000,2,32,320,17.232,2.87,-10.06,-9.91,-23.84,16.6,0.16,0.35,0.36,0.178,81,D,"[""clipping""]",[],[],,689280,4e356d67261d794a5711d565fa80ce3e21000812
kamadhenu_dataset/incoming_audio/dge_linked/raghavendra_vijaya/rv04.39.mp3,dge_linked/raghavendra_vijaya,rv04.39.mp3,.mp3,mp3 (mp3float),mp3,48000,2,32,320,16.944,2.82,-11.33,-11.38,-26.96,18.7,0.33,0.05,0.34,0.199,54,D,"[""clipping""]",[],[],,677760,5d8bf566c767411902afa3125e8c1cc6ae97d3bf
kamadhenu_dataset/incoming_audio/dge_linked/raghavendra_vijaya/rv04.40.mp3,dge_linked/raghavendra_vijaya,rv04.40.mp3,.mp3,mp3 (mp3float),mp3,48000,2,32,320,16.848,3.34,-11.32,-11.11,-26.04,17.8,0.18,0.15,0.45,0.225,39,D,"[""clipping""]",[],[],,673920,b502516ad5c293b5156c39a72f106d9108715fe6
kamadhenu_dataset/incoming_audio/dge_linked/raghavendra_vijaya/rv04.41.mp3,dge_linked/raghavendra_vijaya,rv04.41.mp3,.mp3,mp3 (mp3float),mp3,48000,2,32,320,17.136,2.9,-10.32,-10.07,-25.06,17.6,0.27,0.09,0.42,0.21,100,D,"[""clipping""]",[],[],,685440,355d93f1775f3a83655141a506c98021d164dcd3
kamadhenu_dataset/incoming_audio/dge_linked/raghavendra_vijaya/rv04.42.mp3,dge_linked/raghavendra_vijaya,rv04.42.mp3,.mp3,mp3 (mp3float),mp3,48000,2,32,320,16.776,3.16,-11.01,-10.93,-25.97,18.1,0.09,0.22,0.43,0.2,52,D,"[""clipping""]",[],[],,671040,bf9ffd80647c30ff784ffe3a1aa43179321d7a93
kamadhenu_dataset/incoming_audio/dge_linked/raghavendra_vijaya/rv04.43.mp3,dge_linked/raghavendra_vijaya,rv04.43.mp3,.mp3,mp3 (mp3float),mp3,48000,2,32,320,16.8,2.55,-10.93,-10.62,-24.98,16.9,0.09,0.18,0.36,0.206,29,D,"[""clipping""]",[],[],,672000,df456dfb96cb4435cefd6c97a5ea288467e21ecb
kamadhenu_dataset/incoming_audio/dge_linked/raghavendra_vijaya/rv04.44.mp3,dge_linked/raghavendra_vijaya,rv04.44.mp3,.mp3,mp3 (mp3float),mp3,48000,2,32,320,17.184,3.32,-10.36,-10.29,-24.21,16.5,0.15,0.17,0.35,0.156,107,D,"[""clipping""]",[],[],,687360,17b1a57c75213341d38c2f3d443b608f97086b46
kamadhenu_dataset/incoming_audio/dge_linked/raghavendra_vijaya/rv04.45.mp3,dge_linked/raghavendra_vijaya,rv04.45.mp3,.mp3,mp3 (mp3float),mp3,48000,2,32,320,17.184,3.04,-11.16,-10.88,-25.71,17.4,0.17,0.23,0.36,0.201,47,D,"[""clipping""]",[],[],,687360,756a0cbc53f59e318609a3489ea6853be2ed9eba
kamadhenu_dataset/incoming_audio/dge_linked/raghavendra_vijaya/rv04.46.mp3,dge_linked/raghavendra_vijaya,rv04.46.mp3,.mp3,mp3 (mp3float),mp3,48000,2,32,320,16.944,2.42,-11.25,-10.85,-26.1,18.0,0.11,0.13,0.5,0.257,33,D,"[""clipping""]",[],[],,677760,f20cbccfa60dd52ef180a4f1a81aa9c3f46b52e5
kamadhenu_dataset/incoming_audio/dge_linked/raghavendra_vijaya/rv04.47.mp3,dge_linked/raghavendra_vijaya,rv04.47.mp3,.mp3,mp3 (mp3float),mp3,48000,2,32,320,17.016,3.0,-10.88,-10.57,-23.91,15.9,0.12,0.05,0.4,0.219,43,D,"[""clipping""]",[],[],,680640,b440be0cea8f1ce9ddcda94114767591f83d7af2
kamadhenu_dataset/incoming_audio/dge_linked/raghavendra_vijaya/rv04.48.mp3,dge_linked/raghavendra_vijaya,rv04.48.mp3,.mp3,mp3 (mp3float),mp3,48000,2,32,320,27.024,1.21,-12.78,-16.95,-57.82,48.6,0.03,0.0,1.48,0.154,0,B,"[""hot_peaks""]",[],[],,1080960,21fc0c885a54bcd61d7c1d1362fb3ef012550627
kamadhenu_dataset/incoming_audio/dge_linked/raghavendra_vijaya/rv04.49.mp3,dge_linked/raghavendra_vijaya,rv04.49.mp3,.mp3,mp3 (mp3float),mp3,48000,2,32,320,49.128,2.28,-10.59,-10.54,-26.43,18.4,0.26,0.02,1.61,0.15,23,B,"[""hot_peaks""]",[],[],,1965120,143289a648f8dec6a56570cf5892757feec229d9
kamadhenu_dataset/incoming_audio/dge_linked/raghavendra_vijaya/rv05.01.mp3,dge_linked/raghavendra_vijaya,rv05.01.mp3,.mp3,mp3 (mp3float),mp3,48000,2,32,320,17.448,3.1,-9.79,-9.38,-23.18,15.8,0.04,0.03,0.3,0.19,173,D,"[""clipping""]",[],[],,697920,220f7eaf337bc47948422f4bd5b9a881b6f40db0
kamadhenu_dataset/incoming_audio/dge_linked/raghavendra_vijaya/rv05.02.mp3,dge_linked/raghavendra_vijaya,rv05.02.mp3,.mp3,mp3 (mp3float),mp3,48000,2,32,320,17.472,3.26,-9.81,-9.49,-24.85,18.0,0.24,0.26,0.32,0.237,174,D,"[""clipping""]",[],[],,698880,1271935017fc32f6b24cb70fe3bbced77802a3d6
kamadhenu_dataset/incoming_audio/dge_linked/raghavendra_vijaya/rv05.03.mp3,dge_linked/raghavendra_vijaya,rv05.03.mp3,.mp3,mp3 (mp3float),mp3,48000,2,32,320,17.04,3.28,-9.66,-9.25,-22.86,15.9,0.14,0.09,0.36,0.22,247,D,"[""clipping""]",[],[],,681600,a63e58b68a448e861934cdf0439f72d6931c2d04
kamadhenu_dataset/incoming_audio/dge_linked/raghavendra_vijaya/rv05.04.mp3,dge_linked/raghavendra_vijaya,rv05.04.mp3,.mp3,mp3 (mp3float),mp3,48000,2,32,320,17.616,3.51,-9.47,-9.15,-22.0,15.2,0.14,0.23,0.37,0.184,134,D,"[""clipping""]",[],[],,704640,2b6d98bbdb31790ff1cbfc5e1166e379416408c3
kamadhenu_dataset/incoming_audio/dge_linked/raghavendra_vijaya/rv05.05.mp3,dge_linked/raghavendra_vijaya,rv05.05.mp3,.mp3,mp3 (mp3float),mp3,48000,2,32,320,16.896,3.16,-9.8,-9.64,-24.43,17.4,0.17,0.0,0.33,0.193,141,D,"[""clipping""]",[],[],,675840,504e3bc092ab8d6ec8d89de385a83f8ed7c6481a
kamadhenu_dataset/incoming_audio/dge_linked/raghavendra_vijaya/rv05.06.mp3,dge_linked/raghavendra_vijaya,rv05.06.mp3,.mp3,mp3 (mp3float),mp3,48000,2,32,320,16.848,3.37,-9.52,-9.59,-26.01,19.1,0.11,0.3,0.43,0.173,249,D,"[""clipping""]",[],[],,673920,f387a0d7abf102a5bfe4a165a41213c625f6af0b
kamadhenu_dataset/incoming_audio/dge_linked/raghavendra_vijaya/rv05.07.mp3,dge_linked/raghavendra_vijaya,rv05.07.mp3,.mp3,mp3 (mp3float),mp3,48000,2,32,320,17.184,3.26,-9.15,-8.71,-21.78,15.2,0.15,0.17,0.45,0.198,227,D,"[""clipping""]",[],[],,687360,830c3e0cd2e9fb4b627594c6a2ccaa131e9a8296
kamadhenu_dataset/incoming_audio/dge_linked/raghavendra_vijaya/rv05.08.mp3,dge_linked/raghavendra_vijaya,rv05.08.mp3,.mp3,mp3 (mp3float),mp3,48000,2,32,320,16.824,3.52,-9.28,-8.92,-22.49,15.5,0.16,0.17,0.27,0.179,205,D,"[""clipping""]",[],[],,672960,8d9e1d993b777ce5ffe4d428977145c212ae897d
kamadhenu_dataset/incoming_audio/dge_linked/raghavendra_vijaya/rv05.09.mp3,dge_linked/raghavendra_vijaya,rv05.09.mp3,.mp3,mp3 (mp3float),mp3,48000,2,32,320,22.536,3.22,-9.41,-8.55,-19.96,13.1,0.23,0.27,0.67,0.277,479,D,"[""clipping"", ""noisy_low_snr""]",[],[],,901440,145d364e4ca2058cb2e844e1bc6157f0c0daaefc
kamadhenu_dataset/incoming_audio/dge_linked/raghavendra_vijaya/rv05.10.mp3,dge_linked/raghavendra_vijaya,rv05.10.mp3,.mp3,mp3 (mp3float),mp3,48000,2,32,320,23.112,3.75,-9.3,-8.36,-18.95,12.4,0.22,0.0,0.95,0.287,463,D,"[""clipping"", ""noisy_low_snr""]",[],[],,924480,9bdd64dd6a1e3cd3322774a469525a426d29c103
kamadhenu_dataset/incoming_audio/dge_linked/raghavendra_vijaya/rv05.11.mp3,dge_linked/raghavendra_vijaya,rv05.11.mp3,.mp3,mp3 (mp3float),mp3,48000,2,32,320,18.624,3.31,-8.93,-8.05,-17.9,11.5,0.17,0.0,1.19,0.273,475,D,"[""clipping"", ""noisy_low_snr""]",[],[],,744960,eaf9cf7e8d53095eb05a8214f4634461a59c0865
kamadhenu_dataset/incoming_audio/dge_linked/raghavendra_vijaya/rv05.12.mp3,dge_linked/raghavendra_vijaya,rv05.12.mp3,.mp3,mp3 (mp3float),mp3,48000,2,32,320,28.008,3.5,-8.93,-8.11,-18.76,12.1,0.19,0.02,1.46,0.248,865,D,"[""clipping"", ""noisy_low_snr""]",[],[],,1120320,779ff98923c1ffe29a820edf135c0c1f712927e1
kamadhenu_dataset/incoming_audio/dge_linked/raghavendra_vijaya/rv05.13.mp3,dge_linked/raghavendra_vijaya,rv05.13.mp3,.mp3,mp3 (mp3float),mp3,48000,2,32,320,18.336,3.48,-9.89,-9.49,-21.72,14.3,0.22,0.14,0.33,0.187,215,D,"[""clipping"", ""noisy_low_snr""]",[],[],,733440,6c90b10cf726d44d30fb60ce3bb1dfd3e2cc541a
kamadhenu_dataset/incoming_audio/dge_linked/raghavendra_vijaya/rv05.14.mp3,dge_linked/raghavendra_vijaya,rv05.14.mp3,.mp3,mp3 (mp3float),mp3,48000,2,32,320,18.024,3.35,-9.49,-8.9,-22.07,15.3,0.13,0.14,0.45,0.236,176,D,"[""clipping""]",[],[],,720960,6043964e40a985e5b94f02766e37e009a5c6069e
kamadhenu_dataset/incoming_audio/dge_linked/raghavendra_vijaya/rv05.15.mp3,dge_linked/raghavendra_vijaya,rv05.15.mp3,.mp3,mp3 (mp3float),mp3,48000,2,32,320,19.008,3.51,-9.4,-9.0,-21.66,14.7,0.14,0.0,0.67,0.189,261,D,"[""clipping"", ""noisy_low_snr""]",[],[],,760320,8ba3ea41d3d3bdf0464f37a5b941df8d21803b67
kamadhenu_dataset/incoming_audio/dge_linked/raghavendra_vijaya/rv05.16.mp3,dge_linked/raghavendra_vijaya,rv05.16.mp3,.mp3,mp3 (mp3float),mp3,48000,2,32,320,20.184,3.17,-9.87,-10.07,-26.92,19.9,0.1,0.12,0.92,0.181,239,D,"[""clipping""]",[],[],,807360,86543ed01b47d13f88e1c9857d80b1c4a3fdae43
kamadhenu_dataset/incoming_audio/dge_linked/raghavendra_vijaya/rv05.17.mp3,dge_linked/raghavendra_vijaya,rv05.17.mp3,.mp3,mp3 (mp3float),mp3,48000,2,32,320,23.04,3.43,-9.12,-9.14,-25.86,19.7,0.06,0.07,1.02,0.179,504,D,"[""clipping""]",[],[],,921600,be7201ef721c4d408834f6d9ee27f5b4c7885e54
kamadhenu_dataset/incoming_audio/dge_linked/raghavendra_vijaya/rv05.18.mp3,dge_linked/raghavendra_vijaya,rv05.18.mp3,.mp3,mp3 (mp3float),mp3,48000,2,32,320,27.48,3.37,-9.03,-8.99,-27.4,20.9,0.11,0.01,0.82,0.173,672,D,"[""clipping""]",[],[],,1099200,faa833cbe30eb7ef519a8d88fb0dd24d70511ab4
kamadhenu_dataset/incoming_audio/dge_linked/raghavendra_vijaya/rv05.19.mp3,dge_linked/raghavendra_vijaya,rv05.19.mp3,.mp3,mp3 (mp3float),mp3,48000,2,32,320,20.256,3.46,-9.14,-9.2,-25.73,19.6,0.15,0.13,0.69,0.172,304,D,"[""clipping""]",[],[],,810240,6ee8b0fbab6a497a3eccf0a7319cca89d515122a
kamadhenu_dataset/incoming_audio/dge_linked/raghavendra_vijaya/rv05.20.mp3,dge_linked/raghavendra_vijaya,rv05.20.mp3,.mp3,mp3 (mp3float),mp3,48000,2,32,320,24.192,3.4,-9.1,-8.8,-24.33,17.6,0.03,0.04,0.74,0.168,566,D,"[""clipping""]",[],[],,967680,248147e875e8af2096187b25f81661da642a2452
kamadhenu_dataset/incoming_audio/dge_linked/raghavendra_vijaya/rv05.21.mp3,dge_linked/raghavendra_vijaya,rv05.21.mp3,.mp3,mp3 (mp3float),mp3,48000,2,32,320,26.472,3.45,-8.63,-8.49,-24.88,18.7,0.03,0.05,1.08,0.158,492,D,"[""clipping""]",[],[],,1058880,3d1e4348841a94e3c5a2f097ec9af6653ab79a2a
kamadhenu_dataset/incoming_audio/dge_linked/raghavendra_vijaya/rv05.22.mp3,dge_linked/raghavendra_vijaya,rv05.22.mp3,.mp3,mp3 (mp3float),mp3,48000,2,32,320,38.568,3.45,-9.14,-9.11,-26.88,20.6,0.19,0.18,0.98,0.188,802,D,"[""clipping""]",[],[],,1542720,c485cb9c94e7f87c95d2f3ff12dec0a242c1db6c
kamadhenu_dataset/incoming_audio/dge_linked/raghavendra_vijaya/rv05.23.mp3,dge_linked/raghavendra_vijaya,rv05.23.mp3,.mp3,mp3 (mp3float),mp3,48000,2,32,320,15.888,3.16,-9.76,-9.81,-25.84,18.9,0.32,0.29,0.5,0.187,181,D,"[""clipping""]",[],[],,635520,f0b3d6d5e8cc6b9c366eaf79122ed4a29bec89c7
kamadhenu_dataset/incoming_audio/dge_linked/raghavendra_vijaya/rv05.24.mp3,dge_linked/raghavendra_vijaya,rv05.24.mp3,.mp3,mp3 (mp3float),mp3,48000,2,32,320,17.208,3.28,-9.12,-8.95,-25.1,18.5,0.25,0.13,0.66,0.187,423,D,"[""clipping""]",[],[],,688320,5dcfd96f0bd802a03313f338e54d700004ed9be4
kamadhenu_dataset/incoming_audio/dge_linked/raghavendra_vijaya/rv05.25.mp3,dge_linked/raghavendra_vijaya,rv05.25.mp3,.mp3,mp3 (mp3float),mp3,48000,2,32,320,18.792,3.47,-8.88,-8.63,-24.31,17.9,0.18,0.28,0.36,0.196,461,D,"[""clipping""]",[],[],,751680,3ff6b3e7374e3dadac3da2bdd3081ee088902a08
kamadhenu_dataset/incoming_audio/dge_linked/raghavendra_vijaya/rv05.26.mp3,dge_linked/raghavendra_vijaya,rv05.26.mp3,.mp3,mp3 (mp3float),mp3,48000,2,32,320,21.816,3.17,-9.58,-9.39,-27.35,20.5,0.2,0.08,0.97,0.219,395,D,"[""clipping""]",[],[],,872640,4d1f6b9f0e4b45ba1ea30ba02d938314fbc84087
kamadhenu_dataset/incoming_audio/dge_linked/raghavendra_vijaya/rv05.27.mp3,dge_linked/raghavendra_vijaya,rv05.27.mp3,.mp3,mp3 (mp3float),mp3,48000,2,32,320,17.304,3.33,-8.94,-8.75,-23.81,17.7,0.17,0.17,0.81,0.181,586,D,"[""clipping""]",[],[],,692160,8226cac041bd30d09251371188b7a56e97e63fad
kamadhenu_dataset/incoming_audio/dge_linked/raghavendra_vijaya/rv05.28.mp3,dge_linked/raghavendra_vijaya,rv05.28.mp3,.mp3,mp3 (mp3float),mp3,48000,2,32,320,21.624,4.01,-9.09,-9.05,-26.73,20.5,0.14,0.1,0.65,0.183,386,D,"[""clipping""]",[],[],,864960,03d91f0ae55e1f228a28db0f60f1d27cc30ecc30
kamadhenu_dataset/incoming_audio/dge_linked/raghavendra_vijaya/rv05.29.mp3,dge_linked/raghavendra_vijaya,rv05.29.mp3,.mp3,mp3 (mp3float),mp3,48000,2,32,320,22.272,3.63,-9.27,-9.26,-26.95,20.5,0.16,0.2,1.16,0.205,442,D,"[""clipping""]",[],[],,890880,805e8291a816e6deab3060e17c1193a3a7d75b38
kamadhenu_dataset/incoming_audio/dge_linked/raghavendra_vijaya/rv05.30.mp3,dge_linked/raghavendra_vijaya,rv05.30.mp3,.mp3,mp3 (mp3float),mp3,48000,2,32,320,20.496,3.38,-8.92,-8.69,-23.17,16.7,0.08,0.23,0.67,0.164,593,D,"[""clipping""]",[],[],,819840,e4d71d68c3f7c1cfcc7789301219f4db68047e61
kamadhenu_dataset/incoming_audio/dge_linked/raghavendra_vijaya/rv05.31.mp3,dge_linked/raghavendra_vijaya,rv05.31.mp3,.mp3,mp3 (mp3float),mp3,48000,2,32,320,19.584,3.36,-9.62,-9.86,-29.06,22.5,0.08,0.3,1.8,0.221,579,D,"[""clipping""]",[],[],,783360,7f2aaf0a38e2935aff9ef9a569793f53c0c2a964
kamadhenu_dataset/incoming_audio/dge_linked/raghavendra_vijaya/rv05.32.mp3,dge_linked/raghavendra_vijaya,rv05.32.mp3,.mp3,mp3 (mp3float),mp3,48000,2,32,320,17.76,3.19,-9.78,-9.26,-22.04,14.6,0.13,0.22,0.41,0.203,189,D,"[""clipping"", ""noisy_low_snr""]",[],[],,710400,dd4aeeee2e0ea4fa1d0fe24b71d7c56b928d6f25
kamadhenu_dataset/incoming_audio/dge_linked/raghavendra_vijaya/rv05.33.mp3,dge_linked/raghavendra_vijaya,rv05.33.mp3,.mp3,mp3 (mp3float),mp3,48000,2,32,320,17.712,3.15,-10.0,-9.88,-24.84,17.4,0.19,0.09,0.51,0.181,98,D,"[""clipping""]",[],[],,708480,2d422234164942321f48a0997bd6af816821e590
kamadhenu_dataset/incoming_audio/dge_linked/raghavendra_vijaya/rv05.34.mp3,dge_linked/raghavendra_vijaya,rv05.34.mp3,.mp3,mp3 (mp3float),mp3,48000,2,32,320,17.88,3.55,-8.97,-8.59,-22.01,15.5,0.17,0.1,0.44,0.188,285,D,"[""clipping""]",[],[],,715200,3f8f264b2585653a4516c98e51ceb27d9d928e11
kamadhenu_dataset/incoming_audio/dge_linked/raghavendra_vijaya/rv05.35.mp3,dge_linked/raghavendra_vijaya,rv05.35.mp3,.mp3,mp3 (mp3float),mp3,48000,2,32,320,17.472,3.01,-9.22,-8.71,-22.1,15.0,0.11,0.0,0.41,0.189,241,D,"[""clipping""]",[],[],,698880,5d04652cb1b911e91216f8828f56431b8a0e8be8
kamadhenu_dataset/incoming_audio/dge_linked/raghavendra_vijaya/rv05.36.mp3,dge_linked/raghavendra_vijaya,rv05.36.mp3,.mp3,mp3 (mp3float),mp3,48000,2,32,320,18.24,3.18,-9.77,-9.46,-24.42,17.2,0.17,0.17,0.58,0.2,117,D,"[""clipping""]",[],[],,729600,fc6fc3fba7ed66e58c71392eded5f4ecac72ef0d
kamadhenu_dataset/incoming_audio/dge_linked/raghavendra_vijaya/rv05.37.mp3,dge_linked/raghavendra_vijaya,rv05.37.mp3,.mp3,mp3 (mp3float),mp3,48000,2,32,320,18.288,3.59,-9.65,-9.29,-22.9,15.7,0.08,0.02,0.64,0.197,159,D,"[""clipping""]",[],[],,731520,a516c28ebf37ee23802d6aaa0f84ed6d99ef0585
kamadhenu_dataset/incoming_audio/dge_linked/raghavendra_vijaya/rv05.38.mp3,dge_linked/raghavendra_vijaya,rv05.38.mp3,.mp3,mp3 (mp3float),mp3,48000,2,32,320,18.528,3.41,-9.26,-8.96,-23.07,16.3,0.16,0.08,0.49,0.182,236,D,"[""clipping""]",[],[],,741120,0da946d581b429bec95471029bac08a4fe7f6b84
kamadhenu_dataset/incoming_audio/dge_linked/raghavendra_vijaya/rv05.39.mp3,dge_linked/raghavendra_vijaya,rv05.39.mp3,.mp3,mp3 (mp3float),mp3,48000,2,32,320,18.456,3.17,-9.5,-9.49,-26.23,19.3,0.12,0.08,0.5,0.16,235,D,"[""clipping""]",[],[],,738240,7954089c3840263912575ac0842596ba8ea96e0e
kamadhenu_dataset/incoming_audio/dge_linked/raghavendra_vijaya/rv05.40.mp3,dge_linked/raghavendra_vijaya,rv05.40.mp3,.mp3,mp3 (mp3float),mp3,48000,2,32,320,18.336,3.55,-9.32,-9.06,-24.68,17.9,0.14,0.01,0.48,0.199,279,D,"[""clipping""]",[],[],,733440,66dd31fa9cb5a0e5ed0ab0d1d3aa849c8b8599c2
kamadhenu_dataset/incoming_audio/dge_linked/raghavendra_vijaya/rv05.41.mp3,dge_linked/raghavendra_vijaya,rv05.41.mp3,.mp3,mp3 (mp3float),mp3,48000,2,32,320,18.6,3.24,-9.73,-9.42,-25.03,18.1,0.24,0.09,0.46,0.217,130,D,"[""clipping""]",[],[],,744000,f99d911a791f62e54ac89c3ee1ff5af57b9f3e2e
kamadhenu_dataset/incoming_audio/dge_linked/raghavendra_vijaya/rv05.42.mp3,dge_linked/raghavendra_vijaya,rv05.42.mp3,.mp3,mp3 (mp3float),mp3,48000,2,32,320,22.68,3.59,-8.59,-8.51,-25.77,19.7,0.25,0.13,1.11,0.175,631,D,"[""clipping""]",[],[],,907200,3a5902f82f2515f1f1f31286df816345d2e52002
kamadhenu_dataset/incoming_audio/dge_linked/raghavendra_vijaya/rv05.43.mp3,dge_linked/raghavendra_vijaya,rv05.43.mp3,.mp3,mp3 (mp3float),mp3,48000,2,32,320,23.688,3.63,-8.5,-8.73,-26.73,20.8,0.27,0.13,0.66,0.156,732,D,"[""clipping""]",[],[],,947520,7e5d252b5d2684f54bae18bda5b0e1763c894af5
kamadhenu_dataset/incoming_audio/dge_linked/raghavendra_vijaya/rv05.44.mp3,dge_linked/raghavendra_vijaya,rv05.44.mp3,.mp3,mp3 (mp3float),mp3,48000,2,32,320,42.768,3.61,-8.1,-8.25,-26.33,21.0,0.03,0.15,1.26,0.169,1629,D,"[""clipping""]",[],[],,1710720,ae77d096e89076f394b228414de2076a68995e6d
kamadhenu_dataset/incoming_audio/dge_linked/raghavendra_vijaya/rv06.01.mp3,dge_linked/raghavendra_vijaya,rv06.01.mp3,.mp3,mp3 (mp3float),mp3,48000,2,32,320,30.648,2.42,-11.11,-11.84,-30.79,22.7,0.95,0.41,0.95,0.167,8,B,"[""hot_peaks""]",[],[],,1225920,7995ab89cf49ac348560eec553d4570b4d0239a4
kamadhenu_dataset/incoming_audio/dge_linked/raghavendra_vijaya/rv06.02.mp3,dge_linked/raghavendra_vijaya,rv06.02.mp3,.mp3,mp3 (mp3float),mp3,48000,2,32,320,31.992,2.21,-10.61,-10.65,-26.76,18.8,0.5,0.24,0.63,0.174,23,B,"[""hot_peaks""]",[],[],,1279680,bb4be1a31f7f2f67026e45c72107a95a73c30f36
kamadhenu_dataset/incoming_audio/dge_linked/raghavendra_vijaya/rv06.03.mp3,dge_linked/raghavendra_vijaya,rv06.03.mp3,.mp3,mp3 (mp3float),mp3,48000,2,32,320,33.264,2.52,-9.83,-9.26,-22.44,15.0,0.89,0.82,0.89,0.214,22,D,"[""clipping""]",[],[],,1330560,77cf07d581eb278182d0a02aa1ae90785bd84864
kamadhenu_dataset/incoming_audio/dge_linked/raghavendra_vijaya/rv06.04.mp3,dge_linked/raghavendra_vijaya,rv06.04.mp3,.mp3,mp3 (mp3float),mp3,48000,2,32,320,31.704,2.32,-10.41,-10.18,-25.15,17.3,0.71,1.15,1.15,0.179,25,B,"[""hot_peaks""]",[],[],,1268160,937adc7a26cd3b651b44d09658a816f5dbcb870b
kamadhenu_dataset/incoming_audio/dge_linked/raghavendra_vijaya/rv06.05.mp3,dge_linked/raghavendra_vijaya,rv06.05.mp3,.mp3,mp3 (mp3float),mp3,48000,2,32,320,29.76,2.61,-9.83,-9.53,-24.07,16.7,0.46,0.23,0.73,0.176,15,D,"[""clipping""]",[],[],,1190400,dd028f5dfc1492714b501369c06c0afbd5ec7985
kamadhenu_dataset/incoming_audio/dge_linked/raghavendra_vijaya/rv06.06.mp3,dge_linked/raghavendra_vijaya,rv06.06.mp3,.mp3,mp3 (mp3float),mp3,48000,2,32,320,29.904,1.92,-10.42,-9.89,-23.46,15.5,0.27,0.53,0.66,0.213,3,B,"[""hot_peaks""]",[],[],,1196160,bc51a1ba8e2b744c493a99e697d21a8ef151e02e
kamadhenu_dataset/incoming_audio/dge_linked/raghavendra_vijaya/rv06.07.mp3,dge_linked/raghavendra_vijaya,rv06.07.mp3,.mp3,mp3 (mp3float),mp3,48000,2,32,320,29.544,2.22,-11.21,-11.85,-30.61,22.5,0.97,0.41,0.97,0.173,9,B,"[""hot_peaks""]",[],[],,1181760,3dbc376b8725fcae8c7dd11e6a6f1d283c1904af
kamadhenu_dataset/incoming_audio/dge_linked/raghavendra_vijaya/rv06.08.mp3,dge_linked/raghavendra_vijaya,rv06.08.mp3,.mp3,mp3 (mp3float),mp3,48000,2,32,320,29.856,2.2,-10.72,-10.83,-28.65,20.7,1.04,0.73,1.04,0.199,15,B,"[""hot_peaks""]",[],[],,1194240,430d007f9d6c7c3923a327eb21c36a65d865639d
kamadhenu_dataset/incoming_audio/dge_linked/raghavendra_vijaya/rv06.09.mp3,dge_linked/raghavendra_vijaya,rv06.09.mp3,.mp3,mp3 (mp3float),mp3,48000,2,32,320,30.144,2.54,-10.82,-10.59,-25.65,17.8,0.71,0.58,1.15,0.222,23,B,"[""hot_peaks""]",[],[],,1205760,b56b68471ae541572668617097c1dc78d0af7777
kamadhenu_dataset/incoming_audio/dge_linked/raghavendra_vijaya/rv06.10.mp3,dge_linked/raghavendra_vijaya,rv06.10.mp3,.mp3,mp3 (mp3float),mp3,48000,2,32,320,31.416,2.33,-10.38,-10.45,-28.57,21.2,0.65,0.47,1.22,0.211,29,D,"[""clipping""]",[],[],,1256640,9f0ff88f4a54eb0e98d0bb851df0cf9fb483d8cd
kamadhenu_dataset/incoming_audio/dge_linked/raghavendra_vijaya/rv06.11.mp3,dge_linked/raghavendra_vijaya,rv06.11.mp3,.mp3,mp3 (mp3float),mp3,48000,2,32,320,26.304,2.25,-10.54,-11.18,-29.55,22.3,1.27,0.29,1.27,0.206,38,B,"[""hot_peaks""]",[],[],,1052160,7f850e1f90b8ce7ace92f57d4a06445dfc8ed9b7
kamadhenu_dataset/incoming_audio/dge_linked/raghavendra_vijaya/rv06.12.mp3,dge_linked/raghavendra_vijaya,rv06.12.mp3,.mp3,mp3 (mp3float),mp3,48000,2,32,320,22.248,2.49,-10.51,-11.08,-28.78,21.6,0.35,0.71,0.71,0.207,41,D,"[""clipping""]",[],[],,889920,bb768f8c8308b35f66469f82ba73d4ee98768e39
kamadhenu_dataset/incoming_audio/dge_linked/raghavendra_vijaya/rv06.13.mp3,dge_linked/raghavendra_vijaya,rv06.13.mp3,.mp3,mp3 (mp3float),mp3,48000,2,32,320,21.12,2.65,-10.81,-11.0,-28.25,20.7,0.55,0.9,0.9,0.246,33,B,"[""hot_peaks""]",[],[],,844800,d8ecf3d0ee0555f9b3a5d32711c58fa8e96fbda6
kamadhenu_dataset/incoming_audio/dge_linked/raghavendra_vijaya/rv06.14.mp3,dge_linked/raghavendra_vijaya,rv06.14.mp3,.mp3,mp3 (mp3float),mp3,48000,2,32,320,21.36,2.24,-10.16,-9.77,-25.25,17.9,0.36,0.52,0.52,0.227,26,B,"[""hot_peaks""]",[],[],,854400,ad6aa6c31e85273c07a25192ec8898bf9fde8a02
kamadhenu_dataset/incoming_audio/dge_linked/raghavendra_vijaya/rv06.15.mp3,dge_linked/raghavendra_vijaya,rv06.15.mp3,.mp3,mp3 (mp3float),mp3,48000,2,32,320,22.008,2.07,-10.77,-10.85,-27.2,19.2,0.57,0.31,0.73,0.2,37,B,"[""hot_peaks""]",[],[],,880320,58986dc19374b92f955b6bc7e39ea091790b6500
kamadhenu_dataset/incoming_audio/dge_linked/raghavendra_vijaya/rv06.16.mp3,dge_linked/raghavendra_vijaya,rv06.16.mp3,.mp3,mp3 (mp3float),mp3,48000,2,32,320,23.52,2.09,-10.84,-11.01,-29.56,21.3,0.31,0.95,0.95,0.172,17,B,"[""hot_peaks""]",[],[],,940800,fb127ca96e0565ee97e70cf39abf82818d88fdae
kamadhenu_dataset/incoming_audio/dge_linked/raghavendra_vijaya/rv06.17.mp3,dge_linked/raghavendra_vijaya,rv06.17.mp3,.mp3,mp3 (mp3float),mp3,48000,2,32,320,27.072,2.55,-10.06,-10.2,-28.87,21.7,0.71,0.94,0.94,0.187,64,D,"[""clipping""]",[],[],,1082880,5ab4863a0cc5d21580f8cec56e4a4d5a464ac3ab
kamadhenu_dataset/incoming_audio/dge_linked/raghavendra_vijaya/rv06.18.mp3,dge_linked/raghavendra_vijaya,rv06.18.mp3,.mp3,mp3 (mp3float),mp3,48000,2,32,320,33.168,2.15,-11.02,-12.65,-37.22,29.1,2.76,0.4,2.76,0.12,43,B,"[""hot_peaks"", ""long_leading_silence""]",[],[],,1326720,754e380a8bd44aa7d4d5a57dbd4c0cd4a91fdf96
kamadhenu_dataset/incoming_audio/dge_linked/raghavendra_vijaya/rv06.19.mp3,dge_linked/raghavendra_vijaya,rv06.19.mp3,.mp3,mp3 (mp3float),mp3,48000,2,32,320,27.576,2.83,-10.86,-11.05,-27.92,20.0,0.53,1.11,1.11,0.185,47,B,"[""hot_peaks""]",[],[],,1103040,d6bd314ecaf1a064cef490c3ab4bda8b0df3285f
kamadhenu_dataset/incoming_audio/dge_linked/raghavendra_vijaya/rv06.20.mp3,dge_linked/raghavendra_vijaya,rv06.20.mp3,.mp3,mp3 (mp3float),mp3,48000,2,32,320,27.384,2.19,-11.0,-11.31,-27.05,19.2,0.85,1.17,1.17,0.198,27,B,"[""hot_peaks""]",[],[],,1095360,9675f39628bee5b322159b1baa66a87268a4d6c6
kamadhenu_dataset/incoming_audio/dge_linked/raghavendra_vijaya/rv06.21.mp3,dge_linked/raghavendra_vijaya,rv06.21.mp3,.mp3,mp3 (mp3float),mp3,48000,2,32,320,27.744,2.47,-9.91,-9.79,-25.36,18.1,0.87,0.0,0.87,0.2,95,D,"[""clipping""]",[],[],,1109760,de6e94814e49dae069c7f7831f8559767f1cf281
kamadhenu_dataset/incoming_audio/dge_linked/raghavendra_vijaya/rv06.22.mp3,dge_linked/raghavendra_vijaya,rv06.22.mp3,.mp3,mp3 (mp3float),mp3,48000,2,32,320,28.632,2.28,-10.2,-10.23,-28.57,21.0,0.43,0.75,0.75,0.185,51,D,"[""clipping""]",[],[],,1145280,b08dcd3760019784e81ffd98a859b8de8724ea59
kamadhenu_dataset/incoming_audio/dge_linked/raghavendra_vijaya/rv06.23.mp3,dge_linked/raghavendra_vijaya,rv06.23.mp3,.mp3,mp3 (mp3float),mp3,48000,2,32,320,26.16,2.54,-10.38,-10.3,-27.38,19.8,0.65,0.57,0.92,0.209,147,D,"[""clipping""]",[],[],,1046400,1a2d58d979e6c50e1ebf4399261876b1710210a9
kamadhenu_dataset/incoming_audio/dge_linked/raghavendra_vijaya/rv06.24.mp3,dge_linked/raghavendra_vijaya,rv06.24.mp3,.mp3,mp3 (mp3float),mp3,48000,2,32,320,26.88,2.85,-10.64,-11.75,-30.59,23.1,0.95,0.67,1.15,0.166,32,D,"[""clipping""]",[],[],,1075200,82661545c77185ca2e8eef3d470fccd80cbc932c
kamadhenu_dataset/incoming_audio/dge_linked/raghavendra_vijaya/rv06.25.mp3,dge_linked/raghavendra_vijaya,rv06.25.mp3,.mp3,mp3 (mp3float),mp3,48000,2,32,320,25.128,2.22,-10.72,-10.29,-25.09,16.8,0.41,0.13,0.44,0.213,39,B,"[""hot_peaks""]",[],[],,1005120,fc21730b63768f1d17c634a3b3be9c698e26d7ed
kamadhenu_dataset/incoming_audio/dge_linked/raghavendra_vijaya/rv06.26.mp3,dge_linked/raghavendra_vijaya,rv06.26.mp3,.mp3,mp3 (mp3float),mp3,48000,2,32,320,24.288,1.68,-11.68,-12.14,-29.56,21.1,1.2,0.36,1.2,0.179,13,B,"[""hot_peaks""]",[],[],,971520,2f8fa08a776cef09846e0798a99d58fca541ee6e
kamadhenu_dataset/incoming_audio/dge_linked/raghavendra_vijaya/rv06.27.mp3,dge_linked/raghavendra_vijaya,rv06.27.mp3,.mp3,mp3 (mp3float),mp3,48000,2,32,320,24.672,3.13,-10.3,-10.39,-26.14,18.5,0.35,0.66,0.66,0.166,134,D,"[""clipping""]",[],[],,986880,6954e66bd9c5da8db705e6159587eb5f2dcd8d0b
kamadhenu_dataset/incoming_audio/dge_linked/raghavendra_vijaya/rv06.28.mp3,dge_linked/raghavendra_vijaya,rv06.28.mp3,.mp3,mp3 (mp3float),mp3,48000,2,32,320,26.808,2.46,-10.67,-10.57,-25.76,17.7,0.68,0.34,0.68,0.185,43,B,"[""hot_peaks""]",[],[],,1072320,ea57709772f43b345b9c0fc5f29f7b08d44bd0a7
kamadhenu_dataset/incoming_audio/dge_linked/raghavendra_vijaya/rv06.29.mp3,dge_linked/raghavendra_vijaya,rv06.29.mp3,.mp3,mp3 (mp3float),mp3,48000,2,32,320,27.072,2.38,-10.25,-9.88,-24.31,16.6,0.49,0.42,0.72,0.2,17,B,"[""hot_peaks""]",[],[],,1082880,c81f0b4509be1aba553fc95ac1b55f4a7ca22c04
kamadhenu_dataset/incoming_audio/dge_linked/raghavendra_vijaya/rv06.30.mp3,dge_linked/raghavendra_vijaya,rv06.30.mp3,.mp3,mp3 (mp3float),mp3,48000,2,32,320,26.448,2.41,-10.36,-10.17,-24.08,16.3,0.33,0.5,0.5,0.185,24,B,"[""hot_peaks""]",[],[],,1057920,1aa822c9941dfab3f12d7e6ac009044463c601a0
kamadhenu_dataset/incoming_audio/dge_linked/raghavendra_vijaya/rv06.31.mp3,dge_linked/raghavendra_vijaya,rv06.31.mp3,.mp3,mp3 (mp3float),mp3,48000,2,32,320,28.464,2.24,-10.45,-10.46,-27.7,19.9,0.26,0.62,0.62,0.165,36,B,"[""hot_peaks""]",[],[],,1138560,48e75ca4e405daae665b87180b576604a6f47e2f
kamadhenu_dataset/incoming_audio/dge_linked/raghavendra_vijaya/rv06.32.mp3,dge_linked/raghavendra_vijaya,rv06.32.mp3,.mp3,mp3 (mp3float),mp3,48000,2,32,320,29.64,2.5,-10.28,-10.44,-28.94,21.6,0.99,1.14,1.14,0.184,44,D,"[""clipping""]",[],[],,1185600,4151e27aa7c7f8bfecebd0e6ee35b9243ba769bf
kamadhenu_dataset/incoming_audio/dge_linked/raghavendra_vijaya/rv06.33.mp3,dge_linked/raghavendra_vijaya,rv06.33.mp3,.mp3,mp3 (mp3float),mp3,48000,2,32,320,29.424,2.68,-10.81,-11.29,-29.74,21.7,0.58,0.25,0.68,0.149,28,B,"[""hot_peaks""]",[],[],,1176960,4901133bd8aea6b1c8200fddb02df7fa4e47b370
kamadhenu_dataset/incoming_audio/dge_linked/raghavendra_vijaya/rv06.34.mp3,dge_linked/raghavendra_vijaya,rv06.34.mp3,.mp3,mp3 (mp3float),mp3,48000,2,32,320,26.088,2.1,-11.01,-11.31,-30.16,22.0,1.02,0.75,1.02,0.175,10,B,"[""hot_peaks""]",[],[],,1043520,dd80f21fca094c6eeedc08b9dc90a3fdb717391f
kamadhenu_dataset/incoming_audio/dge_linked/raghavendra_vijaya/rv06.35.mp3,dge_linked/raghavendra_vijaya,rv06.35.mp3,.mp3,mp3 (mp3float),mp3,48000,2,32,320,26.664,2.24,-10.45,-10.15,-24.51,17.0,0.64,1.59,1.59,0.206,26,B,"[""hot_peaks""]",[],[],,1066560,151dea538beafd3c42abc39e095cb34584c2e460
kamadhenu_dataset/incoming_audio/dge_linked/raghavendra_vijaya/rv06.36.mp3,dge_linked/raghavendra_vijaya,rv06.36.mp3,.mp3,mp3 (mp3float),mp3,48000,2,32,320,23.136,2.9,-10.69,-10.1,-24.41,16.8,0.79,1.08,1.08,0.257,67,D,"[""clipping""]",[],[],,925440,941b96aa57c6fa85f9894549af2bf70bcc6fc491
kamadhenu_dataset/incoming_audio/dge_linked/raghavendra_vijaya/rv06.37.mp3,dge_linked/raghavendra_vijaya,rv06.37.mp3,.mp3,mp3 (mp3float),mp3,48000,2,32,320,23.712,2.46,-10.71,-10.69,-27.37,19.6,0.68,0.52,1.04,0.218,36,B,"[""hot_peaks""]",[],[],,948480,1ac8ba5e240ec74bf45576078375a30395f9a532
kamadhenu_dataset/incoming_audio/dge_linked/raghavendra_vijaya/rv06.38.mp3,dge_linked/raghavendra_vijaya,rv06.38.mp3,.mp3,mp3 (mp3float),mp3,48000,2,32,320,22.92,2.0,-11.48,-12.3,-30.98,22.9,0.03,0.79,0.8,0.175,19,B,"[""hot_peaks""]",[],[],,916800,7b26b7ad26dcfdd8a0a76d42997844776cd073e7
kamadhenu_dataset/incoming_audio/dge_linked/raghavendra_vijaya/rv06.39.mp3,dge_linked/raghavendra_vijaya,rv06.39.mp3,.mp3,mp3 (mp3float),mp3,48000,2,32,320,25.68,2.48,-10.17,-9.74,-24.68,17.2,0.66,0.02,0.66,0.215,47,D,"[""clipping""]",[],[],,1027200,9724ea50423c7bbed3ddc2904b73a78da4c690ae
kamadhenu_dataset/incoming_audio/dge_linked/raghavendra_vijaya/rv06.40.mp3,dge_linked/raghavendra_vijaya,rv06.40.mp3,.mp3,mp3 (mp3float),mp3,48000,2,32,320,24.168,2.2,-10.24,-9.78,-22.3,14.6,0.23,0.16,0.57,0.203,38,C,"[""hot_peaks"", ""noisy_low_snr""]",[],[],,966720,b16348a97d767cbb2f68063d15492f59ee4624bc
kamadhenu_dataset/incoming_audio/dge_linked/raghavendra_vijaya/rv06.41.mp3,dge_linked/raghavendra_vijaya,rv06.41.mp3,.mp3,mp3 (mp3float),mp3,48000,2,32,320,26.064,2.18,-10.13,-9.71,-25.84,18.2,0.03,0.96,0.96,0.21,26,D,"[""clipping""]",[],[],,1042560,19df33d6a79cd45912946d47d9ab3aec84dd8d44
kamadhenu_dataset/incoming_audio/dge_linked/raghavendra_vijaya/rv06.42.mp3,dge_linked/raghavendra_vijaya,rv06.42.mp3,.mp3,mp3 (mp3float),mp3,48000,2,32,320,34.728,1.48,-11.13,-11.66,-33.91,25.1,1.14,0.7,1.14,0.153,6,B,"[""hot_peaks""]",[],[],,1389120,c178a3d32b7eeabfb96d235b281ddc9b5e0ed7ce
kamadhenu_dataset/incoming_audio/dge_linked/raghavendra_vijaya/rv06.43.mp3,dge_linked/raghavendra_vijaya,rv06.43.mp3,.mp3,mp3 (mp3float),mp3,48000,2,32,320,29.856,1.82,-11.11,-11.67,-32.03,23.6,1.02,1.21,1.21,0.157,1,B,"[""hot_peaks""]",[],[],,1194240,c2ef229556d439738d46ec20cc9a02a30857fe17
kamadhenu_dataset/incoming_audio/dge_linked/raghavendra_vijaya/rv06.44.mp3,dge_linked/raghavendra_vijaya,rv06.44.mp3,.mp3,mp3 (mp3float),mp3,48000,2,32,320,31.536,1.51,-11.09,-11.67,-34.24,25.3,1.02,1.26,1.26,0.151,4,B,"[""hot_peaks""]",[],[],,1261440,b8dd21b959c6c17a32f2168baa3e51393a6864f8
kamadhenu_dataset/incoming_audio/dge_linked/raghavendra_vijaya/rv06.45.mp3,dge_linked/raghavendra_vijaya,rv06.45.mp3,.mp3,mp3 (mp3float),mp3,48000,2,32,320,30.48,1.78,-11.42,-11.88,-31.93,23.1,0.64,1.31,1.31,0.179,11,B,"[""hot_peaks""]",[],[],,1219200,321f56977ecbf3546508b75f27767ac143947c73
kamadhenu_dataset/incoming_audio/dge_linked/raghavendra_vijaya/rv06.46.mp3,dge_linked/raghavendra_vijaya,rv06.46.mp3,.mp3,mp3 (mp3float),mp3,48000,2,32,320,24.36,1.4,-11.28,-12.09,-33.17,24.4,1.14,0.93,1.14,0.148,2,B,"[""hot_peaks""]",[],[],,974400,ceae0bc4019bbbb4739a41be4526bef38949bddb
kamadhenu_dataset/incoming_audio/dge_linked/raghavendra_vijaya/rv06.47.mp3,dge_linked/raghavendra_vijaya,rv06.47.mp3,.mp3,mp3 (mp3float),mp3,48000,2,32,320,27.96,1.87,-11.48,-11.64,-30.28,21.4,0.89,0.71,0.89,0.195,4,B,"[""hot_peaks""]",[],[],,1118400,ef33a94168ec8ca63b99b5e4b89bdb9cb68b6677
kamadhenu_dataset/incoming_audio/dge_linked/raghavendra_vijaya/rv06.48.mp3,dge_linked/raghavendra_vijaya,rv06.48.mp3,.mp3,mp3 (mp3float),mp3,48000,2,32,320,24.792,2.38,-11.38,-11.16,-26.32,17.5,0.24,0.28,0.59,0.207,6,B,"[""hot_peaks""]",[],[],,991680,74588b086a65325746eea8b001b1055e2609a009
kamadhenu_dataset/incoming_audio/dge_linked/raghavendra_vijaya/rv06.49.mp3,dge_linked/raghavendra_vijaya,rv06.49.mp3,.mp3,mp3 (mp3float),mp3,48000,2,32,320,26.256,1.9,-11.34,-11.5,-29.8,21.3,0.65,1.22,1.22,0.209,1,B,"[""hot_peaks""]",[],[],,1050240,bfc24788c5aeabd6fb18387584232660602675ba
kamadhenu_dataset/incoming_audio/dge_linked/raghavendra_vijaya/rv06.50.mp3,dge_linked/raghavendra_vijaya,rv06.50.mp3,.mp3,mp3 (mp3float),mp3,48000,2,32,320,25.608,1.64,-11.46,-13.51,-38.25,29.7,0.92,1.27,1.27,0.122,2,B,"[""hot_peaks""]",[],[],,1024320,c7f7c04d20b2bf9594ffcba71cc7eab16d550066
kamadhenu_dataset/incoming_audio/dge_linked/raghavendra_vijaya/rv06.51.mp3,dge_linked/raghavendra_vijaya,rv06.51.mp3,.mp3,mp3 (mp3float),mp3,48000,2,32,320,29.376,2.46,-10.18,-10.07,-26.47,18.9,0.77,0.4,0.77,0.178,25,B,"[""hot_peaks""]",[],[],,1175040,c670c82fc3e3704860c8cea22273d8613346b1b2
kamadhenu_dataset/incoming_audio/dge_linked/raghavendra_vijaya/rv06.52.mp3,dge_linked/raghavendra_vijaya,rv06.52.mp3,.mp3,mp3 (mp3float),mp3,48000,2,32,320,25.968,2.42,-10.39,-10.21,-26.3,19.0,0.03,0.98,1.27,0.234,17,B,"[""hot_peaks""]",[],[],,1038720,af031060f45dd3938c7684e866b428f933a9931f
kamadhenu_dataset/incoming_audio/dge_linked/raghavendra_vijaya/rv06.53.mp3,dge_linked/raghavendra_vijaya,rv06.53.mp3,.mp3,mp3 (mp3float),mp3,48000,2,32,320,24.0,2.31,-10.34,-10.17,-25.89,18.4,0.71,0.29,0.71,0.201,18,B,"[""hot_peaks""]",[],[],,960000,b5f4d39b6381988443c925411fd0a0fd0fe62471
kamadhenu_dataset/incoming_audio/dge_linked/raghavendra_vijaya/rv06.54.mp3,dge_linked/raghavendra_vijaya,rv06.54.mp3,.mp3,mp3 (mp3float),mp3,48000,2,32,320,21.672,2.15,-10.86,-10.67,-25.09,17.2,0.3,0.33,0.55,0.22,8,B,"[""hot_peaks""]",[],[],,866880,69c4cd63dde7e270278cd92c9d5289c297066a97
kamadhenu_dataset/incoming_audio/dge_linked/raghavendra_vijaya/rv06.55.mp3,dge_linked/raghavendra_vijaya,rv06.55.mp3,.mp3,mp3 (mp3float),mp3,48000,2,32,320,23.64,2.32,-10.39,-9.92,-24.79,16.9,0.37,0.44,0.53,0.219,69,D,"[""clipping""]",[],[],,945600,468c9a24405e4f0d885d34a3e1a12b9932024c64
kamadhenu_dataset/incoming_audio/dge_linked/raghavendra_vijaya/rv06.56.mp3,dge_linked/raghavendra_vijaya,rv06.56.mp3,.mp3,mp3 (mp3float),mp3,48000,2,32,320,22.92,2.33,-10.71,-10.61,-27.25,19.5,0.43,0.6,0.62,0.214,12,B,"[""hot_peaks""]",[],[],,916800,3b964815c0f13847bbc1d305eb308bf32128921c
kamadhenu_dataset/incoming_audio/dge_linked/raghavendra_vijaya/rv06.57.mp3,dge_linked/raghavendra_vijaya,rv06.57.mp3,.mp3,mp3 (mp3float),mp3,48000,2,32,320,25.44,2.76,-10.21,-10.07,-25.69,18.1,0.74,0.35,0.74,0.199,25,D,"[""clipping""]",[],[],,1017600,3550dd00d77ba4ecd87d46d9ff4962da7d364590
kamadhenu_dataset/incoming_audio/dge_linked/raghavendra_vijaya/rv06.58.mp3,dge_linked/raghavendra_vijaya,rv06.58.mp3,.mp3,mp3 (mp3float),mp3,48000,2,32,320,29.184,2.48,-10.26,-10.29,-28.19,20.5,0.58,0.58,0.63,0.177,11,B,"[""hot_peaks""]",[],[],,1167360,90b0139ddc1c906d9f542f94ce05c6f24df1d1bc
kamadhenu_dataset/incoming_audio/dge_linked/raghavendra_vijaya/rv06.59.mp3,dge_linked/raghavendra_vijaya,rv06.59.mp3,.mp3,mp3 (mp3float),mp3,48000,2,32,320,26.64,2.79,-9.75,-9.65,-25.42,18.2,0.77,0.62,0.77,0.184,86,D,"[""clipping""]",[],[],,1065600,f7d8acebb20354f9d2e36f20f3bec6776b17ca88
kamadhenu_dataset/incoming_audio/dge_linked/raghavendra_vijaya/rv06.60.mp3,dge_linked/raghavendra_vijaya,rv06.60.mp3,.mp3,mp3 (mp3float),mp3,48000,2,32,320,25.224,3.0,-10.29,-9.74,-24.07,16.1,0.21,0.34,0.73,0.217,15,B,"[""hot_peaks""]",[],[],,1008960,90ce4bf07c4ac4bd600955f71b559705faa56582
kamadhenu_dataset/incoming_audio/dge_linked/raghavendra_vijaya/rv06.61.mp3,dge_linked/raghavendra_vijaya,rv06.61.mp3,.mp3,mp3 (mp3float),mp3,48000,2,32,320,23.736,2.31,-9.98,-10.11,-27.28,20.0,0.35,0.46,0.8,0.153,23,B,"[""hot_peaks""]",[],[],,949440,ca247bfa59f0bfa8d1ef187835dd0cb4084d0aff
kamadhenu_dataset/incoming_audio/dge_linked/raghavendra_vijaya/rv06.62.mp3,dge_linked/raghavendra_vijaya,rv06.62.mp3,.mp3,mp3 (mp3float),mp3,48000,2,32,320,23.928,2.2,-10.27,-9.95,-24.51,16.7,0.03,0.63,0.66,0.187,8,B,"[""hot_peaks""]",[],[],,957120,7615e53cb8872078bbef513cfa9b864461107ec7
kamadhenu_dataset/incoming_audio/dge_linked/raghavendra_vijaya/rv06.63.mp3,dge_linked/raghavendra_vijaya,rv06.63.mp3,.mp3,mp3 (mp3float),mp3,48000,2,32,320,23.832,2.36,-10.22,-9.9,-25.39,17.7,0.3,0.59,0.59,0.184,31,B,"[""hot_peaks""]",[],[],,953280,a1f8089a9c5265b19550f3b639f79e8b322d8a34
kamadhenu_dataset/incoming_audio/dge_linked/raghavendra_vijaya/rv06.64.mp3,dge_linked/raghavendra_vijaya,rv06.64.mp3,.mp3,mp3 (mp3float),mp3,48000,2,32,320,21.096,2.81,-10.38,-10.29,-26.75,19.6,0.62,0.58,0.62,0.223,89,D,"[""clipping""]",[],[],,843840,ea8ba086fd947bed1a7a76663b8b034c0f4982b9
kamadhenu_dataset/incoming_audio/dge_linked/raghavendra_vijaya/rv06.65.mp3,dge_linked/raghavendra_vijaya,rv06.65.mp3,.mp3,mp3 (mp3float),mp3,48000,2,32,320,20.28,2.51,-10.91,-10.96,-26.44,18.8,0.07,0.0,0.78,0.231,18,B,"[""hot_peaks""]",[],[],,811200,a798fc1373994c26a4e1461429c7699f25dd07f4
kamadhenu_dataset/incoming_audio/dge_linked/raghavendra_vijaya/rv06.66.mp3,dge_linked/raghavendra_vijaya,rv06.66.mp3,.mp3,mp3 (mp3float),mp3,48000,2,32,320,25.704,2.38,-10.26,-9.69,-22.55,15.0,0.04,0.16,0.58,0.231,43,D,"[""clipping""]",[],[],,1028160,a80071594b5a20d6b54b8217357874fbfe5803b0
kamadhenu_dataset/incoming_audio/dge_linked/raghavendra_vijaya/rv06.67.mp3,dge_linked/raghavendra_vijaya,rv06.67.mp3,.mp3,mp3 (mp3float),mp3,48000,2,32,320,21.0,2.32,-10.37,-9.94,-22.29,14.6,0.34,0.02,0.34,0.221,20,C,"[""hot_peaks"", ""noisy_low_snr""]",[],[],,840000,ad2eb3c8c8a9f961a15b52e6c039db366302e104
kamadhenu_dataset/incoming_audio/dge_linked/raghavendra_vijaya/rv06.68.mp3,dge_linked/raghavendra_vijaya,rv06.68.mp3,.mp3,mp3 (mp3float),mp3,48000,2,32,320,24.528,2.36,-10.77,-10.33,-23.1,15.1,0.04,0.3,0.66,0.22,18,B,"[""hot_peaks""]",[],[],,981120,bd8edd8c549eec4990bc3cd8357960fca58a426a
kamadhenu_dataset/incoming_audio/dge_linked/raghavendra_vijaya/rv06.69.mp3,dge_linked/raghavendra_vijaya,rv06.69.mp3,.mp3,mp3 (mp3float),mp3,48000,2,32,320,25.512,2.52,-10.64,-10.58,-26.05,18.5,0.63,0.52,0.63,0.207,21,B,"[""hot_peaks""]",[],[],,1020480,644a44d33739ced39a3c4a88ec20b879326fd6b3
kamadhenu_dataset/incoming_audio/dge_linked/raghavendra_vijaya/rv06.70.mp3,dge_linked/raghavendra_vijaya,rv06.70.mp3,.mp3,mp3 (mp3float),mp3,48000,2,32,320,28.656,2.49,-10.2,-10.02,-24.48,17.3,0.36,0.25,0.64,0.206,78,D,"[""clipping""]",[],[],,1146240,0cc8a87062f629a539bbb90e04506b5f9f4a9cd0
kamadhenu_dataset/incoming_audio/dge_linked/raghavendra_vijaya/rv06.71.mp3,dge_linked/raghavendra_vijaya,rv06.71.mp3,.mp3,mp3 (mp3float),mp3,48000,2,32,320,15.072,1.85,-10.76,-10.85,-26.11,18.0,0.52,0.08,0.52,0.185,15,B,"[""hot_peaks""]",[],[],,602880,4944e7bbecfd230f77b89726338805ce2c269253
kamadhenu_dataset/incoming_audio/dge_linked/raghavendra_vijaya/rv06.72.mp3,dge_linked/raghavendra_vijaya,rv06.72.mp3,.mp3,mp3 (mp3float),mp3,48000,2,32,320,16.752,1.94,-11.25,-12.72,-35.24,27.3,0.67,0.97,0.97,0.132,11,B,"[""hot_peaks""]",[],[],,670080,abefddc8f794374393cb91c237d122c36fa11045
kamadhenu_dataset/incoming_audio/dge_linked/raghavendra_vijaya/rv06.73.mp3,dge_linked/raghavendra_vijaya,rv06.73.mp3,.mp3,mp3 (mp3float),mp3,48000,2,32,320,31.992,2.42,-10.2,-10.36,-26.61,19.3,0.83,0.96,0.96,0.18,45,D,"[""clipping""]",[],[],,1279680,0ccc5ecebd6f1d67d83670cc14b6bc23ee02d972
kamadhenu_dataset/incoming_audio/dge_linked/raghavendra_vijaya/rv06.74.mp3,dge_linked/raghavendra_vijaya,rv06.74.mp3,.mp3,mp3 (mp3float),mp3,48000,2,32,320,27.816,1.91,-10.53,-10.92,-28.76,21.0,0.51,0.83,0.83,0.158,62,B,"[""hot_peaks""]",[],[],,1112640,7d18ec485ce30c596e665b81aa1226f236c3e784
kamadhenu_dataset/incoming_audio/dge_linked/raghavendra_vijaya/rv06.75.mp3,dge_linked/raghavendra_vijaya,rv06.75.mp3,.mp3,mp3 (mp3float),mp3,48000,2,32,320,42.0,2.27,-10.33,-10.09,-24.7,16.9,0.54,0.26,0.54,0.191,71,B,"[""hot_peaks""]",[],[],,1680000,492758be00075d0dabc46157193962c2de8629e5
kamadhenu_dataset/incoming_audio/dge_linked/raghavendra_vijaya/rv06.76.mp3,dge_linked/raghavendra_vijaya,rv06.76.mp3,.mp3,mp3 (mp3float),mp3,48000,2,32,320,31.56,2.55,-10.23,-10.05,-24.87,17.5,0.53,0.15,0.55,0.209,79,D,"[""clipping""]",[],[],,1262400,bb5fd0f60cd6520567042e7abb6a5bb6c7f3e2a7
kamadhenu_dataset/incoming_audio/dge_linked/raghavendra_vijaya/rv07.01.mp3,dge_linked/raghavendra_vijaya,rv07.01.mp3,.mp3,mp3 (mp3float),mp3,48000,2,32,320,21.576,3.32,-10.27,-10.15,-25.16,18.0,0.03,0.0,0.6,0.195,251,D,"[""clipping""]",[],[],,863040,6d1e7047aed63f3e67102df35901d0142b198c7a
kamadhenu_dataset/incoming_audio/dge_linked/raghavendra_vijaya/rv07.02.mp3,dge_linked/raghavendra_vijaya,rv07.02.mp3,.mp3,mp3 (mp3float),mp3,48000,2,32,320,21.624,3.35,-10.16,-9.92,-21.91,14.5,0.03,0.15,0.5,0.187,284,D,"[""clipping"", ""noisy_low_snr""]",[],[],,864960,a92fce38f2dfb607a5044b5a3f983735463f8f4c
kamadhenu_dataset/incoming_audio/dge_linked/raghavendra_vijaya/rv07.03.mp3,dge_linked/raghavendra_vijaya,rv07.03.mp3,.mp3,mp3 (mp3float),mp3,48000,2,32,320,21.504,3.36,-9.96,-9.67,-23.28,16.2,0.2,0.09,0.47,0.198,383,D,"[""clipping""]",[],[],,860160,a4681b546382a71fe95b155d06f6eac14bfc60fd
kamadhenu_dataset/incoming_audio/dge_linked/raghavendra_vijaya/rv07.04.mp3,dge_linked/raghavendra_vijaya,rv07.04.mp3,.mp3,mp3 (mp3float),mp3,48000,2,32,320,21.408,3.26,-10.29,-10.11,-24.07,16.8,0.14,0.13,0.38,0.196,256,D,"[""clipping""]",[],[],,856320,9fb76af577cccddd6a7bb4159ffcbb2b5e4f9f9f
kamadhenu_dataset/incoming_audio/dge_linked/raghavendra_vijaya/rv07.05.mp3,dge_linked/raghavendra_vijaya,rv07.05.mp3,.mp3,mp3 (mp3float),mp3,48000,2,32,320,21.504,3.12,-10.16,-10.01,-23.74,16.4,0.09,0.0,0.65,0.173,280,D,"[""clipping""]",[],[],,860160,fe97b99eae0ddd81809bd4432ed6b9df489826d0
kamadhenu_dataset/incoming_audio/dge_linked/raghavendra_vijaya/rv07.06.mp3,dge_linked/raghavendra_vijaya,rv07.06.mp3,.mp3,mp3 (mp3float),mp3,48000,2,32,320,21.576,3.23,-9.88,-9.75,-23.74,16.8,0.03,0.19,0.57,0.195,380,D,"[""clipping""]",[],[],,863040,5417f79a479714e9c2bc652cfc2a9a3180312aa4
kamadhenu_dataset/incoming_audio/dge_linked/raghavendra_vijaya/rv07.07.mp3,dge_linked/raghavendra_vijaya,rv07.07.mp3,.mp3,mp3 (mp3float),mp3,48000,2,32,320,21.48,3.52,-10.18,-9.81,-24.46,17.2,0.22,0.13,0.53,0.219,380,D,"[""clipping""]",[],[],,859200,ef5a144125cfa153e3a623afaa3743d567dd0f27
kamadhenu_dataset/incoming_audio/dge_linked/raghavendra_vijaya/rv07.08.mp3,dge_linked/raghavendra_vijaya,rv07.08.mp3,.mp3,mp3 (mp3float),mp3,48000,2,32,320,21.336,3.23,-9.53,-9.13,-22.15,15.5,0.15,0.16,0.49,0.213,334,D,"[""clipping""]",[],[],,853440,87d81d65571efcded4e61b475ed518d3a5a70430
kamadhenu_dataset/incoming_audio/dge_linked/raghavendra_vijaya/rv07.09.mp3,dge_linked/raghavendra_vijaya,rv07.09.mp3,.mp3,mp3 (mp3float),mp3,48000,2,32,320,21.48,3.26,-10.53,-10.53,-25.71,18.1,0.03,0.01,0.5,0.166,235,D,"[""clipping""]",[],[],,859200,b73c0cb2c2b7908437f2f401375ed74db9e924e4
kamadhenu_dataset/incoming_audio/dge_linked/raghavendra_vijaya/rv07.10.mp3,dge_linked/raghavendra_vijaya,rv07.10.mp3,.mp3,mp3 (mp3float),mp3,48000,2,32,320,21.648,3.57,-11.04,-11.17,-27.2,19.8,0.03,0.17,0.57,0.228,124,D,"[""clipping""]",[],[],,865920,2bf4085e7a3fda5d26b6bde36c26f5226153c837
kamadhenu_dataset/incoming_audio/dge_linked/raghavendra_vijaya/rv07.11.mp3,dge_linked/raghavendra_vijaya,rv07.11.mp3,.mp3,mp3 (mp3float),mp3,48000,2,32,320,21.36,3.16,-11.02,-10.99,-26.79,19.0,0.19,0.07,0.63,0.206,133,D,"[""clipping""]",[],[],,854400,655c4d30821f02f79b7dbe4020d7fc3f61404f4f
kamadhenu_dataset/incoming_audio/dge_linked/raghavendra_vijaya/rv07.12.mp3,dge_linked/raghavendra_vijaya,rv07.12.mp3,.mp3,mp3 (mp3float),mp3,48000,2,32,320,21.432,3.28,-10.89,-10.85,-24.88,17.1,0.16,0.02,0.47,0.184,119,D,"[""clipping""]",[],[],,857280,aac4817f2ef47db03c2d15f004bc5ba842d4facc
kamadhenu_dataset/incoming_audio/dge_linked/raghavendra_vijaya/rv07.13.mp3,dge_linked/raghavendra_vijaya,rv07.13.mp3,.mp3,mp3 (mp3float),mp3,48000,2,32,320,21.72,3.5,-10.1,-9.83,-22.98,15.6,0.16,0.01,0.53,0.182,207,D,"[""clipping""]",[],[],,868800,bc77ae2bcb8782e1fef3546a6ce7434d97beef70
kamadhenu_dataset/incoming_audio/dge_linked/raghavendra_vijaya/rv07.14.mp3,dge_linked/raghavendra_vijaya,rv07.14.mp3,.mp3,mp3 (mp3float),mp3,48000,2,32,320,21.048,2.77,-10.73,-10.65,-24.92,17.1,0.04,0.01,0.56,0.187,102,D,"[""clipping""]",[],[],,841920,75e7c1cf28947b197207f86d55e78fe67a75bf62
kamadhenu_dataset/incoming_audio/dge_linked/raghavendra_vijaya/rv07.15.mp3,dge_linked/raghavendra_vijaya,rv07.15.mp3,.mp3,mp3 (mp3float),mp3,48000,2,32,320,21.576,3.27,-11.15,-11.11,-25.3,17.7,0.21,0.2,0.66,0.203,230,D,"[""clipping""]",[],[],,863040,12825505c9b643ab21d6b9cb18eaa44ba0aabd6a
kamadhenu_dataset/incoming_audio/dge_linked/raghavendra_vijaya/rv07.16.mp3,dge_linked/raghavendra_vijaya,rv07.16.mp3,.mp3,mp3 (mp3float),mp3,48000,2,32,320,21.792,3.02,-10.18,-10.12,-24.51,17.2,0.27,0.28,0.49,0.169,338,D,"[""clipping""]",[],[],,871680,2160602e5f711e551483da5ad88c05e2be32ae7f
kamadhenu_dataset/incoming_audio/dge_linked/raghavendra_vijaya/rv07.17.mp3,dge_linked/raghavendra_vijaya,rv07.17.mp3,.mp3,mp3 (mp3float),mp3,48000,2,32,320,21.72,3.49,-10.13,-9.86,-24.15,17.1,0.21,0.0,0.56,0.209,382,D,"[""clipping""]",[],[],,868800,5460a275cc24afe3752f48c274a3d2a447a31615
kamadhenu_dataset/incoming_audio/dge_linked/raghavendra_vijaya/rv07.18.mp3,dge_linked/raghavendra_vijaya,rv07.18.mp3,.mp3,mp3 (mp3float),mp3,48000,2,32,320,21.768,3.3,-9.97,-9.43,-19.2,12.0,0.03,0.24,0.51,0.237,265,D,"[""clipping"", ""noisy_low_snr""]",[],[],,870720,251f8e2fa4220a05a3561f65525ba850a4996c95
kamadhenu_dataset/incoming_audio/dge_linked/raghavendra_vijaya/rv07.19.mp3,dge_linked/raghavendra_vijaya,rv07.19.mp3,.mp3,mp3 (mp3float),mp3,48000,2,32,320,21.6,3.37,-10.63,-10.55,-26.67,19.3,0.08,0.19,0.46,0.217,248,D,"[""clipping""]",[],[],,864000,4b1d4820e1e7c07294c67a1f5c515e8dc73cae53
kamadhenu_dataset/incoming_audio/dge_linked/raghavendra_vijaya/rv07.20.mp3,dge_linked/raghavendra_vijaya,rv07.20.mp3,.mp3,mp3 (mp3float),mp3,48000,2,32,320,20.928,3.32,-10.07,-9.91,-23.2,15.9,0.22,0.01,0.4,0.18,309,D,"[""clipping""]",[],[],,837120,55e4954f9d8e9af38b94eb74bc5c39ed08b41fae
kamadhenu_dataset/incoming_audio/dge_linked/raghavendra_vijaya/rv07.21.mp3,dge_linked/raghavendra_vijaya,rv07.21.mp3,.mp3,mp3 (mp3float),mp3,48000,2,32,320,21.432,3.24,-10.09,-9.83,-23.35,16.3,0.06,0.0,0.42,0.198,341,D,"[""clipping""]",[],[],,857280,801010677c95c38909ae78adb541d857017d52fa
kamadhenu_dataset/incoming_audio/dge_linked/raghavendra_vijaya/rv07.22.mp3,dge_linked/raghavendra_vijaya,rv07.22.mp3,.mp3,mp3 (mp3float),mp3,48000,2,32,320,21.216,3.19,-10.28,-9.96,-23.49,16.1,0.03,0.12,0.53,0.192,254,D,"[""clipping""]",[],[],,848640,dc40fdf80a8ef5c761c2c376632970f921f5bac9
kamadhenu_dataset/incoming_audio/dge_linked/raghavendra_vijaya/rv07.23.mp3,dge_linked/raghavendra_vijaya,rv07.23.mp3,.mp3,mp3 (mp3float),mp3,48000,2,32,320,21.96,3.52,-10.64,-10.55,-24.65,17.2,0.19,0.44,0.45,0.197,221,D,"[""clipping""]",[],[],,878400,3f82a2a33e41ba5de8faed9ddd6d5c81e99e9bb6
kamadhenu_dataset/incoming_audio/dge_linked/raghavendra_vijaya/rv07.24.mp3,dge_linked/raghavendra_vijaya,rv07.24.mp3,.mp3,mp3 (mp3float),mp3,48000,2,32,320,21.504,3.2,-10.41,-10.27,-24.04,16.8,0.26,0.16,0.46,0.191,220,D,"[""clipping""]",[],[],,860160,a439551bd3df98dd83c2f7a2c53cf9d22353ce4a
kamadhenu_dataset/incoming_audio/dge_linked/raghavendra_vijaya/rv07.25.mp3,dge_linked/raghavendra_vijaya,rv07.25.mp3,.mp3,mp3 (mp3float),mp3,48000,2,32,320,21.72,3.13,-10.35,-10.2,-24.74,17.5,0.04,0.0,0.74,0.207,215,D,"[""clipping""]",[],[],,868800,b81f7930d379e8400f004f95d6b0e065da3927a4
kamadhenu_dataset/incoming_audio/dge_linked/raghavendra_vijaya/rv07.26.mp3,dge_linked/raghavendra_vijaya,rv07.26.mp3,.mp3,mp3 (mp3float),mp3,48000,2,32,320,21.528,3.06,-10.16,-10.15,-25.41,18.4,0.03,0.26,0.49,0.2,283,D,"[""clipping""]",[],[],,861120,1bd8841c7c8e9c31b1d4b1252257ee8f3ad7f2b0
kamadhenu_dataset/incoming_audio/dge_linked/raghavendra_vijaya/rv07.27.mp3,dge_linked/raghavendra_vijaya,rv07.27.mp3,.mp3,mp3 (mp3float),mp3,48000,2,32,320,21.48,3.57,-9.83,-9.33,-23.48,16.3,0.13,0.0,0.6,0.22,226,D,"[""clipping""]",[],[],,859200,84238055edb09a2476fc8a091386865cddc2126c
kamadhenu_dataset/incoming_audio/dge_linked/raghavendra_vijaya/rv07.28.mp3,dge_linked/raghavendra_vijaya,rv07.28.mp3,.mp3,mp3 (mp3float),mp3,48000,2,32,320,21.264,3.33,-9.32,-9.03,-22.74,16.1,0.2,0.04,0.58,0.186,411,D,"[""clipping""]",[],[],,850560,bbdbaf632197bbbf5a642bd74c24b1d6f23c722b
kamadhenu_dataset/incoming_audio/dge_linked/raghavendra_vijaya/rv07.29.mp3,dge_linked/raghavendra_vijaya,rv07.29.mp3,.mp3,mp3 (mp3float),mp3,48000,2,32,320,20.88,2.98,-10.99,-10.97,-26.16,18.6,0.13,0.14,0.55,0.209,111,D,"[""clipping""]",[],[],,835200,5406bd4119c24c9779334c55bded420040bed031
kamadhenu_dataset/incoming_audio/dge_linked/raghavendra_vijaya/rv07.30.mp3,dge_linked/raghavendra_vijaya,rv07.30.mp3,.mp3,mp3 (mp3float),mp3,48000,2,32,320,21.288,3.59,-10.11,-9.92,-24.66,17.6,0.03,0.2,0.51,0.203,206,D,"[""clipping""]",[],[],,851520,47702dfeaed077f70004712b0dd72b1cbed8d7a1
kamadhenu_dataset/incoming_audio/dge_linked/raghavendra_vijaya/rv07.31.mp3,dge_linked/raghavendra_vijaya,rv07.31.mp3,.mp3,mp3 (mp3float),mp3,48000,2,32,320,21.792,3.25,-10.92,-11.44,-28.75,21.3,0.17,0.39,0.7,0.199,91,D,"[""clipping""]",[],[],,871680,bf47f2afdec55d48dc2847d3c71a5fd7f72af8a1
kamadhenu_dataset/incoming_audio/dge_linked/raghavendra_vijaya/rv07.32.mp3,dge_linked/raghavendra_vijaya,rv07.32.mp3,.mp3,mp3 (mp3float),mp3,48000,2,32,320,21.624,3.44,-11.06,-10.82,-24.34,16.6,0.16,0.26,0.39,0.216,95,D,"[""clipping""]",[],[],,864960,c3ee4fc107c132bb741d5c4fe0240d2fd61221a4
kamadhenu_dataset/incoming_audio/dge_linked/raghavendra_vijaya/rv07.33.mp3,dge_linked/raghavendra_vijaya,rv07.33.mp3,.mp3,mp3 (mp3float),mp3,48000,2,32,320,21.624,2.98,-10.47,-10.19,-23.07,15.6,0.28,0.0,0.47,0.193,144,D,"[""clipping""]",[],[],,864960,5e618d111a405203255d4c613ee8f64754c311f5
kamadhenu_dataset/incoming_audio/dge_linked/raghavendra_vijaya/rv07.34.mp3,dge_linked/raghavendra_vijaya,rv07.34.mp3,.mp3,mp3 (mp3float),mp3,48000,2,32,320,21.528,3.47,-9.56,-9.05,-22.31,15.4,0.03,0.19,0.47,0.223,433,D,"[""clipping""]",[],[],,861120,dc89387de0a1f37bd854571b992517933e946aa0
kamadhenu_dataset/incoming_audio/dge_linked/raghavendra_vijaya/rv07.35.mp3,dge_linked/raghavendra_vijaya,rv07.35.mp3,.mp3,mp3 (mp3float),mp3,48000,2,32,320,21.624,3.0,-10.64,-10.56,-25.78,18.3,0.04,0.28,0.56,0.217,164,D,"[""clipping""]",[],[],,864960,a42e7f20089995924a5c8ad9016e3d71422ce83d
kamadhenu_dataset/incoming_audio/dge_linked/raghavendra_vijaya/rv07.36.mp3,dge_linked/raghavendra_vijaya,rv07.36.mp3,.mp3,mp3 (mp3float),mp3,48000,2,32,320,21.72,3.5,-10.63,-10.71,-25.96,18.6,0.23,0.24,0.48,0.208,131,D,"[""clipping""]",[],[],,868800,fe3557a17512d74ecee73189ed7fe0a7f0a68836
kamadhenu_dataset/incoming_audio/dge_linked/raghavendra_vijaya/rv07.37.mp3,dge_linked/raghavendra_vijaya,rv07.37.mp3,.mp3,mp3 (mp3float),mp3,48000,2,32,320,21.744,3.11,-10.47,-10.0,-24.4,16.8,0.03,0.0,0.48,0.225,171,D,"[""clipping""]",[],[],,869760,c7c650f68f74a79651319018f804ccdbf48673bd
kamadhenu_dataset/incoming_audio/dge_linked/raghavendra_vijaya/rv07.38.mp3,dge_linked/raghavendra_vijaya,rv07.38.mp3,.mp3,mp3 (mp3float),mp3,48000,2,32,320,21.336,3.44,-9.71,-9.27,-22.15,15.0,0.03,0.03,0.5,0.199,470,D,"[""clipping""]",[],[],,853440,4667c347d62d2ad6a94c308725c65785afbd634d
kamadhenu_dataset/incoming_audio/dge_linked/raghavendra_vijaya/rv07.39.mp3,dge_linked/raghavendra_vijaya,rv07.39.mp3,.mp3,mp3 (mp3float),mp3,48000,2,32,320,21.72,3.62,-10.53,-10.71,-25.64,18.1,0.03,0.07,0.43,0.144,401,D,"[""clipping""]",[],[],,868800,09de6b12e2239486a243fd915e718fc214e022b4
kamadhenu_dataset/incoming_audio/dge_linked/raghavendra_vijaya/rv07.40.mp3,dge_linked/raghavendra_vijaya,rv07.40.mp3,.mp3,mp3 (mp3float),mp3,48000,2,32,320,21.336,3.36,-9.34,-8.79,-20.14,13.1,0.19,0.05,0.47,0.202,423,D,"[""clipping"", ""noisy_low_snr""]",[],[],,853440,c38a22638b13eb7f4ede64cbb881be8073872073
kamadhenu_dataset/incoming_audio/dge_linked/raghavendra_vijaya/rv07.41.mp3,dge_linked/raghavendra_vijaya,rv07.41.mp3,.mp3,mp3 (mp3float),mp3,48000,2,32,320,21.528,3.34,-10.83,-10.48,-24.59,16.9,0.03,0.08,0.41,0.228,137,D,"[""clipping""]",[],[],,861120,cd8e4c661bed1dab727c2f4ce024f4433a281955
kamadhenu_dataset/incoming_audio/dge_linked/raghavendra_vijaya/rv07.42.mp3,dge_linked/raghavendra_vijaya,rv07.42.mp3,.mp3,mp3 (mp3float),mp3,48000,2,32,320,21.168,3.58,-10.26,-9.89,-22.8,15.6,0.03,0.13,0.65,0.228,283,D,"[""clipping""]",[],[],,846720,bc298d0f8bd1a8d57227d4ea003e55c15e0037c3
kamadhenu_dataset/incoming_audio/dge_linked/raghavendra_vijaya/rv07.43.mp3,dge_linked/raghavendra_vijaya,rv07.43.mp3,.mp3,mp3 (mp3float),mp3,48000,2,32,320,21.384,3.38,-9.93,-9.6,-24.14,17.3,0.18,0.18,0.49,0.227,301,D,"[""clipping""]",[],[],,855360,f017a4ac7e8a1d854803ce6f1ad8eceb1ffc4a9d
kamadhenu_dataset/incoming_audio/dge_linked/raghavendra_vijaya/rv07.44.mp3,dge_linked/raghavendra_vijaya,rv07.44.mp3,.mp3,mp3 (mp3float),mp3,48000,2,32,320,20.88,3.15,-9.79,-9.66,-25.03,18.2,0.11,0.2,0.55,0.209,343,D,"[""clipping""]",[],[],,835200,68e319e28b7492a11e9c2b0c41a9af63bfd3a47c
kamadhenu_dataset/incoming_audio/dge_linked/raghavendra_vijaya/rv07.45.mp3,dge_linked/raghavendra_vijaya,rv07.45.mp3,.mp3,mp3 (mp3float),mp3,48000,2,32,320,21.552,3.01,-10.22,-10.12,-24.8,17.7,0.18,0.0,0.4,0.195,311,D,"[""clipping""]",[],[],,862080,9cc2163b3c06eb6bc5e0a705ae72ec19f8f50066
kamadhenu_dataset/incoming_audio/dge_linked/raghavendra_vijaya/rv07.46.mp3,dge_linked/raghavendra_vijaya,rv07.46.mp3,.mp3,mp3 (mp3float),mp3,48000,2,32,320,21.12,3.12,-9.8,-9.57,-23.43,16.4,0.03,0.04,0.55,0.19,302,D,"[""clipping""]",[],[],,844800,c258e0cf5171c5ded83c86f52d48030b6971f09b
kamadhenu_dataset/incoming_audio/dge_linked/raghavendra_vijaya/rv07.47.mp3,dge_linked/raghavendra_vijaya,rv07.47.mp3,.mp3,mp3 (mp3float),mp3,48000,2,32,320,22.704,3.23,-10.48,-10.44,-23.36,15.9,0.16,0.21,0.54,0.164,205,D,"[""clipping""]",[],[],,908160,818b831e0c520cad62e357ca50189ed6b0dcf96d
kamadhenu_dataset/incoming_audio/dge_linked/raghavendra_vijaya/rv07.48.mp3,dge_linked/raghavendra_vijaya,rv07.48.mp3,.mp3,mp3 (mp3float),mp3,48000,2,32,320,46.368,3.17,-10.38,-11.79,-37.38,30.3,0.2,0.0,2.31,0.123,68,D,"[""clipping""]",[],[],,1854720,03486d611a0f35a28bd05204a1bd4e9034145527
kamadhenu_dataset/incoming_audio/dge_linked/raghavendra_vijaya/rv07.49.mp3,dge_linked/raghavendra_vijaya,rv07.49.mp3,.mp3,mp3 (mp3float),mp3,48000,2,32,320,38.352,2.99,-10.48,-12.89,-42.18,34.9,0.03,0.0,1.95,0.129,85,D,"[""clipping""]",[],[],,1534080,054f6eeacc21e24a064e00f73b727e3c4e971964
kamadhenu_dataset/incoming_audio/dge_linked/raghavendra_vijaya/rv08.01.mp3,dge_linked/raghavendra_vijaya,rv08.01.mp3,.mp3,mp3 (mp3float),mp3,48000,2,32,320,17.352,3.02,-10.66,-10.39,-25.4,17.9,0.2,0.24,0.35,0.218,195,D,"[""clipping""]",[],[],,694080,e28e33c64c5bb7dd5b98f57763da221a3e1088ef
kamadhenu_dataset/incoming_audio/dge_linked/raghavendra_vijaya/rv08.02.mp3,dge_linked/raghavendra_vijaya,rv08.02.mp3,.mp3,mp3 (mp3float),mp3,48000,2,32,320,17.208,3.34,-10.27,-10.18,-26.52,19.1,0.22,0.27,0.4,0.2,195,D,"[""clipping""]",[],[],,688320,70fea58a78682965f7e9cf13d3fa1eb1e0513650
kamadhenu_dataset/incoming_audio/dge_linked/raghavendra_vijaya/rv08.03.mp3,dge_linked/raghavendra_vijaya,rv08.03.mp3,.mp3,mp3 (mp3float),mp3,48000,2,32,320,16.848,3.23,-10.49,-10.34,-25.03,17.5,0.21,0.17,0.37,0.193,171,D,"[""clipping""]",[],[],,673920,c9e7a8b2f3bc132786571dee263831f64eba1935
kamadhenu_dataset/incoming_audio/dge_linked/raghavendra_vijaya/rv08.04.mp3,dge_linked/raghavendra_vijaya,rv08.04.mp3,.mp3,mp3 (mp3float),mp3,48000,2,32,320,17.064,2.95,-10.92,-10.72,-26.69,18.9,0.18,0.11,0.43,0.221,108,D,"[""clipping""]",[],[],,682560,899e1d145a28f89998507daf27a1966fbbf23ef3
kamadhenu_dataset/incoming_audio/dge_linked/raghavendra_vijaya/rv08.05.mp3,dge_linked/raghavendra_vijaya,rv08.05.mp3,.mp3,mp3 (mp3float),mp3,48000,2,32,320,16.392,3.42,-10.35,-10.04,-24.57,17.3,0.19,0.0,0.33,0.23,137,D,"[""clipping""]",[],[],,655680,dcf7786f9dcf8b5a9a07ca22fad6a716cd6e8625
kamadhenu_dataset/incoming_audio/dge_linked/raghavendra_vijaya/rv08.06.mp3,dge_linked/raghavendra_vijaya,rv08.06.mp3,.mp3,mp3 (mp3float),mp3,48000,2,32,320,16.92,3.25,-10.58,-10.38,-25.87,18.7,0.29,0.31,0.33,0.249,174,D,"[""clipping""]",[],[],,676800,354d72e7e498275226c9fd716cc3f770e7952476
kamadhenu_dataset/incoming_audio/dge_linked/raghavendra_vijaya/rv08.07.mp3,dge_linked/raghavendra_vijaya,rv08.07.mp3,.mp3,mp3 (mp3float),mp3,48000,2,32,320,17.112,2.54,-11.21,-11.07,-25.52,17.6,0.18,0.16,0.38,0.204,57,D,"[""clipping""]",[],[],,684480,87d1d2c68e0dd5791c08179177e458b3271a56df
kamadhenu_dataset/incoming_audio/dge_linked/raghavendra_vijaya/rv08.08.mp3,dge_linked/raghavendra_vijaya,rv08.08.mp3,.mp3,mp3 (mp3float),mp3,48000,2,32,320,16.992,3.47,-10.31,-10.02,-24.51,17.3,0.18,0.09,0.51,0.208,144,D,"[""clipping""]",[],[],,679680,c26739ae8ab0483bfb987ad46fea13eead98526e
kamadhenu_dataset/incoming_audio/dge_linked/raghavendra_vijaya/rv08.09.mp3,dge_linked/raghavendra_vijaya,rv08.09.mp3,.mp3,mp3 (mp3float),mp3,48000,2,32,320,16.896,2.71,-11.18,-11.17,-26.41,18.7,0.24,0.16,0.35,0.22,97,D,"[""clipping""]",[],[],,675840,6c0a089921367118d27e19c559567a499b503906
kamadhenu_dataset/incoming_audio/dge_linked/raghavendra_vijaya/rv08.10.mp3,dge_linked/raghavendra_vijaya,rv08.10.mp3,.mp3,mp3 (mp3float),mp3,48000,2,32,320,16.584,3.5,-10.86,-11.1,-27.17,19.9,0.16,0.18,0.47,0.21,107,D,"[""clipping""]",[],[],,663360,6fbc002dd4f5c1f4f3ac1f7f45a67b82338a1571
kamadhenu_dataset/incoming_audio/dge_linked/raghavendra_vijaya/rv08.11.mp3,dge_linked/raghavendra_vijaya,rv08.11.mp3,.mp3,mp3 (mp3float),mp3,48000,2,32,320,16.8,3.36,-10.59,-10.53,-25.48,18.0,0.29,0.2,0.33,0.206,151,D,"[""clipping""]",[],[],,672000,625ada3c05e4aa9164a5142df12cf379bbe1611f
kamadhenu_dataset/incoming_audio/dge_linked/raghavendra_vijaya/rv08.12.mp3,dge_linked/raghavendra_vijaya,rv08.12.mp3,.mp3,mp3 (mp3float),mp3,48000,2,32,320,17.112,3.25,-10.44,-10.49,-26.46,18.9,0.28,0.2,0.58,0.159,139,D,"[""clipping""]",[],[],,684480,8c143b1c2cd6cf1cef8e359085587c7a8f341097
kamadhenu_dataset/incoming_audio/dge_linked/raghavendra_vijaya/rv08.13.mp3,dge_linked/raghavendra_vijaya,rv08.13.mp3,.mp3,mp3 (mp3float),mp3,48000,2,32,320,16.896,3.13,-10.67,-10.43,-24.56,17.3,0.11,0.03,0.37,0.243,112,D,"[""clipping""]",[],[],,675840,ed84fd9350eede1ea0044ae500a6b753e9f7de9f
kamadhenu_dataset/incoming_audio/dge_linked/raghavendra_vijaya/rv08.14.mp3,dge_linked/raghavendra_vijaya,rv08.14.mp3,.mp3,mp3 (mp3float),mp3,48000,2,32,320,16.896,3.44,-10.77,-10.53,-24.75,17.1,0.05,0.27,0.43,0.207,106,D,"[""clipping""]",[],[],,675840,1ad7d13b446b6f141ecaee12b23a44a876bef7bb
kamadhenu_dataset/incoming_audio/dge_linked/raghavendra_vijaya/rv08.15.mp3,dge_linked/raghavendra_vijaya,rv08.15.mp3,.mp3,mp3 (mp3float),mp3,48000,2,32,320,18.456,3.17,-10.23,-9.95,-24.27,16.9,0.45,0.31,0.45,0.205,182,D,"[""clipping""]",[],[],,738240,6a5738c45ad5e5a79e3d609e7fec566ac8585041
kamadhenu_dataset/incoming_audio/dge_linked/raghavendra_vijaya/rv08.16.mp3,dge_linked/raghavendra_vijaya,rv08.16.mp3,.mp3,mp3 (mp3float),mp3,48000,2,32,320,18.456,3.28,-10.14,-9.8,-23.36,16.0,0.23,0.3,0.44,0.204,158,D,"[""clipping""]",[],[],,738240,468eb7e5bcfe6c2d7a858c91e27fdfa9f39580b9
kamadhenu_dataset/incoming_audio/dge_linked/raghavendra_vijaya/rv08.17.mp3,dge_linked/raghavendra_vijaya,rv08.17.mp3,.mp3,mp3 (mp3float),mp3,48000,2,32,320,18.336,3.17,-10.68,-10.59,-25.92,18.5,0.22,0.31,0.44,0.213,97,D,"[""clipping""]",[],[],,733440,43b3cd64386f3ed558c85c96dff9e5abd89626a9
kamadhenu_dataset/incoming_audio/dge_linked/raghavendra_vijaya/rv08.18.mp3,dge_linked/raghavendra_vijaya,rv08.18.mp3,.mp3,mp3 (mp3float),mp3,48000,2,32,320,15.6,3.26,-10.54,-10.21,-24.14,16.5,0.29,0.29,0.41,0.215,124,D,"[""clipping""]",[],[],,624000,0eb6b8261c5eac821157e0e84f6fddcac5b8974d
kamadhenu_dataset/incoming_audio/dge_linked/raghavendra_vijaya/rv08.19.mp3,dge_linked/raghavendra_vijaya,rv08.19.mp3,.mp3,mp3 (mp3float),mp3,48000,2,32,320,15.816,3.05,-10.58,-10.52,-25.53,17.9,0.25,0.18,0.41,0.192,125,D,"[""clipping""]",[],[],,632640,73f9502fa4d5ac253759ea16c684b5f5f79458ae
kamadhenu_dataset/incoming_audio/dge_linked/raghavendra_vijaya/rv08.20.mp3,dge_linked/raghavendra_vijaya,rv08.20.mp3,.mp3,mp3 (mp3float),mp3,48000,2,32,320,15.648,3.02,-11.43,-11.02,-25.0,16.9,0.14,0.24,0.31,0.242,68,D,"[""clipping""]",[],[],,625920,f4b0ec68684add261bd76781970957901e9ee3b7
kamadhenu_dataset/incoming_audio/dge_linked/raghavendra_vijaya/rv08.21.mp3,dge_linked/raghavendra_vijaya,rv08.21.mp3,.mp3,mp3 (mp3float),mp3,48000,2,32,320,15.984,3.23,-10.63,-10.62,-24.94,17.5,0.14,0.16,0.51,0.192,107,D,"[""clipping""]",[],[],,639360,0d8b5914c83a21cfbc8c998d60081d7d27120a2f
kamadhenu_dataset/incoming_audio/dge_linked/raghavendra_vijaya/rv08.22.mp3,dge_linked/raghavendra_vijaya,rv08.22.mp3,.mp3,mp3 (mp3float),mp3,48000,2,32,320,16.296,3.36,-10.72,-10.78,-27.48,19.9,0.2,0.18,0.48,0.201,68,D,"[""clipping""]",[],[],,651840,014118a7b6859a5b26960cd8c2a1131464cd9e69
kamadhenu_dataset/incoming_audio/dge_linked/raghavendra_vijaya/rv08.23.mp3,dge_linked/raghavendra_vijaya,rv08.23.mp3,.mp3,mp3 (mp3float),mp3,48000,2,32,320,15.912,2.92,-10.34,-10.12,-25.71,18.4,0.18,0.21,0.38,0.202,195,D,"[""clipping""]",[],[],,636480,054b261c60d3d10e39fe206f22593ad7c46c69b4
kamadhenu_dataset/incoming_audio/dge_linked/raghavendra_vijaya/rv08.24.mp3,dge_linked/raghavendra_vijaya,rv08.24.mp3,.mp3,mp3 (mp3float),mp3,48000,2,32,320,16.296,3.28,-10.86,-10.99,-27.31,19.6,0.27,0.18,0.36,0.171,112,D,"[""clipping""]",[],[],,651840,5b17067ee64d4b0705896aec01d47c72b632e415
kamadhenu_dataset/incoming_audio/dge_linked/raghavendra_vijaya/rv08.25.mp3,dge_linked/raghavendra_vijaya,rv08.25.mp3,.mp3,mp3 (mp3float),mp3,48000,2,32,320,16.488,3.41,-9.9,-9.53,-23.41,16.3,0.31,0.25,0.5,0.218,223,D,"[""clipping""]",[],[],,659520,dd7ebe29a4671714386d2c2bc80cc060915a8ed2
kamadhenu_dataset/incoming_audio/dge_linked/raghavendra_vijaya/rv08.26.mp3,dge_linked/raghavendra_vijaya,rv08.26.mp3,.mp3,mp3 (mp3float),mp3,48000,2,32,320,16.56,2.91,-11.5,-11.44,-26.54,18.5,0.25,0.19,0.34,0.21,74,D,"[""clipping""]",[],[],,662400,17f66654dd4721901d7fed33ac6b1a6c01722945
kamadhenu_dataset/incoming_audio/dge_linked/raghavendra_vijaya/rv08.27.mp3,dge_linked/raghavendra_vijaya,rv08.27.mp3,.mp3,mp3 (mp3float),mp3,48000,2,32,320,16.368,3.05,-10.63,-10.45,-24.87,17.5,0.08,0.29,0.36,0.246,239,D,"[""clipping""]",[],[],,654720,7601cd9d24f4ecc2879d797d69f95bd29b9be26d
kamadhenu_dataset/incoming_audio/dge_linked/raghavendra_vijaya/rv08.28.mp3,dge_linked/raghavendra_vijaya,rv08.28.mp3,.mp3,mp3 (mp3float),mp3,48000,2,32,320,16.8,3.62,-9.96,-9.76,-25.65,18.4,0.16,0.21,0.32,0.191,205,D,"[""clipping""]",[],[],,672000,e6b45e3c505d6fe64f303a4e426d5810c1619f66
kamadhenu_dataset/incoming_audio/dge_linked/raghavendra_vijaya/rv08.29.mp3,dge_linked/raghavendra_vijaya,rv08.29.mp3,.mp3,mp3 (mp3float),mp3,48000,2,32,320,17.736,3.07,-10.87,-10.98,-26.57,19.0,0.41,0.44,0.44,0.196,164,D,"[""clipping""]",[],[],,709440,43f7a5e9362af2c60b639c98a2c7be49d70f1b0f
kamadhenu_dataset/incoming_audio/dge_linked/raghavendra_vijaya/rv08.30.mp3,dge_linked/raghavendra_vijaya,rv08.30.mp3,.mp3,mp3 (mp3float),mp3,48000,2,32,320,16.872,3.42,-10.68,-10.9,-27.49,20.0,0.13,0.38,0.38,0.172,114,D,"[""clipping""]",[],[],,674880,86c273380bd35ad8b746dfa18d079091cf13e259
kamadhenu_dataset/incoming_audio/dge_linked/raghavendra_vijaya/rv08.31.mp3,dge_linked/raghavendra_vijaya,rv08.31.mp3,.mp3,mp3 (mp3float),mp3,48000,2,32,320,17.64,3.24,-10.72,-10.7,-26.38,19.0,0.19,0.43,0.43,0.222,207,D,"[""clipping""]",[],[],,705600,2d72f8f62a0ce3de3ca1c87a6bc26503a995139d
kamadhenu_dataset/incoming_audio/dge_linked/raghavendra_vijaya/rv08.32.mp3,dge_linked/raghavendra_vijaya,rv08.32.mp3,.mp3,mp3 (mp3float),mp3,48000,2,32,320,17.64,2.84,-11.26,-11.12,-26.37,18.1,0.27,0.5,0.5,0.18,58,D,"[""clipping""]",[],[],,705600,ef58fefcaa06d992cd1caf9d3c1e4f83f4dae0cc
kamadhenu_dataset/incoming_audio/dge_linked/raghavendra_vijaya/rv08.33.mp3,dge_linked/raghavendra_vijaya,rv08.33.mp3,.mp3,mp3 (mp3float),mp3,48000,2,32,320,17.04,3.2,-10.66,-10.63,-25.25,17.7,0.22,0.08,0.44,0.196,72,D,"[""clipping""]",[],[],,681600,1f77a199cc01684871d0bd6727fcac10f7f17ae2
kamadhenu_dataset/incoming_audio/dge_linked/raghavendra_vijaya/rv08.34.mp3,dge_linked/raghavendra_vijaya,rv08.34.mp3,.mp3,mp3 (mp3float),mp3,48000,2,32,320,17.352,3.04,-10.53,-10.16,-24.76,17.2,0.26,0.0,0.34,0.225,126,D,"[""clipping""]",[],[],,694080,7b9500f42b1f53b35267f9b2ab8990c956edb294
kamadhenu_dataset/incoming_audio/dge_linked/raghavendra_vijaya/rv08.35.mp3,dge_linked/raghavendra_vijaya,rv08.35.mp3,.mp3,mp3 (mp3float),mp3,48000,2,32,320,17.448,3.17,-12.1,-12.07,-27.35,18.9,0.04,0.16,0.42,0.24,42,B,"[""hot_peaks""]",[],[],,697920,90a13a1b811d83d06f1805721850057791e3f2ba
kamadhenu_dataset/incoming_audio/dge_linked/raghavendra_vijaya/rv08.36.mp3,dge_linked/raghavendra_vijaya,rv08.36.mp3,.mp3,mp3 (mp3float),mp3,48000,2,32,320,17.472,3.52,-11.08,-10.97,-26.84,19.0,0.26,0.26,0.61,0.24,126,D,"[""clipping""]",[],[],,698880,b53f456138ca6a479d7ed0f4d60b29d259ac16d0
kamadhenu_dataset/incoming_audio/dge_linked/raghavendra_vijaya/rv08.37.mp3,dge_linked/raghavendra_vijaya,rv08.37.mp3,.mp3,mp3 (mp3float),mp3,48000,2,32,320,17.616,3.25,-10.17,-9.87,-24.89,17.8,0.3,0.26,0.37,0.228,265,D,"[""clipping""]",[],[],,704640,22694dc8090d723a4a392d8fea2eddffbfdb4258
kamadhenu_dataset/incoming_audio/dge_linked/raghavendra_vijaya/rv08.38.mp3,dge_linked/raghavendra_vijaya,rv08.38.mp3,.mp3,mp3 (mp3float),mp3,48000,2,32,320,17.856,3.2,-11.39,-11.76,-29.52,21.6,0.2,0.21,0.32,0.184,204,D,"[""clipping""]",[],[],,714240,b146e478ff8f5a33d966288280085223a5b11c3f
kamadhenu_dataset/incoming_audio/dge_linked/raghavendra_vijaya/rv08.39.mp3,dge_linked/raghavendra_vijaya,rv08.39.mp3,.mp3,mp3 (mp3float),mp3,48000,2,32,320,17.208,3.13,-9.86,-9.52,-23.27,16.1,0.25,0.29,0.47,0.201,172,D,"[""clipping""]",[],[],,688320,f08ba207de17441866a907fc1d5206311ad2c965
kamadhenu_dataset/incoming_audio/dge_linked/raghavendra_vijaya/rv08.40.mp3,dge_linked/raghavendra_vijaya,rv08.40.mp3,.mp3,mp3 (mp3float),mp3,48000,2,32,320,17.688,3.3,-10.12,-10.15,-25.06,18.0,0.22,0.2,0.41,0.191,98,D,"[""clipping""]",[],[],,707520,0a78ab5ce4eb195751f1722feb3a8c7c8795fe3e
kamadhenu_dataset/incoming_audio/dge_linked/raghavendra_vijaya/rv08.41.mp3,dge_linked/raghavendra_vijaya,rv08.41.mp3,.mp3,mp3 (mp3float),mp3,48000,2,32,320,17.016,3.44,-10.39,-10.35,-25.28,17.7,0.15,0.01,0.41,0.175,148,D,"[""clipping""]",[],[],,680640,9460217eb22c6ed5aa4c81f4eaaa90f482a1cd20
kamadhenu_dataset/incoming_audio/dge_linked/raghavendra_vijaya/rv08.42.mp3,dge_linked/raghavendra_vijaya,rv08.42.mp3,.mp3,mp3 (mp3float),mp3,48000,2,32,320,16.944,3.32,-10.23,-10.27,-25.18,17.8,0.18,0.13,0.42,0.172,95,D,"[""clipping""]",[],[],,677760,731caf75ecfc4c27b170b76334dd045a1181ebd3
kamadhenu_dataset/incoming_audio/dge_linked/raghavendra_vijaya/rv08.43.mp3,dge_linked/raghavendra_vijaya,rv08.43.mp3,.mp3,mp3 (mp3float),mp3,48000,2,32,320,17.52,2.83,-11.0,-10.93,-26.09,18.1,0.23,0.33,0.37,0.186,111,D,"[""clipping""]",[],[],,700800,ba18168d1786962357e29947be142fd83595b72b
kamadhenu_dataset/incoming_audio/dge_linked/raghavendra_vijaya/rv08.44.mp3,dge_linked/raghavendra_vijaya,rv08.44.mp3,.mp3,mp3 (mp3float),mp3,48000,2,32,320,17.352,3.26,-9.7,-9.51,-24.09,17.1,0.25,0.15,0.46,0.183,170,D,"[""clipping""]",[],[],,694080,126b5d2b4d87f227aef3cea10871d90e97e46750
kamadhenu_dataset/incoming_audio/dge_linked/raghavendra_vijaya/rv08.45.mp3,dge_linked/raghavendra_vijaya,rv08.45.mp3,.mp3,mp3 (mp3float),mp3,48000,2,32,320,17.184,3.42,-10.17,-9.93,-24.67,17.4,0.19,0.16,0.51,0.204,154,D,"[""clipping""]",[],[],,687360,e6ad89a12414aef3a1fa398f6d6da25e5257dca8
kamadhenu_dataset/incoming_audio/dge_linked/raghavendra_vijaya/rv08.46.mp3,dge_linked/raghavendra_vijaya,rv08.46.mp3,.mp3,mp3 (mp3float),mp3,48000,2,32,320,17.232,3.2,-10.59,-10.18,-24.32,16.5,0.22,0.1,0.39,0.219,168,D,"[""clipping""]",[],[],,689280,bdde36be12532a3e0142761f54637d443da38840
kamadhenu_dataset/incoming_audio/dge_linked/raghavendra_vijaya/rv08.47.mp3,dge_linked/raghavendra_vijaya,rv08.47.mp3,.mp3,mp3 (mp3float),mp3,48000,2,32,320,17.184,3.17,-10.57,-10.68,-26.05,18.6,0.29,0.09,0.4,0.185,148,D,"[""clipping""]",[],[],,687360,7c4ecc32025dea73020215ca91598314d4fac167
kamadhenu_dataset/incoming_audio/dge_linked/raghavendra_vijaya/rv08.48.mp3,dge_linked/raghavendra_vijaya,rv08.48.mp3,.mp3,mp3 (mp3float),mp3,48000,2,32,320,16.776,3.11,-10.61,-10.81,-27.89,20.4,0.16,0.15,0.79,0.188,115,D,"[""clipping""]",[],[],,671040,ed7520b2953f6dd60ae59712dac30556bd456cd9
kamadhenu_dataset/incoming_audio/dge_linked/raghavendra_vijaya/rv08.49.mp3,dge_linked/raghavendra_vijaya,rv08.49.mp3,.mp3,mp3 (mp3float),mp3,48000,2,32,320,16.392,3.31,-10.37,-10.39,-25.91,18.6,0.18,0.2,0.55,0.185,122,D,"[""clipping""]",[],[],,655680,f629431a8a2c53559b559b8c6d325dc80a18e5b5
kamadhenu_dataset/incoming_audio/dge_linked/raghavendra_vijaya/rv08.50.mp3,dge_linked/raghavendra_vijaya,rv08.50.mp3,.mp3,mp3 (mp3float),mp3,48000,2,32,320,16.776,3.4,-9.8,-9.65,-24.59,17.5,0.21,0.07,0.42,0.173,258,D,"[""clipping""]",[],[],,671040,962c9da13ae1c4c7b5c2d71577bdbc5b8ca6b344
kamadhenu_dataset/incoming_audio/dge_linked/raghavendra_vijaya/rv08.51.mp3,dge_linked/raghavendra_vijaya,rv08.51.mp3,.mp3,mp3 (mp3float),mp3,48000,2,32,320,16.992,3.12,-11.18,-11.14,-26.46,18.4,0.23,0.08,0.42,0.193,80,D,"[""clipping""]",[],[],,679680,85bcaa68a2d88deeade7e4084dd57b87a7a78b71
kamadhenu_dataset/incoming_audio/dge_linked/raghavendra_vijaya/rv08.52.mp3,dge_linked/raghavendra_vijaya,rv08.52.mp3,.mp3,mp3 (mp3float),mp3,48000,2,32,320,17.064,3.26,-9.66,-9.16,-22.27,15.4,0.17,0.12,0.41,0.225,148,D,"[""clipping""]",[],[],,682560,d0f2b80fa276630c6f1b780eb3acaa5f3bb6536a
kamadhenu_dataset/incoming_audio/dge_linked/raghavendra_vijaya/rv08.53.mp3,dge_linked/raghavendra_vijaya,rv08.53.mp3,.mp3,mp3 (mp3float),mp3,48000,2,32,320,17.688,2.86,-10.95,-11.11,-26.86,19.1,0.24,0.3,0.59,0.192,138,D,"[""clipping""]",[],[],,707520,9a6ffdd4f02244f8e6137dba2f6b93ebc205795e
kamadhenu_dataset/incoming_audio/dge_linked/raghavendra_vijaya/rv08.54.mp3,dge_linked/raghavendra_vijaya,rv08.54.mp3,.mp3,mp3 (mp3float),mp3,48000,2,32,320,17.064,3.36,-9.7,-9.18,-22.61,15.7,0.16,0.19,0.35,0.233,203,D,"[""clipping""]",[],[],,682560,3c9ae5f72768ba7df05e7776bde8d129e3b3bb6a
kamadhenu_dataset/incoming_audio/dge_linked/raghavendra_vijaya/rv08.55.mp3,dge_linked/raghavendra_vijaya,rv08.55.mp3,.mp3,mp3 (mp3float),mp3,48000,2,32,320,16.8,3.51,-10.19,-9.65,-23.99,16.7,0.06,0.15,0.37,0.238,220,D,"[""clipping""]",[],[],,672000,2df9f425e79c6e706ea67022112c3f04093fd739
kamadhenu_dataset/incoming_audio/dge_linked/raghavendra_vijaya/rv08.56.mp3,dge_linked/raghavendra_vijaya,rv08.56.mp3,.mp3,mp3 (mp3float),mp3,48000,2,32,320,16.656,3.2,-9.59,-9.4,-24.31,17.5,0.06,0.27,0.35,0.196,238,D,"[""clipping""]",[],[],,666240,d1afc529587f2d93f56108e28ae67a65aa511840
kamadhenu_dataset/incoming_audio/dge_linked/raghavendra_vijaya/rv08.57.mp3,dge_linked/raghavendra_vijaya,rv08.57.mp3,.mp3,mp3 (mp3float),mp3,48000,2,32,320,17.304,3.11,-10.45,-10.32,-24.38,16.8,0.3,0.26,0.39,0.19,258,D,"[""clipping""]",[],[],,692160,329a12b5218aeaee892a2bb1b11da26064025d51
kamadhenu_dataset/incoming_audio/dge_linked/raghavendra_vijaya/rv08.58.mp3,dge_linked/raghavendra_vijaya,rv08.58.mp3,.mp3,mp3 (mp3float),mp3,48000,2,32,320,17.304,2.92,-10.33,-10.57,-27.21,20.0,0.32,0.1,0.34,0.189,274,D,"[""clipping""]",[],[],,692160,150f8c8017acb589869cba8c209b875888fa972f
kamadhenu_dataset/incoming_audio/dge_linked/raghavendra_vijaya/rv08.59.mp3,dge_linked/raghavendra_vijaya,rv08.59.mp3,.mp3,mp3 (mp3float),mp3,48000,2,32,320,17.304,2.98,-10.14,-10.03,-26.37,19.1,0.39,0.21,0.39,0.212,246,D,"[""clipping""]",[],[],,692160,9be538d8eeedf02a8a6e3d68e11913487747ff37
kamadhenu_dataset/incoming_audio/dge_linked/raghavendra_vijaya/rv08.60.mp3,dge_linked/raghavendra_vijaya,rv08.60.mp3,.mp3,mp3 (mp3float),mp3,48000,2,32,320,17.328,3.44,-10.09,-9.58,-22.31,14.9,0.23,0.17,0.37,0.207,163,D,"[""clipping"", ""noisy_low_snr""]",[],[],,693120,48abd09958e0fb8d3df6a7fa7c6625fedaae8c74
kamadhenu_dataset/incoming_audio/dge_linked/raghavendra_vijaya/rv08.61.mp3,dge_linked/raghavendra_vijaya,rv08.61.mp3,.mp3,mp3 (mp3float),mp3,48000,2,32,320,16.704,3.26,-10.3,-10.09,-24.84,17.4,0.23,0.24,0.38,0.207,275,D,"[""clipping""]",[],[],,668160,6273e59fee261a44c610be6d1994cfa744976497
kamadhenu_dataset/incoming_audio/dge_linked/raghavendra_vijaya/rv08.62.mp3,dge_linked/raghavendra_vijaya,rv08.62.mp3,.mp3,mp3 (mp3float),mp3,48000,2,32,320,17.064,3.14,-9.88,-9.92,-26.25,19.5,0.38,0.26,0.38,0.209,200,D,"[""clipping""]",[],[],,682560,d4e4f04cc21c2f9010ca8dc20c27c92d09fb9f13
kamadhenu_dataset/incoming_audio/dge_linked/raghavendra_vijaya/rv08.63.mp3,dge_linked/raghavendra_vijaya,rv08.63.mp3,.mp3,mp3 (mp3float),mp3,48000,2,32,320,17.376,3.37,-10.71,-10.72,-25.63,18.1,0.12,0.17,0.36,0.183,142,D,"[""clipping""]",[],[],,695040,01dabaada4b9fdd4a84b833d1f00f373678e1553
kamadhenu_dataset/incoming_audio/dge_linked/raghavendra_vijaya/rv08.64.mp3,dge_linked/raghavendra_vijaya,rv08.64.mp3,.mp3,mp3 (mp3float),mp3,48000,2,32,320,17.04,2.97,-10.68,-10.44,-23.72,15.9,0.19,0.27,0.37,0.188,123,D,"[""clipping""]",[],[],,681600,7121319c2dab1f020dd3cbd84bca5e65e6f449d7
kamadhenu_dataset/incoming_audio/dge_linked/raghavendra_vijaya/rv08.65.mp3,dge_linked/raghavendra_vijaya,rv08.65.mp3,.mp3,mp3 (mp3float),mp3,48000,2,32,320,16.464,3.37,-10.41,-10.15,-25.67,18.3,0.16,0.13,0.38,0.215,148,D,"[""clipping""]",[],[],,658560,088b51e1710bd05f29bb3182bf894e650441cc0a
kamadhenu_dataset/incoming_audio/dge_linked/raghavendra_vijaya/rv08.66.mp3,dge_linked/raghavendra_vijaya,rv08.66.mp3,.mp3,mp3 (mp3float),mp3,48000,2,32,320,16.488,3.03,-10.11,-9.81,-25.27,18.0,0.07,0.0,0.46,0.214,156,D,"[""clipping""]",[],[],,659520,26326eb086c497bb1ac7929f9ff1b17104bb869a
kamadhenu_dataset/incoming_audio/dge_linked/raghavendra_vijaya/rv08.67.mp3,dge_linked/raghavendra_vijaya,rv08.67.mp3,.mp3,mp3 (mp3float),mp3,48000,2,32,320,17.184,3.1,-10.37,-10.09,-24.1,16.5,0.15,0.28,0.62,0.206,183,D,"[""clipping""]",[],[],,687360,36bb93d77cc530017fe8a23c6d95742875f87046
kamadhenu_dataset/incoming_audio/dge_linked/raghavendra_vijaya/rv08.68.mp3,dge_linked/raghavendra_vijaya,rv08.68.mp3,.mp3,mp3 (mp3float),mp3,48000,2,32,320,17.088,3.06,-10.39,-10.24,-25.82,18.6,0.16,0.27,0.34,0.211,182,D,"[""clipping""]",[],[],,683520,4ffae99086703565295f20a5d686b3ca314701ff
kamadhenu_dataset/incoming_audio/dge_linked/raghavendra_vijaya/rv08.69.mp3,dge_linked/raghavendra_vijaya,rv08.69.mp3,.mp3,mp3 (mp3float),mp3,48000,2,32,320,16.848,2.84,-10.44,-10.09,-24.24,16.6,0.11,0.01,0.53,0.209,213,D,"[""clipping""]",[],[],,673920,4a48537fa6f5d117683965c6010591fcc7b1e479
kamadhenu_dataset/incoming_audio/dge_linked/raghavendra_vijaya/rv08.70.mp3,dge_linked/raghavendra_vijaya,rv08.70.mp3,.mp3,mp3 (mp3float),mp3,48000,2,32,320,17.184,3.14,-10.65,-10.38,-25.43,17.8,0.35,0.16,0.45,0.221,180,D,"[""clipping""]",[],[],,687360,16e25384b16e44b153767ba5749254614ddf7aa8
kamadhenu_dataset/incoming_audio/dge_linked/raghavendra_vijaya/rv08.71.mp3,dge_linked/raghavendra_vijaya,rv08.71.mp3,.mp3,mp3 (mp3float),mp3,48000,2,32,320,17.088,3.53,-10.77,-10.56,-26.29,18.7,0.25,0.28,0.38,0.232,238,D,"[""clipping""]",[],[],,683520,e97ea9e06bb96c3e2d513667f295516b59a0e4ed
kamadhenu_dataset/incoming_audio/dge_linked/raghavendra_vijaya/rv08.72.mp3,dge_linked/raghavendra_vijaya,rv08.72.mp3,.mp3,mp3 (mp3float),mp3,48000,2,32,320,29.232,3.58,-9.78,-13.32,-50.16,43.8,0.58,0.02,1.41,0.135,1013,D,"[""clipping""]",[],[],,1169280,58f055729d6787e83b8da6c9e24baecb2115d56c
kamadhenu_dataset/incoming_audio/dge_linked/raghavendra_vijaya/rv08.73.mp3,dge_linked/raghavendra_vijaya,rv08.73.mp3,.mp3,mp3 (mp3float),mp3,48000,2,32,320,29.496,3.56,-9.78,-12.33,-43.63,37.7,0.33,0.0,1.38,0.122,1018,D,"[""clipping""]",[],[],,1179840,57abd9a8813e8c65e70306797b20879862a2722e
kamadhenu_dataset/incoming_audio/dge_linked/raghavendra_vijaya/rv08.74.mp3,dge_linked/raghavendra_vijaya,rv08.74.mp3,.mp3,mp3 (mp3float),mp3,48000,2,32,320,27.576,3.43,-8.87,-8.44,-19.38,13.0,0.26,0.0,0.45,0.184,752,D,"[""clipping"", ""noisy_low_snr""]",[],[],,1103040,65acba1c329176de15a60cc4da539d90046f27ed
kamadhenu_dataset/incoming_audio/dge_linked/raghavendra_vijaya/rv08.75.mp3,dge_linked/raghavendra_vijaya,rv08.75.mp3,.mp3,mp3 (mp3float),mp3,48000,2,32,320,33.504,3.61,-8.55,-8.24,-20.68,15.0,0.27,0.09,1.0,0.204,1507,D,"[""clipping""]",[],[],,1340160,44a1e1331ab3f106d4a8318c882403b55e4d8596
kamadhenu_dataset/incoming_audio/dge_linked/raghavendra_vijaya/rv08.76.mp3,dge_linked/raghavendra_vijaya,rv08.76.mp3,.mp3,mp3 (mp3float),mp3,48000,2,32,320,34.44,4.09,-8.24,-8.29,-24.13,18.8,0.05,0.0,1.61,0.161,1435,D,"[""clipping"", ""broadband_noise_floor""]",[],[],,1377600,cbe2ffabc64d0c707d10915f7adcdcaa9af7284d
kamadhenu_dataset/incoming_audio/dge_linked/raghavendra_vijaya/rv08.77.mp3,dge_linked/raghavendra_vijaya,rv08.77.mp3,.mp3,mp3 (mp3float),mp3,48000,2,32,320,44.04,3.7,-9.76,-12.08,-39.43,33.2,0.34,0.05,1.53,0.123,882,D,"[""clipping""]",[],[],,1761600,229e2831d4efd985e3d58526471cc915611c64a6
kamadhenu_dataset/incoming_audio/dge_linked/raghavendra_vijaya/rv08.78.mp3,dge_linked/raghavendra_vijaya,rv08.78.mp3,.mp3,mp3 (mp3float),mp3,48000,2,32,320,41.352,3.73,-8.97,-11.23,-39.08,33.2,0.14,0.0,1.94,0.121,1294,D,"[""clipping""]",[],[],,1654080,cdebe286df34a1c65d67e71c7c0bf083c9e0ecad
kamadhenu_dataset/incoming_audio/dge_linked/raghavendra_vijaya/rv09.01.mp3,dge_linked/raghavendra_vijaya,rv09.01.mp3,.mp3,mp3 (mp3float),mp3,48000,2,32,320,17.28,3.4,-9.19,-8.94,-22.34,15.7,0.08,0.0,0.38,0.18,400,D,"[""clipping""]",[],[],,691200,7b5f3e1b73bc160f75ad17c1e9122b8ecca77a13
kamadhenu_dataset/incoming_audio/dge_linked/raghavendra_vijaya/rv09.02.mp3,dge_linked/raghavendra_vijaya,rv09.02.mp3,.mp3,mp3 (mp3float),mp3,48000,2,32,320,17.04,3.67,-9.07,-8.56,-21.03,14.7,0.17,0.03,0.37,0.222,465,D,"[""clipping"", ""noisy_low_snr""]",[],[],,681600,52a7c226005642c819342accaa67374d0560b338
kamadhenu_dataset/incoming_audio/dge_linked/raghavendra_vijaya/rv09.03.mp3,dge_linked/raghavendra_vijaya,rv09.03.mp3,.mp3,mp3 (mp3float),mp3,48000,2,32,320,16.776,3.31,-9.27,-8.94,-22.67,16.0,0.19,0.13,0.35,0.2,272,D,"[""clipping""]",[],[],,671040,4b14f684ac45eb17cd311c7db9027e9aa9b15134
kamadhenu_dataset/incoming_audio/dge_linked/raghavendra_vijaya/rv09.04.mp3,dge_linked/raghavendra_vijaya,rv09.04.mp3,.mp3,mp3 (mp3float),mp3,48000,2,32,320,17.112,3.3,-8.75,-8.45,-20.92,14.5,0.2,0.07,0.44,0.173,568,D,"[""clipping"", ""noisy_low_snr""]",[],[],,684480,b62163df3de96f7a573d341194cb93c27aa1faca
kamadhenu_dataset/incoming_audio/dge_linked/raghavendra_vijaya/rv09.05.mp3,dge_linked/raghavendra_vijaya,rv09.05.mp3,.mp3,mp3 (mp3float),mp3,48000,2,32,320,17.136,3.37,-9.22,-9.04,-23.94,17.4,0.13,0.0,0.39,0.186,349,D,"[""clipping""]",[],[],,685440,0f2bdff689d57fbbbd1d2235a7050bb3091d2d8e
kamadhenu_dataset/incoming_audio/dge_linked/raghavendra_vijaya/rv09.06.mp3,dge_linked/raghavendra_vijaya,rv09.06.mp3,.mp3,mp3 (mp3float),mp3,48000,2,32,320,17.04,3.27,-8.62,-8.33,-22.06,15.8,0.04,0.0,0.39,0.176,601,D,"[""clipping""]",[],[],,681600,a711eb95a2d2f8e68f1aca32319a92b75bfcd4b2
kamadhenu_dataset/incoming_audio/dge_linked/raghavendra_vijaya/rv09.07.mp3,dge_linked/raghavendra_vijaya,rv09.07.mp3,.mp3,mp3 (mp3float),mp3,48000,2,32,320,16.656,3.37,-9.11,-8.7,-22.3,15.8,0.07,0.13,0.44,0.204,570,D,"[""clipping""]",[],[],,666240,edab830cd9e0c4fd8201e70cb3e647c43714ea11
kamadhenu_dataset/incoming_audio/dge_linked/raghavendra_vijaya/rv09.08.mp3,dge_linked/raghavendra_vijaya,rv09.08.mp3,.mp3,mp3 (mp3float),mp3,48000,2,32,320,16.656,3.26,-9.05,-8.66,-22.18,15.8,0.24,0.18,0.36,0.206,503,D,"[""clipping""]",[],[],,666240,b7cbfb5e609b58aeb3d84153fdba67a416f7245b
kamadhenu_dataset/incoming_audio/dge_linked/raghavendra_vijaya/rv09.09.mp3,dge_linked/raghavendra_vijaya,rv09.09.mp3,.mp3,mp3 (mp3float),mp3,48000,2,32,320,16.896,3.56,-8.87,-8.46,-21.87,15.5,0.03,0.0,0.38,0.198,347,D,"[""clipping""]",[],[],,675840,88d86d26790a0262fb792bc88924081bbf399609
kamadhenu_dataset/incoming_audio/dge_linked/raghavendra_vijaya/rv09.10.mp3,dge_linked/raghavendra_vijaya,rv09.10.mp3,.mp3,mp3 (mp3float),mp3,48000,2,32,320,17.112,3.42,-9.28,-9.23,-24.62,18.4,0.1,0.14,0.43,0.204,306,D,"[""clipping""]",[],[],,684480,87884be72e09bc55eaae17753ee57da22db0e2e6
kamadhenu_dataset/incoming_audio/dge_linked/raghavendra_vijaya/rv09.11.mp3,dge_linked/raghavendra_vijaya,rv09.11.mp3,.mp3,mp3 (mp3float),mp3,48000,2,32,320,17.112,3.5,-9.25,-9.09,-23.4,16.8,0.13,0.18,0.44,0.177,378,D,"[""clipping""]",[],[],,684480,c720dd4ca7de8b38fe66635bd0b05d536eab8074
kamadhenu_dataset/incoming_audio/dge_linked/raghavendra_vijaya/rv09.12.mp3,dge_linked/raghavendra_vijaya,rv09.12.mp3,.mp3,mp3 (mp3float),mp3,48000,2,32,320,17.184,3.38,-8.69,-8.24,-22.39,16.0,0.15,0.15,0.4,0.2,708,D,"[""clipping""]",[],[],,687360,60ca1029626987b129d4074904d152c4dd0c9ada
kamadhenu_dataset/incoming_audio/dge_linked/raghavendra_vijaya/rv09.13.mp3,dge_linked/raghavendra_vijaya,rv09.13.mp3,.mp3,mp3 (mp3float),mp3,48000,2,32,320,17.16,3.64,-8.76,-8.28,-20.69,14.3,0.18,0.0,0.42,0.19,600,D,"[""clipping"", ""noisy_low_snr""]",[],[],,686400,830a723e114367f2efbfe179b686eefe7f12c179
kamadhenu_dataset/incoming_audio/dge_linked/raghavendra_vijaya/rv09.14.mp3,dge_linked/raghavendra_vijaya,rv09.14.mp3,.mp3,mp3 (mp3float),mp3,48000,2,32,320,17.064,3.37,-8.72,-8.39,-22.08,15.8,0.13,0.0,0.42,0.183,456,D,"[""clipping""]",[],[],,682560,73406870590584cf610b13e15cc6ffdc88c5b028
kamadhenu_dataset/incoming_audio/dge_linked/raghavendra_vijaya/rv09.15.mp3,dge_linked/raghavendra_vijaya,rv09.15.mp3,.mp3,mp3 (mp3float),mp3,48000,2,32,320,17.232,3.34,-8.9,-8.47,-20.85,14.4,0.11,0.07,0.33,0.195,550,D,"[""clipping"", ""noisy_low_snr""]",[],[],,689280,b49eef34dd6d9c207e3b4bcf7fc2d9b42ce52f6e
kamadhenu_dataset/incoming_audio/dge_linked/raghavendra_vijaya/rv09.16.mp3,dge_linked/raghavendra_vijaya,rv09.16.mp3,.mp3,mp3 (mp3float),mp3,48000,2,32,320,16.992,3.63,-8.74,-8.37,-22.83,16.9,0.19,0.0,0.37,0.216,714,D,"[""clipping""]",[],[],,679680,66c805639bfcad0460d285f57182fcf53d5079d5
kamadhenu_dataset/incoming_audio/dge_linked/raghavendra_vijaya/rv09.17.mp3,dge_linked/raghavendra_vijaya,rv09.17.mp3,.mp3,mp3 (mp3float),mp3,48000,2,32,320,16.872,3.73,-8.96,-8.5,-23.18,16.9,0.03,0.11,0.43,0.227,639,D,"[""clipping""]",[],[],,674880,8e52f944ef22b6ae93d73dbafc7449057b579507
kamadhenu_dataset/incoming_audio/dge_linked/raghavendra_vijaya/rv09.18.mp3,dge_linked/raghavendra_vijaya,rv09.18.mp3,.mp3,mp3 (mp3float),mp3,48000,2,32,320,16.92,3.6,-8.79,-8.38,-21.91,15.6,0.05,0.2,0.35,0.208,496,D,"[""clipping""]",[],[],,676800,4870398cb07281aef91fcc22dd760d9f1b5bdb49
kamadhenu_dataset/incoming_audio/dge_linked/raghavendra_vijaya/rv09.19.mp3,dge_linked/raghavendra_vijaya,rv09.19.mp3,.mp3,mp3 (mp3float),mp3,48000,2,32,320,17.136,4.06,-9.19,-8.77,-23.41,16.9,0.03,0.14,0.39,0.224,547,D,"[""clipping""]",[],[],,685440,8ebd1eda23bfe4c02736ca678411ddd78123ae96
kamadhenu_dataset/incoming_audio/dge_linked/raghavendra_vijaya/rv09.20.mp3,dge_linked/raghavendra_vijaya,rv09.20.mp3,.mp3,mp3 (mp3float),mp3,48000,2,32,320,17.136,3.94,-8.68,-8.24,-23.7,17.6,0.16,0.11,0.59,0.218,564,D,"[""clipping""]",[],[],,685440,df529454c14cc1ed95aa1d6652f6179cb01538c5
kamadhenu_dataset/incoming_audio/dge_linked/raghavendra_vijaya/rv09.21.mp3,dge_linked/raghavendra_vijaya,rv09.21.mp3,.mp3,mp3 (mp3float),mp3,48000,2,32,320,16.992,3.44,-8.83,-8.36,-21.6,15.2,0.04,0.0,0.42,0.21,544,D,"[""clipping""]",[],[],,679680,7281b857506f264f684e2ea9456b21e75c90436e
kamadhenu_dataset/incoming_audio/dge_linked/raghavendra_vijaya/rv09.22.mp3,dge_linked/raghavendra_vijaya,rv09.22.mp3,.mp3,mp3 (mp3float),mp3,48000,2,32,320,17.088,3.43,-8.76,-8.16,-21.73,15.5,0.11,0.16,0.39,0.229,584,D,"[""clipping""]",[],[],,683520,06dbafd329dc2940ca843123813e1445d37a4ed6
kamadhenu_dataset/incoming_audio/dge_linked/raghavendra_vijaya/rv09.23.mp3,dge_linked/raghavendra_vijaya,rv09.23.mp3,.mp3,mp3 (mp3float),mp3,48000,2,32,320,17.256,3.45,-9.22,-9.04,-25.03,18.5,0.36,0.12,0.36,0.185,541,D,"[""clipping""]",[],[],,690240,835a984699db68968803c9b8ae17cffe34d67529
kamadhenu_dataset/incoming_audio/dge_linked/raghavendra_vijaya/rv09.24.mp3,dge_linked/raghavendra_vijaya,rv09.24.mp3,.mp3,mp3 (mp3float),mp3,48000,2,32,320,17.304,3.51,-9.63,-9.38,-24.92,18.3,0.22,0.2,0.35,0.223,271,D,"[""clipping""]",[],[],,692160,f96bc9bfa4fd54a94d813b6c9b5013291d6bc256
kamadhenu_dataset/incoming_audio/dge_linked/raghavendra_vijaya/rv09.25.mp3,dge_linked/raghavendra_vijaya,rv09.25.mp3,.mp3,mp3 (mp3float),mp3,48000,2,32,320,16.776,3.41,-9.47,-9.09,-23.96,17.4,0.17,0.0,0.48,0.239,404,D,"[""clipping""]",[],[],,671040,7e5aba92f20dbac0df9c7d4bfeb4db2f00aa6d74
kamadhenu_dataset/incoming_audio/dge_linked/raghavendra_vijaya/rv09.26.mp3,dge_linked/raghavendra_vijaya,rv09.26.mp3,.mp3,mp3 (mp3float),mp3,48000,2,32,320,16.728,3.8,-8.68,-8.28,-21.86,15.8,0.17,0.22,0.32,0.205,681,D,"[""clipping""]",[],[],,669120,33a5d2971ec634aeb4f189bd0a27702c0a373c6e
kamadhenu_dataset/incoming_audio/dge_linked/raghavendra_vijaya/rv09.27.mp3,dge_linked/raghavendra_vijaya,rv09.27.mp3,.mp3,mp3 (mp3float),mp3,48000,2,32,320,17.04,3.58,-9.22,-8.75,-22.94,16.4,0.23,0.1,0.43,0.223,398,D,"[""clipping""]",[],[],,681600,93c29910b6f564b0e7fd7fd4fb2c9105e79993b8
kamadhenu_dataset/incoming_audio/dge_linked/raghavendra_vijaya/rv09.28.mp3,dge_linked/raghavendra_vijaya,rv09.28.mp3,.mp3,mp3 (mp3float),mp3,48000,2,32,320,17.232,4.14,-9.07,-8.46,-22.35,16.0,0.23,0.23,0.32,0.244,403,D,"[""clipping""]",[],[],,689280,5569596d7626a2ffdf7bb9437a6f7521987cd58b
kamadhenu_dataset/incoming_audio/dge_linked/raghavendra_vijaya/rv09.29.mp3,dge_linked/raghavendra_vijaya,rv09.29.mp3,.mp3,mp3 (mp3float),mp3,48000,2,32,320,17.088,3.68,-9.18,-8.79,-22.36,15.9,0.1,0.0,0.35,0.207,601,D,"[""clipping""]",[],[],,683520,22b983550db276563e9c2ec3489f51baf12ee673
kamadhenu_dataset/incoming_audio/dge_linked/raghavendra_vijaya/rv09.30.mp3,dge_linked/raghavendra_vijaya,rv09.30.mp3,.mp3,mp3 (mp3float),mp3,48000,2,32,320,16.92,3.43,-9.02,-8.64,-23.9,17.7,0.05,0.15,0.37,0.23,605,D,"[""clipping""]",[],[],,676800,817aaefed11c37e5fc25984ff92171b67899aa5c
kamadhenu_dataset/incoming_audio/dge_linked/raghavendra_vijaya/rv09.31.mp3,dge_linked/raghavendra_vijaya,rv09.31.mp3,.mp3,mp3 (mp3float),mp3,48000,2,32,320,17.304,3.44,-9.16,-8.81,-23.55,17.2,0.08,0.24,0.37,0.217,638,D,"[""clipping""]",[],[],,692160,90c3c8daaaa9803b3ae310cd186074274d0ddc7a
kamadhenu_dataset/incoming_audio/dge_linked/raghavendra_vijaya/rv09.32.mp3,dge_linked/raghavendra_vijaya,rv09.32.mp3,.mp3,mp3 (mp3float),mp3,48000,2,32,320,16.824,3.45,-8.98,-8.78,-23.68,17.6,0.2,0.01,0.32,0.207,556,D,"[""clipping""]",[],[],,672960,e6a4bc77181815ce0b4a6733d1c0e05e6f47c21b
kamadhenu_dataset/incoming_audio/dge_linked/raghavendra_vijaya/rv09.33.mp3,dge_linked/raghavendra_vijaya,rv09.33.mp3,.mp3,mp3 (mp3float),mp3,48000,2,32,320,16.92,3.5,-9.04,-8.58,-22.8,16.7,0.17,0.0,0.38,0.237,573,D,"[""clipping""]",[],[],,676800,3408e3ba054e805eb40df9117b8096aaf0dc6df4
kamadhenu_dataset/incoming_audio/dge_linked/raghavendra_vijaya/rv09.34.mp3,dge_linked/raghavendra_vijaya,rv09.34.mp3,.mp3,mp3 (mp3float),mp3,48000,2,32,320,16.464,3.44,-8.74,-8.27,-22.08,15.9,0.12,0.02,0.39,0.21,543,D,"[""clipping""]",[],[],,658560,15b7aa0bc5c7801d26a3a1a7d007d9d8f8234b13
kamadhenu_dataset/incoming_audio/dge_linked/raghavendra_vijaya/rv09.35.mp3,dge_linked/raghavendra_vijaya,rv09.35.mp3,.mp3,mp3 (mp3float),mp3,48000,2,32,320,16.56,3.51,-9.16,-8.71,-23.55,17.1,0.15,0.19,0.32,0.236,361,D,"[""clipping""]",[],[],,662400,5ecbc65c010ced34ab189dab3c242c088039f93e
kamadhenu_dataset/incoming_audio/dge_linked/raghavendra_vijaya/rv09.36.mp3,dge_linked/raghavendra_vijaya,rv09.36.mp3,.mp3,mp3 (mp3float),mp3,48000,2,32,320,16.728,3.68,-8.84,-8.41,-21.57,15.5,0.2,0.12,0.38,0.217,651,D,"[""clipping""]",[],[],,669120,bc74a26f1e39f00d7a883d42ffa4dcd800f29093
kamadhenu_dataset/incoming_audio/dge_linked/raghavendra_vijaya/rv09.37.mp3,dge_linked/raghavendra_vijaya,rv09.37.mp3,.mp3,mp3 (mp3float),mp3,48000,2,32,320,17.4,3.34,-9.3,-9.11,-23.84,17.3,0.05,0.0,0.41,0.196,385,D,"[""clipping""]",[],[],,696000,69c0b95965bb3d6a3c1098b65e4f06677b008108
kamadhenu_dataset/incoming_audio/dge_linked/raghavendra_vijaya/rv09.38.mp3,dge_linked/raghavendra_vijaya,rv09.38.mp3,.mp3,mp3 (mp3float),mp3,48000,2,32,320,17.184,3.71,-8.95,-8.6,-22.44,16.3,0.2,0.27,0.31,0.209,425,D,"[""clipping""]",[],[],,687360,d4b0e38faadc082cf7aabbbad8599c800c3f946a
kamadhenu_dataset/incoming_audio/dge_linked/raghavendra_vijaya/rv09.39.mp3,dge_linked/raghavendra_vijaya,rv09.39.mp3,.mp3,mp3 (mp3float),mp3,48000,2,32,320,16.944,3.57,-8.8,-8.45,-22.59,16.5,0.24,0.0,0.35,0.206,694,D,"[""clipping""]",[],[],,677760,e22d14062ad627ee4df8329f14746152cfe09d00
kamadhenu_dataset/incoming_audio/dge_linked/raghavendra_vijaya/rv09.40.mp3,dge_linked/raghavendra_vijaya,rv09.40.mp3,.mp3,mp3 (mp3float),mp3,48000,2,32,320,17.184,3.7,-9.08,-8.82,-23.6,17.4,0.2,0.18,0.49,0.216,440,D,"[""clipping""]",[],[],,687360,3c71fb80d3559ea416826007e3e062bea03c0b7e
kamadhenu_dataset/incoming_audio/dge_linked/raghavendra_vijaya/rv09.41.mp3,dge_linked/raghavendra_vijaya,rv09.41.mp3,.mp3,mp3 (mp3float),mp3,48000,2,32,320,17.016,3.63,-9.02,-8.66,-23.47,17.0,0.05,0.15,0.41,0.226,567,D,"[""clipping""]",[],[],,680640,544c54bf3bd44451722d44d64b879007b4699507
kamadhenu_dataset/incoming_audio/dge_linked/raghavendra_vijaya/rv09.42.mp3,dge_linked/raghavendra_vijaya,rv09.42.mp3,.mp3,mp3 (mp3float),mp3,48000,2,32,320,16.92,3.46,-8.87,-8.43,-21.96,15.9,0.09,0.21,0.35,0.224,530,D,"[""clipping""]",[],[],,676800,22e84764ee8dde29bdd9ff257ee0ce6ed57f6288
kamadhenu_dataset/incoming_audio/dge_linked/raghavendra_vijaya/rv09.43.mp3,dge_linked/raghavendra_vijaya,rv09.43.mp3,.mp3,mp3 (mp3float),mp3,48000,2,32,320,16.68,3.5,-9.35,-8.96,-24.31,17.9,0.21,0.04,0.38,0.233,515,D,"[""clipping""]",[],[],,667200,8606ad634d750a55b32131d90991fc7234c1304e
kamadhenu_dataset/incoming_audio/dge_linked/raghavendra_vijaya/rv09.44.mp3,dge_linked/raghavendra_vijaya,rv09.44.mp3,.mp3,mp3 (mp3float),mp3,48000,2,32,320,16.608,3.77,-8.92,-8.82,-24.44,18.4,0.06,0.12,0.41,0.205,499,D,"[""clipping""]",[],[],,664320,11aa33f09125c7812213c52d53de0c4067486af0
kamadhenu_dataset/incoming_audio/dge_linked/raghavendra_vijaya/rv09.45.mp3,dge_linked/raghavendra_vijaya,rv09.45.mp3,.mp3,mp3 (mp3float),mp3,48000,2,32,320,16.488,3.28,-9.56,-9.22,-23.81,17.4,0.16,0.21,0.46,0.239,372,D,"[""clipping""]",[],[],,659520,66c40ac435839f772481308859778e678a99441f
kamadhenu_dataset/incoming_audio/dge_linked/raghavendra_vijaya/rv09.46.mp3,dge_linked/raghavendra_vijaya,rv09.46.mp3,.mp3,mp3 (mp3float),mp3,48000,2,32,320,16.632,3.55,-9.44,-9.24,-23.71,17.2,0.1,0.0,0.38,0.205,362,D,"[""clipping""]",[],[],,665280,5b586079645ab9f3afd70920ae88d8cbbf0c4abd
kamadhenu_dataset/incoming_audio/dge_linked/raghavendra_vijaya/rv09.47.mp3,dge_linked/raghavendra_vijaya,rv09.47.mp3,.mp3,mp3 (mp3float),mp3,48000,2,32,320,16.848,3.43,-9.16,-8.7,-21.94,15.4,0.12,0.07,0.39,0.208,456,D,"[""clipping""]",[],[],,673920,e5b94691e3ab8a06599d4174c359d0f25a27b24b
kamadhenu_dataset/incoming_audio/dge_linked/raghavendra_vijaya/rv09.48.mp3,dge_linked/raghavendra_vijaya,rv09.48.mp3,.mp3,mp3 (mp3float),mp3,48000,2,32,320,16.584,3.47,-9.22,-8.82,-23.38,17.1,0.13,0.09,0.33,0.23,559,D,"[""clipping""]",[],[],,663360,4a1ed5ff465e9f5cc9740309872987120a634b15
kamadhenu_dataset/incoming_audio/dge_linked/raghavendra_vijaya/rv09.49.mp3,dge_linked/raghavendra_vijaya,rv09.49.mp3,.mp3,mp3 (mp3float),mp3,48000,2,32,320,16.704,3.44,-9.75,-9.77,-25.52,18.8,0.13,0.0,0.37,0.206,425,D,"[""clipping""]",[],[],,668160,a1f549737b3b7f5806be9e0819a07574837472b8
kamadhenu_dataset/incoming_audio/dge_linked/raghavendra_vijaya/rv09.50.mp3,dge_linked/raghavendra_vijaya,rv09.50.mp3,.mp3,mp3 (mp3float),mp3,48000,2,32,320,16.704,3.62,-8.68,-8.59,-23.53,17.5,0.19,0.0,0.34,0.183,614,D,"[""clipping""]",[],[],,668160,0b9752a3750f83878a02a8508dec5a274d84b62a
kamadhenu_dataset/incoming_audio/dge_linked/raghavendra_vijaya/rv09.51.mp3,dge_linked/raghavendra_vijaya,rv09.51.mp3,.mp3,mp3 (mp3float),mp3,48000,2,32,320,17.136,3.69,-9.24,-8.85,-23.21,16.6,0.16,0.11,0.47,0.208,425,D,"[""clipping""]",[],[],,685440,0430d484de0fc47593ca65f16effcde972bbba60
kamadhenu_dataset/incoming_audio/dge_linked/raghavendra_vijaya/rv09.52.mp3,dge_linked/raghavendra_vijaya,rv09.52.mp3,.mp3,mp3 (mp3float),mp3,48000,2,32,320,59.208,3.44,-9.26,-8.97,-24.45,17.7,0.05,0.0,1.47,0.185,1034,D,"[""clipping""]",[],[],,2368320,af2415f561ec570f54766575b253e07d1461b3c4
kamadhenu_dataset/incoming_audio/dge_linked/raghavendra_vijaya/rv09.53.mp3,dge_linked/raghavendra_vijaya,rv09.53.mp3,.mp3,mp3 (mp3float),mp3,48000,2,32,320,49.104,3.66,-9.19,-9.08,-26.14,19.5,0.05,0.15,0.86,0.179,1265,D,"[""clipping""]",[],[],,1964160,f054fa0a5765f6dee6627f41ddd364d535a5d35e
kamadhenu_dataset/incoming_audio/dge_linked/raghavendra_vijaya/rv09.54.mp3,dge_linked/raghavendra_vijaya,rv09.54.mp3,.mp3,mp3 (mp3float),mp3,48000,2,32,320,20.784,3.33,-9.28,-8.86,-21.87,15.2,0.03,0.0,0.3,0.204,521,D,"[""clipping""]",[],[],,831360,63707868082b59518ccd4d515972d470d0289416
kamadhenu_dataset/incoming_audio/dge_linked/raghavendra_vijaya/rv09.55.mp3,dge_linked/raghavendra_vijaya,rv09.55.mp3,.mp3,mp3 (mp3float),mp3,48000,2,32,320,25.968,3.18,-8.92,-8.48,-22.04,15.5,0.16,0.11,0.8,0.189,694,D,"[""clipping""]",[],[],,1038720,e72706e93baaf174079f3c31c81adb8fb4d8980c
kamadhenu_dataset/incoming_audio/dge_linked/raghavendra_vijaya/rv09.56.mp3,dge_linked/raghavendra_vijaya,rv09.56.mp3,.mp3,mp3 (mp3float),mp3,48000,2,32,320,18.864,3.52,-8.93,-8.11,-17.0,10.3,0.07,0.02,0.32,0.272,335,D,"[""clipping"", ""noisy_low_snr""]",[],[],,754560,c90f076189fb9bd19113456200b9e434ef9555f6
kamadhenu_dataset/incoming_audio/dge_linked/raghavendra_vijaya/rv09.57.mp3,dge_linked/raghavendra_vijaya,rv09.57.mp3,.mp3,mp3 (mp3float),mp3,48000,2,32,320,24.096,3.29,-9.48,-9.46,-25.44,18.8,0.03,0.0,1.05,0.19,395,D,"[""clipping""]",[],[],,963840,3eb28be794dea6f97252d8d84c13c0620e0c4dd6
kamadhenu_dataset/incoming_audio/dge_linked/raghavendra_vijaya/rv09.58.mp3,dge_linked/raghavendra_vijaya,rv09.58.mp3,.mp3,mp3 (mp3float),mp3,48000,2,32,320,31.296,3.66,-9.53,-9.36,-25.81,19.1,0.42,0.22,0.71,0.194,396,D,"[""clipping""]",[],[],,1251840,72aef12557efc0b45b9f54f463e89e658054caf3
kamadhenu_dataset/incoming_audio/dge_linked/raghavendra_vijaya/rv09.59.mp3,dge_linked/raghavendra_vijaya,rv09.59.mp3,.mp3,mp3 (mp3float),mp3,48000,2,32,320,18.912,3.42,-9.78,-9.63,-23.23,16.4,0.41,0.36,0.51,0.196,238,D,"[""clipping""]",[],[],,756480,b0708649ea6a981d3b80914168adeb5f6a292a9f
kamadhenu_dataset/incoming_audio/dge_linked/raghavendra_vijaya/rv09.60.mp3,dge_linked/raghavendra_vijaya,rv09.60.mp3,.mp3,mp3 (mp3float),mp3,48000,2,32,320,11.736,3.01,-10.04,-9.79,-24.02,17.1,0.19,0.0,0.47,0.225,80,D,"[""clipping""]",[],[],,469440,d5430d21316293387dcfcf47506a6632fe895e33
kamadhenu_dataset/incoming_audio/dge_linked/raghavendra_vijaya/rv09.61.mp3,dge_linked/raghavendra_vijaya,rv09.61.mp3,.mp3,mp3 (mp3float),mp3,48000,2,32,320,42.072,3.37,-9.35,-9.06,-23.72,17.0,0.07,0.0,1.02,0.185,560,D,"[""clipping""]",[],[],,1682880,f65553d130708d966c6e4c1bb5d49b5b2bf16267
kamadhenu_dataset/incoming_audio/dge_linked/raghavendra_vijaya/rv09.62.mp3,dge_linked/raghavendra_vijaya,rv09.62.mp3,.mp3,mp3 (mp3float),mp3,48000,2,32,320,35.496,3.46,-9.0,-8.48,-19.8,13.3,0.28,0.12,0.68,0.204,724,D,"[""clipping"", ""noisy_low_snr""]",[],[],,1419840,7128df8e0f4debe571e8d5487a4c9ad718981234
kamadhenu_dataset/incoming_audio/dge_linked/raghavendra_vijaya/rv10.01.mp3,dge_linked/raghavendra_vijaya,rv10.01.mp3,.mp3,mp3 (mp3float),mp3,48000,2,32,320,16.776,2.64,-10.74,-10.44,-24.8,16.9,0.2,0.31,0.44,0.2,89,D,"[""clipping""]",[],[],,671040,bcaf363456233e52a355fbd9ab09d9e4d741808e
kamadhenu_dataset/incoming_audio/dge_linked/raghavendra_vijaya/rv10.02.mp3,dge_linked/raghavendra_vijaya,rv10.02.mp3,.mp3,mp3 (mp3float),mp3,48000,2,32,320,17.16,3.09,-9.8,-9.51,-22.27,15.0,0.14,0.18,0.36,0.178,33,D,"[""clipping""]",[],[],,686400,23cea94d6171f7bb01666ad73d185c1b8a106884
kamadhenu_dataset/incoming_audio/dge_linked/raghavendra_vijaya/rv10.03.mp3,dge_linked/raghavendra_vijaya,rv10.03.mp3,.mp3,mp3 (mp3float),mp3,48000,2,32,320,16.776,2.32,-10.39,-10.12,-23.46,15.8,0.17,0.1,0.39,0.196,56,D,"[""clipping""]",[],[],,671040,59814c16caae7fd40c7639e4091e592113d66fcf
kamadhenu_dataset/incoming_audio/dge_linked/raghavendra_vijaya/rv10.04.mp3,dge_linked/raghavendra_vijaya,rv10.04.mp3,.mp3,mp3 (mp3float),mp3,48000,2,32,320,16.968,3.04,-10.23,-9.87,-23.49,15.8,0.16,0.01,0.53,0.19,45,D,"[""clipping""]",[],[],,678720,2149e0a8494ad94b985a45ed17ae5e6fd58572f9
kamadhenu_dataset/incoming_audio/dge_linked/raghavendra_vijaya/rv10.05.mp3,dge_linked/raghavendra_vijaya,rv10.05.mp3,.mp3,mp3 (mp3float),mp3,48000,2,32,320,17.232,2.62,-11.4,-11.49,-26.9,18.8,0.09,0.28,0.34,0.198,76,D,"[""clipping""]",[],[],,689280,81f7f6e275d29b85ee1e317bf3751b1e4745cd2e
kamadhenu_dataset/incoming_audio/dge_linked/raghavendra_vijaya/rv10.07.mp3,dge_linked/raghavendra_vijaya,rv10.07.mp3,.mp3,mp3 (mp3float),mp3,48000,2,32,320,16.632,2.65,-11.02,-11.03,-26.96,19.0,0.17,0.05,0.63,0.197,25,D,"[""clipping""]",[],[],,665280,7ec83303d0bd5c63284c2137429ed06e5bd07439
kamadhenu_dataset/incoming_audio/dge_linked/raghavendra_vijaya/rv10.08.mp3,dge_linked/raghavendra_vijaya,rv10.08.mp3,.mp3,mp3 (mp3float),mp3,48000,2,32,320,17.064,2.79,-10.61,-10.32,-24.32,16.7,0.09,0.08,0.39,0.21,19,D,"[""clipping""]",[],[],,682560,ff1230eb7bd4e50ad752250090ee7935a2fd26d5
kamadhenu_dataset/incoming_audio/dge_linked/raghavendra_vijaya/rv10.09.mp3,dge_linked/raghavendra_vijaya,rv10.09.mp3,.mp3,mp3 (mp3float),mp3,48000,2,32,320,16.8,2.54,-11.16,-11.04,-24.81,16.5,0.21,0.17,0.4,0.175,47,D,"[""clipping""]",[],[],,672000,78b2a1a286887461c5b07a9a382da75a02a176cb
kamadhenu_dataset/incoming_audio/dge_linked/raghavendra_vijaya/rv10.10.mp3,dge_linked/raghavendra_vijaya,rv10.10.mp3,.mp3,mp3 (mp3float),mp3,48000,2,32,320,17.112,2.76,-10.57,-10.46,-24.71,17.0,0.12,0.07,0.63,0.19,31,D,"[""clipping""]",[],[],,684480,a3ddbcfe3938880a5fff9c296f62770702888d4f
kamadhenu_dataset/incoming_audio/dge_linked/raghavendra_vijaya/rv10.11.mp3,dge_linked/raghavendra_vijaya,rv10.11.mp3,.mp3,mp3 (mp3float),mp3,48000,2,32,320,16.68,2.93,-11.17,-11.1,-25.01,16.9,0.11,0.0,0.41,0.179,11,D,"[""clipping""]",[],[],,667200,30b6ef7ccbaf1b6259fc73b4e563a648aa7afbf5
kamadhenu_dataset/incoming_audio/dge_linked/raghavendra_vijaya/rv10.12.mp3,dge_linked/raghavendra_vijaya,rv10.12.mp3,.mp3,mp3 (mp3float),mp3,48000,2,32,320,16.992,3.21,-10.7,-10.44,-25.45,17.6,0.22,0.01,0.4,0.219,16,D,"[""clipping""]",[],[],,679680,b32473ed950d566782c263883b86d167599048fe
kamadhenu_dataset/incoming_audio/dge_linked/raghavendra_vijaya/rv10.13.mp3,dge_linked/raghavendra_vijaya,rv10.13.mp3,.mp3,mp3 (mp3float),mp3,48000,2,32,320,17.232,2.24,-11.37,-11.15,-26.73,18.4,0.16,0.24,0.41,0.217,28,D,"[""clipping""]",[],[],,689280,b12eab31bb4559c88572bf956c7b651d48cd98e0
kamadhenu_dataset/incoming_audio/dge_linked/raghavendra_vijaya/rv10.14.mp3,dge_linked/raghavendra_vijaya,rv10.14.mp3,.mp3,mp3 (mp3float),mp3,48000,2,32,320,16.824,2.5,-10.46,-10.08,-24.18,16.4,0.22,0.08,0.31,0.204,24,D,"[""clipping""]",[],[],,672960,bf89920e76c7ab105e0eb0081d6294dbb7162b87
kamadhenu_dataset/incoming_audio/dge_linked/raghavendra_vijaya/rv10.15.mp3,dge_linked/raghavendra_vijaya,rv10.15.mp3,.mp3,mp3 (mp3float),mp3,48000,2,32,320,17.16,2.6,-11.23,-11.27,-27.22,19.0,0.17,0.25,0.64,0.191,19,D,"[""clipping""]",[],[],,686400,5dc9833fdd17e678b83e846363c9e12209f40238
kamadhenu_dataset/incoming_audio/dge_linked/raghavendra_vijaya/rv10.16.mp3,dge_linked/raghavendra_vijaya,rv10.16.mp3,.mp3,mp3 (mp3float),mp3,48000,2,32,320,16.92,2.71,-10.41,-10.12,-23.39,15.7,0.19,0.08,0.42,0.187,20,D,"[""clipping""]",[],[],,676800,0d1251974cefa115e0c5b4569cb8426c9269de1b
kamadhenu_dataset/incoming_audio/dge_linked/raghavendra_vijaya/rv10.17.mp3,dge_linked/raghavendra_vijaya,rv10.17.mp3,.mp3,mp3 (mp3float),mp3,48000,2,32,320,16.848,2.96,-10.8,-10.69,-25.14,17.3,0.12,0.01,0.44,0.196,38,D,"[""clipping""]",[],[],,673920,bed3e2c03416c497318f8b1cd9b226fa21a6280a
kamadhenu_dataset/incoming_audio/dge_linked/raghavendra_vijaya/rv10.18.mp3,dge_linked/raghavendra_vijaya,rv10.18.mp3,.mp3,mp3 (mp3float),mp3,48000,2,32,320,17.16,2.63,-10.12,-9.61,-21.81,14.2,0.03,0.09,0.39,0.212,27,D,"[""clipping"", ""noisy_low_snr""]",[],[],,686400,891719e858b47dbfa980838d70848ac01844d4e3
kamadhenu_dataset/incoming_audio/dge_linked/raghavendra_vijaya/rv10.19.mp3,dge_linked/raghavendra_vijaya,rv10.19.mp3,.mp3,mp3 (mp3float),mp3,48000,2,32,320,16.872,3.05,-10.77,-10.61,-25.86,18.0,0.22,0.02,0.43,0.208,23,D,"[""clipping""]",[],[],,674880,a0b2621620599b93f9663558a3000eb07b240b7a
kamadhenu_dataset/incoming_audio/dge_linked/raghavendra_vijaya/rv10.20.mp3,dge_linked/raghavendra_vijaya,rv10.20.mp3,.mp3,mp3 (mp3float),mp3,48000,2,32,320,16.968,2.94,-10.44,-9.96,-22.82,15.0,0.06,0.04,0.41,0.208,52,D,"[""clipping""]",[],[],,678720,49cf6b86871478042ad8e857b9b07774d432f6d0
kamadhenu_dataset/incoming_audio/dge_linked/raghavendra_vijaya/rv10.21.mp3,dge_linked/raghavendra_vijaya,rv10.21.mp3,.mp3,mp3 (mp3float),mp3,48000,2,32,320,16.824,3.1,-11.52,-11.26,-25.75,17.4,0.15,0.0,0.39,0.227,21,B,"[""hot_peaks""]",[],[],,672960,50e79f8ea7c5cade9860aedda917c23e8928bded
kamadhenu_dataset/incoming_audio/dge_linked/raghavendra_vijaya/rv10.22.mp3,dge_linked/raghavendra_vijaya,rv10.22.mp3,.mp3,mp3 (mp3float),mp3,48000,2,32,320,17.184,2.48,-10.32,-10.31,-25.0,17.4,0.2,0.3,0.38,0.168,60,D,"[""clipping""]",[],[],,687360,c6e39424a0c305c72ff953aeb79e702ac5d79185
kamadhenu_dataset/incoming_audio/dge_linked/raghavendra_vijaya/rv10.23.mp3,dge_linked/raghavendra_vijaya,rv10.23.mp3,.mp3,mp3 (mp3float),mp3,48000,2,32,320,16.848,2.69,-11.04,-11.06,-25.75,17.7,0.32,0.24,0.41,0.199,33,D,"[""clipping""]",[],[],,673920,72cbf6e1aec2c8a9ad5c5e8152633b6197be5ce6
kamadhenu_dataset/incoming_audio/dge_linked/raghavendra_vijaya/rv10.24.mp3,dge_linked/raghavendra_vijaya,rv10.24.mp3,.mp3,mp3 (mp3float),mp3,48000,2,32,320,16.752,2.83,-10.2,-9.82,-23.3,15.7,0.18,0.16,0.38,0.201,35,D,"[""clipping""]",[],[],,670080,0c0d7367d0075b7fa38e9fe63ade066fe29cecb7
kamadhenu_dataset/incoming_audio/dge_linked/raghavendra_vijaya/rv10.25.mp3,dge_linked/raghavendra_vijaya,rv10.25.mp3,.mp3,mp3 (mp3float),mp3,48000,2,32,320,16.608,2.96,-11.04,-10.8,-25.6,17.4,0.15,0.24,0.42,0.214,67,D,"[""clipping""]",[],[],,664320,242cc2f99d2caf3b8167d6bdb28ce5804654fe99
kamadhenu_dataset/incoming_audio/dge_linked/raghavendra_vijaya/rv10.26.mp3,dge_linked/raghavendra_vijaya,rv10.26.mp3,.mp3,mp3 (mp3float),mp3,48000,2,32,320,16.608,2.65,-10.67,-10.41,-25.18,17.3,0.17,0.05,0.34,0.209,14,D,"[""clipping""]",[],[],,664320,8d3a39d049fcc3ff1a55f183f7d4d0e20808615e
kamadhenu_dataset/incoming_audio/dge_linked/raghavendra_vijaya/rv10.27.mp3,dge_linked/raghavendra_vijaya,rv10.27.mp3,.mp3,mp3 (mp3float),mp3,48000,2,32,320,17.184,3.08,-11.5,-11.39,-27.13,19.0,0.19,0.18,0.54,0.221,28,D,"[""clipping""]",[],[],,687360,5569ef2f1f53f235bd15b971e56dda53170924c6
kamadhenu_dataset/incoming_audio/dge_linked/raghavendra_vijaya/rv10.28.mp3,dge_linked/raghavendra_vijaya,rv10.28.mp3,.mp3,mp3 (mp3float),mp3,48000,2,32,320,16.968,2.35,-11.47,-11.71,-27.41,19.4,0.03,0.12,0.57,0.192,8,B,"[""hot_peaks""]",[],[],,678720,63dd241b9b45617e74aa7d6cbd9ded6a42389f02
kamadhenu_dataset/incoming_audio/dge_linked/raghavendra_vijaya/rv10.29.mp3,dge_linked/raghavendra_vijaya,rv10.29.mp3,.mp3,mp3 (mp3float),mp3,48000,2,32,320,16.8,2.73,-10.67,-10.62,-25.64,17.8,0.07,0.11,0.43,0.175,82,D,"[""clipping""]",[],[],,672000,96398188ecdbc385988e929f85345cdab9d65552
kamadhenu_dataset/incoming_audio/dge_linked/raghavendra_vijaya/rv10.30.mp3,dge_linked/raghavendra_vijaya,rv10.30.mp3,.mp3,mp3 (mp3float),mp3,48000,2,32,320,16.92,2.92,-10.63,-10.52,-23.41,15.8,0.03,0.13,0.37,0.176,23,D,"[""clipping""]",[],[],,676800,9170ca59cd538a3ea291b3fd5244a8394663ec58
kamadhenu_dataset/incoming_audio/dge_linked/raghavendra_vijaya/rv10.31.mp3,dge_linked/raghavendra_vijaya,rv10.31.mp3,.mp3,mp3 (mp3float),mp3,48000,2,32,320,16.608,3.05,-10.66,-10.7,-27.06,19.2,0.2,0.06,0.46,0.185,20,D,"[""clipping""]",[],[],,664320,8ab3dd5c222f63fa3d6edced76eb44532aecc2ff
kamadhenu_dataset/incoming_audio/dge_linked/raghavendra_vijaya/rv10.32.mp3,dge_linked/raghavendra_vijaya,rv10.32.mp3,.mp3,mp3 (mp3float),mp3,48000,2,32,320,17.112,2.41,-10.55,-10.13,-23.7,15.9,0.22,0.02,0.32,0.217,11,D,"[""clipping""]",[],[],,684480,9ee136888a3580b46e49cf9c3f4aa2b773cb1378
kamadhenu_dataset/incoming_audio/dge_linked/raghavendra_vijaya/rv10.33.mp3,dge_linked/raghavendra_vijaya,rv10.33.mp3,.mp3,mp3 (mp3float),mp3,48000,2,32,320,16.752,1.86,-12.18,-12.06,-26.83,18.0,0.28,0.39,0.39,0.22,33,B,"[""hot_peaks""]",[],[],,670080,739c0af08b4e116e422402d7ee0cedcd04cae4d6
kamadhenu_dataset/incoming_audio/dge_linked/raghavendra_vijaya/rv10.34.mp3,dge_linked/raghavendra_vijaya,rv10.34.mp3,.mp3,mp3 (mp3float),mp3,48000,2,32,320,17.712,2.96,-10.8,-10.71,-25.53,17.6,0.57,0.24,0.57,0.189,25,D,"[""clipping""]",[],[],,708480,f6bbbbf0ebd33e103112705399c853f82813db9e
kamadhenu_dataset/incoming_audio/dge_linked/raghavendra_vijaya/rv10.35.mp3,dge_linked/raghavendra_vijaya,rv10.35.mp3,.mp3,mp3 (mp3float),mp3,48000,2,32,320,17.064,2.42,-11.5,-11.59,-27.67,19.2,0.32,0.16,0.34,0.187,9,B,"[""hot_peaks""]",[],[],,682560,9eb023073727c401b85c1392e5929b104d281e11
kamadhenu_dataset/incoming_audio/dge_linked/raghavendra_vijaya/rv10.36.mp3,dge_linked/raghavendra_vijaya,rv10.36.mp3,.mp3,mp3 (mp3float),mp3,48000,2,32,320,17.328,2.87,-11.21,-11.35,-26.99,19.0,0.25,0.22,0.38,0.209,15,D,"[""clipping""]",[],[],,693120,ab153ba4b13ddfeeecbbf8e9530fc8f0f39ec9fd
kamadhenu_dataset/incoming_audio/dge_linked/raghavendra_vijaya/rv10.37.mp3,dge_linked/raghavendra_vijaya,rv10.37.mp3,.mp3,mp3 (mp3float),mp3,48000,2,32,320,17.064,2.3,-11.53,-11.38,-25.91,17.5,0.18,0.07,0.39,0.214,51,D,"[""clipping""]",[],[],,682560,13cf8b5121888697ed5c04195b81f859c05815ea
kamadhenu_dataset/incoming_audio/dge_linked/raghavendra_vijaya/rv10.38.mp3,dge_linked/raghavendra_vijaya,rv10.38.mp3,.mp3,mp3 (mp3float),mp3,48000,2,32,320,17.352,2.36,-10.71,-10.39,-24.38,16.7,0.05,0.25,0.36,0.222,25,D,"[""clipping""]",[],[],,694080,75ebea42aaeafe5eb0f6aea3251f41f4d0ab24a5
kamadhenu_dataset/incoming_audio/dge_linked/raghavendra_vijaya/rv10.39.mp3,dge_linked/raghavendra_vijaya,rv10.39.mp3,.mp3,mp3 (mp3float),mp3,48000,2,32,320,16.752,2.88,-11.02,-10.96,-26.91,18.7,0.34,0.0,0.42,0.197,17,D,"[""clipping""]",[],[],,670080,e6c5999736b7a1fb396dde41c3d589ff43844272
kamadhenu_dataset/incoming_audio/dge_linked/raghavendra_vijaya/rv10.40.mp3,dge_linked/raghavendra_vijaya,rv10.40.mp3,.mp3,mp3 (mp3float),mp3,48000,2,32,320,17.184,2.98,-10.69,-10.68,-24.89,17.4,0.17,0.0,0.46,0.182,47,D,"[""clipping""]",[],[],,687360,df15c7a3f460b9c5569bfeb15229c2363f488fa5
kamadhenu_dataset/incoming_audio/dge_linked/raghavendra_vijaya/rv10.41.mp3,dge_linked/raghavendra_vijaya,rv10.41.mp3,.mp3,mp3 (mp3float),mp3,48000,2,32,320,17.184,2.68,-11.79,-11.95,-28.03,19.6,0.15,0.21,0.34,0.186,19,B,"[""hot_peaks""]",[],[],,687360,5586506f69e6aaad5f379aea76efe5126345954c
kamadhenu_dataset/incoming_audio/dge_linked/raghavendra_vijaya/rv10.42.mp3,dge_linked/raghavendra_vijaya,rv10.42.mp3,.mp3,mp3 (mp3float),mp3,48000,2,32,320,16.608,2.7,-10.63,-10.38,-24.17,16.6,0.17,0.02,0.59,0.214,28,D,"[""clipping""]",[],[],,664320,4573db49be348d3bd582c1b80f3c00b01049e995
kamadhenu_dataset/incoming_audio/dge_linked/raghavendra_vijaya/rv10.43.mp3,dge_linked/raghavendra_vijaya,rv10.43.mp3,.mp3,mp3 (mp3float),mp3,48000,2,32,320,16.896,2.91,-10.71,-10.54,-23.99,16.2,0.15,0.39,0.39,0.187,17,D,"[""clipping""]",[],[],,675840,77f7bc7be2f51481b97bd209e6f051282696264b
kamadhenu_dataset/incoming_audio/dge_linked/raghavendra_vijaya/rv10.44.mp3,dge_linked/raghavendra_vijaya,rv10.44.mp3,.mp3,mp3 (mp3float),mp3,48000,2,32,320,16.992,2.17,-11.09,-10.9,-24.74,16.6,0.27,0.0,0.36,0.206,2,D,"[""clipping""]",[],[],,679680,d5c92288a9655e46e9be1fb5273528a4bff7973c
kamadhenu_dataset/incoming_audio/dge_linked/raghavendra_vijaya/rv10.45.mp3,dge_linked/raghavendra_vijaya,rv10.45.mp3,.mp3,mp3 (mp3float),mp3,48000,2,32,320,16.464,2.07,-12.09,-11.82,-26.33,17.2,0.11,0.0,0.34,0.223,1,B,"[""hot_peaks""]",[],[],,658560,8a97dab76ae87c936c2bc5ae48c7745e126b8949
kamadhenu_dataset/incoming_audio/dge_linked/raghavendra_vijaya/rv10.46.mp3,dge_linked/raghavendra_vijaya,rv10.46.mp3,.mp3,mp3 (mp3float),mp3,48000,2,32,320,16.728,2.58,-11.29,-11.15,-25.86,17.8,0.12,0.17,0.41,0.226,7,D,"[""clipping""]",[],[],,669120,a2e5b2628b905014bab7d2093c33828b464d768a
kamadhenu_dataset/incoming_audio/dge_linked/raghavendra_vijaya/rv10.47.mp3,dge_linked/raghavendra_vijaya,rv10.47.mp3,.mp3,mp3 (mp3float),mp3,48000,2,32,320,16.848,2.38,-12.02,-12.29,-27.93,19.1,0.12,0.17,0.37,0.159,6,B,"[""hot_peaks""]",[],[],,673920,139f73380fe564c06ce14d2add4c6a12145d3279
kamadhenu_dataset/incoming_audio/dge_linked/raghavendra_vijaya/rv10.48.mp3,dge_linked/raghavendra_vijaya,rv10.48.mp3,.mp3,mp3 (mp3float),mp3,48000,2,32,320,17.136,2.18,-11.26,-11.16,-26.04,17.7,0.14,0.18,0.39,0.195,19,D,"[""clipping""]",[],[],,685440,ee78ad11ce92e200951f774a6f3c479b092eb567
kamadhenu_dataset/incoming_audio/dge_linked/raghavendra_vijaya/rv10.49.mp3,dge_linked/raghavendra_vijaya,rv10.49.mp3,.mp3,mp3 (mp3float),mp3,48000,2,32,320,16.704,2.56,-11.76,-11.96,-29.19,20.5,0.2,0.01,0.37,0.17,17,D,"[""clipping""]",[],[],,668160,7f39f6b2cd0e23e1c0dd14cf850b49d095367e9f
kamadhenu_dataset/incoming_audio/dge_linked/raghavendra_vijaya/rv10.50.mp3,dge_linked/raghavendra_vijaya,rv10.50.mp3,.mp3,mp3 (mp3float),mp3,48000,2,32,320,17.376,2.85,-10.28,-9.88,-22.62,15.0,0.29,0.29,0.44,0.206,18,D,"[""clipping""]",[],[],,695040,fac8dd6f8b411b22ce8523d9b010b9a929e9c6a4
kamadhenu_dataset/incoming_audio/dge_linked/raghavendra_vijaya/rv10.51.mp3,dge_linked/raghavendra_vijaya,rv10.51.mp3,.mp3,mp3 (mp3float),mp3,48000,2,32,320,16.848,2.92,-11.36,-11.29,-26.17,17.9,0.1,0.16,0.44,0.199,38,D,"[""clipping""]",[],[],,673920,097204b3fce476bfa60c9e14c9366eda3c19670f
kamadhenu_dataset/incoming_audio/dge_linked/raghavendra_vijaya/rv10.52.mp3,dge_linked/raghavendra_vijaya,rv10.52.mp3,.mp3,mp3 (mp3float),mp3,48000,2,32,320,17.28,3.17,-10.7,-10.53,-25.49,17.6,0.19,0.34,0.41,0.205,22,D,"[""clipping""]",[],[],,691200,72bfdc5c7f0d3257991b8e45c7001c22e6a6a2bc
kamadhenu_dataset/incoming_audio/dge_linked/raghavendra_vijaya/rv10.53.mp3,dge_linked/raghavendra_vijaya,rv10.53.mp3,.mp3,mp3 (mp3float),mp3,48000,2,32,320,17.064,2.64,-10.74,-10.34,-25.01,16.9,0.2,0.16,0.36,0.211,45,D,"[""clipping""]",[],[],,682560,a46781e06f7fa86221481f5c2bc2a9d71dc0e86a
kamadhenu_dataset/incoming_audio/dge_linked/raghavendra_vijaya/rv10.54.mp3,dge_linked/raghavendra_vijaya,rv10.54.mp3,.mp3,mp3 (mp3float),mp3,48000,2,32,320,17.088,2.34,-10.68,-10.14,-22.38,14.3,0.22,0.17,0.41,0.227,14,D,"[""clipping"", ""noisy_low_snr""]",[],[],,683520,8bf899416bf25b0c58c6aafc0c6daf77af18f9f1
kamadhenu_dataset/incoming_audio/dge_linked/raghavendra_vijaya/rv10.55.mp3,dge_linked/raghavendra_vijaya,rv10.55.mp3,.mp3,mp3 (mp3float),mp3,48000,2,32,320,17.208,2.11,-11.56,-11.49,-27.2,18.8,0.21,0.3,0.54,0.197,23,D,"[""clipping""]",[],[],,688320,dd7a859de9647e2ec0354058f360c22898476164
kamadhenu_dataset/incoming_audio/dge_linked/raghavendra_vijaya/rv10.56.mp3,dge_linked/raghavendra_vijaya,rv10.56.mp3,.mp3,mp3 (mp3float),mp3,48000,2,32,320,16.824,2.33,-10.65,-10.52,-26.03,18.3,0.25,0.0,0.6,0.202,52,D,"[""clipping""]",[],[],,672960,b39946c11897ad600447f9dd50f3f04d75e38a5e
kamadhenu_dataset/incoming_audio/dge_linked/raghavendra_vijaya/rv10.57.mp3,dge_linked/raghavendra_vijaya,rv10.57.mp3,.mp3,mp3 (mp3float),mp3,48000,2,32,320,17.256,2.3,-11.11,-10.83,-23.91,15.7,0.07,0.25,0.35,0.195,67,D,"[""clipping""]",[],[],,690240,4f8022b2685541ca7bb5998a00933f0e085d6bef
kamadhenu_dataset/incoming_audio/dge_linked/raghavendra_vijaya/rv10.58.mp3,dge_linked/raghavendra_vijaya,rv10.58.mp3,.mp3,mp3 (mp3float),mp3,48000,2,32,320,16.56,2.9,-11.73,-11.99,-27.98,19.8,0.31,0.0,0.46,0.209,24,D,"[""clipping""]",[],[],,662400,50a24b2cf0f32d55f127c6bbae6059621801446b
kamadhenu_dataset/incoming_audio/dge_linked/raghavendra_vijaya/rv10.59.mp3,dge_linked/raghavendra_vijaya,rv10.59.mp3,.mp3,mp3 (mp3float),mp3,48000,2,32,320,17.064,2.39,-11.4,-11.58,-28.11,20.2,0.17,0.4,0.4,0.228,28,D,"[""clipping""]",[],[],,682560,8a5c927052200a02eaae869db5e502ff148551da
kamadhenu_dataset/incoming_audio/dge_linked/raghavendra_vijaya/rv10.60.mp3,dge_linked/raghavendra_vijaya,rv10.60.mp3,.mp3,mp3 (mp3float),mp3,48000,2,32,320,17.256,2.56,-11.61,-11.8,-27.02,18.9,0.3,0.24,0.58,0.223,1,B,"[""hot_peaks""]",[],[],,690240,eee3c15840b263cf8a9c3f201d8996e115e3920b
kamadhenu_dataset/incoming_audio/dge_linked/raghavendra_vijaya/rv10.61.mp3,dge_linked/raghavendra_vijaya,rv10.61.mp3,.mp3,mp3 (mp3float),mp3,48000,2,32,320,16.584,1.68,-11.75,-11.67,-27.18,18.3,0.09,0.39,0.39,0.181,13,B,"[""hot_peaks""]",[],[],,663360,70aab53860dec3bcb829982c2d350bd28d56fb26
kamadhenu_dataset/incoming_audio/dge_linked/raghavendra_vijaya/rv10.62.mp3,dge_linked/raghavendra_vijaya,rv10.62.mp3,.mp3,mp3 (mp3float),mp3,48000,2,32,320,16.92,2.59,-11.14,-11.26,-27.64,19.6,0.18,0.15,0.38,0.186,19,D,"[""clipping""]",[],[],,676800,742834f4ceecd883d38b0cb6e940891c1369cb0a
kamadhenu_dataset/incoming_audio/dge_linked/raghavendra_vijaya/rv10.63.mp3,dge_linked/raghavendra_vijaya,rv10.63.mp3,.mp3,mp3 (mp3float),mp3,48000,2,32,320,16.584,2.28,-11.16,-10.71,-25.32,17.5,0.3,0.18,0.36,0.258,7,D,"[""clipping""]",[],[],,663360,44030a1f44e58c2cd6cddc2671e456a3ab5a3989
kamadhenu_dataset/incoming_audio/dge_linked/raghavendra_vijaya/rv10.64.mp3,dge_linked/raghavendra_vijaya,rv10.64.mp3,.mp3,mp3 (mp3float),mp3,48000,2,32,320,17.256,3.16,-11.62,-11.33,-27.69,19.5,0.41,0.23,0.43,0.274,18,D,"[""clipping"", ""broadband_noise_floor""]",[],[],,690240,47ff13544391b680df01619576605e7265c182de
kamadhenu_dataset/incoming_audio/dge_linked/raghavendra_vijaya/rv10.65.mp3,dge_linked/raghavendra_vijaya,rv10.65.mp3,.mp3,mp3 (mp3float),mp3,48000,2,32,320,50.88,3.42,-10.14,-9.95,-24.67,17.0,0.33,0.52,0.92,0.162,161,D,"[""clipping""]",[],[],,2035200,f4ce167743360644ccd6267930afcf6b848f1716
kamadhenu_dataset/incoming_audio/dge_linked/raghavendra_vijaya/rv10.66.mp3,dge_linked/raghavendra_vijaya,rv10.66.mp3,.mp3,mp3 (mp3float),mp3,48000,2,32,320,45.864,3.13,-9.81,-9.97,-28.27,21.1,0.15,0.21,1.67,0.173,194,D,"[""clipping""]",[],[],,1834560,5ce8964802d8de4636dd62488617f7b0368ab977
kamadhenu_dataset/incoming_audio/dge_linked/sumadhva_vijaya/smv1.1.mp3,dge_linked/sumadhva_vijaya,smv1.1.mp3,.mp3,mp3 (mp3float),mp3,11025,1,32,16,12.957,-1.2,-19.28,-20.69,-41.95,26.9,0.88,1.19,1.19,0.264,0,B,[],[],[],,25913,4155e03f7060f0a4a7075f36280aca1ce421e984
kamadhenu_dataset/incoming_audio/dge_linked/sumadhva_vijaya/smv1.10.mp3,dge_linked/sumadhva_vijaya,smv1.10.mp3,.mp3,mp3 (mp3float),mp3,11025,1,32,16,11.651,-2.28,-19.75,-21.9,-45.07,29.6,0.39,0.94,0.94,0.193,0,B,[],[],[],,23301,d3a1b9bf6a6cfaa77f82d2056880717d6c634439
kamadhenu_dataset/incoming_audio/dge_linked/sumadhva_vijaya/smv1.11.mp3,dge_linked/sumadhva_vijaya,smv1.11.mp3,.mp3,mp3 (mp3float),mp3,11025,1,32,16,10.919,-2.8,-19.46,-21.5,-44.12,29.0,0.34,0.96,0.96,0.173,0,B,[],[],[],,21838,19acb1f185b91dde74d70e7f8ddad5b41295aa33
kamadhenu_dataset/incoming_audio/dge_linked/sumadhva_vijaya/smv1.12.mp3,dge_linked/sumadhva_vijaya,smv1.12.mp3,.mp3,mp3 (mp3float),mp3,11025,1,32,16,11.389,-1.95,-19.46,-21.9,-43.98,28.9,0.34,0.93,0.93,0.179,0,B,"[""exact_duplicate""]","[""kamadhenu_dataset/incoming_audio/dge_linked/sumadhva_vijaya/smv1.16.mp3""]",[],,22779,fd9e84c6714e235bba8f2c219b7ada019d4160fd
kamadhenu_dataset/incoming_audio/dge_linked/sumadhva_vijaya/smv1.13.mp3,dge_linked/sumadhva_vijaya,smv1.13.mp3,.mp3,mp3 (mp3float),mp3,11025,1,32,16,11.389,-2.01,-20.43,-22.14,-44.05,27.5,0.37,0.98,0.98,0.179,0,B,[],[],[],,22779,0b0447e92b93be24d107ed7148309295fa650430
kamadhenu_dataset/incoming_audio/dge_linked/sumadhva_vijaya/smv1.14.mp3,dge_linked/sumadhva_vijaya,smv1.14.mp3,.mp3,mp3 (mp3float),mp3,11025,1,32,16,11.546,-2.64,-19.21,-21.04,-44.19,28.9,0.39,0.97,0.97,0.181,0,B,[],[],[],,23092,0d5faf53d5aceb11fc7a4a843b8ac0a36e7104f2
kamadhenu_dataset/incoming_audio/dge_linked/sumadhva_vijaya/smv1.15.mp3,dge_linked/sumadhva_vijaya,smv1.15.mp3,.mp3,mp3 (mp3float),mp3,11025,1,32,16,11.128,-2.79,-19.5,-21.58,-43.63,28.2,0.34,0.96,0.96,0.176,0,B,[],[],[],,22256,7365541dc2c6c9845f3d51c850976c578c7cb4ba
kamadhenu_dataset/incoming_audio/dge_linked/sumadhva_vijaya/smv1.16.mp3,dge_linked/sumadhva_vijaya,smv1.16.mp3,.mp3,mp3 (mp3float),mp3,11025,1,32,16,11.389,-1.95,-19.46,-21.9,-43.98,28.9,0.34,0.93,0.93,0.179,0,B,"[""exact_duplicate""]","[""kamadhenu_dataset/incoming_audio/dge_linked/sumadhva_vijaya/smv1.12.mp3""]",[],,22779,fd9e84c6714e235bba8f2c219b7ada019d4160fd
kamadhenu_dataset/incoming_audio/dge_linked/sumadhva_vijaya/smv1.17.mp3,dge_linked/sumadhva_vijaya,smv1.17.mp3,.mp3,mp3 (mp3float),mp3,11025,1,32,16,11.912,-2.99,-19.93,-22.68,-43.75,28.2,0.36,0.94,0.94,0.161,0,B,"[""exact_duplicate""]","[""kamadhenu_dataset/incoming_audio/dge_linked/sumadhva_vijaya/smv1.21.mp3""]",[],,23824,8c9e474b3e877d1c38fae612d95e99f7671fd5a0
kamadhenu_dataset/incoming_audio/dge_linked/sumadhva_vijaya/smv1.18.mp3,dge_linked/sumadhva_vijaya,smv1.18.mp3,.mp3,mp3 (mp3float),mp3,11025,1,32,16,11.86,-0.91,-19.11,-22.29,-45.03,30.5,0.34,0.93,0.93,0.179,0,B,[],[],[],,23719,77713c889c95534690c85708493853ba2c204bf3
kamadhenu_dataset/incoming_audio/dge_linked/sumadhva_vijaya/smv1.19.mp3,dge_linked/sumadhva_vijaya,smv1.19.mp3,.mp3,mp3 (mp3float),mp3,11025,1,32,16,12.33,-1.92,-19.64,-21.76,-43.82,28.7,0.37,0.99,0.99,0.178,0,B,[],[],[],,24660,028a5866f5ed35f584beeea9612323691fac2d99
kamadhenu_dataset/incoming_audio/dge_linked/sumadhva_vijaya/smv1.2.mp3,dge_linked/sumadhva_vijaya,smv1.2.mp3,.mp3,mp3 (mp3float),mp3,11025,1,32,16,12.225,-3.87,-19.68,-20.99,-44.09,28.8,0.63,0.06,0.88,0.237,0,B,[],[],[],,24451,545c62da44c9c8b7226fcee3d5cb0d93f6f8a111
kamadhenu_dataset/incoming_audio/dge_linked/sumadhva_vijaya/smv1.20.mp3,dge_linked/sumadhva_vijaya,smv1.20.mp3,.mp3,mp3 (mp3float),mp3,11025,1,32,16,11.546,-1.39,-18.55,-20.96,-44.42,29.8,0.46,0.99,0.99,0.18,0,B,[],[],[],,23092,cdc531a53b81dc7b2a3639dc451688e71fe2218b
kamadhenu_dataset/incoming_audio/dge_linked/sumadhva_vijaya/smv1.21.mp3,dge_linked/sumadhva_vijaya,smv1.21.mp3,.mp3,mp3 (mp3float),mp3,11025,1,32,16,11.912,-2.99,-19.93,-22.68,-43.75,28.2,0.36,0.94,0.94,0.161,0,B,"[""exact_duplicate""]","[""kamadhenu_dataset/incoming_audio/dge_linked/sumadhva_vijaya/smv1.17.mp3""]",[],,23824,8c9e474b3e877d1c38fae612d95e99f7671fd5a0
kamadhenu_dataset/incoming_audio/dge_linked/sumadhva_vijaya/smv1.22.mp3,dge_linked/sumadhva_vijaya,smv1.22.mp3,.mp3,mp3 (mp3float),mp3,11025,1,32,16,11.651,-2.43,-20.32,-22.38,-43.74,28.0,0.39,0.97,0.97,0.173,0,B,[],[],[],,23301,30bb73a80d55d1b1c8ff721e165a6453c8350759
kamadhenu_dataset/incoming_audio/dge_linked/sumadhva_vijaya/smv1.23.mp3,dge_linked/sumadhva_vijaya,smv1.23.mp3,.mp3,mp3 (mp3float),mp3,11025,1,32,16,11.755,-2.43,-19.16,-21.25,-44.15,29.2,0.36,0.96,0.96,0.198,0,B,[],[],[],,23510,e43231a97c2e2bb6f62c28b733e4c06a5249fedf
kamadhenu_dataset/incoming_audio/dge_linked/sumadhva_vijaya/smv1.24.mp3,dge_linked/sumadhva_vijaya,smv1.24.mp3,.mp3,mp3 (mp3float),mp3,11025,1,32,16,11.18,-1.71,-18.92,-21.54,-43.95,29.7,0.36,0.93,0.93,0.192,0,B,[],[],[],,22361,208ed7b27e8cbbd174d67e642acfd51af1ad02f2
kamadhenu_dataset/incoming_audio/dge_linked/sumadhva_vijaya/smv1.25.mp3,dge_linked/sumadhva_vijaya,smv1.25.mp3,.mp3,mp3 (mp3float),mp3,11025,1,32,16,10.71,-4.54,-20.44,-21.8,-44.17,27.7,0.32,0.99,0.99,0.179,0,B,[],[],[],,21420,5616517e4af879369485dcad3bebf70db37b8b45
kamadhenu_dataset/incoming_audio/dge_linked/sumadhva_vijaya/smv1.26.mp3,dge_linked/sumadhva_vijaya,smv1.26.mp3,.mp3,mp3 (mp3float),mp3,11025,1,32,16,11.755,-4.22,-19.78,-21.9,-44.12,28.8,0.35,0.99,0.99,0.173,0,B,[],[],[],,23510,51ace22dd87b67595df97a0ea12ca47d2cee3bd0
kamadhenu_dataset/incoming_audio/dge_linked/sumadhva_vijaya/smv1.27.mp3,dge_linked/sumadhva_vijaya,smv1.27.mp3,.mp3,mp3 (mp3float),mp3,11025,1,32,16,11.86,-1.55,-17.97,-19.97,-43.92,30.3,0.58,0.95,0.95,0.168,0,B,[],[],[],,23719,031bd360d577f7f4af84cbae54e5f288db728591
kamadhenu_dataset/incoming_audio/dge_linked/sumadhva_vijaya/smv1.28.mp3,dge_linked/sumadhva_vijaya,smv1.28.mp3,.mp3,mp3 (mp3float),mp3,11025,1,32,16,11.494,-4.18,-19.78,-21.55,-43.53,28.0,0.37,0.1,0.87,0.179,0,B,[],[],[],,22988,44a50c8f5694e07280698f6099310ff255be3317
kamadhenu_dataset/incoming_audio/dge_linked/sumadhva_vijaya/smv1.29.mp3,dge_linked/sumadhva_vijaya,smv1.29.mp3,.mp3,mp3 (mp3float),mp3,11025,1,32,16,11.964,-0.98,-18.62,-21.57,-43.57,29.9,0.4,0.99,0.99,0.177,0,B,[],[],[],,23928,5b8b9a4912fc1a7dffc80a49523e94fb6bb3216a
kamadhenu_dataset/incoming_audio/dge_linked/sumadhva_vijaya/smv1.3.mp3,dge_linked/sumadhva_vijaya,smv1.3.mp3,.mp3,mp3 (mp3float),mp3,11025,1,32,16,11.964,-2.52,-19.51,-21.45,-44.97,30.0,0.45,0.95,0.95,0.214,0,B,[],[],[],,23928,e3575253c44505c8eb21c4554f17e51cc764db03
kamadhenu_dataset/incoming_audio/dge_linked/sumadhva_vijaya/smv1.30.mp3,dge_linked/sumadhva_vijaya,smv1.30.mp3,.mp3,mp3 (mp3float),mp3,11025,1,32,16,11.285,-1.31,-18.28,-20.37,-43.86,29.9,0.38,0.93,0.93,0.168,0,B,[],[],[],,22570,5ee2d4ea55792a9ab20e01b6e1acb0a48287e92b
kamadhenu_dataset/incoming_audio/dge_linked/sumadhva_vijaya/smv1.31.mp3,dge_linked/sumadhva_vijaya,smv1.31.mp3,.mp3,mp3 (mp3float),mp3,11025,1,32,16,11.755,-4.58,-19.96,-22.11,-44.02,28.2,0.32,0.94,0.94,0.179,0,B,[],[],[],,23510,50535eca7228f32d292ef82a7f1818a0eb02b704
kamadhenu_dataset/incoming_audio/dge_linked/sumadhva_vijaya/smv1.32.mp3,dge_linked/sumadhva_vijaya,smv1.32.mp3,.mp3,mp3 (mp3float),mp3,11025,1,32,16,11.285,-0.73,-18.95,-20.85,-43.77,28.9,0.39,0.92,0.92,0.176,0,B,[],[],[],,22570,c48d16d6ae18bf4011c85964df77208eaec8c674
kamadhenu_dataset/incoming_audio/dge_linked/sumadhva_vijaya/smv1.33.mp3,dge_linked/sumadhva_vijaya,smv1.33.mp3,.mp3,mp3 (mp3float),mp3,11025,1,32,16,11.389,-3.95,-19.73,-21.72,-43.73,28.3,0.44,0.09,0.87,0.177,0,B,[],[],[],,22779,2ba2b70c4236c614d5f880efbe99f864ab42f911
kamadhenu_dataset/incoming_audio/dge_linked/sumadhva_vijaya/smv1.34.mp3,dge_linked/sumadhva_vijaya,smv1.34.mp3,.mp3,mp3 (mp3float),mp3,11025,1,32,16,11.703,-2.71,-20.34,-22.79,-43.73,27.7,0.41,0.97,0.97,0.188,0,B,[],[],[],,23406,6a11037ab3d5f6963f08840872e6b8a218f397f3
kamadhenu_dataset/incoming_audio/dge_linked/sumadhva_vijaya/smv1.35.mp3,dge_linked/sumadhva_vijaya,smv1.35.mp3,.mp3,mp3 (mp3float),mp3,11025,1,32,16,11.285,-3.36,-20.6,-22.39,-43.58,27.4,0.37,0.94,0.94,0.171,0,B,[],[],[],,22570,a642256c013a433847b829cc78d086ca7270c0e7
kamadhenu_dataset/incoming_audio/dge_linked/sumadhva_vijaya/smv1.36.mp3,dge_linked/sumadhva_vijaya,smv1.36.mp3,.mp3,mp3 (mp3float),mp3,11025,1,32,16,11.86,-2.47,-19.74,-22.13,-43.57,28.0,0.35,0.93,0.93,0.161,0,B,[],[],[],,23719,dddc454df2086f6d8f8e213b60bbdda75b3b5968
kamadhenu_dataset/incoming_audio/dge_linked/sumadhva_vijaya/smv1.37.mp3,dge_linked/sumadhva_vijaya,smv1.37.mp3,.mp3,mp3 (mp3float),mp3,11025,1,32,16,12.539,-3.19,-19.8,-22.28,-43.1,27.6,0.36,0.96,0.96,0.153,0,B,[],[],[],,25078,4487a1d14a52959d675a853a2f8f8c3b511a3c6f
kamadhenu_dataset/incoming_audio/dge_linked/sumadhva_vijaya/smv1.38.mp3,dge_linked/sumadhva_vijaya,smv1.38.mp3,.mp3,mp3 (mp3float),mp3,11025,1,32,16,11.494,-4.0,-20.44,-22.5,-43.76,27.9,0.35,0.96,0.96,0.196,0,B,[],[],[],,22988,6afe5bcc7aeeffcc9f4ba95fb61a49ce584faec3
kamadhenu_dataset/incoming_audio/dge_linked/sumadhva_vijaya/smv1.39.mp3,dge_linked/sumadhva_vijaya,smv1.39.mp3,.mp3,mp3 (mp3float),mp3,11025,1,32,16,11.651,-1.56,-19.18,-21.65,-43.71,28.9,0.35,0.97,0.97,0.17,0,B,[],[],[],,23301,08a00f25fccc14e9408436773bcd6a7a785e9e4a
kamadhenu_dataset/incoming_audio/dge_linked/sumadhva_vijaya/smv1.4.mp3,dge_linked/sumadhva_vijaya,smv1.4.mp3,.mp3,mp3 (mp3float),mp3,11025,1,32,16,12.278,-1.99,-19.34,-21.27,-43.3,28.2,0.48,0.08,0.87,0.229,0,B,[],[],[],,24555,a0549e583888dff6a4d4514ad424db9f8dd0741f
kamadhenu_dataset/incoming_audio/dge_linked/sumadhva_vijaya/smv1.40.mp3,dge_linked/sumadhva_vijaya,smv1.40.mp3,.mp3,mp3 (mp3float),mp3,11025,1,32,16,11.442,-3.25,-20.61,-22.62,-43.67,27.0,0.39,0.95,0.95,0.189,0,B,[],[],[],,22883,ecd3bab84b824083266f9f75a9293c6a643d8898
kamadhenu_dataset/incoming_audio/dge_linked/sumadhva_vijaya/smv1.41.mp3,dge_linked/sumadhva_vijaya,smv1.41.mp3,.mp3,mp3 (mp3float),mp3,11025,1,32,16,12.121,-4.96,-20.91,-23.21,-44.15,27.7,0.66,0.93,0.93,0.197,0,B,[],[],[],,24242,e81c7bbacd9a916a45f749b3ebecb27c8ec68b86
kamadhenu_dataset/incoming_audio/dge_linked/sumadhva_vijaya/smv1.42.mp3,dge_linked/sumadhva_vijaya,smv1.42.mp3,.mp3,mp3 (mp3float),mp3,11025,1,32,16,11.964,-2.63,-19.24,-21.96,-43.29,28.9,0.48,0.96,0.96,0.213,0,B,[],[],[],,23928,0d7fde3ea4aee1cc7d64b0d0ee319eff232fef05
kamadhenu_dataset/incoming_audio/dge_linked/sumadhva_vijaya/smv1.43.mp3,dge_linked/sumadhva_vijaya,smv1.43.mp3,.mp3,mp3 (mp3float),mp3,11025,1,32,16,11.546,-0.95,-18.55,-20.72,-44.29,29.7,0.39,0.12,0.87,0.185,0,B,[],[],[],,23092,f08a1998774eaba532403f4e5786083f402dd20e
kamadhenu_dataset/incoming_audio/dge_linked/sumadhva_vijaya/smv1.44.mp3,dge_linked/sumadhva_vijaya,smv1.44.mp3,.mp3,mp3 (mp3float),mp3,11025,1,32,16,11.546,-2.81,-19.1,-21.82,-43.61,29.6,0.41,0.95,0.95,0.196,0,B,[],[],[],,23092,d964ee7f77f47cb0fc3c74f94e67eb313f9e6f9d
kamadhenu_dataset/incoming_audio/dge_linked/sumadhva_vijaya/smv1.45.mp3,dge_linked/sumadhva_vijaya,smv1.45.mp3,.mp3,mp3 (mp3float),mp3,11025,1,32,16,12.225,-3.08,-19.73,-21.87,-43.57,28.0,0.49,0.12,0.87,0.194,0,B,[],[],[],,24451,799adb0afe9fa7fc3e84295b8a95fdd6f18a007e
kamadhenu_dataset/incoming_audio/dge_linked/sumadhva_vijaya/smv1.46.mp3,dge_linked/sumadhva_vijaya,smv1.46.mp3,.mp3,mp3 (mp3float),mp3,11025,1,32,16,11.86,-2.62,-19.22,-21.38,-43.58,28.8,0.4,0.11,0.87,0.191,0,B,[],[],[],,23719,b5b5d39ffefbdce576c9125dfad09ff0de4b915f
kamadhenu_dataset/incoming_audio/dge_linked/sumadhva_vijaya/smv1.47.mp3,dge_linked/sumadhva_vijaya,smv1.47.mp3,.mp3,mp3 (mp3float),mp3,11025,1,32,16,12.121,-3.65,-19.2,-21.83,-44.04,29.5,0.43,0.08,0.88,0.198,0,B,[],[],[],,24242,8690c23bc8191228577aad6bb4846e31c243254b
kamadhenu_dataset/incoming_audio/dge_linked/sumadhva_vijaya/smv1.48.mp3,dge_linked/sumadhva_vijaya,smv1.48.mp3,.mp3,mp3 (mp3float),mp3,11025,1,32,16,11.912,-4.27,-19.21,-21.48,-43.38,28.7,0.53,0.97,0.97,0.192,0,B,[],[],[],,23824,9874774b2f6b7503eb6a5dd9576a538f1d3ac121
kamadhenu_dataset/incoming_audio/dge_linked/sumadhva_vijaya/smv1.49.mp3,dge_linked/sumadhva_vijaya,smv1.49.mp3,.mp3,mp3 (mp3float),mp3,11025,1,32,16,11.285,-4.19,-20.14,-23.02,-43.88,28.6,0.32,0.97,0.97,0.178,0,B,[],[],[],,22570,637436bb122b4ce6b960e2b7595ccf8a73ca8ba4
kamadhenu_dataset/incoming_audio/dge_linked/sumadhva_vijaya/smv1.5.mp3,dge_linked/sumadhva_vijaya,smv1.5.mp3,.mp3,mp3 (mp3float),mp3,11025,1,32,16,12.121,-2.83,-19.31,-21.27,-43.64,28.5,0.39,0.95,0.95,0.21,0,B,[],[],[],,24242,fa8eedd03102a4c3a91e0a5ad884da4c53e8db2d
kamadhenu_dataset/incoming_audio/dge_linked/sumadhva_vijaya/smv1.50.mp3,dge_linked/sumadhva_vijaya,smv1.50.mp3,.mp3,mp3 (mp3float),mp3,11025,1,32,16,10.553,-3.65,-20.35,-22.82,-43.39,27.4,0.38,0.96,0.96,0.2,0,B,[],[],[],,21107,38a80026329c3040a2d30a0dab9f4afbeacad816
kamadhenu_dataset/incoming_audio/dge_linked/sumadhva_vijaya/smv1.51.mp3,dge_linked/sumadhva_vijaya,smv1.51.mp3,.mp3,mp3 (mp3float),mp3,11025,1,32,16,11.18,-2.94,-20.16,-23.06,-43.6,28.1,0.39,0.95,0.95,0.173,0,B,[],[],[],,22361,921821913afc7ae8861fbee123701c467ce55e2d
kamadhenu_dataset/incoming_audio/dge_linked/sumadhva_vijaya/smv1.52.mp3,dge_linked/sumadhva_vijaya,smv1.52.mp3,.mp3,mp3 (mp3float),mp3,11025,1,32,16,11.233,-2.36,-20.42,-22.64,-43.14,27.1,0.37,0.97,0.97,0.199,0,B,[],[],[],,22465,46deb54935869507ec1d9ab5e257c1d6ea8a491d
kamadhenu_dataset/incoming_audio/dge_linked/sumadhva_vijaya/smv1.53.mp3,dge_linked/sumadhva_vijaya,smv1.53.mp3,.mp3,mp3 (mp3float),mp3,11025,1,32,16,11.703,-3.24,-20.75,-23.69,-43.68,27.5,0.49,0.96,0.96,0.193,0,B,[],[],[],,23406,ef7208596140e55c2b191169da356ad2b91d2111
kamadhenu_dataset/incoming_audio/dge_linked/sumadhva_vijaya/smv1.54.mp3,dge_linked/sumadhva_vijaya,smv1.54.mp3,.mp3,mp3 (mp3float),mp3,11025,1,32,16,12.016,-1.64,-19.79,-21.81,-43.43,27.9,0.39,1.0,1.0,0.168,0,B,[],[],[],,24033,330840868179b78837d482ddffc76d725fb6b962
kamadhenu_dataset/incoming_audio/dge_linked/sumadhva_vijaya/smv1.55.mp3,dge_linked/sumadhva_vijaya,smv1.55.mp3,.mp3,mp3 (mp3float),mp3,11025,1,32,16,19.278,-3.37,-20.41,-22.47,-43.18,26.7,0.33,0.99,0.99,0.167,0,B,[],[],[],,38557,89ad5cb37472baddf75539e1a4cafef9d481aabe
kamadhenu_dataset/incoming_audio/dge_linked/sumadhva_vijaya/smv1.6.mp3,dge_linked/sumadhva_vijaya,smv1.6.mp3,.mp3,mp3 (mp3float),mp3,11025,1,32,16,12.487,-2.01,-19.97,-21.76,-46.09,30.3,0.43,0.95,1.03,0.211,0,B,[],[],[],,24973,c442d8f505fcd006761cacfac0737f25ede5f3e6
kamadhenu_dataset/incoming_audio/dge_linked/sumadhva_vijaya/smv1.7.mp3,dge_linked/sumadhva_vijaya,smv1.7.mp3,.mp3,mp3 (mp3float),mp3,11025,1,32,16,12.591,-1.72,-19.98,-22.87,-45.47,30.2,0.34,0.98,1.1,0.239,0,B,[],[],[],,25182,b299b2697f3fe35454a3cbbfba28788752a0326a
kamadhenu_dataset/incoming_audio/dge_linked/sumadhva_vijaya/smv1.8.mp3,dge_linked/sumadhva_vijaya,smv1.8.mp3,.mp3,mp3 (mp3float),mp3,11025,1,32,16,12.121,-1.81,-18.92,-21.42,-44.43,30.1,0.37,0.1,1.09,0.238,0,B,[],[],[],,24242,fe9169b57f443f96f4834850018bb4a66631f145
kamadhenu_dataset/incoming_audio/dge_linked/sumadhva_vijaya/smv1.9.mp3,dge_linked/sumadhva_vijaya,smv1.9.mp3,.mp3,mp3 (mp3float),mp3,11025,1,32,16,12.905,-1.98,-19.45,-21.64,-44.41,29.6,0.39,0.96,0.96,0.194,0,B,[],[],[],,25809,7ee8706a3a1457df816b599e73b649c6c4196d8a
kamadhenu_dataset/incoming_audio/dge_linked/sumadhva_vijaya/smv10.1.mp3,dge_linked/sumadhva_vijaya,smv10.1.mp3,.mp3,mp3 (mp3float),mp3,11025,1,32,16,10.658,-0.47,-16.1,-16.77,-31.76,20.6,0.26,0.34,1.15,0.305,0,B,[],[],[],,21316,007213441a2f09cf98e05bf241bdcb9edd990970
kamadhenu_dataset/incoming_audio/dge_linked/sumadhva_vijaya/smv10.10.mp3,dge_linked/sumadhva_vijaya,smv10.10.mp3,.mp3,mp3 (mp3float),mp3,11025,1,32,16,17.032,-0.62,-16.37,-16.54,-32.37,20.7,0.22,0.95,0.95,0.334,0,B,[],[],[],,34064,7a738d650c82ac8c53054277adda7cc43b760443
kamadhenu_dataset/incoming_audio/dge_linked/sumadhva_vijaya/smv10.11.mp3,dge_linked/sumadhva_vijaya,smv10.11.mp3,.mp3,mp3 (mp3float),mp3,11025,1,32,16,15.36,-0.5,-16.81,-16.99,-32.63,20.5,0.28,1.28,1.28,0.325,0,B,[],[],[],,30720,eac9c0a844e4ac4d86de2e119e57b2eced38e120
kamadhenu_dataset/incoming_audio/dge_linked/sumadhva_vijaya/smv10.12.mp3,dge_linked/sumadhva_vijaya,smv10.12.mp3,.mp3,mp3 (mp3float),mp3,11025,1,32,16,11.86,-0.49,-16.61,-17.24,-33.28,21.2,0.24,0.93,0.93,0.29,0,B,[],[],[],,23719,f60697c18a9fa9912e09a08dcbb55c13ac0c78ec
kamadhenu_dataset/incoming_audio/dge_linked/sumadhva_vijaya/smv10.13.mp3,dge_linked/sumadhva_vijaya,smv10.13.mp3,.mp3,mp3 (mp3float),mp3,11025,1,32,16,11.18,-0.64,-16.27,-17.46,-35.98,24.0,0.33,0.65,0.65,0.25,0,B,[],[],[],,22361,d02dee1188982f750bc35265c29907adcb16ffbc
kamadhenu_dataset/incoming_audio/dge_linked/sumadhva_vijaya/smv10.14.mp3,dge_linked/sumadhva_vijaya,smv10.14.mp3,.mp3,mp3 (mp3float),mp3,11025,1,32,16,14.315,-1.05,-17.52,-18.71,-36.08,23.3,0.21,0.71,1.11,0.287,0,B,[],[],[],,28630,dd1e886a238ba3c45ded89057cec801b18276dec
kamadhenu_dataset/incoming_audio/dge_linked/sumadhva_vijaya/smv10.15.mp3,dge_linked/sumadhva_vijaya,smv10.15.mp3,.mp3,mp3 (mp3float),mp3,11025,1,32,16,14.681,-0.84,-17.11,-17.65,-34.49,21.9,0.43,0.76,0.76,0.336,0,B,[],[],[],,29362,54df6ea5f4239de3411fa8968467c44f6e4d3e3d
kamadhenu_dataset/incoming_audio/dge_linked/sumadhva_vijaya/smv10.16.mp3,dge_linked/sumadhva_vijaya,smv10.16.mp3,.mp3,mp3 (mp3float),mp3,11025,1,32,16,14.524,-0.91,-15.79,-16.65,-33.32,22.1,0.34,0.91,0.91,0.273,0,B,[],[],[],,29048,48f7964f2d2d823d34efc07ccfa81e9c46c8756c
kamadhenu_dataset/incoming_audio/dge_linked/sumadhva_vijaya/smv10.17.mp3,dge_linked/sumadhva_vijaya,smv10.17.mp3,.mp3,mp3 (mp3float),mp3,11025,1,32,16,13.897,-0.73,-15.54,-17.26,-35.19,24.1,0.36,0.07,0.45,0.241,0,B,[],[],[],,27794,92244b37038beeb135945b86f06e7dc017e90cc4
kamadhenu_dataset/incoming_audio/dge_linked/sumadhva_vijaya/smv10.18.mp3,dge_linked/sumadhva_vijaya,smv10.18.mp3,.mp3,mp3 (mp3float),mp3,11025,1,32,16,15.203,-0.77,-17.43,-18.79,-36.71,23.5,0.47,0.1,0.65,0.224,0,B,[],[],[],,30407,4bbf4d8cb0edc26ab5a8278425c4c7d9036e346d
kamadhenu_dataset/incoming_audio/dge_linked/sumadhva_vijaya/smv10.19.mp3,dge_linked/sumadhva_vijaya,smv10.19.mp3,.mp3,mp3 (mp3float),mp3,11025,1,32,16,16.718,-0.4,-16.75,-17.65,-34.63,22.6,0.22,0.56,0.79,0.292,0,B,[],[],[],,33437,bd9bd27d5b3e32dc759ea4ebb667962bf5e1aac0
kamadhenu_dataset/incoming_audio/dge_linked/sumadhva_vijaya/smv10.2.mp3,dge_linked/sumadhva_vijaya,smv10.2.mp3,.mp3,mp3 (mp3float),mp3,11025,1,32,16,11.651,-0.53,-16.21,-17.01,-31.61,20.2,0.22,0.11,0.67,0.297,0,B,[],[],[],,23301,a81d346832dc373d3b35758ddf26ae01d43830af
kamadhenu_dataset/incoming_audio/dge_linked/sumadhva_vijaya/smv10.20.mp3,dge_linked/sumadhva_vijaya,smv10.20.mp3,.mp3,mp3 (mp3float),mp3,11025,1,32,16,17.189,-1.22,-16.57,-17.61,-34.12,21.9,0.33,0.45,0.45,0.244,0,B,[],[],[],,34377,0e1cdac9326b96a2c5c3a68be3ee7e8a8e81fc3c
kamadhenu_dataset/incoming_audio/dge_linked/sumadhva_vijaya/smv10.21.mp3,dge_linked/sumadhva_vijaya,smv10.21.mp3,.mp3,mp3 (mp3float),mp3,11025,1,32,16,14.681,-0.55,-16.59,-17.37,-34.57,22.3,0.3,0.39,0.64,0.261,0,B,[],[],[],,29362,00b734bee6766fb3a254ed53654eceea21e91284
kamadhenu_dataset/incoming_audio/dge_linked/sumadhva_vijaya/smv10.22.mp3,dge_linked/sumadhva_vijaya,smv10.22.mp3,.mp3,mp3 (mp3float),mp3,11025,1,32,16,10.031,-0.84,-17.19,-19.55,-39.34,27.3,0.25,0.15,0.27,0.235,0,B,[],[],[],,20062,749788e8b0950201042c880cb36fb1b529d855cf
kamadhenu_dataset/incoming_audio/dge_linked/sumadhva_vijaya/smv10.23.mp3,dge_linked/sumadhva_vijaya,smv10.23.mp3,.mp3,mp3 (mp3float),mp3,11025,1,32,16,12.539,-0.49,-16.33,-18.07,-37.32,25.1,0.3,0.64,0.64,0.216,0,B,[],[],[],,25078,f59e1c9137bcbc3659981f99f1cbc2218eb00653
kamadhenu_dataset/incoming_audio/dge_linked/sumadhva_vijaya/smv10.24.mp3,dge_linked/sumadhva_vijaya,smv10.24.mp3,.mp3,mp3 (mp3float),mp3,11025,1,32,16,9.352,-0.72,-16.02,-17.28,-36.96,25.4,0.4,0.59,0.59,0.279,0,B,[],[],[],,18704,68cb373387a57740929ce7011dbcfec2859e8bab
kamadhenu_dataset/incoming_audio/dge_linked/sumadhva_vijaya/smv10.25.mp3,dge_linked/sumadhva_vijaya,smv10.25.mp3,.mp3,mp3 (mp3float),mp3,11025,1,32,16,12.957,-0.99,-16.07,-17.43,-36.75,25.2,0.35,0.57,0.57,0.223,0,B,[],[],[],,25913,99469a42655c686de871519adadfa7d7b4f505e4
kamadhenu_dataset/incoming_audio/dge_linked/sumadhva_vijaya/smv10.26.mp3,dge_linked/sumadhva_vijaya,smv10.26.mp3,.mp3,mp3 (mp3float),mp3,11025,1,32,16,12.434,-0.89,-16.01,-17.45,-36.82,25.1,0.26,0.38,0.55,0.23,0,B,[],[],[],,24869,518a72c2acd4d93ed0a563436bd023bfbc6fb286
kamadhenu_dataset/incoming_audio/dge_linked/sumadhva_vijaya/smv10.27.mp3,dge_linked/sumadhva_vijaya,smv10.27.mp3,.mp3,mp3 (mp3float),mp3,11025,1,32,16,11.703,-0.5,-16.04,-17.38,-36.04,24.5,0.22,0.39,0.58,0.22,0,B,[],[],[],,23406,961c7f119b6ef27368ebe7691f0f4c81e3ee05fc
kamadhenu_dataset/incoming_audio/dge_linked/sumadhva_vijaya/smv10.28.mp3,dge_linked/sumadhva_vijaya,smv10.28.mp3,.mp3,mp3 (mp3float),mp3,11025,1,32,16,13.009,-0.87,-16.34,-18.36,-38.3,26.4,0.21,0.49,0.62,0.233,0,B,[],[],[],,26018,6744203ec18d8e479368728524ee9b30f5f3a525
kamadhenu_dataset/incoming_audio/dge_linked/sumadhva_vijaya/smv10.29.mp3,dge_linked/sumadhva_vijaya,smv10.29.mp3,.mp3,mp3 (mp3float),mp3,11025,1,32,16,12.487,-0.18,-15.92,-17.4,-37.98,26.5,0.26,0.41,0.67,0.264,0,B,[],[],[],,24973,f05262d765446a0f671549e8aaf6ddf811dccceb
kamadhenu_dataset/incoming_audio/dge_linked/sumadhva_vijaya/smv10.3.mp3,dge_linked/sumadhva_vijaya,smv10.3.mp3,.mp3,mp3 (mp3float),mp3,11025,1,32,16,12.016,-0.77,-16.28,-17.54,-32.79,21.0,0.32,0.1,0.58,0.235,0,B,[],[],[],,24033,3bf449f6357f821e311f964c66dd8b4d78666e7f
kamadhenu_dataset/incoming_audio/dge_linked/sumadhva_vijaya/smv10.30.mp3,dge_linked/sumadhva_vijaya,smv10.30.mp3,.mp3,mp3 (mp3float),mp3,11025,1,32,16,13.009,-0.36,-15.94,-17.05,-35.59,24.0,0.25,0.4,0.75,0.206,0,B,[],[],[],,26018,98f75adc017e809649069023b9fbc5eeb1f77aa3
kamadhenu_dataset/incoming_audio/dge_linked/sumadhva_vijaya/smv10.31.mp3,dge_linked/sumadhva_vijaya,smv10.31.mp3,.mp3,mp3 (mp3float),mp3,11025,1,32,16,12.8,-0.32,-16.3,-16.88,-36.05,24.4,0.29,0.4,0.73,0.314,0,B,[],[],[],,25600,fa1c8f66e2714bf41de3c53b554063c0c745dfd1
kamadhenu_dataset/incoming_audio/dge_linked/sumadhva_vijaya/smv10.32.mp3,dge_linked/sumadhva_vijaya,smv10.32.mp3,.mp3,mp3 (mp3float),mp3,11025,1,32,16,12.33,-0.07,-16.64,-17.97,-35.27,22.9,0.34,0.34,0.51,0.245,0,B,[],[],[],,24660,68319d195d0739d6d2da16e447decb62d6fe99a8
kamadhenu_dataset/incoming_audio/dge_linked/sumadhva_vijaya/smv10.33.mp3,dge_linked/sumadhva_vijaya,smv10.33.mp3,.mp3,mp3 (mp3float),mp3,11025,1,32,16,13.322,-0.67,-17.23,-18.55,-35.24,22.6,0.37,0.34,0.7,0.245,0,B,"[""exact_duplicate""]","[""kamadhenu_dataset/incoming_audio/dge_linked/sumadhva_vijaya/smv10.34.mp3""]",[],,26645,b2669828792ea76a33f923ceba1342d148a7f790
kamadhenu_dataset/incoming_audio/dge_linked/sumadhva_vijaya/smv10.34.mp3,dge_linked/sumadhva_vijaya,smv10.34.mp3,.mp3,mp3 (mp3float),mp3,11025,1,32,16,13.322,-0.67,-17.23,-18.55,-35.24,22.6,0.37,0.34,0.7,0.245,0,B,"[""exact_duplicate""]","[""kamadhenu_dataset/incoming_audio/dge_linked/sumadhva_vijaya/smv10.33.mp3""]",[],,26645,b2669828792ea76a33f923ceba1342d148a7f790
kamadhenu_dataset/incoming_audio/dge_linked/sumadhva_vijaya/smv10.35.mp3,dge_linked/sumadhva_vijaya,smv10.35.mp3,.mp3,mp3 (mp3float),mp3,11025,1,32,16,12.643,-0.28,-17.16,-18.32,-34.82,22.2,0.29,0.46,0.54,0.24,0,B,[],[],[],,25287,c408ebd0ad80d4b6e5a5add98919d5905c65ccbc
kamadhenu_dataset/incoming_audio/dge_linked/sumadhva_vijaya/smv10.36.mp3,dge_linked/sumadhva_vijaya,smv10.36.mp3,.mp3,mp3 (mp3float),mp3,11025,1,32,16,12.8,-0.86,-16.2,-17.73,-36.08,24.5,0.22,0.52,0.53,0.243,0,B,[],[],[],,25600,ed028b6d0882f271fe9b70b391ddb6c576543449
kamadhenu_dataset/incoming_audio/dge_linked/sumadhva_vijaya/smv10.37.mp3,dge_linked/sumadhva_vijaya,smv10.37.mp3,.mp3,mp3 (mp3float),mp3,11025,1,32,16,11.285,-0.69,-16.34,-17.51,-35.0,23.1,0.24,0.39,0.43,0.223,0,B,[],[],[],,22570,0810f511fdebf42c7b986d3f79d8c3e1208930e4
kamadhenu_dataset/incoming_audio/dge_linked/sumadhva_vijaya/smv10.38.mp3,dge_linked/sumadhva_vijaya,smv10.38.mp3,.mp3,mp3 (mp3float),mp3,11025,1,32,16,14.785,-0.12,-17.0,-19.31,-37.46,25.1,0.39,1.43,1.43,0.209,0,B,[],[],[],,29571,aae962b62ef11a05559ef2c77596f014982f19b9
kamadhenu_dataset/incoming_audio/dge_linked/sumadhva_vijaya/smv10.39.mp3,dge_linked/sumadhva_vijaya,smv10.39.mp3,.mp3,mp3 (mp3float),mp3,11025,1,32,16,15.36,-0.39,-17.09,-19.84,-38.74,26.4,0.24,1.45,1.45,0.203,0,B,[],[],[],,30720,2d01b272ed0c97cdc093da356e19e4120e72a38f
kamadhenu_dataset/incoming_audio/dge_linked/sumadhva_vijaya/smv10.4.mp3,dge_linked/sumadhva_vijaya,smv10.4.mp3,.mp3,mp3 (mp3float),mp3,11025,1,32,16,14.367,-0.61,-17.22,-17.75,-32.74,20.0,0.45,0.11,0.72,0.304,0,B,[],[],[],,28735,67cc43e86cbc689420ce7a71a035a2c0027e175a
kamadhenu_dataset/incoming_audio/dge_linked/sumadhva_vijaya/smv10.40.mp3,dge_linked/sumadhva_vijaya,smv10.40.mp3,.mp3,mp3 (mp3float),mp3,11025,1,32,16,14.681,-0.84,-16.81,-18.13,-36.51,23.8,0.52,1.6,1.6,0.243,0,B,[],[],[],,29362,4ab7048e53d91474e6dd620fd550214e984ee649
kamadhenu_dataset/incoming_audio/dge_linked/sumadhva_vijaya/smv10.41.mp3,dge_linked/sumadhva_vijaya,smv10.41.mp3,.mp3,mp3 (mp3float),mp3,11025,1,32,16,1.672,-24.93,-39.82,-39.84,-78.55,42.3,0.19,0.11,0.19,0.182,0,B,"[""low_volume""]",[],[],,3344,7463854cf9661a3840898ff6881c80459cee9a88
kamadhenu_dataset/incoming_audio/dge_linked/sumadhva_vijaya/smv10.42.mp3,dge_linked/sumadhva_vijaya,smv10.42.mp3,.mp3,mp3 (mp3float),mp3,11025,1,32,16,14.681,-0.83,-16.71,-19.18,-37.26,25.4,0.51,1.56,1.56,0.261,0,B,[],[],[],,29362,a087530395b758219b5b9e12ea965e957f35ffe2
kamadhenu_dataset/incoming_audio/dge_linked/sumadhva_vijaya/smv10.43.mp3,dge_linked/sumadhva_vijaya,smv10.43.mp3,.mp3,mp3 (mp3float),mp3,11025,1,32,16,15.569,-1.19,-17.61,-19.9,-37.02,24.2,0.22,1.47,1.47,0.283,0,B,[],[],[],,31138,2ff7cf6a510a8d70ebf79725dc613f6d9a167280
kamadhenu_dataset/incoming_audio/dge_linked/sumadhva_vijaya/smv10.44.mp3,dge_linked/sumadhva_vijaya,smv10.44.mp3,.mp3,mp3 (mp3float),mp3,11025,1,32,16,16.823,-0.31,-16.85,-19.19,-40.4,27.7,0.33,0.1,0.68,0.179,0,B,[],[],[],,33646,3eb704cb6f01b74dfa7787c213b22af671b13c6b
kamadhenu_dataset/incoming_audio/dge_linked/sumadhva_vijaya/smv10.45.mp3,dge_linked/sumadhva_vijaya,smv10.45.mp3,.mp3,mp3 (mp3float),mp3,11025,1,32,16,19.174,-0.53,-16.11,-17.0,-34.49,22.5,0.32,0.74,1.01,0.232,0,B,[],[],[],,38348,1f25c6cb579a67662c36c38fa5e55d8664972b54
kamadhenu_dataset/incoming_audio/dge_linked/sumadhva_vijaya/smv10.46.mp3,dge_linked/sumadhva_vijaya,smv10.46.mp3,.mp3,mp3 (mp3float),mp3,11025,1,32,16,12.121,-1.0,-15.96,-17.47,-36.24,25.2,0.22,0.78,0.78,0.276,0,B,[],[],[],,24242,d6bc7aee0a8c9b6d402c216f126b8013779701c5
kamadhenu_dataset/incoming_audio/dge_linked/sumadhva_vijaya/smv10.47.mp3,dge_linked/sumadhva_vijaya,smv10.47.mp3,.mp3,mp3 (mp3float),mp3,11025,1,32,16,10.815,-0.74,-15.67,-16.43,-35.16,23.8,0.28,0.47,0.47,0.285,0,B,[],[],[],,21629,4a0e5377e6f8d711f669108c3854c790d30c5d06
kamadhenu_dataset/incoming_audio/dge_linked/sumadhva_vijaya/smv10.48.mp3,dge_linked/sumadhva_vijaya,smv10.48.mp3,.mp3,mp3 (mp3float),mp3,11025,1,32,16,10.449,-1.19,-17.01,-17.56,-36.94,24.4,0.58,0.54,0.71,0.284,0,B,[],[],[],,20898,b9528ded5e2a23d0a56a7e8b8a99b7cbe4648f4a
kamadhenu_dataset/incoming_audio/dge_linked/sumadhva_vijaya/smv10.49.mp3,dge_linked/sumadhva_vijaya,smv10.49.mp3,.mp3,mp3 (mp3float),mp3,11025,1,32,16,17.763,-0.62,-16.55,-16.9,-32.53,20.5,0.31,0.68,0.68,0.313,0,B,[],[],[],,35527,ae3ef5cdeb888eb994960bf1e7b15c9be19f239b
kamadhenu_dataset/incoming_audio/dge_linked/sumadhva_vijaya/smv10.5.mp3,dge_linked/sumadhva_vijaya,smv10.5.mp3,.mp3,mp3 (mp3float),mp3,11025,1,32,16,10.397,-0.73,-16.8,-17.63,-34.02,21.9,0.4,0.11,0.77,0.262,0,B,[],[],[],,20793,8bfc9c77f82275be00ed8751935022d7f41c7b11
kamadhenu_dataset/incoming_audio/dge_linked/sumadhva_vijaya/smv10.50.mp3,dge_linked/sumadhva_vijaya,smv10.50.mp3,.mp3,mp3 (mp3float),mp3,11025,1,32,16,25.548,-0.62,-17.19,-18.47,-35.36,22.8,0.71,1.25,1.25,0.303,0,B,[],[],[],,51096,a7986d9625a3ee49c466048a840e77429c7ec3df
kamadhenu_dataset/incoming_audio/dge_linked/sumadhva_vijaya/smv10.51.mp3,dge_linked/sumadhva_vijaya,smv10.51.mp3,.mp3,mp3 (mp3float),mp3,11025,1,32,16,12.852,-0.76,-15.91,-17.48,-34.77,23.6,0.36,0.63,0.63,0.246,0,B,[],[],[],,25704,cc9fac210a0dab8160a3dbbfac33c3f9e8b9e926
kamadhenu_dataset/incoming_audio/dge_linked/sumadhva_vijaya/smv10.52.mp3,dge_linked/sumadhva_vijaya,smv10.52.mp3,.mp3,mp3 (mp3float),mp3,11025,1,32,16,16.875,0.65,-16.32,-17.66,-34.29,22.9,0.3,0.67,0.67,0.253,0,B,[],[],[],,33750,b737a4b8a59e429d1b06da31c01d9869948b95a7
kamadhenu_dataset/incoming_audio/dge_linked/sumadhva_vijaya/smv10.53.mp3,dge_linked/sumadhva_vijaya,smv10.53.mp3,.mp3,mp3 (mp3float),mp3,11025,1,32,16,13.27,-0.37,-16.31,-16.77,-34.97,22.9,0.23,0.65,0.8,0.312,0,B,[],[],[],,26540,c54b6aaa878334d34d79c345fb8d3b1457f5b306
kamadhenu_dataset/incoming_audio/dge_linked/sumadhva_vijaya/smv10.54.mp3,dge_linked/sumadhva_vijaya,smv10.54.mp3,.mp3,mp3 (mp3float),mp3,11025,1,32,16,19.853,-0.6,-16.56,-17.12,-33.04,20.5,0.27,0.49,0.49,0.225,0,B,[],[],[],,39706,d412f49d72b719718147540f561a043afb78e6e6
kamadhenu_dataset/incoming_audio/dge_linked/sumadhva_vijaya/smv10.55.mp3,dge_linked/sumadhva_vijaya,smv10.55.mp3,.mp3,mp3 (mp3float),mp3,11025,1,32,16,14.524,-0.56,-16.9,-17.22,-34.65,22.2,0.36,0.57,1.07,0.323,0,B,[],[],[],,29048,b1290bd21379619139688a70be9bf4686da6fcfa
kamadhenu_dataset/incoming_audio/dge_linked/sumadhva_vijaya/smv10.56.mp3,dge_linked/sumadhva_vijaya,smv10.56.mp3,.mp3,mp3 (mp3float),mp3,11025,1,32,16,17.45,-0.14,-15.79,-16.69,-33.9,22.2,0.25,0.5,0.61,0.204,0,B,[],[],[],,34900,19df6b1dd4915a9976b08c28ffcd0cf30ef10486
kamadhenu_dataset/incoming_audio/dge_linked/sumadhva_vijaya/smv10.6.mp3,dge_linked/sumadhva_vijaya,smv10.6.mp3,.mp3,mp3 (mp3float),mp3,11025,1,32,16,11.128,-0.69,-16.09,-16.25,-31.73,19.4,0.22,1.4,1.4,0.192,0,B,[],[],[],,22256,6affc4ecb0750ac94fe8d764ad11930fd4c5a633
kamadhenu_dataset/incoming_audio/dge_linked/sumadhva_vijaya/smv10.7.mp3,dge_linked/sumadhva_vijaya,smv10.7.mp3,.mp3,mp3 (mp3float),mp3,11025,1,32,16,14.054,-0.97,-17.22,-18.13,-33.98,21.5,0.41,0.78,0.78,0.316,0,B,[],[],[],,28108,4aa340bd831cb086205ae305b609fb88aebde7cf
kamadhenu_dataset/incoming_audio/dge_linked/sumadhva_vijaya/smv10.8.mp3,dge_linked/sumadhva_vijaya,smv10.8.mp3,.mp3,mp3 (mp3float),mp3,11025,1,32,16,16.144,0.14,-17.5,-18.76,-35.12,22.5,0.31,0.73,0.73,0.295,0,B,[],[],[],,32287,d08f0318befd6ab344bf3798c70c6b3f78aed747
kamadhenu_dataset/incoming_audio/dge_linked/sumadhva_vijaya/smv10.9.mp3,dge_linked/sumadhva_vijaya,smv10.9.mp3,.mp3,mp3 (mp3float),mp3,11025,1,32,16,16.98,-0.38,-16.08,-17.06,-35.59,24.0,0.54,0.7,0.7,0.255,0,B,[],[],[],,33959,e8e1b9096caa35ae98a332bbfeaa3935bfb0b27c
kamadhenu_dataset/incoming_audio/dge_linked/sumadhva_vijaya/smv11.1.mp3,dge_linked/sumadhva_vijaya,smv11.1.mp3,.mp3,mp3 (mp3float),mp3,11025,1,32,16,11.598,-0.41,-15.32,-16.07,-31.83,20.6,0.45,0.46,0.46,0.218,0,B,[],[],[],,23197,775e9b3cb77493a81d174946ff891c7bb34d6c37
kamadhenu_dataset/incoming_audio/dge_linked/sumadhva_vijaya/smv11.10.mp3,dge_linked/sumadhva_vijaya,smv11.10.mp3,.mp3,mp3 (mp3float),mp3,11025,1,32,16,10.397,-0.65,-16.11,-17.01,-31.69,19.8,0.24,0.38,0.38,0.221,0,B,[],[],[],,20793,489dd593e1b12f094e7f0ca1cc2a20e929f1b02a
kamadhenu_dataset/incoming_audio/dge_linked/sumadhva_vijaya/smv11.11.mp3,dge_linked/sumadhva_vijaya,smv11.11.mp3,.mp3,mp3 (mp3float),mp3,11025,1,32,16,10.24,-1.06,-17.24,-17.97,-32.58,20.0,0.26,0.35,0.35,0.275,0,B,[],[],[],,20480,14e232bc56f5e159a1d3c0f4d14d031293e55bab
kamadhenu_dataset/incoming_audio/dge_linked/sumadhva_vijaya/smv11.12.mp3,dge_linked/sumadhva_vijaya,smv11.12.mp3,.mp3,mp3 (mp3float),mp3,11025,1,32,16,10.919,-0.69,-15.85,-16.92,-32.31,20.9,0.22,0.33,0.45,0.244,0,B,[],[],[],,21838,06a5504141bf8423d005b49b05206465d5abfdd9
kamadhenu_dataset/incoming_audio/dge_linked/sumadhva_vijaya/smv11.13.mp3,dge_linked/sumadhva_vijaya,smv11.13.mp3,.mp3,mp3 (mp3float),mp3,11025,1,32,16,10.606,-0.5,-16.29,-17.0,-32.06,20.0,0.27,0.29,0.29,0.249,0,B,[],[],[],,21211,757f844fd2936a78cd403690ceb83c3c9de19d11
kamadhenu_dataset/incoming_audio/dge_linked/sumadhva_vijaya/smv11.14.mp3,dge_linked/sumadhva_vijaya,smv11.14.mp3,.mp3,mp3 (mp3float),mp3,11025,1,32,16,11.285,-0.69,-16.21,-16.92,-33.05,20.9,0.29,0.3,0.3,0.19,0,B,[],[],[],,22570,9a7d37c190333fe03d304d911d055d2ce5204b2b
kamadhenu_dataset/incoming_audio/dge_linked/sumadhva_vijaya/smv11.15.mp3,dge_linked/sumadhva_vijaya,smv11.15.mp3,.mp3,mp3 (mp3float),mp3,11025,1,32,16,10.815,-0.29,-17.06,-17.63,-32.98,20.0,0.22,0.32,0.38,0.228,0,B,[],[],[],,21629,bd0d2a93f1c5c4a14610c369e78e140fbb3fa37b
kamadhenu_dataset/incoming_audio/dge_linked/sumadhva_vijaya/smv11.16.mp3,dge_linked/sumadhva_vijaya,smv11.16.mp3,.mp3,mp3 (mp3float),mp3,11025,1,32,16,10.71,-0.58,-16.54,-16.99,-32.43,19.6,0.34,0.43,0.43,0.213,0,B,[],[],[],,21420,7a409bcf021d27517e2452c26c6d349a738b5032
kamadhenu_dataset/incoming_audio/dge_linked/sumadhva_vijaya/smv11.17.mp3,dge_linked/sumadhva_vijaya,smv11.17.mp3,.mp3,mp3 (mp3float),mp3,11025,1,32,16,10.083,-0.99,-16.45,-16.95,-32.41,19.7,0.3,0.34,0.34,0.212,0,B,[],[],[],,20167,8f4d00d1625bbd50d4d7dd3e7118a130df19dadf
kamadhenu_dataset/incoming_audio/dge_linked/sumadhva_vijaya/smv11.18.mp3,dge_linked/sumadhva_vijaya,smv11.18.mp3,.mp3,mp3 (mp3float),mp3,11025,1,32,16,10.397,-0.13,-16.83,-17.76,-33.0,20.6,0.48,0.48,0.48,0.208,0,B,[],[],[],,20793,c42eb52b21d752241e0de7bba4dd7ff662875f87
kamadhenu_dataset/incoming_audio/dge_linked/sumadhva_vijaya/smv11.19.mp3,dge_linked/sumadhva_vijaya,smv11.19.mp3,.mp3,mp3 (mp3float),mp3,11025,1,32,16,11.389,-0.86,-16.58,-17.5,-35.33,22.9,0.34,0.34,0.7,0.213,0,B,[],[],[],,22779,033c3370bdfdbe10165844c64c46cd33a4a375a1
kamadhenu_dataset/incoming_audio/dge_linked/sumadhva_vijaya/smv11.2.mp3,dge_linked/sumadhva_vijaya,smv11.2.mp3,.mp3,mp3 (mp3float),mp3,11025,1,32,16,10.919,-1.14,-16.22,-17.08,-31.62,19.6,0.25,0.47,0.47,0.194,0,B,[],[],[],,21838,55ddd69522c2760245af83eb1c5a3fa781a78a1d
kamadhenu_dataset/incoming_audio/dge_linked/sumadhva_vijaya/smv11.20.mp3,dge_linked/sumadhva_vijaya,smv11.20.mp3,.mp3,mp3 (mp3float),mp3,11025,1,32,16,10.345,-1.06,-16.21,-16.99,-31.76,19.6,0.24,0.33,0.33,0.212,0,B,[],[],[],,20689,6b423d55aad38e3feb9b3270608d8735e21defe6
kamadhenu_dataset/incoming_audio/dge_linked/sumadhva_vijaya/smv11.21.mp3,dge_linked/sumadhva_vijaya,smv11.21.mp3,.mp3,mp3 (mp3float),mp3,11025,1,32,16,11.076,-1.14,-15.45,-16.06,-33.0,21.9,0.3,0.56,0.56,0.241,0,B,[],[],[],,22152,8d7daeac7c02be2159dbf5e756165cca10c99896
kamadhenu_dataset/incoming_audio/dge_linked/sumadhva_vijaya/smv11.22.mp3,dge_linked/sumadhva_vijaya,smv11.22.mp3,.mp3,mp3 (mp3float),mp3,11025,1,32,16,10.24,-0.34,-15.83,-16.67,-32.34,20.6,0.26,0.34,0.34,0.206,0,B,[],[],[],,20480,55d2eadab5141be2791d9544cc1b5c8ba7f7d537
kamadhenu_dataset/incoming_audio/dge_linked/sumadhva_vijaya/smv11.23.mp3,dge_linked/sumadhva_vijaya,smv11.23.mp3,.mp3,mp3 (mp3float),mp3,11025,1,32,16,10.71,-0.97,-15.79,-16.63,-32.92,21.2,0.3,0.32,0.32,0.178,0,B,[],[],[],,21420,dff1ba87b9c15daf036e2c2dc27f3fb29a04e455
kamadhenu_dataset/incoming_audio/dge_linked/sumadhva_vijaya/smv11.24.mp3,dge_linked/sumadhva_vijaya,smv11.24.mp3,.mp3,mp3 (mp3float),mp3,11025,1,32,16,10.971,-1.13,-17.77,-19.05,-35.18,21.7,0.27,0.25,0.32,0.202,0,B,[],[],[],,21943,8c0c95b80ab1622f2ea61473d9223828c68d11a1
kamadhenu_dataset/incoming_audio/dge_linked/sumadhva_vijaya/smv11.25.mp3,dge_linked/sumadhva_vijaya,smv11.25.mp3,.mp3,mp3 (mp3float),mp3,11025,1,32,16,10.815,-0.51,-17.3,-17.88,-32.21,19.1,0.27,0.24,0.37,0.222,0,B,[],[],[],,21629,687dbc3a66bc4b06493219847d8d87274b9fde7b
kamadhenu_dataset/incoming_audio/dge_linked/sumadhva_vijaya/smv11.26.mp3,dge_linked/sumadhva_vijaya,smv11.26.mp3,.mp3,mp3 (mp3float),mp3,11025,1,32,16,9.927,-0.87,-18.56,-18.71,-31.11,15.8,0.21,0.29,0.35,0.232,0,B,[],[],[],,19853,9d77430baf0deafd499da7c0f1f47cfd0d880a5a
kamadhenu_dataset/incoming_audio/dge_linked/sumadhva_vijaya/smv11.27.mp3,dge_linked/sumadhva_vijaya,smv11.27.mp3,.mp3,mp3 (mp3float),mp3,11025,1,32,16,11.546,-0.83,-17.64,-18.31,-33.94,20.1,0.2,0.32,0.59,0.206,0,B,[],[],[],,23092,4aee51b010f1a0c35dfa836e1f850ca32ee33e95
kamadhenu_dataset/incoming_audio/dge_linked/sumadhva_vijaya/smv11.28.mp3,dge_linked/sumadhva_vijaya,smv11.28.mp3,.mp3,mp3 (mp3float),mp3,11025,1,32,16,12.33,-0.56,-17.78,-18.87,-35.77,22.3,0.21,0.29,0.64,0.223,0,B,[],[],[],,24660,30d83b40de7440f934e44d2c8e2dd77e9404245f
kamadhenu_dataset/incoming_audio/dge_linked/sumadhva_vijaya/smv11.29.mp3,dge_linked/sumadhva_vijaya,smv11.29.mp3,.mp3,mp3 (mp3float),mp3,11025,1,32,16,11.651,-0.6,-15.57,-16.52,-32.98,21.9,0.44,0.26,0.44,0.254,0,B,[],[],[],,23301,9649e242f1310189025a296452692ad55a8387aa
kamadhenu_dataset/incoming_audio/dge_linked/sumadhva_vijaya/smv11.3.mp3,dge_linked/sumadhva_vijaya,smv11.3.mp3,.mp3,mp3 (mp3float),mp3,11025,1,32,16,11.755,-0.71,-16.11,-16.68,-32.15,20.2,0.21,0.44,0.44,0.227,0,B,"[""exact_duplicate""]","[""kamadhenu_dataset/incoming_audio/dge_linked/sumadhva_vijaya/smv11.4.mp3""]",[],,23510,4aa144fe940e24aac1ead1216c07aca4df58d7d0
kamadhenu_dataset/incoming_audio/dge_linked/sumadhva_vijaya/smv11.30.mp3,dge_linked/sumadhva_vijaya,smv11.30.mp3,.mp3,mp3 (mp3float),mp3,11025,1,32,16,11.546,-0.75,-15.77,-16.72,-34.36,22.8,0.33,0.26,0.33,0.228,0,B,[],[],[],,23092,99e6ce0681f3b2f0186868c86078c212aa69966f
kamadhenu_dataset/incoming_audio/dge_linked/sumadhva_vijaya/smv11.31.mp3,dge_linked/sumadhva_vijaya,smv11.31.mp3,.mp3,mp3 (mp3float),mp3,11025,1,32,16,10.501,-0.93,-15.97,-16.66,-32.88,21.0,0.24,0.4,0.4,0.208,0,B,[],[],[],,21002,1065f71dec7375e62a8026938614f6b1ee7235e7
kamadhenu_dataset/incoming_audio/dge_linked/sumadhva_vijaya/smv11.32.mp3,dge_linked/sumadhva_vijaya,smv11.32.mp3,.mp3,mp3 (mp3float),mp3,11025,1,32,16,11.912,-0.51,-16.33,-16.81,-31.35,19.1,0.26,0.31,0.34,0.225,0,B,[],[],[],,23824,ff04ed74cd40f644ea1e83941c7362c5201f5b27
kamadhenu_dataset/incoming_audio/dge_linked/sumadhva_vijaya/smv11.33.mp3,dge_linked/sumadhva_vijaya,smv11.33.mp3,.mp3,mp3 (mp3float),mp3,11025,1,32,16,10.606,-0.54,-15.84,-16.28,-31.73,19.9,0.22,0.29,0.53,0.226,0,B,[],[],[],,21211,fad91fa7eb9ab32656421c641fa6aa639fe72828
kamadhenu_dataset/incoming_audio/dge_linked/sumadhva_vijaya/smv11.34.mp3,dge_linked/sumadhva_vijaya,smv11.34.mp3,.mp3,mp3 (mp3float),mp3,11025,1,32,16,11.86,-0.29,-15.74,-16.6,-33.09,21.6,0.28,0.27,0.29,0.204,0,B,[],[],[],,23719,ca1c89b557d7b1628efa1e8a41b337f2c86b98aa
kamadhenu_dataset/incoming_audio/dge_linked/sumadhva_vijaya/smv11.35.mp3,dge_linked/sumadhva_vijaya,smv11.35.mp3,.mp3,mp3 (mp3float),mp3,11025,1,32,16,10.553,-0.55,-15.55,-16.23,-31.08,19.4,0.29,0.3,0.3,0.203,0,B,[],[],[],,21107,a54a28725468ce95f73efa94821038befef87c7a
kamadhenu_dataset/incoming_audio/dge_linked/sumadhva_vijaya/smv11.36.mp3,dge_linked/sumadhva_vijaya,smv11.36.mp3,.mp3,mp3 (mp3float),mp3,11025,1,32,16,14.211,-0.74,-15.45,-16.45,-33.33,22.3,0.27,0.3,0.36,0.226,0,B,[],[],[],,28421,3a159107f80c110975c811842fe81e337562424f
kamadhenu_dataset/incoming_audio/dge_linked/sumadhva_vijaya/smv11.37.mp3,dge_linked/sumadhva_vijaya,smv11.37.mp3,.mp3,mp3 (mp3float),mp3,11025,1,32,16,10.606,-0.56,-15.89,-16.72,-32.79,21.1,0.27,0.33,0.36,0.231,0,B,[],[],[],,21211,ffe53e91c910b31844ad26c3423a376529594f62
kamadhenu_dataset/incoming_audio/dge_linked/sumadhva_vijaya/smv11.38.mp3,dge_linked/sumadhva_vijaya,smv11.38.mp3,.mp3,mp3 (mp3float),mp3,11025,1,32,16,10.397,-0.89,-16.29,-17.0,-29.1,16.5,0.33,0.44,0.44,0.165,0,B,[],[],[],,20793,31f9c5440f1aef311986b6ee71d4b216e3abf18f
kamadhenu_dataset/incoming_audio/dge_linked/sumadhva_vijaya/smv11.39.mp3,dge_linked/sumadhva_vijaya,smv11.39.mp3,.mp3,mp3 (mp3float),mp3,11025,1,32,16,10.971,-0.71,-15.52,-16.02,-31.67,20.5,0.23,0.39,0.72,0.248,0,B,[],[],[],,21943,9e60e93dda71ea54c5a5f6cc0612a2204bde740f
kamadhenu_dataset/incoming_audio/dge_linked/sumadhva_vijaya/smv11.4.mp3,dge_linked/sumadhva_vijaya,smv11.4.mp3,.mp3,mp3 (mp3float),mp3,11025,1,32,16,11.755,-0.71,-16.11,-16.68,-32.15,20.2,0.21,0.44,0.44,0.227,0,B,"[""exact_duplicate""]","[""kamadhenu_dataset/incoming_audio/dge_linked/sumadhva_vijaya/smv11.3.mp3""]",[],,23510,4aa144fe940e24aac1ead1216c07aca4df58d7d0
kamadhenu_dataset/incoming_audio/dge_linked/sumadhva_vijaya/smv11.40.mp3,dge_linked/sumadhva_vijaya,smv11.40.mp3,.mp3,mp3 (mp3float),mp3,11025,1,32,16,11.964,-4.38,-19.86,-20.1,-36.04,19.9,0.31,0.11,0.63,0.233,0,B,[],[],[],,23928,275da74b989b2a7786585c8c28e29c876837ed08
kamadhenu_dataset/incoming_audio/dge_linked/sumadhva_vijaya/smv11.41.mp3,dge_linked/sumadhva_vijaya,smv11.41.mp3,.mp3,mp3 (mp3float),mp3,11025,1,32,16,12.016,-0.2,-16.96,-17.33,-35.14,22.7,0.7,0.23,1.05,0.31,0,B,[],[],[],,24033,123684019a004769a4a3c4f9c4bd3e374b8dc880
kamadhenu_dataset/incoming_audio/dge_linked/sumadhva_vijaya/smv11.42.mp3,dge_linked/sumadhva_vijaya,smv11.42.mp3,.mp3,mp3 (mp3float),mp3,11025,1,32,16,12.434,-0.6,-17.51,-18.49,-35.62,22.5,0.2,0.59,0.97,0.284,0,B,[],[],[],,24869,85e55f44925e08bd17614c58a079789d6458acfb
kamadhenu_dataset/incoming_audio/dge_linked/sumadhva_vijaya/smv11.43.mp3,dge_linked/sumadhva_vijaya,smv11.43.mp3,.mp3,mp3 (mp3float),mp3,11025,1,32,16,12.643,0.22,-17.0,-17.73,-34.2,21.4,0.44,0.86,0.86,0.251,0,B,[],[],[],,25287,bee27c42d0ba53b4db5aa2fa471cd0d34ea958e7
kamadhenu_dataset/incoming_audio/dge_linked/sumadhva_vijaya/smv11.44.mp3,dge_linked/sumadhva_vijaya,smv11.44.mp3,.mp3,mp3 (mp3float),mp3,11025,1,32,16,11.128,-0.67,-16.83,-17.49,-32.66,20.0,0.41,0.44,0.44,0.243,0,B,[],[],[],,22256,3230e2e9d1739afaa931baec74d91ee49fd5ef20
kamadhenu_dataset/incoming_audio/dge_linked/sumadhva_vijaya/smv11.45.mp3,dge_linked/sumadhva_vijaya,smv11.45.mp3,.mp3,mp3 (mp3float),mp3,11025,1,32,16,10.815,-0.47,-17.39,-17.81,-34.19,21.4,0.24,0.39,0.64,0.266,0,B,[],[],[],,21629,d1aecf06ebded565d8f133a782c15feb3b4df701
kamadhenu_dataset/incoming_audio/dge_linked/sumadhva_vijaya/smv11.46.mp3,dge_linked/sumadhva_vijaya,smv11.46.mp3,.mp3,mp3 (mp3float),mp3,11025,1,32,16,12.33,-0.28,-16.64,-17.7,-34.91,22.3,0.33,0.39,0.63,0.262,0,B,[],[],[],,24660,86bfa0520ce7cb6f770f2613e893008f84efc6a7
kamadhenu_dataset/incoming_audio/dge_linked/sumadhva_vijaya/smv11.47.mp3,dge_linked/sumadhva_vijaya,smv11.47.mp3,.mp3,mp3 (mp3float),mp3,11025,1,32,16,11.389,-0.72,-17.11,-17.95,-34.9,21.9,0.29,0.41,0.59,0.245,0,B,[],[],[],,22779,284b118ad509580dd1cbb3329548424377271653
kamadhenu_dataset/incoming_audio/dge_linked/sumadhva_vijaya/smv11.48.mp3,dge_linked/sumadhva_vijaya,smv11.48.mp3,.mp3,mp3 (mp3float),mp3,11025,1,32,16,11.442,-0.83,-16.16,-17.36,-33.84,22.5,0.21,0.45,0.85,0.223,0,B,[],[],[],,22883,77a3b15081c0508955d929e7b59a89e616b4a95f
kamadhenu_dataset/incoming_audio/dge_linked/sumadhva_vijaya/smv11.49.mp3,dge_linked/sumadhva_vijaya,smv11.49.mp3,.mp3,mp3 (mp3float),mp3,11025,1,32,16,11.389,-0.38,-16.8,-18.25,-32.9,20.4,0.22,0.5,0.51,0.223,0,B,[],[],[],,22779,2ac0f2ca4db642b74fafa3869661d321c9dff240
kamadhenu_dataset/incoming_audio/dge_linked/sumadhva_vijaya/smv11.5.mp3,dge_linked/sumadhva_vijaya,smv11.5.mp3,.mp3,mp3 (mp3float),mp3,11025,1,32,16,10.71,-0.47,-16.31,-16.63,-29.61,17.3,0.38,0.47,0.47,0.231,0,B,"[""exact_duplicate""]","[""kamadhenu_dataset/incoming_audio/dge_linked/sumadhva_vijaya/smv11.6.mp3""]",[],,21420,e9d84c8091e73808327c43c2c8cbc0ff7844d0d6
kamadhenu_dataset/incoming_audio/dge_linked/sumadhva_vijaya/smv11.50.mp3,dge_linked/sumadhva_vijaya,smv11.50.mp3,.mp3,mp3 (mp3float),mp3,11025,1,32,16,14.994,-1.05,-18.8,-19.24,-33.32,18.3,0.39,0.5,0.5,0.284,0,B,[],[],[],,29989,f3dcb75ad70d38c3a9a2bce8167d9bea3db2e432
kamadhenu_dataset/incoming_audio/dge_linked/sumadhva_vijaya/smv11.51.mp3,dge_linked/sumadhva_vijaya,smv11.51.mp3,.mp3,mp3 (mp3float),mp3,11025,1,32,16,13.27,-1.11,-17.13,-17.78,-34.38,21.8,0.41,0.47,1.05,0.262,0,B,[],[],[],,26540,49dce01b03d4b3ca118d06a6fb29ce6d53cde953
kamadhenu_dataset/incoming_audio/dge_linked/sumadhva_vijaya/smv11.52.mp3,dge_linked/sumadhva_vijaya,smv11.52.mp3,.mp3,mp3 (mp3float),mp3,11025,1,32,16,13.479,-0.87,-17.4,-19.16,-37.85,24.7,0.2,0.12,0.72,0.178,0,B,[],[],[],,26958,1da74b439c63339e291734132b8501cd86d00828
kamadhenu_dataset/incoming_audio/dge_linked/sumadhva_vijaya/smv11.53.mp3,dge_linked/sumadhva_vijaya,smv11.53.mp3,.mp3,mp3 (mp3float),mp3,11025,1,32,16,13.27,-0.79,-17.17,-17.95,-35.8,22.5,0.41,0.27,0.89,0.235,0,B,[],[],[],,26540,4310960d2ff528e48f98607ba99836560e3f6b81
kamadhenu_dataset/incoming_audio/dge_linked/sumadhva_vijaya/smv11.54.mp3,dge_linked/sumadhva_vijaya,smv11.54.mp3,.mp3,mp3 (mp3float),mp3,11025,1,32,16,12.905,-1.03,-17.66,-19.39,-37.16,24.2,0.22,0.21,0.77,0.203,0,B,[],[],[],,25809,f14dd5703f1965a8c4c12858a19f4cd5c9e1345a
kamadhenu_dataset/incoming_audio/dge_linked/sumadhva_vijaya/smv11.55.mp3,dge_linked/sumadhva_vijaya,smv11.55.mp3,.mp3,mp3 (mp3float),mp3,11025,1,32,16,11.598,-0.68,-17.55,-18.26,-33.27,20.3,0.37,0.43,0.43,0.243,0,B,[],[],[],,23197,bc78304811e234a512e9d4086304509d91756ab7
kamadhenu_dataset/incoming_audio/dge_linked/sumadhva_vijaya/smv11.56.mp3,dge_linked/sumadhva_vijaya,smv11.56.mp3,.mp3,mp3 (mp3float),mp3,11025,1,32,16,11.546,-0.4,-16.84,-17.61,-32.98,20.2,0.4,0.56,0.56,0.223,0,B,[],[],[],,23092,e3cbaabf7aa13b846ce3b0fba3ba0cfc8d6bab4d
kamadhenu_dataset/incoming_audio/dge_linked/sumadhva_vijaya/smv11.57.mp3,dge_linked/sumadhva_vijaya,smv11.57.mp3,.mp3,mp3 (mp3float),mp3,11025,1,32,16,10.397,-0.02,-16.47,-17.44,-32.35,20.0,0.41,0.42,0.42,0.224,0,B,"[""exact_duplicate""]","[""kamadhenu_dataset/incoming_audio/dge_linked/sumadhva_vijaya/smv11.58.mp3""]",[],,20793,1c9a17009ec0106652830929a17aa9db2d38356a
kamadhenu_dataset/incoming_audio/dge_linked/sumadhva_vijaya/smv11.58.mp3,dge_linked/sumadhva_vijaya,smv11.58.mp3,.mp3,mp3 (mp3float),mp3,11025,1,32,16,10.397,-0.02,-16.47,-17.44,-32.35,20.0,0.41,0.42,0.42,0.224,0,B,"[""exact_duplicate""]","[""kamadhenu_dataset/incoming_audio/dge_linked/sumadhva_vijaya/smv11.57.mp3""]",[],,20793,1c9a17009ec0106652830929a17aa9db2d38356a
kamadhenu_dataset/incoming_audio/dge_linked/sumadhva_vijaya/smv11.59.mp3,dge_linked/sumadhva_vijaya,smv11.59.mp3,.mp3,mp3 (mp3float),mp3,11025,1,32,16,10.606,0.12,-16.83,-17.52,-33.83,20.9,0.28,0.51,0.51,0.25,0,B,[],[],[],,21211,cac5e96cdf8ab3161eb4a3f63f8d119149bd841f
kamadhenu_dataset/incoming_audio/dge_linked/sumadhva_vijaya/smv11.6.mp3,dge_linked/sumadhva_vijaya,smv11.6.mp3,.mp3,mp3 (mp3float),mp3,11025,1,32,16,10.71,-0.47,-16.31,-16.63,-29.61,17.3,0.38,0.47,0.47,0.231,0,B,"[""exact_duplicate""]","[""kamadhenu_dataset/incoming_audio/dge_linked/sumadhva_vijaya/smv11.5.mp3""]",[],,21420,e9d84c8091e73808327c43c2c8cbc0ff7844d0d6
kamadhenu_dataset/incoming_audio/dge_linked/sumadhva_vijaya/smv11.60.mp3,dge_linked/sumadhva_vijaya,smv11.60.mp3,.mp3,mp3 (mp3float),mp3,11025,1,32,16,10.658,-0.85,-16.84,-17.2,-32.52,19.7,0.32,0.36,0.36,0.248,0,B,[],[],[],,21316,2a1a6871ccc3c945cc27b7c88b292aded1596116
kamadhenu_dataset/incoming_audio/dge_linked/sumadhva_vijaya/smv11.61.mp3,dge_linked/sumadhva_vijaya,smv11.61.mp3,.mp3,mp3 (mp3float),mp3,11025,1,32,16,12.069,-1.07,-16.97,-18.96,-37.45,24.7,0.22,0.22,0.62,0.166,0,B,[],[],[],,24137,44cffd6d2e8f96c00ff4e4d21f33728c33c018f3
kamadhenu_dataset/incoming_audio/dge_linked/sumadhva_vijaya/smv11.62.mp3,dge_linked/sumadhva_vijaya,smv11.62.mp3,.mp3,mp3 (mp3float),mp3,11025,1,32,16,10.606,-0.5,-16.51,-17.69,-34.57,22.2,0.25,0.27,0.55,0.193,0,B,[],[],[],,21211,12d104ff0eff6a3e9523e0a862576652f813920f
kamadhenu_dataset/incoming_audio/dge_linked/sumadhva_vijaya/smv11.63.mp3,dge_linked/sumadhva_vijaya,smv11.63.mp3,.mp3,mp3 (mp3float),mp3,11025,1,32,16,12.225,-0.09,-15.99,-18.61,-39.94,28.6,0.36,0.12,0.64,0.169,0,B,[],[],[],,24451,6b579f9ce90726865fed23ee9be8f32ed073a2f0
kamadhenu_dataset/incoming_audio/dge_linked/sumadhva_vijaya/smv11.64.mp3,dge_linked/sumadhva_vijaya,smv11.64.mp3,.mp3,mp3 (mp3float),mp3,11025,1,32,16,12.434,-0.67,-15.9,-17.7,-37.14,25.9,0.31,0.24,0.45,0.212,0,B,[],[],[],,24869,47d95497ce9924cb130afc62f53de278442692ca
kamadhenu_dataset/incoming_audio/dge_linked/sumadhva_vijaya/smv11.65.mp3,dge_linked/sumadhva_vijaya,smv11.65.mp3,.mp3,mp3 (mp3float),mp3,11025,1,32,16,10.971,-1.06,-16.89,-17.65,-31.88,19.6,0.32,0.46,0.46,0.259,0,B,[],[],[],,21943,9623a16b47c54f6bf371bcba47804214babc2030
kamadhenu_dataset/incoming_audio/dge_linked/sumadhva_vijaya/smv11.66.mp3,dge_linked/sumadhva_vijaya,smv11.66.mp3,.mp3,mp3 (mp3float),mp3,11025,1,32,16,9.979,-0.82,-16.02,-16.97,-32.17,20.4,0.41,0.23,0.41,0.229,0,B,[],[],[],,19958,014e3ac47526c037273035d579e60d9b182fe174
kamadhenu_dataset/incoming_audio/dge_linked/sumadhva_vijaya/smv11.67.mp3,dge_linked/sumadhva_vijaya,smv11.67.mp3,.mp3,mp3 (mp3float),mp3,11025,1,32,16,11.389,-0.75,-16.13,-16.97,-32.72,20.8,0.44,0.26,0.57,0.238,0,B,[],[],[],,22779,bcb7f05987495510eed28840375de5a40350bfed
kamadhenu_dataset/incoming_audio/dge_linked/sumadhva_vijaya/smv11.68.mp3,dge_linked/sumadhva_vijaya,smv11.68.mp3,.mp3,mp3 (mp3float),mp3,11025,1,32,16,11.86,-1.12,-17.19,-19.14,-35.77,23.8,0.21,0.23,0.8,0.236,0,B,[],[],[],,23719,35d1e6d4e67f589d03ec7510bee6c331b4cff79a
kamadhenu_dataset/incoming_audio/dge_linked/sumadhva_vijaya/smv11.69.mp3,dge_linked/sumadhva_vijaya,smv11.69.mp3,.mp3,mp3 (mp3float),mp3,11025,1,32,16,11.389,-1.02,-16.62,-18.21,-34.33,22.3,0.27,0.26,0.39,0.219,0,B,[],[],[],,22779,afab049f1fc9caf1228214aace0aa080143bbd51
kamadhenu_dataset/incoming_audio/dge_linked/sumadhva_vijaya/smv11.7.mp3,dge_linked/sumadhva_vijaya,smv11.7.mp3,.mp3,mp3 (mp3float),mp3,11025,1,32,16,10.553,-0.39,-15.6,-16.72,-31.01,19.7,0.25,0.4,0.4,0.184,0,B,[],[],[],,21107,d89173e43e41a9e46b50710de60a5e814af63c5a
kamadhenu_dataset/incoming_audio/dge_linked/sumadhva_vijaya/smv11.70.mp3,dge_linked/sumadhva_vijaya,smv11.70.mp3,.mp3,mp3 (mp3float),mp3,11025,1,32,16,11.755,0.3,-17.29,-18.79,-36.79,23.7,0.41,0.61,0.61,0.233,0,B,[],[],[],,23510,e71841a27400c49d26384e545309e5f4775f1faf
kamadhenu_dataset/incoming_audio/dge_linked/sumadhva_vijaya/smv11.71.mp3,dge_linked/sumadhva_vijaya,smv11.71.mp3,.mp3,mp3 (mp3float),mp3,11025,1,32,16,15.726,-0.56,-16.98,-17.72,-35.82,23.8,0.41,0.52,0.9,0.341,0,B,[],[],[],,31451,8f57a0d149f87f0b61cadfb20aaba853a66aea02
kamadhenu_dataset/incoming_audio/dge_linked/sumadhva_vijaya/smv11.72.mp3,dge_linked/sumadhva_vijaya,smv11.72.mp3,.mp3,mp3 (mp3float),mp3,11025,1,32,16,12.434,-1.34,-17.74,-18.29,-33.64,20.3,0.42,0.5,0.91,0.298,0,B,[],[],[],,24869,79896a7a2e19d56af63049901d4f708fec84cacb
kamadhenu_dataset/incoming_audio/dge_linked/sumadhva_vijaya/smv11.73.mp3,dge_linked/sumadhva_vijaya,smv11.73.mp3,.mp3,mp3 (mp3float),mp3,11025,1,32,16,13.897,-1.17,-17.76,-19.79,-38.09,25.2,0.4,0.18,0.78,0.224,0,B,[],[],[],,27794,e09cf415ae3247282cb7518c7d71f57f59f0c5d4
kamadhenu_dataset/incoming_audio/dge_linked/sumadhva_vijaya/smv11.74.mp3,dge_linked/sumadhva_vijaya,smv11.74.mp3,.mp3,mp3 (mp3float),mp3,11025,1,32,16,11.912,-1.41,-16.95,-18.0,-33.24,21.0,0.24,0.48,0.49,0.249,0,B,[],[],[],,23824,23b36c5b1127461e31e366cea129f804b4203fcd
kamadhenu_dataset/incoming_audio/dge_linked/sumadhva_vijaya/smv11.75.mp3,dge_linked/sumadhva_vijaya,smv11.75.mp3,.mp3,mp3 (mp3float),mp3,11025,1,32,16,13.322,-0.81,-15.86,-17.6,-36.06,24.8,0.79,0.51,0.79,0.237,0,B,[],[],[],,26645,addb1c15ba9c0e7731c17f0404f57d733844088f
kamadhenu_dataset/incoming_audio/dge_linked/sumadhva_vijaya/smv11.76.mp3,dge_linked/sumadhva_vijaya,smv11.76.mp3,.mp3,mp3 (mp3float),mp3,11025,1,32,16,14.106,-0.85,-17.33,-18.44,-34.58,22.4,0.63,0.95,0.95,0.317,0,B,[],[],[],,28212,bc99dd5483b2ad0bdb9b166b3579ce9dcd431912
kamadhenu_dataset/incoming_audio/dge_linked/sumadhva_vijaya/smv11.77.mp3,dge_linked/sumadhva_vijaya,smv11.77.mp3,.mp3,mp3 (mp3float),mp3,11025,1,32,16,12.487,-0.38,-16.43,-17.58,-34.9,23.1,0.69,0.69,0.69,0.27,0,B,[],[],[],,24973,da959c5e288c8d8dcf0c3f86249de516f5396648
kamadhenu_dataset/incoming_audio/dge_linked/sumadhva_vijaya/smv11.8.mp3,dge_linked/sumadhva_vijaya,smv11.8.mp3,.mp3,mp3 (mp3float),mp3,11025,1,32,16,10.658,-0.78,-16.55,-17.11,-31.56,19.2,0.26,0.38,0.38,0.251,0,B,[],[],[],,21316,d6efcaef24bda83dbf8a598ee9e7be04a592170e
kamadhenu_dataset/incoming_audio/dge_linked/sumadhva_vijaya/smv11.9.mp3,dge_linked/sumadhva_vijaya,smv11.9.mp3,.mp3,mp3 (mp3float),mp3,11025,1,32,16,11.076,-0.82,-16.07,-16.74,-32.38,20.8,0.37,0.37,0.37,0.231,0,B,[],[],[],,22152,ed089a464b4b50523974fbb4c7c43061cb638e3d
kamadhenu_dataset/incoming_audio/dge_linked/sumadhva_vijaya/smv12.1.mp3,dge_linked/sumadhva_vijaya,smv12.1.mp3,.mp3,mp3 (mp3float),mp3,11025,1,32,16,17.972,-0.45,-16.39,-17.72,-36.12,24.3,0.73,0.49,1.2,0.271,0,B,[],[],[],,35944,0fe1f88e0210d521782424800203596d3710aae2
kamadhenu_dataset/incoming_audio/dge_linked/sumadhva_vijaya/smv12.10.mp3,dge_linked/sumadhva_vijaya,smv12.10.mp3,.mp3,mp3 (mp3float),mp3,11025,1,32,16,15.621,-0.78,-17.46,-18.4,-35.92,23.5,0.28,1.07,1.07,0.336,0,B,[],[],[],,31242,237e325435fcd66abda0aa746544259e74f2df3d
kamadhenu_dataset/incoming_audio/dge_linked/sumadhva_vijaya/smv12.11.mp3,dge_linked/sumadhva_vijaya,smv12.11.mp3,.mp3,mp3 (mp3float),mp3,11025,1,32,16,15.726,-0.45,-16.85,-17.62,-35.4,23.6,0.38,1.0,1.0,0.349,0,B,[],[],[],,31451,336dea3d129eef8a3d1a8016395c37ca2323e6e8
kamadhenu_dataset/incoming_audio/dge_linked/sumadhva_vijaya/smv12.12.mp3,dge_linked/sumadhva_vijaya,smv12.12.mp3,.mp3,mp3 (mp3float),mp3,11025,1,32,16,14.524,-0.76,-16.96,-18.09,-35.41,23.2,0.22,1.09,1.09,0.3,0,B,[],[],[],,29048,dfe70b8ff2e90937cb1de4df30ec7cfc0514ffed
kamadhenu_dataset/incoming_audio/dge_linked/sumadhva_vijaya/smv12.13.mp3,dge_linked/sumadhva_vijaya,smv12.13.mp3,.mp3,mp3 (mp3float),mp3,11025,1,32,16,15.935,-1.13,-17.01,-20.14,-40.43,28.6,0.21,0.21,0.8,0.24,0,B,[],[],[],,31869,d3c842bfff32fd97071e46cf27a348d0d378bc39
kamadhenu_dataset/incoming_audio/dge_linked/sumadhva_vijaya/smv12.14.mp3,dge_linked/sumadhva_vijaya,smv12.14.mp3,.mp3,mp3 (mp3float),mp3,11025,1,32,16,15.047,-0.69,-16.81,-18.51,-37.24,25.3,0.36,1.08,1.08,0.293,0,B,[],[],[],,30093,891f98827fddcacd2e589be4670a0c453ad3c56d
kamadhenu_dataset/incoming_audio/dge_linked/sumadhva_vijaya/smv12.15.mp3,dge_linked/sumadhva_vijaya,smv12.15.mp3,.mp3,mp3 (mp3float),mp3,11025,1,32,16,14.838,-1.24,-16.5,-17.16,-35.81,23.3,0.39,0.98,0.98,0.271,0,B,[],[],[],,29675,d43357d9437378ec7d787032dc45f62b524b541c
kamadhenu_dataset/incoming_audio/dge_linked/sumadhva_vijaya/smv12.16.mp3,dge_linked/sumadhva_vijaya,smv12.16.mp3,.mp3,mp3 (mp3float),mp3,11025,1,32,16,12.748,-0.27,-16.68,-17.71,-35.92,23.7,0.3,0.92,0.92,0.262,0,B,[],[],[],,25496,b9444d183adbf2a801558cbcce866117a8b9a5fd
kamadhenu_dataset/incoming_audio/dge_linked/sumadhva_vijaya/smv12.17.mp3,dge_linked/sumadhva_vijaya,smv12.17.mp3,.mp3,mp3 (mp3float),mp3,11025,1,32,16,16.039,0.14,-15.79,-16.85,-37.11,26.1,0.54,1.04,1.04,0.29,0,B,[],[],[],,32078,4706ee382ec95d59cd0aabaa18c1b5caa5578205
kamadhenu_dataset/incoming_audio/dge_linked/sumadhva_vijaya/smv12.18.mp3,dge_linked/sumadhva_vijaya,smv12.18.mp3,.mp3,mp3 (mp3float),mp3,11025,1,32,16,14.681,-0.87,-16.97,-17.91,-33.52,21.0,0.24,1.03,1.03,0.295,0,B,[],[],[],,29362,af9a83984e977a41adcbac10900d46dee64abdb9
kamadhenu_dataset/incoming_audio/dge_linked/sumadhva_vijaya/smv12.19.mp3,dge_linked/sumadhva_vijaya,smv12.19.mp3,.mp3,mp3 (mp3float),mp3,11025,1,32,16,16.353,-1.26,-16.25,-17.59,-34.15,22.6,0.44,1.14,1.14,0.271,0,B,[],[],[],,32705,107abce9880cd8a78b8e622aecb3cf0d3696fbb0
kamadhenu_dataset/incoming_audio/dge_linked/sumadhva_vijaya/smv12.2.mp3,dge_linked/sumadhva_vijaya,smv12.2.mp3,.mp3,mp3 (mp3float),mp3,11025,1,32,16,18.338,-0.99,-15.99,-16.55,-36.56,25.0,0.78,1.3,1.3,0.345,0,B,[],[],[],,36676,61977e62d2d4018f5652c24e3fca995f5fe223e7
kamadhenu_dataset/incoming_audio/dge_linked/sumadhva_vijaya/smv12.20.mp3,dge_linked/sumadhva_vijaya,smv12.20.mp3,.mp3,mp3 (mp3float),mp3,11025,1,32,16,15.83,-0.93,-17.08,-18.18,-35.87,23.7,0.46,1.07,1.07,0.309,0,B,[],[],[],,31660,38144e77ca7d2455887c180f6c411a9effbd8ea3
kamadhenu_dataset/incoming_audio/dge_linked/sumadhva_vijaya/smv12.21.mp3,dge_linked/sumadhva_vijaya,smv12.21.mp3,.mp3,mp3 (mp3float),mp3,11025,1,32,16,16.196,-0.8,-16.98,-18.24,-37.15,25.5,0.53,1.44,1.44,0.352,0,B,[],[],[],,32392,76009cf444379142ab1775fc9624fceabd7f4cc3
kamadhenu_dataset/incoming_audio/dge_linked/sumadhva_vijaya/smv12.22.mp3,dge_linked/sumadhva_vijaya,smv12.22.mp3,.mp3,mp3 (mp3float),mp3,11025,1,32,16,15.778,-0.6,-16.72,-20.92,-42.41,30.5,0.21,0.13,0.79,0.164,0,B,[],[],[],,31556,152450ef38fbe72dce1291a8e67e1d8bd022e177
kamadhenu_dataset/incoming_audio/dge_linked/sumadhva_vijaya/smv12.23.mp3,dge_linked/sumadhva_vijaya,smv12.23.mp3,.mp3,mp3 (mp3float),mp3,11025,1,32,16,16.144,-0.33,-16.38,-18.26,-38.62,27.1,0.5,1.37,1.37,0.332,0,B,[],[],[],,32287,d675e869f4356fc3cf6695cd61c0e610bae7db75
kamadhenu_dataset/incoming_audio/dge_linked/sumadhva_vijaya/smv12.24.mp3,dge_linked/sumadhva_vijaya,smv12.24.mp3,.mp3,mp3 (mp3float),mp3,11025,1,32,16,16.562,-0.62,-17.1,-18.64,-36.37,24.2,0.29,1.22,1.22,0.287,0,B,[],[],[],,33123,183da3791fb757cad6f11649c3fdf9fa2a4e7e52
kamadhenu_dataset/incoming_audio/dge_linked/sumadhva_vijaya/smv12.25.mp3,dge_linked/sumadhva_vijaya,smv12.25.mp3,.mp3,mp3 (mp3float),mp3,11025,1,32,16,14.681,-0.68,-16.59,-18.0,-36.14,24.5,0.37,1.22,1.22,0.319,0,B,[],[],[],,29362,971cb050cc5ca88aa04dfcee5717b3ba258c3e10
kamadhenu_dataset/incoming_audio/dge_linked/sumadhva_vijaya/smv12.26.mp3,dge_linked/sumadhva_vijaya,smv12.26.mp3,.mp3,mp3 (mp3float),mp3,11025,1,32,16,14.629,-0.86,-16.5,-18.01,-35.38,23.9,0.4,0.94,0.94,0.298,0,B,[],[],[],,29257,0f3455358fc277f3df3c1a057c4e5b0a6706b693
kamadhenu_dataset/incoming_audio/dge_linked/sumadhva_vijaya/smv12.27.mp3,dge_linked/sumadhva_vijaya,smv12.27.mp3,.mp3,mp3 (mp3float),mp3,11025,1,32,16,14.942,-0.43,-17.36,-18.45,-36.69,24.3,0.54,1.3,1.3,0.347,0,B,[],[],[],,29884,032845b46051dde28bbb78278b7982008a8846b0
kamadhenu_dataset/incoming_audio/dge_linked/sumadhva_vijaya/smv12.28.mp3,dge_linked/sumadhva_vijaya,smv12.28.mp3,.mp3,mp3 (mp3float),mp3,11025,1,32,16,15.151,-1.08,-16.06,-17.41,-37.62,26.2,0.5,1.18,1.18,0.293,0,B,[],[],[],,30302,e52d9101c2b870fc7de08661c5b8e8033e5bae72
kamadhenu_dataset/incoming_audio/dge_linked/sumadhva_vijaya/smv12.29.mp3,dge_linked/sumadhva_vijaya,smv12.29.mp3,.mp3,mp3 (mp3float),mp3,11025,1,32,16,16.823,-1.01,-16.78,-17.79,-38.51,26.1,0.48,0.31,1.07,0.324,0,B,[],[],[],,33646,45a29b9228875939ed6af78acced70c0a0cef438
kamadhenu_dataset/incoming_audio/dge_linked/sumadhva_vijaya/smv12.3.mp3,dge_linked/sumadhva_vijaya,smv12.3.mp3,.mp3,mp3 (mp3float),mp3,11025,1,32,16,17.032,-0.73,-16.44,-17.53,-38.21,26.5,0.86,0.62,1.01,0.301,0,B,[],[],[],,34064,feabe952d98be86098ab62b4970be8821ff6dfb0
kamadhenu_dataset/incoming_audio/dge_linked/sumadhva_vijaya/smv12.30.mp3,dge_linked/sumadhva_vijaya,smv12.30.mp3,.mp3,mp3 (mp3float),mp3,11025,1,32,16,15.412,-0.62,-16.99,-17.75,-35.62,23.2,0.29,1.24,1.24,0.3,0,B,[],[],[],,30824,c00c510f8c1d9409bdeab6694c37b3857bb758b0
kamadhenu_dataset/incoming_audio/dge_linked/sumadhva_vijaya/smv12.31.mp3,dge_linked/sumadhva_vijaya,smv12.31.mp3,.mp3,mp3 (mp3float),mp3,11025,1,32,16,14.942,-0.36,-16.61,-17.92,-34.82,23.3,0.39,0.95,0.95,0.32,0,B,[],[],[],,29884,d5b729ab602c9971a5fbccf7042b03fe3526b2ef
kamadhenu_dataset/incoming_audio/dge_linked/sumadhva_vijaya/smv12.32.mp3,dge_linked/sumadhva_vijaya,smv12.32.mp3,.mp3,mp3 (mp3float),mp3,11025,1,32,16,15.464,-0.8,-15.93,-16.64,-35.33,24.0,0.59,1.08,1.08,0.317,0,B,[],[],[],,30929,1bfe891800c5bfb95cfa5900fa3ed549db57e87e
kamadhenu_dataset/incoming_audio/dge_linked/sumadhva_vijaya/smv12.33.mp3,dge_linked/sumadhva_vijaya,smv12.33.mp3,.mp3,mp3 (mp3float),mp3,11025,1,32,16,14.681,-0.45,-15.34,-16.48,-35.58,25.0,0.51,0.96,0.96,0.269,0,B,[],[],[],,29362,870e59f3aa8010763822c61d115b9211748184cb
kamadhenu_dataset/incoming_audio/dge_linked/sumadhva_vijaya/smv12.34.mp3,dge_linked/sumadhva_vijaya,smv12.34.mp3,.mp3,mp3 (mp3float),mp3,11025,1,32,16,14.838,-0.73,-16.71,-18.2,-35.14,23.2,0.25,0.96,0.96,0.231,0,B,[],[],[],,29675,7ef40032afefcd4e3220f4d45d2477c253d348b7
kamadhenu_dataset/incoming_audio/dge_linked/sumadhva_vijaya/smv12.35.mp3,dge_linked/sumadhva_vijaya,smv12.35.mp3,.mp3,mp3 (mp3float),mp3,11025,1,32,16,14.315,-0.78,-16.03,-17.19,-35.81,24.4,0.37,0.97,0.97,0.265,0,B,[],[],[],,28630,eddac63c2d3351449ed7439733287a5eac058e3e
kamadhenu_dataset/incoming_audio/dge_linked/sumadhva_vijaya/smv12.36.mp3,dge_linked/sumadhva_vijaya,smv12.36.mp3,.mp3,mp3 (mp3float),mp3,11025,1,32,16,16.98,-1.03,-16.71,-18.68,-37.5,25.9,0.42,1.01,1.01,0.241,0,B,[],[],[],,33959,7dcccb5ba33bddd1b94aada47031e9d7b40cfda2
kamadhenu_dataset/incoming_audio/dge_linked/sumadhva_vijaya/smv12.37.mp3,dge_linked/sumadhva_vijaya,smv12.37.mp3,.mp3,mp3 (mp3float),mp3,11025,1,32,16,15.203,-0.82,-16.87,-17.81,-35.24,23.1,0.48,0.93,0.95,0.33,0,B,[],[],[],,30407,cc1c54bfac5a3d6d0fd5047fd5da1b156f481c36
kamadhenu_dataset/incoming_audio/dge_linked/sumadhva_vijaya/smv12.38.mp3,dge_linked/sumadhva_vijaya,smv12.38.mp3,.mp3,mp3 (mp3float),mp3,11025,1,32,16,15.256,-0.92,-17.47,-19.22,-37.92,25.4,0.4,1.09,1.09,0.325,0,B,[],[],[],,30511,6d7f513906510cadbc738642eb3a98e9792bd6f1
kamadhenu_dataset/incoming_audio/dge_linked/sumadhva_vijaya/smv12.39.mp3,dge_linked/sumadhva_vijaya,smv12.39.mp3,.mp3,mp3 (mp3float),mp3,11025,1,32,16,15.883,-0.49,-16.88,-17.84,-35.8,24.0,0.48,0.93,0.97,0.353,0,B,[],[],[],,31765,b93cecda97df2c2ec91f402550f8528ae8c2fcbf
kamadhenu_dataset/incoming_audio/dge_linked/sumadhva_vijaya/smv12.4.mp3,dge_linked/sumadhva_vijaya,smv12.4.mp3,.mp3,mp3 (mp3float),mp3,11025,1,32,16,16.927,-0.87,-16.85,-17.66,-36.35,24.2,0.59,0.85,0.87,0.321,0,B,[],[],[],,33855,993103a07077be3c125a7e858069dcb7807f24a1
kamadhenu_dataset/incoming_audio/dge_linked/sumadhva_vijaya/smv12.40.mp3,dge_linked/sumadhva_vijaya,smv12.40.mp3,.mp3,mp3 (mp3float),mp3,11025,1,32,16,15.36,-0.92,-17.04,-19.62,-40.96,28.7,0.21,0.22,0.95,0.228,0,B,[],[],[],,30720,1d07503ec4f45f7e8c91e4947df662505f6dfde8
kamadhenu_dataset/incoming_audio/dge_linked/sumadhva_vijaya/smv12.41.mp3,dge_linked/sumadhva_vijaya,smv12.41.mp3,.mp3,mp3 (mp3float),mp3,11025,1,32,16,15.83,-0.57,-16.37,-18.71,-39.32,27.6,0.44,0.27,0.77,0.269,0,B,[],[],[],,31660,0deaef0d469fbd99faf8ec05d0702155ba2ab006
kamadhenu_dataset/incoming_audio/dge_linked/sumadhva_vijaya/smv12.42.mp3,dge_linked/sumadhva_vijaya,smv12.42.mp3,.mp3,mp3 (mp3float),mp3,11025,1,32,16,16.457,-0.82,-17.41,-20.62,-39.86,27.5,0.34,0.26,1.08,0.207,0,B,[],[],[],,32914,45be9210872d5a0278e075b2078a8429813c1834
kamadhenu_dataset/incoming_audio/dge_linked/sumadhva_vijaya/smv12.43.mp3,dge_linked/sumadhva_vijaya,smv12.43.mp3,.mp3,mp3 (mp3float),mp3,11025,1,32,16,15.569,-0.75,-17.36,-17.94,-35.82,22.8,0.47,1.03,1.03,0.305,0,B,[],[],[],,31138,bd9479f1816cd6c5341940418ce632168e73e6d1
kamadhenu_dataset/incoming_audio/dge_linked/sumadhva_vijaya/smv12.44.mp3,dge_linked/sumadhva_vijaya,smv12.44.mp3,.mp3,mp3 (mp3float),mp3,11025,1,32,16,13.636,-0.53,-16.93,-18.28,-35.86,23.4,0.34,0.85,0.85,0.231,0,B,[],[],[],,27272,caa4cc2f02263f85ec9059b64796e71d5e122c04
kamadhenu_dataset/incoming_audio/dge_linked/sumadhva_vijaya/smv12.45.mp3,dge_linked/sumadhva_vijaya,smv12.45.mp3,.mp3,mp3 (mp3float),mp3,11025,1,32,16,15.935,-1.07,-17.12,-18.57,-36.66,24.6,0.37,0.97,0.97,0.317,0,B,[],[],[],,31869,a0d98ae44ebe566f1c2c0c01f1e93dae1b6b98f2
kamadhenu_dataset/incoming_audio/dge_linked/sumadhva_vijaya/smv12.46.mp3,dge_linked/sumadhva_vijaya,smv12.46.mp3,.mp3,mp3 (mp3float),mp3,11025,1,32,16,14.89,-0.22,-16.43,-18.08,-35.31,23.6,0.37,0.81,0.81,0.221,0,B,[],[],[],,29780,da499501909a81da4682950859de9b6a05e36621
kamadhenu_dataset/incoming_audio/dge_linked/sumadhva_vijaya/smv12.47.mp3,dge_linked/sumadhva_vijaya,smv12.47.mp3,.mp3,mp3 (mp3float),mp3,11025,1,32,16,14.315,0.07,-16.49,-17.58,-34.83,22.9,0.31,0.81,0.81,0.267,0,B,[],[],[],,28630,109737d29d9a74f6990d6cf5e4d015a8ceccb986
kamadhenu_dataset/incoming_audio/dge_linked/sumadhva_vijaya/smv12.48.mp3,dge_linked/sumadhva_vijaya,smv12.48.mp3,.mp3,mp3 (mp3float),mp3,11025,1,32,16,14.472,-0.79,-17.45,-18.5,-35.14,22.6,0.26,0.95,0.95,0.315,0,B,[],[],[],,28944,29f6d5e62a688e9b1590b2f8eee94ed007431f02
kamadhenu_dataset/incoming_audio/dge_linked/sumadhva_vijaya/smv12.49.mp3,dge_linked/sumadhva_vijaya,smv12.49.mp3,.mp3,mp3 (mp3float),mp3,11025,1,32,16,19.069,-0.01,-16.8,-17.92,-34.55,22.4,0.21,0.87,0.87,0.298,0,B,[],[],[],,38139,b19a75f011cb86ab0c178728c9e1296978474f05
kamadhenu_dataset/incoming_audio/dge_linked/sumadhva_vijaya/smv12.5.mp3,dge_linked/sumadhva_vijaya,smv12.5.mp3,.mp3,mp3 (mp3float),mp3,11025,1,32,16,17.502,-0.74,-17.42,-20.9,-41.54,29.3,0.23,0.19,0.81,0.24,0,B,[],[],[],,35004,9e8eb8d2d0c5c739a8d7b0cc89548aed90bab850
kamadhenu_dataset/incoming_audio/dge_linked/sumadhva_vijaya/smv12.50.mp3,dge_linked/sumadhva_vijaya,smv12.50.mp3,.mp3,mp3 (mp3float),mp3,11025,1,32,16,13.375,-0.97,-16.53,-17.56,-33.14,20.9,0.33,0.76,0.76,0.222,0,B,[],[],[],,26749,4f06ae53ece24e69207e319133791f47f8847de9
kamadhenu_dataset/incoming_audio/dge_linked/sumadhva_vijaya/smv12.51.mp3,dge_linked/sumadhva_vijaya,smv12.51.mp3,.mp3,mp3 (mp3float),mp3,11025,1,32,16,19.278,-0.46,-16.81,-17.65,-36.19,24.0,0.8,1.22,1.22,0.304,0,B,[],[],[],,38557,f2f0521547f13a279c2155d874b0baa5d8fdeec1
kamadhenu_dataset/incoming_audio/dge_linked/sumadhva_vijaya/smv12.52.mp3,dge_linked/sumadhva_vijaya,smv12.52.mp3,.mp3,mp3 (mp3float),mp3,11025,1,32,16,22.57,-1.09,-16.07,-17.04,-34.01,22.5,0.39,0.89,0.89,0.256,0,B,[],[],[],,45140,2a2b6c26fd33f5d593508bcd03fdf9395a6524e1
kamadhenu_dataset/incoming_audio/dge_linked/sumadhva_vijaya/smv12.53.mp3,dge_linked/sumadhva_vijaya,smv12.53.mp3,.mp3,mp3 (mp3float),mp3,11025,1,32,16,19.069,-1.01,-17.23,-18.2,-34.94,22.2,0.31,0.83,0.83,0.26,0,B,[],[],[],,38139,322f7dde1f6c40a095b33f2d5546ee4c9ebfdaf0
kamadhenu_dataset/incoming_audio/dge_linked/sumadhva_vijaya/smv12.54.mp3,dge_linked/sumadhva_vijaya,smv12.54.mp3,.mp3,mp3 (mp3float),mp3,11025,1,32,16,14.994,-0.58,-16.36,-17.26,-34.71,22.1,0.34,0.83,0.83,0.195,0,B,[],[],[],,29989,b71a777a1b0bf0c240b725870d9cf746b50894ea
kamadhenu_dataset/incoming_audio/dge_linked/sumadhva_vijaya/smv12.6.mp3,dge_linked/sumadhva_vijaya,smv12.6.mp3,.mp3,mp3 (mp3float),mp3,11025,1,32,16,15.935,-0.82,-16.14,-16.88,-35.69,24.6,0.53,0.9,0.9,0.346,0,B,[],[],[],,31869,6bd364e99831f311e43315ea5aee95ea5502c81e
kamadhenu_dataset/incoming_audio/dge_linked/sumadhva_vijaya/smv12.7.mp3,dge_linked/sumadhva_vijaya,smv12.7.mp3,.mp3,mp3 (mp3float),mp3,11025,1,32,16,15.464,-0.82,-16.94,-18.14,-35.68,23.4,0.22,1.01,1.01,0.28,0,B,[],[],[],,30929,c14afbe1425ef3cf938f7419c0478c5beab9abd1
kamadhenu_dataset/incoming_audio/dge_linked/sumadhva_vijaya/smv12.8.mp3,dge_linked/sumadhva_vijaya,smv12.8.mp3,.mp3,mp3 (mp3float),mp3,11025,1,32,16,15.726,-0.82,-16.02,-17.25,-35.88,24.7,0.21,1.02,1.02,0.308,0,B,[],[],[],,31451,dc10a8eee3b2ee7dc499176d2b30be43ff718811
kamadhenu_dataset/incoming_audio/dge_linked/sumadhva_vijaya/smv12.9.mp3,dge_linked/sumadhva_vijaya,smv12.9.mp3,.mp3,mp3 (mp3float),mp3,11025,1,32,16,14.785,-0.92,-16.8,-17.9,-35.37,23.2,0.34,1.0,1.0,0.318,0,B,[],[],[],,29571,5d317f843648dd42de984825f3d46d297ca56b6e
kamadhenu_dataset/incoming_audio/dge_linked/sumadhva_vijaya/smv13.1.mp3,dge_linked/sumadhva_vijaya,smv13.1.mp3,.mp3,mp3 (mp3float),mp3,11025,1,32,16,15.151,-4.25,-19.82,-21.2,-37.91,23.2,0.29,0.83,0.83,0.286,0,B,[],[],[],,30302,1ee1eee7d47f6ac2babb38a6670bc28b36f68788
kamadhenu_dataset/incoming_audio/dge_linked/sumadhva_vijaya/smv13.10.mp3,dge_linked/sumadhva_vijaya,smv13.10.mp3,.mp3,mp3 (mp3float),mp3,11025,1,32,16,15.412,-3.58,-20.51,-22.25,-41.19,25.4,0.2,1.29,1.29,0.287,0,B,[],[],[],,30824,fec4e7610048914cfe46d57e783750b7035a00b3
kamadhenu_dataset/incoming_audio/dge_linked/sumadhva_vijaya/smv13.11.mp3,dge_linked/sumadhva_vijaya,smv13.11.mp3,.mp3,mp3 (mp3float),mp3,11025,1,32,16,14.942,-4.34,-20.75,-22.19,-40.66,24.2,0.19,1.17,1.17,0.3,0,B,[],[],[],,29884,a81872a140a4a1110e171baa8121869b6391bdde
kamadhenu_dataset/incoming_audio/dge_linked/sumadhva_vijaya/smv13.12.mp3,dge_linked/sumadhva_vijaya,smv13.12.mp3,.mp3,mp3 (mp3float),mp3,11025,1,32,16,13.74,-3.09,-19.59,-20.92,-38.71,23.8,0.63,0.95,0.95,0.306,0,B,[],[],[],,27481,ae1b2e126ffad99527e0c594c4985d823a3201d7
kamadhenu_dataset/incoming_audio/dge_linked/sumadhva_vijaya/smv13.13.mp3,dge_linked/sumadhva_vijaya,smv13.13.mp3,.mp3,mp3 (mp3float),mp3,11025,1,32,16,14.472,-3.27,-19.8,-21.2,-37.89,23.2,0.4,1.08,1.08,0.307,0,B,[],[],[],,28944,ffecc4e101201349ff2a1adaf98884d569d392e4
kamadhenu_dataset/incoming_audio/dge_linked/sumadhva_vijaya/smv13.14.mp3,dge_linked/sumadhva_vijaya,smv13.14.mp3,.mp3,mp3 (mp3float),mp3,11025,1,32,16,12.591,-3.46,-19.51,-20.72,-37.41,22.5,0.69,0.86,0.86,0.256,0,B,[],[],[],,25182,375b1a9d07ebacbea0f7ba9acd4ee4643572ab08
kamadhenu_dataset/incoming_audio/dge_linked/sumadhva_vijaya/smv13.15.mp3,dge_linked/sumadhva_vijaya,smv13.15.mp3,.mp3,mp3 (mp3float),mp3,11025,1,32,16,14.524,-3.92,-20.13,-21.32,-40.0,24.6,0.46,1.04,1.07,0.317,0,B,"[""exact_duplicate""]","[""kamadhenu_dataset/incoming_audio/dge_linked/sumadhva_vijaya/smv13.16.mp3""]",[],,29048,fa9857c926b7aba585dd124cdfcc892bbeebf7fb
kamadhenu_dataset/incoming_audio/dge_linked/sumadhva_vijaya/smv13.16.mp3,dge_linked/sumadhva_vijaya,smv13.16.mp3,.mp3,mp3 (mp3float),mp3,11025,1,32,16,14.524,-3.92,-20.13,-21.32,-40.0,24.6,0.46,1.04,1.07,0.317,0,B,"[""exact_duplicate""]","[""kamadhenu_dataset/incoming_audio/dge_linked/sumadhva_vijaya/smv13.15.mp3""]",[],,29048,fa9857c926b7aba585dd124cdfcc892bbeebf7fb
kamadhenu_dataset/incoming_audio/dge_linked/sumadhva_vijaya/smv13.17.mp3,dge_linked/sumadhva_vijaya,smv13.17.mp3,.mp3,mp3 (mp3float),mp3,11025,1,32,16,13.427,-3.69,-20.34,-21.64,-38.54,23.3,0.45,1.09,1.09,0.281,0,B,[],[],[],,26854,81787435125ad03421c3273f23bd2588662b3d7a
kamadhenu_dataset/incoming_audio/dge_linked/sumadhva_vijaya/smv13.18.mp3,dge_linked/sumadhva_vijaya,smv13.18.mp3,.mp3,mp3 (mp3float),mp3,11025,1,32,16,14.367,-2.6,-19.78,-21.07,-39.77,24.9,0.68,0.96,0.96,0.322,0,B,[],[],[],,28735,6183d6988f946e920baf0425d518dd9060626cbb
kamadhenu_dataset/incoming_audio/dge_linked/sumadhva_vijaya/smv13.19.mp3,dge_linked/sumadhva_vijaya,smv13.19.mp3,.mp3,mp3 (mp3float),mp3,11025,1,32,16,14.994,-3.12,-20.03,-21.93,-40.45,25.4,0.34,1.01,1.01,0.275,0,B,[],[],[],,29989,a14acb464d115831829522aecee4b3094da02a21
kamadhenu_dataset/incoming_audio/dge_linked/sumadhva_vijaya/smv13.2.mp3,dge_linked/sumadhva_vijaya,smv13.2.mp3,.mp3,mp3 (mp3float),mp3,11025,1,32,16,15.203,-4.55,-20.29,-22.2,-40.71,25.3,0.34,1.07,1.07,0.237,0,B,[],[],[],,30407,cefd1fe4bec16bb1f1b9f3cb7b6ba9093c7527cb
kamadhenu_dataset/incoming_audio/dge_linked/sumadhva_vijaya/smv13.20.mp3,dge_linked/sumadhva_vijaya,smv13.20.mp3,.mp3,mp3 (mp3float),mp3,11025,1,32,16,14.681,-3.16,-20.97,-23.43,-43.29,27.0,0.53,0.56,0.77,0.235,0,B,[],[],[],,29362,61cdc4ba52cd5015a233679b58bfe0b09bcaabf4
kamadhenu_dataset/incoming_audio/dge_linked/sumadhva_vijaya/smv13.21.mp3,dge_linked/sumadhva_vijaya,smv13.21.mp3,.mp3,mp3 (mp3float),mp3,11025,1,32,16,13.166,-4.32,-21.48,-22.05,-38.61,21.4,0.32,0.78,0.8,0.283,0,B,[],[],[],,26331,c8e6051fa9ab0fa94b230dce7085aceb19bfffd7
kamadhenu_dataset/incoming_audio/dge_linked/sumadhva_vijaya/smv13.22.mp3,dge_linked/sumadhva_vijaya,smv13.22.mp3,.mp3,mp3 (mp3float),mp3,11025,1,32,16,13.636,-3.12,-20.49,-21.76,-41.04,24.8,0.36,0.8,0.8,0.262,0,B,[],[],[],,27272,41eacddb195c3ff34daf9db4a70f081ef27dad34
kamadhenu_dataset/incoming_audio/dge_linked/sumadhva_vijaya/smv13.23.mp3,dge_linked/sumadhva_vijaya,smv13.23.mp3,.mp3,mp3 (mp3float),mp3,11025,1,32,16,13.74,-2.81,-21.25,-21.8,-40.07,23.6,0.44,0.78,0.9,0.327,0,B,[],[],[],,27481,767df56ede6e9ed7a918dddeb35a2cf977b0f507
kamadhenu_dataset/incoming_audio/dge_linked/sumadhva_vijaya/smv13.24.mp3,dge_linked/sumadhva_vijaya,smv13.24.mp3,.mp3,mp3 (mp3float),mp3,11025,1,32,16,13.061,-2.53,-20.38,-21.25,-38.89,22.6,0.33,0.79,0.79,0.258,0,B,[],[],[],,26122,4f2d9d5a55799ce3105d6cde4d864a44c2e60b71
kamadhenu_dataset/incoming_audio/dge_linked/sumadhva_vijaya/smv13.25.mp3,dge_linked/sumadhva_vijaya,smv13.25.mp3,.mp3,mp3 (mp3float),mp3,11025,1,32,16,14.158,-5.51,-20.06,-21.36,-41.71,26.0,0.44,0.75,0.76,0.248,0,B,[],[],[],,28317,c50f13e9a00184f0411de9822a56ca908679d050
kamadhenu_dataset/incoming_audio/dge_linked/sumadhva_vijaya/smv13.26.mp3,dge_linked/sumadhva_vijaya,smv13.26.mp3,.mp3,mp3 (mp3float),mp3,11025,1,32,16,14.629,-6.11,-21.5,-21.89,-41.9,24.9,0.56,1.03,1.03,0.306,0,B,[],[],[],,29257,0e31e26934ebb305670176f767c011b1e605b33a
kamadhenu_dataset/incoming_audio/dge_linked/sumadhva_vijaya/smv13.27.mp3,dge_linked/sumadhva_vijaya,smv13.27.mp3,.mp3,mp3 (mp3float),mp3,11025,1,32,16,15.726,-5.88,-22.5,-23.98,-44.02,26.1,0.49,0.12,1.2,0.294,0,B,[],[],[],,31451,b042833243f49e6b90ae78c94742e8da0c7538fc
kamadhenu_dataset/incoming_audio/dge_linked/sumadhva_vijaya/smv13.28.mp3,dge_linked/sumadhva_vijaya,smv13.28.mp3,.mp3,mp3 (mp3float),mp3,11025,1,32,16,14.211,-5.65,-21.81,-22.6,-41.03,23.7,0.43,0.7,0.7,0.275,0,B,[],[],[],,28421,c02d4b21048bf36cbc66c3e3382eccfe938f0933
kamadhenu_dataset/incoming_audio/dge_linked/sumadhva_vijaya/smv13.29.mp3,dge_linked/sumadhva_vijaya,smv13.29.mp3,.mp3,mp3 (mp3float),mp3,11025,1,32,16,15.203,-6.02,-22.16,-22.5,-38.74,21.3,0.39,1.07,1.1,0.359,0,B,[],[],[],,30407,792254982c5ab17b1ee8210dcf40e68839e7fdc0
kamadhenu_dataset/incoming_audio/dge_linked/sumadhva_vijaya/smv13.3.mp3,dge_linked/sumadhva_vijaya,smv13.3.mp3,.mp3,mp3 (mp3float),mp3,11025,1,32,16,14.367,-3.25,-19.92,-20.57,-38.44,23.4,0.26,1.24,1.24,0.325,0,B,[],[],[],,28735,6a36695a2053869cfc4a0d2e4e1ca03e4882d6f8
kamadhenu_dataset/incoming_audio/dge_linked/sumadhva_vijaya/smv13.30.mp3,dge_linked/sumadhva_vijaya,smv13.30.mp3,.mp3,mp3 (mp3float),mp3,11025,1,32,16,12.957,-5.38,-21.01,-21.86,-39.06,22.3,0.7,0.92,0.92,0.283,0,B,[],[],[],,25913,f42595109b84681f64a38c39f5ed23837323a2d3
kamadhenu_dataset/incoming_audio/dge_linked/sumadhva_vijaya/smv13.31.mp3,dge_linked/sumadhva_vijaya,smv13.31.mp3,.mp3,mp3 (mp3float),mp3,11025,1,32,16,12.748,-5.4,-21.61,-22.59,-39.8,22.4,0.37,0.94,0.94,0.254,0,B,[],[],[],,25496,61ba95eb7fd9b36895138ae43d5fcc1a524a6133
kamadhenu_dataset/incoming_audio/dge_linked/sumadhva_vijaya/smv13.32.mp3,dge_linked/sumadhva_vijaya,smv13.32.mp3,.mp3,mp3 (mp3float),mp3,11025,1,32,16,14.681,-5.75,-21.49,-23.55,-43.12,26.1,0.2,0.59,0.92,0.256,0,B,[],[],[],,29362,fe324d7282dca95ee69676edc1eb06f243a744d0
kamadhenu_dataset/incoming_audio/dge_linked/sumadhva_vijaya/smv13.33.mp3,dge_linked/sumadhva_vijaya,smv13.33.mp3,.mp3,mp3 (mp3float),mp3,11025,1,32,16,13.531,-7.06,-21.95,-22.67,-39.43,21.7,0.32,0.96,0.96,0.264,0,B,[],[],[],,27063,77101abbbe3f6f22cb1d54dc8f0f278d990cd635
kamadhenu_dataset/incoming_audio/dge_linked/sumadhva_vijaya/smv13.34.mp3,dge_linked/sumadhva_vijaya,smv13.34.mp3,.mp3,mp3 (mp3float),mp3,11025,1,32,16,13.636,-6.28,-21.7,-22.01,-38.74,20.9,0.61,0.95,0.95,0.278,0,B,[],[],[],,27272,53460a408780e2bf80f0e57f51dbc61fafb92715
kamadhenu_dataset/incoming_audio/dge_linked/sumadhva_vijaya/smv13.35.mp3,dge_linked/sumadhva_vijaya,smv13.35.mp3,.mp3,mp3 (mp3float),mp3,11025,1,32,16,14.576,-4.98,-21.57,-22.11,-39.44,22.5,0.36,1.53,1.53,0.353,0,B,[],[],[],,29153,5ee131576631fa956e65726a517efb749253006c
kamadhenu_dataset/incoming_audio/dge_linked/sumadhva_vijaya/smv13.36.mp3,dge_linked/sumadhva_vijaya,smv13.36.mp3,.mp3,mp3 (mp3float),mp3,11025,1,32,16,13.688,-5.07,-20.63,-21.04,-38.12,22.0,0.57,0.91,0.91,0.306,0,B,[],[],[],,27376,8fb52fecd87f7716dca718737bdd35fa412b4837
kamadhenu_dataset/incoming_audio/dge_linked/sumadhva_vijaya/smv13.37.mp3,dge_linked/sumadhva_vijaya,smv13.37.mp3,.mp3,mp3 (mp3float),mp3,11025,1,32,16,14.89,-4.11,-19.78,-20.49,-39.61,24.1,0.69,1.12,1.12,0.309,0,B,[],[],[],,29780,1744701f9543884a3cf6e6a98deb12fcb41b133e
kamadhenu_dataset/incoming_audio/dge_linked/sumadhva_vijaya/smv13.38.mp3,dge_linked/sumadhva_vijaya,smv13.38.mp3,.mp3,mp3 (mp3float),mp3,11025,1,32,16,16.196,-5.13,-20.69,-21.89,-42.9,26.8,0.38,0.58,1.02,0.301,0,B,[],[],[],,32392,30dcdc825df9731b7295d04b163b8b48fd1586d1
kamadhenu_dataset/incoming_audio/dge_linked/sumadhva_vijaya/smv13.39.mp3,dge_linked/sumadhva_vijaya,smv13.39.mp3,.mp3,mp3 (mp3float),mp3,11025,1,32,16,14.367,-5.4,-21.06,-21.71,-40.69,24.0,0.59,1.03,1.03,0.293,0,B,[],[],[],,28735,fd2c87ed56d22e9b656d0c0127e21d094bbae7ce
kamadhenu_dataset/incoming_audio/dge_linked/sumadhva_vijaya/smv13.4.mp3,dge_linked/sumadhva_vijaya,smv13.4.mp3,.mp3,mp3 (mp3float),mp3,11025,1,32,16,15.047,-2.29,-20.19,-21.29,-40.16,24.8,0.47,1.1,1.1,0.294,0,B,[],[],[],,30093,79659a8bcecb665e468575b4b28a107d9285f931
kamadhenu_dataset/incoming_audio/dge_linked/sumadhva_vijaya/smv13.40.mp3,dge_linked/sumadhva_vijaya,smv13.40.mp3,.mp3,mp3 (mp3float),mp3,11025,1,32,16,13.949,-5.03,-20.83,-21.84,-41.78,25.6,0.51,0.93,0.93,0.297,0,B,[],[],[],,27899,12d35cfef470603df6ff26c23439d38d851c4c5f
kamadhenu_dataset/incoming_audio/dge_linked/sumadhva_vijaya/smv13.41.mp3,dge_linked/sumadhva_vijaya,smv13.41.mp3,.mp3,mp3 (mp3float),mp3,11025,1,32,16,14.315,-4.68,-20.66,-22.13,-39.54,23.9,0.4,0.95,0.98,0.285,0,B,[],[],[],,28630,afe043f69b18ecff7527dac9ee4e560b05e3caac
kamadhenu_dataset/incoming_audio/dge_linked/sumadhva_vijaya/smv13.42.mp3,dge_linked/sumadhva_vijaya,smv13.42.mp3,.mp3,mp3 (mp3float),mp3,11025,1,32,16,14.054,-2.79,-18.19,-19.52,-39.39,26.1,0.51,1.06,1.06,0.267,0,B,[],[],[],,28108,d0d8e1a615c872aaa8806722b469a269d3d6327d
kamadhenu_dataset/incoming_audio/dge_linked/sumadhva_vijaya/smv13.43.mp3,dge_linked/sumadhva_vijaya,smv13.43.mp3,.mp3,mp3 (mp3float),mp3,11025,1,32,16,15.256,-4.02,-19.66,-23.35,-44.93,30.3,0.2,0.15,0.94,0.215,0,B,[],[],[],,30511,fc29f34f608a7bcae4350204088160fda33a21fe
kamadhenu_dataset/incoming_audio/dge_linked/sumadhva_vijaya/smv13.44.mp3,dge_linked/sumadhva_vijaya,smv13.44.mp3,.mp3,mp3 (mp3float),mp3,11025,1,32,16,12.852,-5.08,-20.27,-21.65,-40.22,24.5,0.18,0.89,0.89,0.277,0,B,[],[],[],,25704,0304aab8d23acb34d2675daa386b804537ffca16
kamadhenu_dataset/incoming_audio/dge_linked/sumadhva_vijaya/smv13.45.mp3,dge_linked/sumadhva_vijaya,smv13.45.mp3,.mp3,mp3 (mp3float),mp3,11025,1,32,16,15.099,-5.11,-21.6,-24.98,-45.12,28.1,0.46,0.13,0.64,0.234,0,B,[],[],[],,30198,8d245b0bc320e97777a2eab5f5dd988a97926808
kamadhenu_dataset/incoming_audio/dge_linked/sumadhva_vijaya/smv13.46.mp3,dge_linked/sumadhva_vijaya,smv13.46.mp3,.mp3,mp3 (mp3float),mp3,11025,1,32,16,14.524,-5.24,-21.13,-23.12,-43.29,26.7,0.67,0.86,0.86,0.287,0,B,[],[],[],,29048,12d23b00be6b5e8c063f472479b7165373518417
kamadhenu_dataset/incoming_audio/dge_linked/sumadhva_vijaya/smv13.47.mp3,dge_linked/sumadhva_vijaya,smv13.47.mp3,.mp3,mp3 (mp3float),mp3,11025,1,32,16,14.106,-5.65,-22.14,-25.14,-47.43,30.0,0.19,0.08,0.8,0.186,0,B,[],[],[],,28212,0fc665196db30f1ac09093ae5553888a985008a4
kamadhenu_dataset/incoming_audio/dge_linked/sumadhva_vijaya/smv13.48.mp3,dge_linked/sumadhva_vijaya,smv13.48.mp3,.mp3,mp3 (mp3float),mp3,11025,1,32,16,13.897,-6.26,-21.46,-22.93,-42.09,25.7,0.61,0.74,0.87,0.311,0,B,[],[],[],,27794,c09a080a20aa76d435e3f5036c602a24e3f1837e
kamadhenu_dataset/incoming_audio/dge_linked/sumadhva_vijaya/smv13.49.mp3,dge_linked/sumadhva_vijaya,smv13.49.mp3,.mp3,mp3 (mp3float),mp3,11025,1,32,16,14.785,-5.57,-20.67,-21.85,-39.92,24.4,0.59,0.9,0.9,0.328,0,B,[],[],[],,29571,6a192ba6fa31594c8c9aeae6070a3e6665d3e0ee
kamadhenu_dataset/incoming_audio/dge_linked/sumadhva_vijaya/smv13.5.mp3,dge_linked/sumadhva_vijaya,smv13.5.mp3,.mp3,mp3 (mp3float),mp3,11025,1,32,16,14.785,-3.62,-20.44,-21.14,-38.65,22.9,0.44,0.9,0.9,0.29,0,B,[],[],[],,29571,12a85eaa92137fee2967c347c6a2c20094b1c9dc
kamadhenu_dataset/incoming_audio/dge_linked/sumadhva_vijaya/smv13.50.mp3,dge_linked/sumadhva_vijaya,smv13.50.mp3,.mp3,mp3 (mp3float),mp3,11025,1,32,16,14.211,-4.22,-20.67,-22.36,-42.97,27.2,0.21,0.74,0.96,0.3,0,B,[],[],[],,28421,15bc713cfed3e85d1df33e0829860b3b06cbee16
kamadhenu_dataset/incoming_audio/dge_linked/sumadhva_vijaya/smv13.51.mp3,dge_linked/sumadhva_vijaya,smv13.51.mp3,.mp3,mp3 (mp3float),mp3,11025,1,32,16,13.375,-4.66,-20.46,-21.53,-39.78,23.6,0.49,0.62,0.95,0.285,0,B,[],[],[],,26749,d4f86a715810809bc3a33f2f175d84c2368d55ad
kamadhenu_dataset/incoming_audio/dge_linked/sumadhva_vijaya/smv13.52.mp3,dge_linked/sumadhva_vijaya,smv13.52.mp3,.mp3,mp3 (mp3float),mp3,11025,1,32,16,14.472,-5.37,-20.86,-22.06,-39.41,23.3,0.32,0.9,0.9,0.292,0,B,[],[],[],,28944,a87f87e714bc74500b3ad2f03f076344ddb94d82
kamadhenu_dataset/incoming_audio/dge_linked/sumadhva_vijaya/smv13.53.mp3,dge_linked/sumadhva_vijaya,smv13.53.mp3,.mp3,mp3 (mp3float),mp3,11025,1,32,16,13.061,-5.48,-20.97,-21.97,-40.2,24.0,0.25,1.02,1.02,0.293,0,B,[],[],[],,26122,505140c8b3271fb2192285f830d01d7ad6ae3f91
kamadhenu_dataset/incoming_audio/dge_linked/sumadhva_vijaya/smv13.54.mp3,dge_linked/sumadhva_vijaya,smv13.54.mp3,.mp3,mp3 (mp3float),mp3,11025,1,32,16,15.151,-5.08,-20.67,-21.69,-39.75,24.2,0.38,1.06,1.06,0.336,0,B,[],[],[],,30302,d37be54b0eb79a1bb07318cdacc6e933c245aa6b
kamadhenu_dataset/incoming_audio/dge_linked/sumadhva_vijaya/smv13.55.mp3,dge_linked/sumadhva_vijaya,smv13.55.mp3,.mp3,mp3 (mp3float),mp3,11025,1,32,16,14.629,-4.75,-20.99,-22.66,-42.48,26.2,0.2,0.67,1.13,0.271,0,B,[],[],[],,29257,41272969563c84b8957ff616db7e0c1c47e2dfcd
kamadhenu_dataset/incoming_audio/dge_linked/sumadhva_vijaya/smv13.56.mp3,dge_linked/sumadhva_vijaya,smv13.56.mp3,.mp3,mp3 (mp3float),mp3,11025,1,32,16,12.905,-4.88,-20.61,-21.88,-39.31,23.2,0.25,0.99,0.99,0.255,0,B,[],[],[],,25809,5a5a1f9223fd24f6191303b8e7a6c02aa7deb675
kamadhenu_dataset/incoming_audio/dge_linked/sumadhva_vijaya/smv13.57.mp3,dge_linked/sumadhva_vijaya,smv13.57.mp3,.mp3,mp3 (mp3float),mp3,11025,1,32,16,13.584,-5.22,-21.33,-22.38,-40.14,23.6,0.2,0.86,0.86,0.3,0,B,[],[],[],,27167,e3d6aff83dd8b117a71c075ae9c0fdf738c47351
kamadhenu_dataset/incoming_audio/dge_linked/sumadhva_vijaya/smv13.58.mp3,dge_linked/sumadhva_vijaya,smv13.58.mp3,.mp3,mp3 (mp3float),mp3,11025,1,32,16,12.643,-6.0,-21.05,-21.84,-39.54,22.9,0.21,0.84,0.84,0.304,0,B,[],[],[],,25287,940120da1af61955799946de2479536c87c83952
kamadhenu_dataset/incoming_audio/dge_linked/sumadhva_vijaya/smv13.59.mp3,dge_linked/sumadhva_vijaya,smv13.59.mp3,.mp3,mp3 (mp3float),mp3,11025,1,32,16,14.315,-5.02,-21.6,-23.01,-43.82,26.4,0.19,0.12,1.04,0.285,0,B,[],[],[],,28630,33edfa4634795e848a3a5c0b137f86d72760ba21
kamadhenu_dataset/incoming_audio/dge_linked/sumadhva_vijaya/smv13.6.mp3,dge_linked/sumadhva_vijaya,smv13.6.mp3,.mp3,mp3 (mp3float),mp3,11025,1,32,16,15.621,-3.18,-20.47,-21.18,-38.65,23.0,0.41,1.6,1.6,0.346,0,B,[],[],[],,31242,7ea28886f4ce2246caf467816e8b2ddc5ffb6f5e
kamadhenu_dataset/incoming_audio/dge_linked/sumadhva_vijaya/smv13.60.mp3,dge_linked/sumadhva_vijaya,smv13.60.mp3,.mp3,mp3 (mp3float),mp3,11025,1,32,16,12.069,-4.38,-19.63,-21.18,-40.04,24.7,0.39,0.91,0.91,0.206,0,B,[],[],[],,24137,0f4a32d5bba41a673d7dc76d25bb8b475192ceb1
kamadhenu_dataset/incoming_audio/dge_linked/sumadhva_vijaya/smv13.61.mp3,dge_linked/sumadhva_vijaya,smv13.61.mp3,.mp3,mp3 (mp3float),mp3,11025,1,32,16,14.472,-5.0,-20.95,-22.3,-40.89,24.8,0.28,0.84,1.19,0.295,0,B,[],[],[],,28944,b169c8d69f9d05bd4853be5d6ae2183a299dcecd
kamadhenu_dataset/incoming_audio/dge_linked/sumadhva_vijaya/smv13.62.mp3,dge_linked/sumadhva_vijaya,smv13.62.mp3,.mp3,mp3 (mp3float),mp3,11025,1,32,16,13.375,-5.26,-20.32,-21.66,-39.66,24.0,0.24,0.82,0.82,0.255,0,B,[],[],[],,26749,68820f50a42794983edd19a00590d2842b54a06d
kamadhenu_dataset/incoming_audio/dge_linked/sumadhva_vijaya/smv13.63.mp3,dge_linked/sumadhva_vijaya,smv13.63.mp3,.mp3,mp3 (mp3float),mp3,11025,1,32,16,14.002,-5.01,-20.65,-21.87,-41.04,24.6,0.4,0.79,0.79,0.244,0,B,[],[],[],,28003,f79cee666dcb9f0d457486c82be6c6a9d1b03364
kamadhenu_dataset/incoming_audio/dge_linked/sumadhva_vijaya/smv13.64.mp3,dge_linked/sumadhva_vijaya,smv13.64.mp3,.mp3,mp3 (mp3float),mp3,11025,1,32,16,12.957,-4.9,-20.89,-22.15,-39.71,23.3,0.33,0.84,0.84,0.229,0,B,[],[],[],,25913,41b15743a177c5a4a0438aa0922a65cbdb03e39a
kamadhenu_dataset/incoming_audio/dge_linked/sumadhva_vijaya/smv13.65.mp3,dge_linked/sumadhva_vijaya,smv13.65.mp3,.mp3,mp3 (mp3float),mp3,11025,1,32,16,12.748,-5.03,-21.0,-23.19,-43.91,27.3,0.19,0.14,0.63,0.231,0,B,[],[],[],,25496,7da09a759015326f6dabbb0af6c3cc0af5d72343
kamadhenu_dataset/incoming_audio/dge_linked/sumadhva_vijaya/smv13.66.mp3,dge_linked/sumadhva_vijaya,smv13.66.mp3,.mp3,mp3 (mp3float),mp3,11025,1,32,16,13.897,-4.01,-19.66,-21.68,-40.93,25.8,0.2,0.81,0.81,0.257,0,B,[],[],[],,27794,5ddcd74ec47f5fbe27f7ddf10ccaada241383869
kamadhenu_dataset/incoming_audio/dge_linked/sumadhva_vijaya/smv13.67.mp3,dge_linked/sumadhva_vijaya,smv13.67.mp3,.mp3,mp3 (mp3float),mp3,11025,1,32,16,12.957,-4.38,-20.77,-22.13,-38.83,23.1,0.36,0.8,0.93,0.318,0,B,[],[],[],,25913,f4d60cbc8049e3d161f588960d55de0ee8cc1462
kamadhenu_dataset/incoming_audio/dge_linked/sumadhva_vijaya/smv13.68.mp3,dge_linked/sumadhva_vijaya,smv13.68.mp3,.mp3,mp3 (mp3float),mp3,11025,1,32,16,13.845,-4.35,-19.92,-20.95,-39.08,23.6,0.2,0.8,0.8,0.271,0,B,[],[],[],,27690,962112d026e114d4f9f882bf9a0276eedb493b42
kamadhenu_dataset/incoming_audio/dge_linked/sumadhva_vijaya/smv13.69.mp3,dge_linked/sumadhva_vijaya,smv13.69.mp3,.mp3,mp3 (mp3float),mp3,11025,1,32,16,15.726,-4.73,-20.0,-20.94,-38.88,23.0,0.25,0.85,0.85,0.242,0,B,[],[],[],,31451,59ccee0fc02f2dead954708d79b3e4ee48f0b391
kamadhenu_dataset/incoming_audio/dge_linked/sumadhva_vijaya/smv13.7.mp3,dge_linked/sumadhva_vijaya,smv13.7.mp3,.mp3,mp3 (mp3float),mp3,11025,1,32,16,14.367,-3.6,-19.45,-20.36,-38.06,23.5,0.79,0.84,0.96,0.294,0,B,[],[],[],,28735,29fb102048162b7b4f54a6d754cf8cd06a556bfe
kamadhenu_dataset/incoming_audio/dge_linked/sumadhva_vijaya/smv13.8.mp3,dge_linked/sumadhva_vijaya,smv13.8.mp3,.mp3,mp3 (mp3float),mp3,11025,1,32,16,14.002,-2.72,-19.47,-20.28,-38.82,24.6,0.2,1.14,1.16,0.351,0,B,[],[],[],,28003,0877556b0650b01cb4336bcad3b6de28bec5c1eb
kamadhenu_dataset/incoming_audio/dge_linked/sumadhva_vijaya/smv13.9.mp3,dge_linked/sumadhva_vijaya,smv13.9.mp3,.mp3,mp3 (mp3float),mp3,11025,1,32,16,14.263,-3.88,-20.25,-21.17,-38.19,22.9,0.52,0.8,1.02,0.308,0,B,[],[],[],,28526,1b5dc11a0bbde2b2e997af163bf72c74ebd75c40
kamadhenu_dataset/incoming_audio/dge_linked/sumadhva_vijaya/smv14.1.mp3,dge_linked/sumadhva_vijaya,smv14.1.mp3,.mp3,mp3 (mp3float),mp3,11025,1,32,16,19.331,-4.36,-20.78,-21.92,-41.13,25.0,0.19,0.82,1.03,0.281,0,B,[],[],[],,38661,9824449445401cc758a95163a864a76b44a7e133
kamadhenu_dataset/incoming_audio/dge_linked/sumadhva_vijaya/smv14.10.mp3,dge_linked/sumadhva_vijaya,smv14.10.mp3,.mp3,mp3 (mp3float),mp3,11025,1,32,16,21.003,-5.54,-21.81,-23.18,-40.85,23.5,0.31,0.79,0.93,0.282,0,B,[],[],[],,42005,0005f5a691c9864cbac2ff44ddc1f3c0b64f8f00
kamadhenu_dataset/incoming_audio/dge_linked/sumadhva_vijaya/smv14.11.mp3,dge_linked/sumadhva_vijaya,smv14.11.mp3,.mp3,mp3 (mp3float),mp3,11025,1,32,16,16.353,-5.21,-21.07,-21.98,-40.65,23.7,0.4,0.81,0.81,0.276,0,B,[],[],[],,32705,3aa08965b68837d649e0101d31a5578357377228
kamadhenu_dataset/incoming_audio/dge_linked/sumadhva_vijaya/smv14.12.mp3,dge_linked/sumadhva_vijaya,smv14.12.mp3,.mp3,mp3 (mp3float),mp3,11025,1,32,16,16.666,-4.67,-21.3,-21.96,-38.24,21.1,0.21,0.99,0.99,0.263,0,B,[],[],[],,33332,39c472fa4cff6091a85eb4895ed2830e2ddaeaa4
kamadhenu_dataset/incoming_audio/dge_linked/sumadhva_vijaya/smv14.13.mp3,dge_linked/sumadhva_vijaya,smv14.13.mp3,.mp3,mp3 (mp3float),mp3,11025,1,32,16,18.233,-3.23,-19.27,-21.02,-40.28,25.8,0.47,0.86,0.86,0.264,0,B,[],[],[],,36467,2c7e64e1a5f106a4a0f3ab54b3d7f0f366ac066b
kamadhenu_dataset/incoming_audio/dge_linked/sumadhva_vijaya/smv14.14.mp3,dge_linked/sumadhva_vijaya,smv14.14.mp3,.mp3,mp3 (mp3float),mp3,11025,1,32,16,17.972,-3.74,-19.55,-20.81,-40.19,25.0,0.32,0.87,1.08,0.308,0,B,[],[],[],,35944,01d96f3c31a4be6ddb84c1a18f295f72455d965f
kamadhenu_dataset/incoming_audio/dge_linked/sumadhva_vijaya/smv14.15.mp3,dge_linked/sumadhva_vijaya,smv14.15.mp3,.mp3,mp3 (mp3float),mp3,11025,1,32,16,16.875,-2.29,-18.91,-20.29,-39.24,24.9,0.43,0.81,0.99,0.225,0,B,[],[],[],,33750,e125001ac92ccdb49f84891ccc595029dfc46ea5
kamadhenu_dataset/incoming_audio/dge_linked/sumadhva_vijaya/smv14.16.mp3,dge_linked/sumadhva_vijaya,smv14.16.mp3,.mp3,mp3 (mp3float),mp3,11025,1,32,16,16.771,-3.1,-17.7,-19.04,-39.75,26.4,0.2,0.67,0.67,0.233,0,B,[],[],[],,33541,6515ae16c3c5bbafc8e04195c10203d9a033ce5d
kamadhenu_dataset/incoming_audio/dge_linked/sumadhva_vijaya/smv14.17.mp3,dge_linked/sumadhva_vijaya,smv14.17.mp3,.mp3,mp3 (mp3float),mp3,11025,1,32,16,16.98,-5.58,-21.15,-21.6,-38.78,21.6,0.31,0.9,0.9,0.26,0,B,[],[],[],,33959,aefb43a2665a96611542324f329aa552f13a25b9
kamadhenu_dataset/incoming_audio/dge_linked/sumadhva_vijaya/smv14.18.mp3,dge_linked/sumadhva_vijaya,smv14.18.mp3,.mp3,mp3 (mp3float),mp3,11025,1,32,16,16.718,-4.77,-20.51,-21.41,-38.97,22.7,0.42,0.97,0.97,0.238,0,B,[],[],[],,33437,de3fa7f73f4b9e2091e25c284bb025cadd24bc1a
kamadhenu_dataset/incoming_audio/dge_linked/sumadhva_vijaya/smv14.19.mp3,dge_linked/sumadhva_vijaya,smv14.19.mp3,.mp3,mp3 (mp3float),mp3,11025,1,32,16,17.032,-5.01,-21.09,-22.01,-39.59,22.6,0.31,0.85,0.85,0.21,0,B,[],[],[],,34064,091ff4de4f1844810a4bee885466a98d933e73fd
kamadhenu_dataset/incoming_audio/dge_linked/sumadhva_vijaya/smv14.2.mp3,dge_linked/sumadhva_vijaya,smv14.2.mp3,.mp3,mp3 (mp3float),mp3,11025,1,32,16,17.92,-5.42,-19.98,-20.76,-37.93,22.1,0.22,0.82,0.82,0.259,0,B,[],[],[],,35840,ed264bf426b1c53a05b6e3785f5e70ca249df478
kamadhenu_dataset/incoming_audio/dge_linked/sumadhva_vijaya/smv14.20.mp3,dge_linked/sumadhva_vijaya,smv14.20.mp3,.mp3,mp3 (mp3float),mp3,11025,1,32,16,17.189,-5.15,-20.65,-21.22,-36.98,20.4,0.42,0.94,0.94,0.249,0,B,"[""exact_duplicate""]","[""kamadhenu_dataset/incoming_audio/dge_linked/sumadhva_vijaya/smv14.21.mp3""]",[],,34377,40886a1935c3fdeeb0c37292ed9849342654b1d9
kamadhenu_dataset/incoming_audio/dge_linked/sumadhva_vijaya/smv14.21.mp3,dge_linked/sumadhva_vijaya,smv14.21.mp3,.mp3,mp3 (mp3float),mp3,11025,1,32,16,17.189,-5.15,-20.65,-21.22,-36.98,20.4,0.42,0.94,0.94,0.249,0,B,"[""exact_duplicate""]","[""kamadhenu_dataset/incoming_audio/dge_linked/sumadhva_vijaya/smv14.20.mp3""]",[],,34377,40886a1935c3fdeeb0c37292ed9849342654b1d9
kamadhenu_dataset/incoming_audio/dge_linked/sumadhva_vijaya/smv14.22.mp3,dge_linked/sumadhva_vijaya,smv14.22.mp3,.mp3,mp3 (mp3float),mp3,11025,1,32,16,1.045,-26.9,-38.47,-37.49,-80.33,44.2,0.18,0.06,0.18,0.235,0,B,"[""low_volume""]",[],[],,2090,0849dce283b73cc62ba8062cb11a94e2c00f6509
kamadhenu_dataset/incoming_audio/dge_linked/sumadhva_vijaya/smv14.23.mp3,dge_linked/sumadhva_vijaya,smv14.23.mp3,.mp3,mp3 (mp3float),mp3,11025,1,32,16,17.763,-5.45,-21.51,-22.49,-38.26,20.6,0.28,0.22,0.31,0.235,0,B,[],[],[],,35527,dc0505bd65c5fd1a5bf8cd95f4f973849c726cfc
kamadhenu_dataset/incoming_audio/dge_linked/sumadhva_vijaya/smv14.24.mp3,dge_linked/sumadhva_vijaya,smv14.24.mp3,.mp3,mp3 (mp3float),mp3,11025,1,32,16,17.084,-3.05,-19.28,-20.21,-37.09,22.3,0.31,0.27,0.91,0.278,0,B,[],[],[],,34168,b6c6f4a83bb26724dc878c171ebbdf73d2860c0d
kamadhenu_dataset/incoming_audio/dge_linked/sumadhva_vijaya/smv14.25.mp3,dge_linked/sumadhva_vijaya,smv14.25.mp3,.mp3,mp3 (mp3float),mp3,11025,1,32,16,16.823,-2.92,-18.71,-19.62,-37.18,22.6,0.2,0.28,0.57,0.261,0,B,[],[],[],,33646,880e7946f5f4744cc5798b6f1f6f13ccc5b39fce
kamadhenu_dataset/incoming_audio/dge_linked/sumadhva_vijaya/smv14.26.mp3,dge_linked/sumadhva_vijaya,smv14.26.mp3,.mp3,mp3 (mp3float),mp3,11025,1,32,16,16.927,-4.48,-19.96,-21.02,-37.65,22.0,0.35,0.26,0.64,0.268,0,B,[],[],[],,33855,636e378574aadb37153ffcbe602fccc99dad7e04
kamadhenu_dataset/incoming_audio/dge_linked/sumadhva_vijaya/smv14.27.mp3,dge_linked/sumadhva_vijaya,smv14.27.mp3,.mp3,mp3 (mp3float),mp3,11025,1,32,16,15.935,-5.31,-20.85,-22.33,-38.99,22.3,0.19,0.22,0.63,0.238,0,B,[],[],[],,31869,06f3bc14dffa9892ec08552408276131ac5a95d2
kamadhenu_dataset/incoming_audio/dge_linked/sumadhva_vijaya/smv14.28.mp3,dge_linked/sumadhva_vijaya,smv14.28.mp3,.mp3,mp3 (mp3float),mp3,11025,1,32,16,15.987,-4.74,-20.71,-21.63,-38.49,21.6,0.31,0.22,0.34,0.235,0,B,[],[],[],,31974,21e9321c863b15b8ffe2853f56120d98ba66fda9
kamadhenu_dataset/incoming_audio/dge_linked/sumadhva_vijaya/smv14.29.mp3,dge_linked/sumadhva_vijaya,smv14.29.mp3,.mp3,mp3 (mp3float),mp3,11025,1,32,16,16.196,-4.99,-20.62,-21.57,-38.43,22.1,0.34,0.25,0.43,0.242,0,B,[],[],[],,32392,1949161bd5e2837836cf20b27b56053262cd4ba3
kamadhenu_dataset/incoming_audio/dge_linked/sumadhva_vijaya/smv14.3.mp3,dge_linked/sumadhva_vijaya,smv14.3.mp3,.mp3,mp3 (mp3float),mp3,11025,1,32,16,17.345,-5.01,-20.85,-21.52,-38.8,22.1,0.19,0.82,0.82,0.26,0,B,[],[],[],,34691,428302373261290300f6796acadc8111a9632487
kamadhenu_dataset/incoming_audio/dge_linked/sumadhva_vijaya/smv14.30.mp3,dge_linked/sumadhva_vijaya,smv14.30.mp3,.mp3,mp3 (mp3float),mp3,11025,1,32,16,16.091,-4.84,-20.7,-21.1,-36.3,19.4,0.4,0.8,0.8,0.253,0,B,[],[],[],,32183,82164b0dc250eb4b5fb460031bd1f12be64ae5b0
kamadhenu_dataset/incoming_audio/dge_linked/sumadhva_vijaya/smv14.31.mp3,dge_linked/sumadhva_vijaya,smv14.31.mp3,.mp3,mp3 (mp3float),mp3,11025,1,32,16,16.823,-3.96,-19.15,-19.63,-36.42,21.7,0.6,0.74,0.82,0.31,0,B,[],[],[],,33646,5c7ce7adc2762d9b896400c3867356a38d47de14
kamadhenu_dataset/incoming_audio/dge_linked/sumadhva_vijaya/smv14.32.mp3,dge_linked/sumadhva_vijaya,smv14.32.mp3,.mp3,mp3 (mp3float),mp3,11025,1,32,16,16.718,-4.18,-19.44,-20.79,-38.58,23.2,0.19,0.24,0.49,0.221,0,B,[],[],[],,33437,1022b09e35781a0063baeee85a1e4f7622befaec
kamadhenu_dataset/incoming_audio/dge_linked/sumadhva_vijaya/smv14.33.mp3,dge_linked/sumadhva_vijaya,smv14.33.mp3,.mp3,mp3 (mp3float),mp3,11025,1,32,16,16.091,-4.14,-19.64,-21.14,-39.55,24.0,0.42,0.17,0.46,0.195,0,B,[],[],[],,32183,be7b44aa78d322d9033a26605c1db7cae0909231
kamadhenu_dataset/incoming_audio/dge_linked/sumadhva_vijaya/smv14.34.mp3,dge_linked/sumadhva_vijaya,smv14.34.mp3,.mp3,mp3 (mp3float),mp3,11025,1,32,16,15.517,-5.0,-20.2,-21.77,-39.76,23.7,0.35,0.17,0.55,0.189,0,B,[],[],[],,31033,f95064177cb161f91bcddf0626dbdbcdb70f8bae
kamadhenu_dataset/incoming_audio/dge_linked/sumadhva_vijaya/smv14.35.mp3,dge_linked/sumadhva_vijaya,smv14.35.mp3,.mp3,mp3 (mp3float),mp3,11025,1,32,16,16.562,-6.1,-21.66,-22.53,-39.15,21.7,0.31,0.19,0.49,0.262,0,B,[],[],[],,33123,1ba16b1ebf56dd71f69923e75e1c3b121019d7df
kamadhenu_dataset/incoming_audio/dge_linked/sumadhva_vijaya/smv14.36.mp3,dge_linked/sumadhva_vijaya,smv14.36.mp3,.mp3,mp3 (mp3float),mp3,11025,1,32,16,16.3,-6.17,-21.31,-22.13,-38.0,20.7,0.25,0.25,0.31,0.23,0,B,"[""exact_duplicate""]","[""kamadhenu_dataset/incoming_audio/dge_linked/sumadhva_vijaya/smv14.37.mp3""]",[],,32601,06710060a193a69b6a031655b90eed692036b398
kamadhenu_dataset/incoming_audio/dge_linked/sumadhva_vijaya/smv14.37.mp3,dge_linked/sumadhva_vijaya,smv14.37.mp3,.mp3,mp3 (mp3float),mp3,11025,1,32,16,16.3,-6.17,-21.31,-22.13,-38.0,20.7,0.25,0.25,0.31,0.23,0,B,"[""exact_duplicate""]","[""kamadhenu_dataset/incoming_audio/dge_linked/sumadhva_vijaya/smv14.36.mp3""]",[],,32601,06710060a193a69b6a031655b90eed692036b398
kamadhenu_dataset/incoming_audio/dge_linked/sumadhva_vijaya/smv14.38.mp3,dge_linked/sumadhva_vijaya,smv14.38.mp3,.mp3,mp3 (mp3float),mp3,11025,1,32,16,16.144,-4.87,-19.89,-20.84,-37.12,21.3,0.37,0.23,0.47,0.235,0,B,[],[],[],,32287,3b5ec06c575779834858481bfbac461507546ea2
kamadhenu_dataset/incoming_audio/dge_linked/sumadhva_vijaya/smv14.39.mp3,dge_linked/sumadhva_vijaya,smv14.39.mp3,.mp3,mp3 (mp3float),mp3,11025,1,32,16,15.935,-5.03,-20.63,-21.7,-38.14,21.7,0.29,0.2,0.55,0.19,0,B,[],[],[],,31869,01f6c682e1f086662777762dd39604df28037bae
kamadhenu_dataset/incoming_audio/dge_linked/sumadhva_vijaya/smv14.4.mp3,dge_linked/sumadhva_vijaya,smv14.4.mp3,.mp3,mp3 (mp3float),mp3,11025,1,32,16,18.181,-4.79,-21.09,-22.42,-39.95,23.1,0.24,0.8,1.08,0.226,0,B,[],[],[],,36362,d54ce5a9c10d30b70dafbca3f47a18c24798be8c
kamadhenu_dataset/incoming_audio/dge_linked/sumadhva_vijaya/smv14.40.mp3,dge_linked/sumadhva_vijaya,smv14.40.mp3,.mp3,mp3 (mp3float),mp3,11025,1,32,16,16.614,-5.42,-20.85,-21.94,-40.3,23.5,0.49,0.16,0.83,0.225,0,B,[],[],[],,33228,bea564b4abaa612179516798134adc3a7c2794ea
kamadhenu_dataset/incoming_audio/dge_linked/sumadhva_vijaya/smv14.41.mp3,dge_linked/sumadhva_vijaya,smv14.41.mp3,.mp3,mp3 (mp3float),mp3,11025,1,32,16,15.987,-5.34,-19.84,-20.45,-36.06,20.4,0.32,0.91,0.91,0.242,0,B,[],[],[],,31974,7071606f32d9aef25a26ddf832d8d25969b7c7b8
kamadhenu_dataset/incoming_audio/dge_linked/sumadhva_vijaya/smv14.42.mp3,dge_linked/sumadhva_vijaya,smv14.42.mp3,.mp3,mp3 (mp3float),mp3,11025,1,32,16,17.241,-5.61,-21.12,-22.63,-39.85,23.0,0.2,0.19,0.48,0.207,0,B,[],[],[],,34482,35a42b2e967a65f1d85f9b10570f2c19a60c4bdd
kamadhenu_dataset/incoming_audio/dge_linked/sumadhva_vijaya/smv14.43.mp3,dge_linked/sumadhva_vijaya,smv14.43.mp3,.mp3,mp3 (mp3float),mp3,11025,1,32,16,17.084,-4.73,-20.72,-21.99,-39.43,22.6,0.2,0.21,0.5,0.214,0,B,[],[],[],,34168,b79abd477b8c15484bcc2ca6e97eabe2472c76bc
kamadhenu_dataset/incoming_audio/dge_linked/sumadhva_vijaya/smv14.44.mp3,dge_linked/sumadhva_vijaya,smv14.44.mp3,.mp3,mp3 (mp3float),mp3,11025,1,32,16,17.711,-4.68,-20.24,-21.09,-39.32,23.2,0.41,0.21,0.54,0.241,0,B,[],[],[],,35422,9e1837336a2bff89c72c19670827d0b8065b84ef
kamadhenu_dataset/incoming_audio/dge_linked/sumadhva_vijaya/smv14.45.mp3,dge_linked/sumadhva_vijaya,smv14.45.mp3,.mp3,mp3 (mp3float),mp3,11025,1,32,16,17.659,-4.44,-20.85,-21.78,-38.36,21.5,0.36,0.23,0.58,0.222,0,B,[],[],[],,35318,ed9f5d90c04498901a7b0cf509b24338cf125865
kamadhenu_dataset/incoming_audio/dge_linked/sumadhva_vijaya/smv14.46.mp3,dge_linked/sumadhva_vijaya,smv14.46.mp3,.mp3,mp3 (mp3float),mp3,11025,1,32,16,16.98,-4.86,-19.98,-21.14,-38.96,23.0,0.19,0.22,0.84,0.229,0,B,[],[],[],,33959,32c9a9e7ea64063051f05f638839239820fefa64
kamadhenu_dataset/incoming_audio/dge_linked/sumadhva_vijaya/smv14.47.mp3,dge_linked/sumadhva_vijaya,smv14.47.mp3,.mp3,mp3 (mp3float),mp3,11025,1,32,16,15.464,-4.13,-20.07,-20.64,-35.87,19.7,0.27,0.6,0.6,0.242,0,B,[],[],[],,30929,55dc71462aa48dd37ffdccfca6c427ca775deef3
kamadhenu_dataset/incoming_audio/dge_linked/sumadhva_vijaya/smv14.48.mp3,dge_linked/sumadhva_vijaya,smv14.48.mp3,.mp3,mp3 (mp3float),mp3,11025,1,32,16,18.495,-3.46,-19.87,-20.82,-40.42,25.0,0.81,0.15,1.38,0.297,0,B,[],[],[],,36989,bbe4358ea3047840fcfc2c70e081f45b54e2d7b9
kamadhenu_dataset/incoming_audio/dge_linked/sumadhva_vijaya/smv14.49.mp3,dge_linked/sumadhva_vijaya,smv14.49.mp3,.mp3,mp3 (mp3float),mp3,11025,1,32,16,18.808,-4.47,-19.53,-22.29,-47.04,32.2,0.52,0.1,1.02,0.205,0,B,[],[],[],,37616,6113a1181bf980b7db700568842013336f630864
kamadhenu_dataset/incoming_audio/dge_linked/sumadhva_vijaya/smv14.5.mp3,dge_linked/sumadhva_vijaya,smv14.5.mp3,.mp3,mp3 (mp3float),mp3,11025,1,32,16,16.666,-5.2,-21.4,-22.68,-41.16,24.0,0.3,0.82,0.82,0.235,0,B,[],[],[],,33332,9331959891363c72f2a31ff61caccd5571ac47e8
kamadhenu_dataset/incoming_audio/dge_linked/sumadhva_vijaya/smv14.50.mp3,dge_linked/sumadhva_vijaya,smv14.50.mp3,.mp3,mp3 (mp3float),mp3,11025,1,32,16,17.816,-3.47,-18.19,-19.79,-39.8,25.7,0.34,0.19,0.84,0.219,0,B,[],[],[],,35631,34ee153d827bf520b3cc0a4cf4e1eef74f743c35
kamadhenu_dataset/incoming_audio/dge_linked/sumadhva_vijaya/smv14.51.mp3,dge_linked/sumadhva_vijaya,smv14.51.mp3,.mp3,mp3 (mp3float),mp3,11025,1,32,16,16.457,-3.75,-18.85,-19.93,-37.93,23.0,0.33,0.24,0.56,0.223,0,B,[],[],[],,32914,af9cc20d8c3d0673b773c732cb48bd7c63404a20
kamadhenu_dataset/incoming_audio/dge_linked/sumadhva_vijaya/smv14.52.mp3,dge_linked/sumadhva_vijaya,smv14.52.mp3,.mp3,mp3 (mp3float),mp3,11025,1,32,16,16.562,-3.4,-19.27,-21.05,-41.16,26.1,0.42,0.13,0.76,0.209,0,B,[],[],[],,33123,a4251e196149cf5e8c3f9ad1dcb57ef7123759cc
kamadhenu_dataset/incoming_audio/dge_linked/sumadhva_vijaya/smv14.53.mp3,dge_linked/sumadhva_vijaya,smv14.53.mp3,.mp3,mp3 (mp3float),mp3,11025,1,32,16,14.315,-5.12,-20.25,-22.27,-42.26,26.5,0.45,0.08,0.63,0.185,0,B,[],[],[],,28630,6d181267d8630c159367e84c46c41c5e0a621d21
kamadhenu_dataset/incoming_audio/dge_linked/sumadhva_vijaya/smv14.54.mp3,dge_linked/sumadhva_vijaya,smv14.54.mp3,.mp3,mp3 (mp3float),mp3,11025,1,32,16,13.845,-3.83,-18.99,-20.84,-40.75,26.5,0.21,0.13,0.81,0.237,0,B,[],[],[],,27690,2f77050fb11cc45b38532377d1fd945d7d971b3f
kamadhenu_dataset/incoming_audio/dge_linked/sumadhva_vijaya/smv14.55.mp3,dge_linked/sumadhva_vijaya,smv14.55.mp3,.mp3,mp3 (mp3float),mp3,11025,1,32,16,15.151,-3.21,-19.0,-20.75,-39.55,24.4,0.23,0.22,0.61,0.176,0,B,[],[],[],,30302,64f26f09249f6e9599e1a1b7dd7ee7f90573d98b
kamadhenu_dataset/incoming_audio/dge_linked/sumadhva_vijaya/smv14.6.mp3,dge_linked/sumadhva_vijaya,smv14.6.mp3,.mp3,mp3 (mp3float),mp3,11025,1,32,16,18.599,-4.23,-20.06,-22.04,-40.99,25.4,0.35,0.83,1.13,0.228,0,B,[],[],[],,37198,43e012a6e59588217307e15c451ec1f06fad9a49
kamadhenu_dataset/incoming_audio/dge_linked/sumadhva_vijaya/smv14.7.mp3,dge_linked/sumadhva_vijaya,smv14.7.mp3,.mp3,mp3 (mp3float),mp3,11025,1,32,16,16.457,-4.16,-19.62,-21.43,-40.5,25.3,0.21,0.8,1.04,0.243,0,B,[],[],[],,32914,c4affadcfc6420ba1949727885f2aef52aed696a
kamadhenu_dataset/incoming_audio/dge_linked/sumadhva_vijaya/smv14.8.mp3,dge_linked/sumadhva_vijaya,smv14.8.mp3,.mp3,mp3 (mp3float),mp3,11025,1,32,16,18.129,-4.4,-21.27,-22.94,-42.02,25.3,0.22,0.67,0.74,0.275,0,B,[],[],[],,36258,838be32a0de55e9b0633f1f3b0b6cb69f44e05ff
kamadhenu_dataset/incoming_audio/dge_linked/sumadhva_vijaya/smv14.9.mp3,dge_linked/sumadhva_vijaya,smv14.9.mp3,.mp3,mp3 (mp3float),mp3,11025,1,32,16,17.659,-4.92,-20.74,-22.09,-41.06,24.2,0.34,0.81,0.81,0.245,0,B,[],[],[],,35318,483d754e70e544be12a460cb341a34a80d015de7
kamadhenu_dataset/incoming_audio/dge_linked/sumadhva_vijaya/smv15.1.mp3,dge_linked/sumadhva_vijaya,smv15.1.mp3,.mp3,mp3 (mp3float),mp3,11025,1,32,16,12.643,-4.96,-20.54,-22.4,-41.62,25.4,0.59,0.1,0.59,0.177,0,B,[],[],[],,25287,fbd805fc23d89e7e6466d335899ad868f15574e3
kamadhenu_dataset/incoming_audio/dge_linked/sumadhva_vijaya/smv15.10.mp3,dge_linked/sumadhva_vijaya,smv15.10.mp3,.mp3,mp3 (mp3float),mp3,11025,1,32,16,10.971,-4.48,-20.56,-22.63,-40.85,24.9,0.39,0.15,0.39,0.245,0,B,[],[],[],,21943,5c64596c2ea75f16507b43a9f588a029e8c9a24a
kamadhenu_dataset/incoming_audio/dge_linked/sumadhva_vijaya/smv15.100.mp3,dge_linked/sumadhva_vijaya,smv15.100.mp3,.mp3,mp3 (mp3float),mp3,11025,1,32,16,8.882,-3.17,-18.01,-19.33,-36.47,22.9,0.33,0.39,0.39,0.225,0,B,[],[],[],,17763,a929bf9805eacbec870a3a202187c57594613cea
kamadhenu_dataset/incoming_audio/dge_linked/sumadhva_vijaya/smv15.101.mp3,dge_linked/sumadhva_vijaya,smv15.101.mp3,.mp3,mp3 (mp3float),mp3,11025,1,32,16,9.718,-2.91,-18.45,-19.59,-37.53,23.5,0.61,0.24,0.61,0.221,0,B,[],[],[],,19435,0bdc2e75060f38dfaefae9694814acc745c4c293
kamadhenu_dataset/incoming_audio/dge_linked/sumadhva_vijaya/smv15.102.mp3,dge_linked/sumadhva_vijaya,smv15.102.mp3,.mp3,mp3 (mp3float),mp3,11025,1,32,16,9.665,-3.26,-17.58,-18.45,-35.29,22.0,0.28,0.72,0.78,0.253,0,B,[],[],[],,19331,448b78e2470958c7b087425e4795fd3a58584cf4
kamadhenu_dataset/incoming_audio/dge_linked/sumadhva_vijaya/smv15.103.mp3,dge_linked/sumadhva_vijaya,smv15.103.mp3,.mp3,mp3 (mp3float),mp3,11025,1,32,16,10.083,-1.82,-19.35,-20.89,-38.38,24.1,0.4,0.25,0.95,0.315,0,B,[],[],[],,20167,e01922f37eb39d1e78be02ac986d7bf55be90c7d
kamadhenu_dataset/incoming_audio/dge_linked/sumadhva_vijaya/smv15.104.mp3,dge_linked/sumadhva_vijaya,smv15.104.mp3,.mp3,mp3 (mp3float),mp3,11025,1,32,16,10.762,-2.32,-17.69,-19.53,-39.23,26.0,0.5,0.22,0.53,0.25,0,B,[],[],[],,21525,6cee8a4197e6e1e38d8960edd4b075639a237218
kamadhenu_dataset/incoming_audio/dge_linked/sumadhva_vijaya/smv15.105.mp3,dge_linked/sumadhva_vijaya,smv15.105.mp3,.mp3,mp3 (mp3float),mp3,11025,1,32,16,10.24,-2.27,-18.04,-19.98,-39.78,26.1,0.2,0.17,0.39,0.21,0,B,[],[],[],,20480,7982bec7548921d708e9ebbec847863eef4b23db
kamadhenu_dataset/incoming_audio/dge_linked/sumadhva_vijaya/smv15.106.mp3,dge_linked/sumadhva_vijaya,smv15.106.mp3,.mp3,mp3 (mp3float),mp3,11025,1,32,16,9.77,-3.32,-18.77,-19.61,-35.55,21.6,0.22,0.96,0.96,0.297,0,B,[],[],[],,19540,4ad14c6a104be373c99e027a7d819082b21e848e
kamadhenu_dataset/incoming_audio/dge_linked/sumadhva_vijaya/smv15.107.mp3,dge_linked/sumadhva_vijaya,smv15.107.mp3,.mp3,mp3 (mp3float),mp3,11025,1,32,16,8.986,-2.92,-18.3,-19.33,-36.96,22.9,0.4,0.25,0.56,0.293,0,B,[],[],[],,17972,95fe2fec8b88bc7074fcaddd5dfd187b48135afb
kamadhenu_dataset/incoming_audio/dge_linked/sumadhva_vijaya/smv15.108.mp3,dge_linked/sumadhva_vijaya,smv15.108.mp3,.mp3,mp3 (mp3float),mp3,11025,1,32,16,10.501,-3.48,-18.8,-19.69,-36.58,22.5,0.35,0.65,0.65,0.267,0,B,"[""exact_duplicate""]","[""kamadhenu_dataset/incoming_audio/dge_linked/sumadhva_vijaya/smv15.109.mp3""]",[],,21002,15ae60c8e953e9b866082cbe1bedbea7b51efbf0
kamadhenu_dataset/incoming_audio/dge_linked/sumadhva_vijaya/smv15.109.mp3,dge_linked/sumadhva_vijaya,smv15.109.mp3,.mp3,mp3 (mp3float),mp3,11025,1,32,16,10.501,-3.48,-18.8,-19.69,-36.58,22.5,0.35,0.65,0.65,0.267,0,B,"[""exact_duplicate""]","[""kamadhenu_dataset/incoming_audio/dge_linked/sumadhva_vijaya/smv15.108.mp3""]",[],,21002,15ae60c8e953e9b866082cbe1bedbea7b51efbf0
kamadhenu_dataset/incoming_audio/dge_linked/sumadhva_vijaya/smv15.11.mp3,dge_linked/sumadhva_vijaya,smv15.11.mp3,.mp3,mp3 (mp3float),mp3,11025,1,32,16,10.449,-5.28,-20.6,-21.15,-37.24,20.5,0.3,0.24,0.3,0.226,0,B,[],[],[],,20898,3d11ba2648bbb5784279ade2036757a727939e99
kamadhenu_dataset/incoming_audio/dge_linked/sumadhva_vijaya/smv15.110.mp3,dge_linked/sumadhva_vijaya,smv15.110.mp3,.mp3,mp3 (mp3float),mp3,11025,1,32,16,10.031,-1.94,-16.98,-17.98,-35.75,23.3,0.49,0.65,0.65,0.281,0,B,[],[],[],,20062,2f5212ec5a4a0e57ee30339402982b59300eb455
kamadhenu_dataset/incoming_audio/dge_linked/sumadhva_vijaya/smv15.111.mp3,dge_linked/sumadhva_vijaya,smv15.111.mp3,.mp3,mp3 (mp3float),mp3,11025,1,32,16,11.546,-1.27,-17.38,-18.33,-36.63,23.9,0.38,0.81,0.81,0.3,0,B,[],[],[],,23092,0d12a132f3e7ca79c735acb6bb2b8021914dd27e
kamadhenu_dataset/incoming_audio/dge_linked/sumadhva_vijaya/smv15.112.mp3,dge_linked/sumadhva_vijaya,smv15.112.mp3,.mp3,mp3 (mp3float),mp3,11025,1,32,16,10.71,-2.01,-17.87,-19.77,-37.91,24.6,0.31,0.25,0.44,0.239,0,B,[],[],[],,21420,e568650ba5237ff02831d49f3d94a56b16cfa8b6
kamadhenu_dataset/incoming_audio/dge_linked/sumadhva_vijaya/smv15.113.mp3,dge_linked/sumadhva_vijaya,smv15.113.mp3,.mp3,mp3 (mp3float),mp3,11025,1,32,16,11.546,-2.14,-17.49,-19.04,-38.15,25.4,0.19,0.22,0.58,0.278,0,B,[],[],[],,23092,ba2f4d3d10a7334c854543f8fad6b992e98e2196
kamadhenu_dataset/incoming_audio/dge_linked/sumadhva_vijaya/smv15.114.mp3,dge_linked/sumadhva_vijaya,smv15.114.mp3,.mp3,mp3 (mp3float),mp3,11025,1,32,16,9.979,-2.66,-16.89,-17.78,-36.01,23.3,0.31,0.77,0.77,0.236,0,B,[],[],[],,19958,159c65f999ebc8565aafd8c1bc6cdaa2ed20fc28
kamadhenu_dataset/incoming_audio/dge_linked/sumadhva_vijaya/smv15.115.mp3,dge_linked/sumadhva_vijaya,smv15.115.mp3,.mp3,mp3 (mp3float),mp3,11025,1,32,16,10.71,-3.61,-18.18,-19.18,-36.45,22.7,0.33,0.74,0.74,0.291,0,B,[],[],[],,21420,72921114ea27365053a42417f08add583a47ee99
kamadhenu_dataset/incoming_audio/dge_linked/sumadhva_vijaya/smv15.116.mp3,dge_linked/sumadhva_vijaya,smv15.116.mp3,.mp3,mp3 (mp3float),mp3,11025,1,32,16,10.919,-2.88,-18.2,-20.64,-39.88,26.6,0.23,0.16,0.34,0.213,0,B,[],[],[],,21838,a0547bd634b5ace2c3494083d755d7fc23d37063
kamadhenu_dataset/incoming_audio/dge_linked/sumadhva_vijaya/smv15.117.mp3,dge_linked/sumadhva_vijaya,smv15.117.mp3,.mp3,mp3 (mp3float),mp3,11025,1,32,16,9.822,-3.05,-17.91,-19.64,-37.54,24.2,0.41,0.26,0.41,0.259,0,B,[],[],[],,19644,1323b7e746fa097ccfa13e2c621ddf7f29c25ce1
kamadhenu_dataset/incoming_audio/dge_linked/sumadhva_vijaya/smv15.118.mp3,dge_linked/sumadhva_vijaya,smv15.118.mp3,.mp3,mp3 (mp3float),mp3,11025,1,32,16,9.77,-3.01,-18.0,-19.69,-35.99,22.6,0.4,0.8,0.8,0.248,0,B,[],[],[],,19540,fee4b15810ac44202d31ed3999c11481d7b970ff
kamadhenu_dataset/incoming_audio/dge_linked/sumadhva_vijaya/smv15.119.mp3,dge_linked/sumadhva_vijaya,smv15.119.mp3,.mp3,mp3 (mp3float),mp3,11025,1,32,16,9.456,-3.03,-18.18,-19.65,-35.51,22.3,0.35,0.68,0.68,0.23,0,B,[],[],[],,18913,90dcd1e013283e80ed70f4ef5f26516159de067a
kamadhenu_dataset/incoming_audio/dge_linked/sumadhva_vijaya/smv15.12.mp3,dge_linked/sumadhva_vijaya,smv15.12.mp3,.mp3,mp3 (mp3float),mp3,11025,1,32,16,10.188,-5.69,-20.75,-22.11,-39.63,23.4,0.41,0.19,0.41,0.193,0,B,[],[],[],,20376,068bde7e16d4a33b1f319c1b1555b3c477e140d5
kamadhenu_dataset/incoming_audio/dge_linked/sumadhva_vijaya/smv15.120.mp3,dge_linked/sumadhva_vijaya,smv15.120.mp3,.mp3,mp3 (mp3float),mp3,11025,1,32,16,10.501,-1.64,-16.58,-17.91,-36.22,24.4,0.38,0.71,0.71,0.274,0,B,[],[],[],,21002,cf58de398951079d3df1aaf84cd82367a5a8c6b3
kamadhenu_dataset/incoming_audio/dge_linked/sumadhva_vijaya/smv15.121.mp3,dge_linked/sumadhva_vijaya,smv15.121.mp3,.mp3,mp3 (mp3float),mp3,11025,1,32,16,10.292,-1.57,-16.14,-18.6,-38.8,27.6,0.31,0.21,0.31,0.236,0,B,[],[],[],,20584,da9a6bb0753d1d450c0433a2168823ffa1e74615
kamadhenu_dataset/incoming_audio/dge_linked/sumadhva_vijaya/smv15.122.mp3,dge_linked/sumadhva_vijaya,smv15.122.mp3,.mp3,mp3 (mp3float),mp3,11025,1,32,16,9.352,-1.66,-16.94,-19.93,-40.69,28.4,0.33,0.14,0.4,0.183,0,B,[],[],[],,18704,0f8d44d4c3a351a307f38b269a41bb7751a54c33
kamadhenu_dataset/incoming_audio/dge_linked/sumadhva_vijaya/smv15.123.mp3,dge_linked/sumadhva_vijaya,smv15.123.mp3,.mp3,mp3 (mp3float),mp3,11025,1,32,16,10.762,-1.94,-17.3,-18.18,-35.54,22.3,0.21,0.68,0.68,0.23,0,B,[],[],[],,21525,02f61cfb82a3e8c4c9fba9da97dd7b9d85597f24
kamadhenu_dataset/incoming_audio/dge_linked/sumadhva_vijaya/smv15.124.mp3,dge_linked/sumadhva_vijaya,smv15.124.mp3,.mp3,mp3 (mp3float),mp3,11025,1,32,16,8.882,-1.78,-16.96,-18.84,-37.1,25.0,0.23,0.25,0.43,0.263,0,B,[],[],[],,17763,0c92bc8ee17113be2327752402dd3bbf615b5470
kamadhenu_dataset/incoming_audio/dge_linked/sumadhva_vijaya/smv15.125.mp3,dge_linked/sumadhva_vijaya,smv15.125.mp3,.mp3,mp3 (mp3float),mp3,11025,1,32,16,9.718,-2.23,-17.95,-19.52,-38.8,25.3,0.33,0.2,0.55,0.238,0,B,[],[],[],,19435,b93b7a3772e870a691ca3041543bf5f8540337e4
kamadhenu_dataset/incoming_audio/dge_linked/sumadhva_vijaya/smv15.126.mp3,dge_linked/sumadhva_vijaya,smv15.126.mp3,.mp3,mp3 (mp3float),mp3,11025,1,32,16,9.143,-2.64,-17.87,-18.69,-35.38,22.4,0.44,0.82,0.82,0.298,0,B,[],[],[],,18286,a04ec79f0d024a4c2792f5e2c7b4e01e756efcc4
kamadhenu_dataset/incoming_audio/dge_linked/sumadhva_vijaya/smv15.127.mp3,dge_linked/sumadhva_vijaya,smv15.127.mp3,.mp3,mp3 (mp3float),mp3,11025,1,32,16,9.404,-2.39,-17.75,-19.55,-38.76,25.6,0.32,0.23,0.5,0.221,0,B,[],[],[],,18808,1d4e19f3f656ddfeb2324724817b11e48493b39c
kamadhenu_dataset/incoming_audio/dge_linked/sumadhva_vijaya/smv15.128.mp3,dge_linked/sumadhva_vijaya,smv15.128.mp3,.mp3,mp3 (mp3float),mp3,11025,1,32,16,8.725,-2.74,-17.71,-18.63,-36.42,23.4,0.31,0.77,0.77,0.282,0,B,[],[],[],,17450,444ffcb965d009cbe053a84acb40af5c5c3c544e
kamadhenu_dataset/incoming_audio/dge_linked/sumadhva_vijaya/smv15.129.mp3,dge_linked/sumadhva_vijaya,smv15.129.mp3,.mp3,mp3 (mp3float),mp3,11025,1,32,16,11.18,-2.18,-18.0,-19.34,-38.94,25.8,0.22,0.22,0.73,0.28,0,B,[],[],[],,22361,3ad6d21dfe46f33d9bcb9d43e1fa740c15612754
kamadhenu_dataset/incoming_audio/dge_linked/sumadhva_vijaya/smv15.13.mp3,dge_linked/sumadhva_vijaya,smv15.13.mp3,.mp3,mp3 (mp3float),mp3,11025,1,32,16,10.867,-4.09,-20.22,-22.1,-42.27,26.3,0.19,0.08,0.51,0.173,0,B,[],[],[],,21734,69a846da6bc9f42ec32f336c22a815670c429533
kamadhenu_dataset/incoming_audio/dge_linked/sumadhva_vijaya/smv15.130.mp3,dge_linked/sumadhva_vijaya,smv15.130.mp3,.mp3,mp3 (mp3float),mp3,11025,1,32,16,10.658,-2.5,-17.2,-18.46,-35.44,22.4,0.33,0.67,0.67,0.256,0,B,[],[],[],,21316,e4956369fcff20e37f044628586a3697aa8be68e
kamadhenu_dataset/incoming_audio/dge_linked/sumadhva_vijaya/smv15.131.mp3,dge_linked/sumadhva_vijaya,smv15.131.mp3,.mp3,mp3 (mp3float),mp3,11025,1,32,16,9.247,-1.44,-16.3,-18.35,-38.31,26.6,0.31,0.22,0.43,0.237,0,B,[],[],[],,18495,2775b655da7f59fb930e1efefd20e8961bec091c
kamadhenu_dataset/incoming_audio/dge_linked/sumadhva_vijaya/smv15.132.mp3,dge_linked/sumadhva_vijaya,smv15.132.mp3,.mp3,mp3 (mp3float),mp3,11025,1,32,16,9.456,-1.58,-17.25,-18.98,-37.13,24.3,0.33,0.24,0.45,0.244,0,B,[],[],[],,18913,9dabf49e81ca2d17b523d0b4b69fb480af405b4c
kamadhenu_dataset/incoming_audio/dge_linked/sumadhva_vijaya/smv15.133.mp3,dge_linked/sumadhva_vijaya,smv15.133.mp3,.mp3,mp3 (mp3float),mp3,11025,1,32,16,9.091,-1.51,-17.25,-18.99,-37.44,24.8,0.44,0.23,0.44,0.237,0,B,[],[],[],,18181,eb3cd0d90adf1a3eb2c84658acf09ef26b1c3f9f
kamadhenu_dataset/incoming_audio/dge_linked/sumadhva_vijaya/smv15.134.mp3,dge_linked/sumadhva_vijaya,smv15.134.mp3,.mp3,mp3 (mp3float),mp3,11025,1,32,16,7.941,-2.09,-17.22,-17.61,-35.51,22.6,0.33,0.53,0.53,0.285,0,B,[],[],[],,15882,affde2aee09d70bbc89e7fdc65a6c03820817bcd
kamadhenu_dataset/incoming_audio/dge_linked/sumadhva_vijaya/smv15.135.mp3,dge_linked/sumadhva_vijaya,smv15.135.mp3,.mp3,mp3 (mp3float),mp3,11025,1,32,16,9.874,-3.23,-18.2,-19.69,-37.96,24.4,0.5,0.22,0.5,0.249,0,B,[],[],[],,19749,ac0f31e57d1807c37a82ecd464cf7fd69476b351
kamadhenu_dataset/incoming_audio/dge_linked/sumadhva_vijaya/smv15.136.mp3,dge_linked/sumadhva_vijaya,smv15.136.mp3,.mp3,mp3 (mp3float),mp3,11025,1,32,16,10.24,-3.29,-18.26,-19.08,-36.61,22.6,0.23,0.79,0.79,0.26,0,B,[],[],[],,20480,12610c34de7330cd0e1b14d02af0d55f76a35d65
kamadhenu_dataset/incoming_audio/dge_linked/sumadhva_vijaya/smv15.137.mp3,dge_linked/sumadhva_vijaya,smv15.137.mp3,.mp3,mp3 (mp3float),mp3,11025,1,32,16,10.083,-3.54,-19.15,-20.81,-37.93,23.1,0.24,0.24,0.34,0.229,0,B,[],[],[],,20167,0a724e05afd31138eb52dda315f6554087a8cac1
kamadhenu_dataset/incoming_audio/dge_linked/sumadhva_vijaya/smv15.138.mp3,dge_linked/sumadhva_vijaya,smv15.138.mp3,.mp3,mp3 (mp3float),mp3,11025,1,32,16,9.927,-3.2,-17.73,-19.74,-37.57,24.3,0.33,0.27,0.36,0.234,0,B,[],[],[],,19853,ac1a946efdc137321a1fecfb019a7ea5d651648f
kamadhenu_dataset/incoming_audio/dge_linked/sumadhva_vijaya/smv15.139.mp3,dge_linked/sumadhva_vijaya,smv15.139.mp3,.mp3,mp3 (mp3float),mp3,11025,1,32,16,9.247,-3.76,-18.77,-20.46,-38.2,23.9,0.34,0.23,0.7,0.259,0,B,[],[],[],,18495,b477e78428085d6c91635f6629fbb167df422203
kamadhenu_dataset/incoming_audio/dge_linked/sumadhva_vijaya/smv15.14.mp3,dge_linked/sumadhva_vijaya,smv15.14.mp3,.mp3,mp3 (mp3float),mp3,11025,1,32,16,10.136,-5.27,-21.13,-22.95,-42.77,25.8,0.32,0.1,0.36,0.185,0,B,[],[],[],,20271,2ef50fd4522c277dee2c38a9dca1e0a41bc63c93
kamadhenu_dataset/incoming_audio/dge_linked/sumadhva_vijaya/smv15.140.mp3,dge_linked/sumadhva_vijaya,smv15.140.mp3,.mp3,mp3 (mp3float),mp3,11025,1,32,16,15.256,-3.83,-19.42,-20.67,-37.97,23.2,0.33,0.24,0.39,0.238,0,B,[],[],[],,30511,11a8874aea413732e4431b803956e4fa7c2faba1
kamadhenu_dataset/incoming_audio/dge_linked/sumadhva_vijaya/smv15.141.mp3,dge_linked/sumadhva_vijaya,smv15.141.mp3,.mp3,mp3 (mp3float),mp3,11025,1,32,16,14.681,-1.69,-17.88,-19.34,-35.36,22.3,0.32,0.6,0.6,0.239,0,B,[],[],[],,29362,8686fb98c71531914ff8cf0123783bb4721621e8
kamadhenu_dataset/incoming_audio/dge_linked/sumadhva_vijaya/smv15.15.mp3,dge_linked/sumadhva_vijaya,smv15.15.mp3,.mp3,mp3 (mp3float),mp3,11025,1,32,16,9.665,-4.61,-21.39,-22.87,-40.11,22.9,0.33,0.18,0.36,0.229,0,B,[],[],[],,19331,f2892bf9f63ceebe1990688ca2c213f5ad1b1790
kamadhenu_dataset/incoming_audio/dge_linked/sumadhva_vijaya/smv15.16.mp3,dge_linked/sumadhva_vijaya,smv15.16.mp3,.mp3,mp3 (mp3float),mp3,11025,1,32,16,10.919,-5.59,-21.1,-23.48,-44.37,27.4,0.24,0.07,0.65,0.195,0,B,[],[],[],,21838,c4d01989156db14de892799c5464798cfb438011
kamadhenu_dataset/incoming_audio/dge_linked/sumadhva_vijaya/smv15.17.mp3,dge_linked/sumadhva_vijaya,smv15.17.mp3,.mp3,mp3 (mp3float),mp3,11025,1,32,16,10.553,-5.66,-21.04,-22.27,-40.68,23.8,0.3,0.13,0.41,0.199,0,B,[],[],[],,21107,6e8b192db05808a35a796ab96282f042d8170e58
kamadhenu_dataset/incoming_audio/dge_linked/sumadhva_vijaya/smv15.18.mp3,dge_linked/sumadhva_vijaya,smv15.18.mp3,.mp3,mp3 (mp3float),mp3,11025,1,32,16,11.233,-5.67,-21.42,-22.76,-40.23,23.0,0.3,0.17,0.45,0.209,0,B,[],[],[],,22465,62aad92ae05301237bc07c7c11c56de29caee00b
kamadhenu_dataset/incoming_audio/dge_linked/sumadhva_vijaya/smv15.19.mp3,dge_linked/sumadhva_vijaya,smv15.19.mp3,.mp3,mp3 (mp3float),mp3,11025,1,32,16,9.561,-4.57,-20.8,-22.43,-39.58,23.4,0.31,0.23,0.42,0.224,0,B,[],[],[],,19122,b3990738e2d4031cff1442c363f122fcae0fbd3b
kamadhenu_dataset/incoming_audio/dge_linked/sumadhva_vijaya/smv15.2.mp3,dge_linked/sumadhva_vijaya,smv15.2.mp3,.mp3,mp3 (mp3float),mp3,11025,1,32,16,11.024,-5.64,-20.99,-22.78,-41.87,25.4,0.48,0.11,0.49,0.213,0,B,[],[],[],,22047,eaa83cdc91059ed7b10ec7a3ab0bd5bd53959606
kamadhenu_dataset/incoming_audio/dge_linked/sumadhva_vijaya/smv15.20.mp3,dge_linked/sumadhva_vijaya,smv15.20.mp3,.mp3,mp3 (mp3float),mp3,11025,1,32,16,10.188,-4.13,-20.15,-21.2,-38.34,22.5,0.25,0.24,0.5,0.224,0,B,[],[],[],,20376,33c13a140f0e9c94e41e690d8d013b6e270c243b
kamadhenu_dataset/incoming_audio/dge_linked/sumadhva_vijaya/smv15.21.mp3,dge_linked/sumadhva_vijaya,smv15.21.mp3,.mp3,mp3 (mp3float),mp3,11025,1,32,16,10.606,-3.06,-17.81,-19.72,-39.03,25.7,0.24,0.21,0.44,0.263,0,B,[],[],[],,21211,b1f80b8c0ab83e3bc7ac5af29cb1b6a4b6d2095e
kamadhenu_dataset/incoming_audio/dge_linked/sumadhva_vijaya/smv15.22.mp3,dge_linked/sumadhva_vijaya,smv15.22.mp3,.mp3,mp3 (mp3float),mp3,11025,1,32,16,11.18,-2.35,-17.46,-18.94,-37.87,24.2,0.25,0.24,0.44,0.226,0,B,[],[],[],,22361,8d066efb4cfbb3bfd1959980607b69b88d4f3e2e
kamadhenu_dataset/incoming_audio/dge_linked/sumadhva_vijaya/smv15.23.mp3,dge_linked/sumadhva_vijaya,smv15.23.mp3,.mp3,mp3 (mp3float),mp3,11025,1,32,16,9.979,-4.32,-19.81,-20.57,-36.92,21.1,0.3,0.25,0.3,0.225,0,B,[],[],[],,19958,8156f36f09346b4425c1e558dd08ea916997ced9
kamadhenu_dataset/incoming_audio/dge_linked/sumadhva_vijaya/smv15.24.mp3,dge_linked/sumadhva_vijaya,smv15.24.mp3,.mp3,mp3 (mp3float),mp3,11025,1,32,16,10.762,-4.4,-19.81,-21.55,-40.72,25.0,0.25,0.14,0.48,0.207,0,B,[],[],[],,21525,eca6ebf9d8f561546d084f1a29cabb335f1a87e6
kamadhenu_dataset/incoming_audio/dge_linked/sumadhva_vijaya/smv15.25.mp3,dge_linked/sumadhva_vijaya,smv15.25.mp3,.mp3,mp3 (mp3float),mp3,11025,1,32,16,9.874,-4.29,-19.5,-20.95,-38.28,22.8,0.3,0.23,0.3,0.199,0,B,[],[],[],,19749,2a8c4634bd66dd18a9603b08e51a27de0d9a0c56
kamadhenu_dataset/incoming_audio/dge_linked/sumadhva_vijaya/smv15.26.mp3,dge_linked/sumadhva_vijaya,smv15.26.mp3,.mp3,mp3 (mp3float),mp3,11025,1,32,16,9.561,-5.3,-20.76,-22.51,-42.44,26.3,0.2,0.1,0.42,0.241,0,B,[],[],[],,19122,c3d37f033fb59678aa05b0272c782035a0f8c56a
kamadhenu_dataset/incoming_audio/dge_linked/sumadhva_vijaya/smv15.27.mp3,dge_linked/sumadhva_vijaya,smv15.27.mp3,.mp3,mp3 (mp3float),mp3,11025,1,32,16,10.71,-6.79,-22.73,-23.24,-38.55,20.3,0.63,0.24,0.63,0.281,0,B,[],[],[],,21420,05e8f1507422a244fd077ded493b7659f57588ec
kamadhenu_dataset/incoming_audio/dge_linked/sumadhva_vijaya/smv15.28.mp3,dge_linked/sumadhva_vijaya,smv15.28.mp3,.mp3,mp3 (mp3float),mp3,11025,1,32,16,10.606,-5.93,-22.02,-22.81,-38.42,20.5,0.23,0.24,0.29,0.257,0,B,[],[],[],,21211,606e8714458d071dfcbded9755989a4656f60456
kamadhenu_dataset/incoming_audio/dge_linked/sumadhva_vijaya/smv15.29.mp3,dge_linked/sumadhva_vijaya,smv15.29.mp3,.mp3,mp3 (mp3float),mp3,11025,1,32,16,10.292,-5.8,-21.24,-22.45,-39.37,22.9,0.29,0.21,0.3,0.236,0,B,[],[],[],,20584,d5accf5f935a56986b695de7b522514094d3011e
kamadhenu_dataset/incoming_audio/dge_linked/sumadhva_vijaya/smv15.3.mp3,dge_linked/sumadhva_vijaya,smv15.3.mp3,.mp3,mp3 (mp3float),mp3,11025,1,32,16,11.546,-5.61,-20.52,-21.63,-38.9,22.4,0.41,0.22,0.65,0.219,0,B,[],[],[],,23092,d4ff47c00731ccefefc53160b917ff6b4a60d063
kamadhenu_dataset/incoming_audio/dge_linked/sumadhva_vijaya/smv15.30.mp3,dge_linked/sumadhva_vijaya,smv15.30.mp3,.mp3,mp3 (mp3float),mp3,11025,1,32,16,10.606,-6.08,-21.02,-21.99,-39.26,22.4,0.21,0.2,0.27,0.233,0,B,[],[],[],,21211,89515120efbf50a296506a23015bbcb1c79e0555
kamadhenu_dataset/incoming_audio/dge_linked/sumadhva_vijaya/smv15.31.mp3,dge_linked/sumadhva_vijaya,smv15.31.mp3,.mp3,mp3 (mp3float),mp3,11025,1,32,16,10.345,-4.57,-19.44,-21.07,-41.05,26.1,0.26,0.11,0.57,0.232,0,B,[],[],[],,20689,c849a0efea9dabb31a1ab06b20d7098486b27a70
kamadhenu_dataset/incoming_audio/dge_linked/sumadhva_vijaya/smv15.32.mp3,dge_linked/sumadhva_vijaya,smv15.32.mp3,.mp3,mp3 (mp3float),mp3,11025,1,32,16,9.874,-3.13,-19.0,-20.61,-38.45,23.8,0.28,0.2,0.32,0.231,0,B,[],[],[],,19749,3edbd968493aafa19a93dc8b6089415491036671
kamadhenu_dataset/incoming_audio/dge_linked/sumadhva_vijaya/smv15.33.mp3,dge_linked/sumadhva_vijaya,smv15.33.mp3,.mp3,mp3 (mp3float),mp3,11025,1,32,16,11.128,-4.06,-19.05,-20.76,-39.03,24.5,0.2,0.2,0.43,0.212,0,B,[],[],[],,22256,26faf524836da7f96bd1b61b7e5ef828108a1b0d
kamadhenu_dataset/incoming_audio/dge_linked/sumadhva_vijaya/smv15.34.mp3,dge_linked/sumadhva_vijaya,smv15.34.mp3,.mp3,mp3 (mp3float),mp3,11025,1,32,16,9.822,-3.79,-19.05,-20.62,-38.04,23.4,0.28,0.22,0.28,0.215,0,B,[],[],[],,19644,d629c5e0532eb9cf19035fa394c0de6cdc1a8b77
kamadhenu_dataset/incoming_audio/dge_linked/sumadhva_vijaya/smv15.35.mp3,dge_linked/sumadhva_vijaya,smv15.35.mp3,.mp3,mp3 (mp3float),mp3,11025,1,32,16,10.24,-4.57,-19.26,-20.83,-37.47,22.4,0.2,0.27,0.27,0.181,0,B,"[""exact_duplicate""]","[""kamadhenu_dataset/incoming_audio/dge_linked/sumadhva_vijaya/smv15.36.mp3""]",[],,20480,c93f602121b1e25f09da8f0c659ed56df28e3f0b
kamadhenu_dataset/incoming_audio/dge_linked/sumadhva_vijaya/smv15.36.mp3,dge_linked/sumadhva_vijaya,smv15.36.mp3,.mp3,mp3 (mp3float),mp3,11025,1,32,16,10.24,-4.57,-19.26,-20.83,-37.47,22.4,0.2,0.27,0.27,0.181,0,B,"[""exact_duplicate""]","[""kamadhenu_dataset/incoming_audio/dge_linked/sumadhva_vijaya/smv15.35.mp3""]",[],,20480,c93f602121b1e25f09da8f0c659ed56df28e3f0b
kamadhenu_dataset/incoming_audio/dge_linked/sumadhva_vijaya/smv15.37.mp3,dge_linked/sumadhva_vijaya,smv15.37.mp3,.mp3,mp3 (mp3float),mp3,11025,1,32,16,9.613,-3.47,-20.25,-22.0,-38.62,22.4,0.36,0.22,0.36,0.21,0,B,[],[],[],,19226,0779592213b6b28bf57a930f685c0211eeba4ef9
kamadhenu_dataset/incoming_audio/dge_linked/sumadhva_vijaya/smv15.38.mp3,dge_linked/sumadhva_vijaya,smv15.38.mp3,.mp3,mp3 (mp3float),mp3,11025,1,32,16,9.77,-5.02,-19.38,-21.01,-37.76,23.0,0.27,0.23,0.3,0.203,0,B,[],[],[],,19540,acf701bd53ad17f1da50323b80ce49c3aabf6df1
kamadhenu_dataset/incoming_audio/dge_linked/sumadhva_vijaya/smv15.39.mp3,dge_linked/sumadhva_vijaya,smv15.39.mp3,.mp3,mp3 (mp3float),mp3,11025,1,32,16,8.986,-5.28,-20.05,-20.65,-36.47,20.4,0.27,0.42,0.42,0.256,0,B,[],[],[],,17972,8260e2ea76091a2164fabe693b2eba96d76913f0
kamadhenu_dataset/incoming_audio/dge_linked/sumadhva_vijaya/smv15.4.mp3,dge_linked/sumadhva_vijaya,smv15.4.mp3,.mp3,mp3 (mp3float),mp3,11025,1,32,16,10.971,-5.34,-20.07,-20.98,-39.15,23.2,0.38,0.19,0.49,0.241,0,B,[],[],[],,21943,96b71d03f8dc2fa310f289607a0939137bff6acd
kamadhenu_dataset/incoming_audio/dge_linked/sumadhva_vijaya/smv15.40.mp3,dge_linked/sumadhva_vijaya,smv15.40.mp3,.mp3,mp3 (mp3float),mp3,11025,1,32,16,9.613,-5.49,-20.07,-21.78,-39.11,23.5,0.21,0.22,0.22,0.235,0,B,[],[],[],,19226,5a9e35c86ce80bb50b1d0fffb222482a999f9f1b
kamadhenu_dataset/incoming_audio/dge_linked/sumadhva_vijaya/smv15.41.mp3,dge_linked/sumadhva_vijaya,smv15.41.mp3,.mp3,mp3 (mp3float),mp3,11025,1,32,16,9.143,-4.67,-19.24,-20.36,-36.71,21.7,0.24,0.43,0.43,0.246,0,B,[],[],[],,18286,aaaff5a76f4e15429f1fc9a2a0899e30b43d060e
kamadhenu_dataset/incoming_audio/dge_linked/sumadhva_vijaya/smv15.42.mp3,dge_linked/sumadhva_vijaya,smv15.42.mp3,.mp3,mp3 (mp3float),mp3,11025,1,32,16,7.941,-4.52,-19.7,-21.08,-37.78,22.4,0.2,0.23,0.25,0.218,0,B,[],[],[],,15882,fa5d0f9fe9139380bc03ad6260283f3ae154e92d
kamadhenu_dataset/incoming_audio/dge_linked/sumadhva_vijaya/smv15.43.mp3,dge_linked/sumadhva_vijaya,smv15.43.mp3,.mp3,mp3 (mp3float),mp3,11025,1,32,16,10.606,-3.62,-19.28,-20.82,-39.15,24.3,0.2,0.19,0.41,0.203,0,B,[],[],[],,21211,43f35a57a28b9d6b9af753d3423a469ab346ad5e
kamadhenu_dataset/incoming_audio/dge_linked/sumadhva_vijaya/smv15.44.mp3,dge_linked/sumadhva_vijaya,smv15.44.mp3,.mp3,mp3 (mp3float),mp3,11025,1,32,16,9.927,-3.02,-18.28,-19.75,-35.77,22.1,0.26,0.56,0.56,0.272,0,B,[],[],[],,19853,69a03fb2a574f82f4c33e156fc402326b36b8cf9
kamadhenu_dataset/incoming_audio/dge_linked/sumadhva_vijaya/smv15.45.mp3,dge_linked/sumadhva_vijaya,smv15.45.mp3,.mp3,mp3 (mp3float),mp3,11025,1,32,16,9.561,-2.69,-19.89,-21.09,-38.24,22.6,0.29,0.21,0.29,0.26,0,B,[],[],[],,19122,d1f3e9168e44cda3ff2a6aba7542793942cded37
kamadhenu_dataset/incoming_audio/dge_linked/sumadhva_vijaya/smv15.46.mp3,dge_linked/sumadhva_vijaya,smv15.46.mp3,.mp3,mp3 (mp3float),mp3,11025,1,32,16,10.188,-4.4,-19.59,-22.01,-40.17,25.2,0.29,0.15,0.35,0.212,0,B,[],[],[],,20376,85566ea85f43090393b9f0150df34bbf61d0f0c0
kamadhenu_dataset/incoming_audio/dge_linked/sumadhva_vijaya/smv15.47.mp3,dge_linked/sumadhva_vijaya,smv15.47.mp3,.mp3,mp3 (mp3float),mp3,11025,1,32,16,9.665,-3.13,-20.3,-21.25,-37.31,21.3,0.3,0.26,0.43,0.285,0,B,[],[],[],,19331,a675ff2e966634bf1faeb298a92bd69037c5d287
kamadhenu_dataset/incoming_audio/dge_linked/sumadhva_vijaya/smv15.48.mp3,dge_linked/sumadhva_vijaya,smv15.48.mp3,.mp3,mp3 (mp3float),mp3,11025,1,32,16,10.083,-5.23,-21.34,-22.3,-38.41,21.2,0.36,0.21,0.36,0.249,0,B,[],[],[],,20167,947fbec42bd46539cdb9c0b70332894f30329fac
kamadhenu_dataset/incoming_audio/dge_linked/sumadhva_vijaya/smv15.49.mp3,dge_linked/sumadhva_vijaya,smv15.49.mp3,.mp3,mp3 (mp3float),mp3,11025,1,32,16,8.725,-4.42,-20.09,-22.34,-41.27,25.7,0.4,0.08,0.4,0.168,0,B,[],[],[],,17450,2aed92bb87ef081eeef10abb4e5d21e2383e2358
kamadhenu_dataset/incoming_audio/dge_linked/sumadhva_vijaya/smv15.5.mp3,dge_linked/sumadhva_vijaya,smv15.5.mp3,.mp3,mp3 (mp3float),mp3,11025,1,32,16,11.024,-4.82,-21.02,-22.32,-39.11,22.5,0.36,0.21,0.46,0.265,0,B,[],[],[],,22047,68881b809ce6130b76019185f9e92e8605494e2f
kamadhenu_dataset/incoming_audio/dge_linked/sumadhva_vijaya/smv15.50.mp3,dge_linked/sumadhva_vijaya,smv15.50.mp3,.mp3,mp3 (mp3float),mp3,11025,1,32,16,10.031,-4.69,-20.69,-22.08,-38.77,22.6,0.29,0.2,0.3,0.212,0,B,[],[],[],,20062,6c635ab2ae5af30528904758dbe0301f07c58f60
kamadhenu_dataset/incoming_audio/dge_linked/sumadhva_vijaya/smv15.51.mp3,dge_linked/sumadhva_vijaya,smv15.51.mp3,.mp3,mp3 (mp3float),mp3,11025,1,32,16,10.919,-4.38,-20.15,-22.2,-39.46,23.6,0.25,0.21,0.48,0.226,0,B,[],[],[],,21838,2572a746d405d410f9f9f630b86c2c990da7dbf6
kamadhenu_dataset/incoming_audio/dge_linked/sumadhva_vijaya/smv15.52.mp3,dge_linked/sumadhva_vijaya,smv15.52.mp3,.mp3,mp3 (mp3float),mp3,11025,1,32,16,9.509,-5.6,-20.09,-21.49,-38.94,22.9,0.19,0.19,0.3,0.236,0,B,[],[],[],,19017,ffff94f7f0b297575dde83aaf8b01d8a3b8808df
kamadhenu_dataset/incoming_audio/dge_linked/sumadhva_vijaya/smv15.53.mp3,dge_linked/sumadhva_vijaya,smv15.53.mp3,.mp3,mp3 (mp3float),mp3,11025,1,32,16,9.352,-5.09,-20.5,-21.46,-37.88,21.8,0.26,0.21,0.34,0.239,0,B,[],[],[],,18704,e605fe231f3b47c9e457f0ab04c6028b13f471f7
kamadhenu_dataset/incoming_audio/dge_linked/sumadhva_vijaya/smv15.54.mp3,dge_linked/sumadhva_vijaya,smv15.54.mp3,.mp3,mp3 (mp3float),mp3,11025,1,32,16,8.934,-3.47,-18.87,-20.33,-37.69,23.6,0.26,0.26,0.28,0.265,0,B,[],[],[],,17868,0f0386c34322286fbe4184c9310216e0ac1c1ec8
kamadhenu_dataset/incoming_audio/dge_linked/sumadhva_vijaya/smv15.55.mp3,dge_linked/sumadhva_vijaya,smv15.55.mp3,.mp3,mp3 (mp3float),mp3,11025,1,32,16,9.143,-2.87,-18.51,-20.0,-38.92,24.8,0.21,0.23,0.23,0.238,0,B,[],[],[],,18286,706eb813d2dbe67f1d07fb54826f5c90aaa4dcb9
kamadhenu_dataset/incoming_audio/dge_linked/sumadhva_vijaya/smv15.56.mp3,dge_linked/sumadhva_vijaya,smv15.56.mp3,.mp3,mp3 (mp3float),mp3,11025,1,32,16,8.934,-4.38,-18.86,-20.45,-40.45,25.5,0.23,0.14,0.32,0.185,0,B,[],[],[],,17868,eaf78da4a518546af7051dcf576dda628613b2b3
kamadhenu_dataset/incoming_audio/dge_linked/sumadhva_vijaya/smv15.57.mp3,dge_linked/sumadhva_vijaya,smv15.57.mp3,.mp3,mp3 (mp3float),mp3,11025,1,32,16,9.247,-4.13,-18.35,-19.52,-36.67,22.9,0.46,0.43,0.46,0.23,0,B,[],[],[],,18495,21509596cdc7b73d352c9557e55c170175f46969
kamadhenu_dataset/incoming_audio/dge_linked/sumadhva_vijaya/smv15.58.mp3,dge_linked/sumadhva_vijaya,smv15.58.mp3,.mp3,mp3 (mp3float),mp3,11025,1,32,16,9.874,-4.1,-19.25,-20.7,-38.97,24.1,0.23,0.23,0.29,0.208,0,B,[],[],[],,19749,ed82a83fafe076751a30c74e80f3aee071d273e1
kamadhenu_dataset/incoming_audio/dge_linked/sumadhva_vijaya/smv15.59.mp3,dge_linked/sumadhva_vijaya,smv15.59.mp3,.mp3,mp3 (mp3float),mp3,11025,1,32,16,10.971,-2.6,-16.78,-19.87,-40.66,28.5,0.45,0.12,0.63,0.272,0,B,[],[],[],,21943,f8195edcffe23b3386a4878c9e2c583a0ae2c445
kamadhenu_dataset/incoming_audio/dge_linked/sumadhva_vijaya/smv15.6.mp3,dge_linked/sumadhva_vijaya,smv15.6.mp3,.mp3,mp3 (mp3float),mp3,11025,1,32,16,11.18,-2.57,-18.01,-20.05,-39.51,26.3,0.43,0.22,0.53,0.235,0,B,[],[],[],,22361,80f34cdd7d1a1e19fb38f6367b41e5ac64c65464
kamadhenu_dataset/incoming_audio/dge_linked/sumadhva_vijaya/smv15.60.mp3,dge_linked/sumadhva_vijaya,smv15.60.mp3,.mp3,mp3 (mp3float),mp3,11025,1,32,16,11.755,-4.33,-19.48,-21.68,-41.65,27.0,0.34,0.13,0.82,0.255,0,B,[],[],[],,23510,b092b5a5e8db3ce90e88ae836356c57301129164
kamadhenu_dataset/incoming_audio/dge_linked/sumadhva_vijaya/smv15.61.mp3,dge_linked/sumadhva_vijaya,smv15.61.mp3,.mp3,mp3 (mp3float),mp3,11025,1,32,16,11.233,-4.36,-20.15,-21.73,-40.1,24.7,0.41,0.17,0.61,0.32,0,B,[],[],[],,22465,e61cb5e0082091842975475cfb157ac6ced558ec
kamadhenu_dataset/incoming_audio/dge_linked/sumadhva_vijaya/smv15.62.mp3,dge_linked/sumadhva_vijaya,smv15.62.mp3,.mp3,mp3 (mp3float),mp3,11025,1,32,16,12.225,-4.24,-19.69,-21.26,-40.34,25.2,0.54,0.16,0.66,0.292,0,B,[],[],[],,24451,20359d9108e4444833ac764e8887f0293e604167
kamadhenu_dataset/incoming_audio/dge_linked/sumadhva_vijaya/smv15.63.mp3,dge_linked/sumadhva_vijaya,smv15.63.mp3,.mp3,mp3 (mp3float),mp3,11025,1,32,16,9.352,-4.04,-19.2,-21.12,-38.86,24.6,0.32,0.21,0.36,0.232,0,B,[],[],[],,18704,71ddb25d8f1a5f631c99c4823e6f7001896deeee
kamadhenu_dataset/incoming_audio/dge_linked/sumadhva_vijaya/smv15.64.mp3,dge_linked/sumadhva_vijaya,smv15.64.mp3,.mp3,mp3 (mp3float),mp3,11025,1,32,16,11.807,-4.71,-20.28,-22.39,-42.4,26.3,0.21,0.1,0.59,0.219,0,B,[],[],[],,23615,79cb278b882041b07368f13ea9b9f7b104314176
kamadhenu_dataset/incoming_audio/dge_linked/sumadhva_vijaya/smv15.65.mp3,dge_linked/sumadhva_vijaya,smv15.65.mp3,.mp3,mp3 (mp3float),mp3,11025,1,32,16,10.815,-3.82,-19.01,-21.41,-40.69,26.3,0.19,0.15,0.4,0.2,0,B,[],[],[],,21629,5a7c9ad95789f0d144c5e55f59c18d70c86b90ae
kamadhenu_dataset/incoming_audio/dge_linked/sumadhva_vijaya/smv15.66.mp3,dge_linked/sumadhva_vijaya,smv15.66.mp3,.mp3,mp3 (mp3float),mp3,11025,1,32,16,9.143,-3.94,-18.82,-21.1,-40.16,26.1,0.33,0.13,0.35,0.206,0,B,[],[],[],,18286,afd3c0c4538607787708a9c47261aeeef4deb409
kamadhenu_dataset/incoming_audio/dge_linked/sumadhva_vijaya/smv15.67.mp3,dge_linked/sumadhva_vijaya,smv15.67.mp3,.mp3,mp3 (mp3float),mp3,11025,1,32,16,10.501,-3.63,-19.52,-21.31,-41.14,25.9,0.29,0.15,0.48,0.206,0,B,[],[],[],,21002,ac4350c7faca7a971a611ef27ba273ecba62c8e4
kamadhenu_dataset/incoming_audio/dge_linked/sumadhva_vijaya/smv15.68.mp3,dge_linked/sumadhva_vijaya,smv15.68.mp3,.mp3,mp3 (mp3float),mp3,11025,1,32,16,10.397,-4.56,-19.7,-21.73,-40.82,26.1,0.3,0.15,0.53,0.243,0,B,[],[],[],,20793,492ca65fc087270044b0b86c1d85fad384ebdaf9
kamadhenu_dataset/incoming_audio/dge_linked/sumadhva_vijaya/smv15.69.mp3,dge_linked/sumadhva_vijaya,smv15.69.mp3,.mp3,mp3 (mp3float),mp3,11025,1,32,16,11.076,-3.94,-19.08,-20.98,-39.56,25.5,0.46,0.21,0.46,0.26,0,B,[],[],[],,22152,020ecfccbca431c45948736a7d7bc7d98fe2f84a
kamadhenu_dataset/incoming_audio/dge_linked/sumadhva_vijaya/smv15.7.mp3,dge_linked/sumadhva_vijaya,smv15.7.mp3,.mp3,mp3 (mp3float),mp3,11025,1,32,16,9.665,-2.41,-17.08,-18.42,-35.51,23.3,0.25,0.58,0.58,0.242,0,B,[],[],[],,19331,973dffea6876e36691991c063223d09ef0bd4a1d
kamadhenu_dataset/incoming_audio/dge_linked/sumadhva_vijaya/smv15.70.mp3,dge_linked/sumadhva_vijaya,smv15.70.mp3,.mp3,mp3 (mp3float),mp3,11025,1,32,16,10.345,-4.12,-18.77,-21.02,-39.63,25.5,0.36,0.18,0.37,0.184,0,B,[],[],[],,20689,320aa867c90c2a400eb3f40614008854aa1f05aa
kamadhenu_dataset/incoming_audio/dge_linked/sumadhva_vijaya/smv15.71.mp3,dge_linked/sumadhva_vijaya,smv15.71.mp3,.mp3,mp3 (mp3float),mp3,11025,1,32,16,11.337,-4.7,-20.32,-21.8,-41.03,25.1,0.3,0.12,0.6,0.24,0,B,[],[],[],,22674,ece79a087a64e33ea1ed892c8d2fd17a6ebbb395
kamadhenu_dataset/incoming_audio/dge_linked/sumadhva_vijaya/smv15.72.mp3,dge_linked/sumadhva_vijaya,smv15.72.mp3,.mp3,mp3 (mp3float),mp3,11025,1,32,16,10.971,-3.28,-18.92,-20.5,-39.03,24.4,0.23,0.23,0.47,0.246,0,B,[],[],[],,21943,a962aa6e4be896b76e14bb6b39284a6fee186407
kamadhenu_dataset/incoming_audio/dge_linked/sumadhva_vijaya/smv15.73.mp3,dge_linked/sumadhva_vijaya,smv15.73.mp3,.mp3,mp3 (mp3float),mp3,11025,1,32,16,10.397,-4.16,-19.63,-21.08,-37.45,22.0,0.29,0.25,0.29,0.222,0,B,[],[],[],,20793,973acf788e105091bae9c2c60cc6bff3670b511c
kamadhenu_dataset/incoming_audio/dge_linked/sumadhva_vijaya/smv15.74.mp3,dge_linked/sumadhva_vijaya,smv15.74.mp3,.mp3,mp3 (mp3float),mp3,11025,1,32,16,10.136,-3.78,-18.83,-20.65,-37.55,23.3,0.2,0.23,0.28,0.203,0,B,[],[],[],,20271,1e52c1e2b364e28eff855333f64ba7fc1fe79344
kamadhenu_dataset/incoming_audio/dge_linked/sumadhva_vijaya/smv15.75.mp3,dge_linked/sumadhva_vijaya,smv15.75.mp3,.mp3,mp3 (mp3float),mp3,11025,1,32,16,9.718,-3.64,-19.29,-20.78,-37.24,22.3,0.2,0.24,0.24,0.237,0,B,[],[],[],,19435,f0ae5622dd4ee860ccfdbfe28b461da5ec7b3b2e
kamadhenu_dataset/incoming_audio/dge_linked/sumadhva_vijaya/smv15.76.mp3,dge_linked/sumadhva_vijaya,smv15.76.mp3,.mp3,mp3 (mp3float),mp3,11025,1,32,16,9.404,-3.26,-17.32,-19.45,-39.72,26.7,0.29,0.18,0.29,0.191,0,B,[],[],[],,18808,d90500294ab2025d642cbb48e6e9a849efae19f0
kamadhenu_dataset/incoming_audio/dge_linked/sumadhva_vijaya/smv15.77.mp3,dge_linked/sumadhva_vijaya,smv15.77.mp3,.mp3,mp3 (mp3float),mp3,11025,1,32,16,9.456,-3.61,-18.12,-19.83,-38.34,24.4,0.25,0.25,0.31,0.182,0,B,[],[],[],,18913,1a23dab00c3d3dad872e66ff9db4aa123813aaaf
kamadhenu_dataset/incoming_audio/dge_linked/sumadhva_vijaya/smv15.78.mp3,dge_linked/sumadhva_vijaya,smv15.78.mp3,.mp3,mp3 (mp3float),mp3,11025,1,32,16,10.188,-3.41,-17.88,-20.32,-39.7,26.7,0.24,0.17,0.24,0.19,0,B,[],[],[],,20376,88d52561c7da8c95b831a8b1bedf8cae78fff1c3
kamadhenu_dataset/incoming_audio/dge_linked/sumadhva_vijaya/smv15.79.mp3,dge_linked/sumadhva_vijaya,smv15.79.mp3,.mp3,mp3 (mp3float),mp3,11025,1,32,16,9.665,-3.67,-18.74,-19.85,-36.43,22.1,0.33,0.42,0.42,0.238,0,B,[],[],[],,19331,d82d1d323747479f49c2a607c3f5c1c5f78cb304
kamadhenu_dataset/incoming_audio/dge_linked/sumadhva_vijaya/smv15.8.mp3,dge_linked/sumadhva_vijaya,smv15.8.mp3,.mp3,mp3 (mp3float),mp3,11025,1,32,16,10.553,-2.51,-18.45,-20.12,-37.37,23.5,0.2,0.22,0.25,0.235,0,B,[],[],[],,21107,b350571ca6665d7e5f23027da076c46e49317e48
kamadhenu_dataset/incoming_audio/dge_linked/sumadhva_vijaya/smv15.80.mp3,dge_linked/sumadhva_vijaya,smv15.80.mp3,.mp3,mp3 (mp3float),mp3,11025,1,32,16,9.822,-4.22,-19.11,-19.95,-37.38,22.4,0.24,0.22,0.33,0.227,0,B,[],[],[],,19644,d36fe5ff8944a2e83e7ccf8e7353cd3e1947f73e
kamadhenu_dataset/incoming_audio/dge_linked/sumadhva_vijaya/smv15.81.mp3,dge_linked/sumadhva_vijaya,smv15.81.mp3,.mp3,mp3 (mp3float),mp3,11025,1,32,16,8.359,-4.35,-18.93,-20.75,-38.6,24.1,0.26,0.21,0.27,0.209,0,B,[],[],[],,16718,3139a97bee679e4a32e2e3c3566ca91008cf8d0e
kamadhenu_dataset/incoming_audio/dge_linked/sumadhva_vijaya/smv15.82.mp3,dge_linked/sumadhva_vijaya,smv15.82.mp3,.mp3,mp3 (mp3float),mp3,11025,1,32,16,10.136,-3.73,-19.38,-21.04,-38.45,23.4,0.32,0.23,0.35,0.23,0,B,[],[],[],,20271,36c851f174157865d389b856e18654e45c575b82
kamadhenu_dataset/incoming_audio/dge_linked/sumadhva_vijaya/smv15.83.mp3,dge_linked/sumadhva_vijaya,smv15.83.mp3,.mp3,mp3 (mp3float),mp3,11025,1,32,16,9.352,-3.69,-18.98,-20.52,-38.05,23.7,0.2,0.26,0.41,0.225,0,B,[],[],[],,18704,c59f9b76bec9fc30c1219ad84d1b6a4ca8a2ed86
kamadhenu_dataset/incoming_audio/dge_linked/sumadhva_vijaya/smv15.84.mp3,dge_linked/sumadhva_vijaya,smv15.84.mp3,.mp3,mp3 (mp3float),mp3,11025,1,32,16,8.725,-3.08,-18.76,-20.59,-38.8,24.7,0.19,0.24,0.46,0.213,0,B,[],[],[],,17450,aba05fc819711c70b6a7347c0a21470293622ca0
kamadhenu_dataset/incoming_audio/dge_linked/sumadhva_vijaya/smv15.85.mp3,dge_linked/sumadhva_vijaya,smv15.85.mp3,.mp3,mp3 (mp3float),mp3,11025,1,32,16,10.71,-1.84,-19.11,-20.16,-37.03,22.3,0.25,0.45,0.45,0.245,0,B,[],[],[],,21420,4aea4e0993fe833d089d452e5e322e40c3ef46f7
kamadhenu_dataset/incoming_audio/dge_linked/sumadhva_vijaya/smv15.86.mp3,dge_linked/sumadhva_vijaya,smv15.86.mp3,.mp3,mp3 (mp3float),mp3,11025,1,32,16,9.509,-1.58,-18.26,-20.16,-38.91,25.0,0.36,0.22,0.36,0.194,0,B,[],[],[],,19017,95a2bd7a7f03703d594f5c1134d9cb4e5373d7cb
kamadhenu_dataset/incoming_audio/dge_linked/sumadhva_vijaya/smv15.87.mp3,dge_linked/sumadhva_vijaya,smv15.87.mp3,.mp3,mp3 (mp3float),mp3,11025,1,32,16,9.77,-1.99,-16.65,-18.01,-36.15,23.8,0.39,0.37,0.39,0.232,0,B,[],[],[],,19540,a787a66d612eb2f17ec5171e812b404519d428da
kamadhenu_dataset/incoming_audio/dge_linked/sumadhva_vijaya/smv15.88.mp3,dge_linked/sumadhva_vijaya,smv15.88.mp3,.mp3,mp3 (mp3float),mp3,11025,1,32,16,13.218,-1.64,-18.67,-20.92,-38.77,25.3,0.31,0.24,0.93,0.297,0,B,[],[],[],,26436,91a4681ad7269db29734fbe07760159cfab055f2
kamadhenu_dataset/incoming_audio/dge_linked/sumadhva_vijaya/smv15.89.mp3,dge_linked/sumadhva_vijaya,smv15.89.mp3,.mp3,mp3 (mp3float),mp3,11025,1,32,16,10.136,-3.09,-18.36,-20.13,-39.28,25.6,0.55,0.21,0.55,0.252,0,B,[],[],[],,20271,ddf08879a0bac12ae7ee8db67ca1df609883b340
kamadhenu_dataset/incoming_audio/dge_linked/sumadhva_vijaya/smv15.9.mp3,dge_linked/sumadhva_vijaya,smv15.9.mp3,.mp3,mp3 (mp3float),mp3,11025,1,32,16,12.225,-5.69,-21.04,-22.9,-41.78,25.4,0.29,0.09,0.44,0.198,0,B,[],[],[],,24451,5278ae55a76882720f529d5352d41001760ae224
kamadhenu_dataset/incoming_audio/dge_linked/sumadhva_vijaya/smv15.90.mp3,dge_linked/sumadhva_vijaya,smv15.90.mp3,.mp3,mp3 (mp3float),mp3,11025,1,32,16,10.815,-1.46,-17.0,-18.87,-38.77,26.1,0.37,0.19,0.49,0.243,0,B,[],[],[],,21629,534119ddc5564de660d4263eb6a75afb8fbabdd7
kamadhenu_dataset/incoming_audio/dge_linked/sumadhva_vijaya/smv15.91.mp3,dge_linked/sumadhva_vijaya,smv15.91.mp3,.mp3,mp3 (mp3float),mp3,11025,1,32,16,12.225,-2.11,-17.07,-19.03,-39.22,27.3,0.34,0.21,0.49,0.229,0,B,[],[],[],,24451,563090083267fdba93f0696da721ec1a5cfa8595
kamadhenu_dataset/incoming_audio/dge_linked/sumadhva_vijaya/smv15.92.mp3,dge_linked/sumadhva_vijaya,smv15.92.mp3,.mp3,mp3 (mp3float),mp3,11025,1,32,16,9.247,-4.08,-18.3,-18.96,-34.66,20.6,0.31,0.54,0.54,0.244,0,B,[],[],[],,18495,f5f3058a48e76f8d7e6431d1a4718c796516dffe
kamadhenu_dataset/incoming_audio/dge_linked/sumadhva_vijaya/smv15.93.mp3,dge_linked/sumadhva_vijaya,smv15.93.mp3,.mp3,mp3 (mp3float),mp3,11025,1,32,16,9.3,-4.31,-19.14,-20.21,-35.41,20.6,0.28,0.39,0.4,0.211,0,B,[],[],[],,18599,f39cedf31bc0a341203918716ce79ae499058aec
kamadhenu_dataset/incoming_audio/dge_linked/sumadhva_vijaya/smv15.94.mp3,dge_linked/sumadhva_vijaya,smv15.94.mp3,.mp3,mp3 (mp3float),mp3,11025,1,32,16,9.247,-3.72,-19.22,-20.12,-36.23,21.4,0.21,0.44,0.45,0.219,0,B,[],[],[],,18495,5573ff047021f263c80c402d4ff720d809fc2468
kamadhenu_dataset/incoming_audio/dge_linked/sumadhva_vijaya/smv15.95.mp3,dge_linked/sumadhva_vijaya,smv15.95.mp3,.mp3,mp3 (mp3float),mp3,11025,1,32,16,8.359,-3.7,-18.34,-19.73,-35.2,21.5,0.23,0.4,0.4,0.23,0,B,[],[],[],,16718,80282e5aec72ecf7aa92f8a8831547c73800e8e6
kamadhenu_dataset/incoming_audio/dge_linked/sumadhva_vijaya/smv15.96.mp3,dge_linked/sumadhva_vijaya,smv15.96.mp3,.mp3,mp3 (mp3float),mp3,11025,1,32,16,9.665,-4.37,-19.16,-20.8,-36.71,22.0,0.23,0.4,0.4,0.205,0,B,[],[],[],,19331,be62c57931680147fdcfbfebd03ed2b3c022968a
kamadhenu_dataset/incoming_audio/dge_linked/sumadhva_vijaya/smv15.97.mp3,dge_linked/sumadhva_vijaya,smv15.97.mp3,.mp3,mp3 (mp3float),mp3,11025,1,32,16,8.673,-3.46,-19.1,-20.84,-38.19,23.8,0.32,0.22,0.42,0.242,0,B,[],[],[],,17345,d3be2054c02029763d0141ea86de29081af5d8d0
kamadhenu_dataset/incoming_audio/dge_linked/sumadhva_vijaya/smv15.98.mp3,dge_linked/sumadhva_vijaya,smv15.98.mp3,.mp3,mp3 (mp3float),mp3,11025,1,32,16,10.188,-2.14,-17.39,-18.88,-37.0,24.0,0.38,0.27,0.38,0.228,0,B,[],[],[],,20376,3557aea9bf1b4601af93648b932e1ea757e268ad
kamadhenu_dataset/incoming_audio/dge_linked/sumadhva_vijaya/smv15.99.mp3,dge_linked/sumadhva_vijaya,smv15.99.mp3,.mp3,mp3 (mp3float),mp3,11025,1,32,16,9.613,-2.45,-17.36,-18.33,-35.73,22.7,0.19,0.46,0.46,0.206,0,B,[],[],[],,19226,a58f7a2047a2a8815cb707b48be06e27b9e28452
kamadhenu_dataset/incoming_audio/dge_linked/sumadhva_vijaya/smv16.1.mp3,dge_linked/sumadhva_vijaya,smv16.1.mp3,.mp3,mp3 (mp3float),mp3,11025,1,32,16,14.733,-4.81,-20.15,-21.63,-39.51,23.6,0.29,1.05,1.05,0.213,0,B,[],[],[],,29466,6e54ad92a2633a651db088994fa179e2c032a62d
kamadhenu_dataset/incoming_audio/dge_linked/sumadhva_vijaya/smv16.10.mp3,dge_linked/sumadhva_vijaya,smv16.10.mp3,.mp3,mp3 (mp3float),mp3,11025,1,32,16,14.576,-3.76,-20.02,-21.3,-40.39,24.6,0.47,0.98,0.98,0.227,0,B,[],[],[],,29153,e2264a3f9bbfa479b0e040e61a65e39dcb2b985a
kamadhenu_dataset/incoming_audio/dge_linked/sumadhva_vijaya/smv16.11.mp3,dge_linked/sumadhva_vijaya,smv16.11.mp3,.mp3,mp3 (mp3float),mp3,11025,1,32,16,14.785,-4.41,-20.11,-21.18,-38.18,22.0,0.2,0.81,0.81,0.223,0,B,[],[],[],,29571,23c566ff8f9b12d1f0577a16be81f6a790a2be02
kamadhenu_dataset/incoming_audio/dge_linked/sumadhva_vijaya/smv16.12.mp3,dge_linked/sumadhva_vijaya,smv16.12.mp3,.mp3,mp3 (mp3float),mp3,11025,1,32,16,14.994,-3.12,-18.64,-20.79,-39.92,25.7,0.36,0.74,0.74,0.186,0,B,[],[],[],,29989,5bc28f5775d2203e111f3993adb350747c7d45c8
kamadhenu_dataset/incoming_audio/dge_linked/sumadhva_vijaya/smv16.13.mp3,dge_linked/sumadhva_vijaya,smv16.13.mp3,.mp3,mp3 (mp3float),mp3,11025,1,32,16,13.897,-3.99,-19.84,-21.34,-38.62,23.1,0.19,0.86,0.86,0.202,0,B,[],[],[],,27794,aa4ffc58439977074666be5eb16d80556c7aa4b4
kamadhenu_dataset/incoming_audio/dge_linked/sumadhva_vijaya/smv16.14.mp3,dge_linked/sumadhva_vijaya,smv16.14.mp3,.mp3,mp3 (mp3float),mp3,11025,1,32,16,13.949,-3.69,-19.74,-21.2,-38.62,23.3,0.59,0.76,0.76,0.216,0,B,[],[],[],,27899,bad836b3ece62a1787669d62e5850108080fa3a1
kamadhenu_dataset/incoming_audio/dge_linked/sumadhva_vijaya/smv16.15.mp3,dge_linked/sumadhva_vijaya,smv16.15.mp3,.mp3,mp3 (mp3float),mp3,11025,1,32,16,14.211,-4.13,-19.27,-20.69,-39.23,24.2,0.19,0.71,0.71,0.196,0,B,[],[],[],,28421,46ea654144d3252be72205ad7645ed6b102ad7e2
kamadhenu_dataset/incoming_audio/dge_linked/sumadhva_vijaya/smv16.16.mp3,dge_linked/sumadhva_vijaya,smv16.16.mp3,.mp3,mp3 (mp3float),mp3,11025,1,32,16,14.367,-3.61,-19.16,-20.71,-37.71,23.0,0.2,0.66,0.66,0.216,0,B,[],[],[],,28735,f77f56bd7f30258af87022b30ff9975d35f7f02c
kamadhenu_dataset/incoming_audio/dge_linked/sumadhva_vijaya/smv16.17.mp3,dge_linked/sumadhva_vijaya,smv16.17.mp3,.mp3,mp3 (mp3float),mp3,11025,1,32,16,14.994,-4.53,-20.33,-21.56,-39.59,23.6,0.2,0.61,0.61,0.22,0,B,[],[],[],,29989,5c7287f071be97204139e7f509fa72732e52e93f
kamadhenu_dataset/incoming_audio/dge_linked/sumadhva_vijaya/smv16.18.mp3,dge_linked/sumadhva_vijaya,smv16.18.mp3,.mp3,mp3 (mp3float),mp3,11025,1,32,16,13.218,-2.92,-18.84,-20.9,-39.51,25.1,0.23,0.59,0.59,0.186,0,B,[],[],[],,26436,4e4ac9035d8e38cf057b3b9425f10c91db0ba496
kamadhenu_dataset/incoming_audio/dge_linked/sumadhva_vijaya/smv16.19.mp3,dge_linked/sumadhva_vijaya,smv16.19.mp3,.mp3,mp3 (mp3float),mp3,11025,1,32,16,14.211,-4.69,-20.3,-21.42,-38.49,22.8,0.56,0.59,0.59,0.227,0,B,[],[],[],,28421,e61e13d2b3ea8d7e6d4ab3ff822029b07e6b6b66
kamadhenu_dataset/incoming_audio/dge_linked/sumadhva_vijaya/smv16.2.mp3,dge_linked/sumadhva_vijaya,smv16.2.mp3,.mp3,mp3 (mp3float),mp3,11025,1,32,16,14.263,-4.7,-20.72,-22.15,-40.0,23.7,0.28,0.96,0.96,0.227,0,B,[],[],[],,28526,121d3df494bae0f929d9aa93e402901cc4572d1d
kamadhenu_dataset/incoming_audio/dge_linked/sumadhva_vijaya/smv16.20.mp3,dge_linked/sumadhva_vijaya,smv16.20.mp3,.mp3,mp3 (mp3float),mp3,11025,1,32,16,14.629,-4.4,-19.76,-21.16,-37.85,22.6,0.24,0.67,0.67,0.199,0,B,[],[],[],,29257,aed3d77b06466f5b706160ae64d7741bc118d24c
kamadhenu_dataset/incoming_audio/dge_linked/sumadhva_vijaya/smv16.21.mp3,dge_linked/sumadhva_vijaya,smv16.21.mp3,.mp3,mp3 (mp3float),mp3,11025,1,32,16,14.733,-4.17,-19.63,-21.2,-40.98,25.8,0.32,0.59,0.93,0.213,0,B,[],[],[],,29466,9e4bbb4863e8215a6375c6475037e9cc9cb3d846
kamadhenu_dataset/incoming_audio/dge_linked/sumadhva_vijaya/smv16.22.mp3,dge_linked/sumadhva_vijaya,smv16.22.mp3,.mp3,mp3 (mp3float),mp3,11025,1,32,16,14.681,-5.6,-20.0,-20.93,-37.49,21.6,0.26,0.62,0.62,0.22,0,B,[],[],[],,29362,a8514c007be7b39594c2bec9e10edd0dfa0c7c3c
kamadhenu_dataset/incoming_audio/dge_linked/sumadhva_vijaya/smv16.23.mp3,dge_linked/sumadhva_vijaya,smv16.23.mp3,.mp3,mp3 (mp3float),mp3,11025,1,32,16,14.472,-4.99,-20.5,-21.65,-38.45,22.0,0.19,0.72,0.72,0.224,0,B,[],[],[],,28944,cb1c1a7b5a77d7dadf532155de91cb7fb37060de
kamadhenu_dataset/incoming_audio/dge_linked/sumadhva_vijaya/smv16.24.mp3,dge_linked/sumadhva_vijaya,smv16.24.mp3,.mp3,mp3 (mp3float),mp3,11025,1,32,16,16.039,-2.4,-19.7,-21.76,-39.55,24.7,0.2,0.84,0.84,0.238,0,B,[],[],[],,32078,952474e3f7a4c828357484ceeddff6d265756c1e
kamadhenu_dataset/incoming_audio/dge_linked/sumadhva_vijaya/smv16.25.mp3,dge_linked/sumadhva_vijaya,smv16.25.mp3,.mp3,mp3 (mp3float),mp3,11025,1,32,16,16.927,-4.09,-20.59,-23.46,-42.6,26.9,0.19,1.03,1.03,0.188,0,B,[],[],[],,33855,57681ea3c838804ada97aa9c629f1aaa989a42ee
kamadhenu_dataset/incoming_audio/dge_linked/sumadhva_vijaya/smv16.26.mp3,dge_linked/sumadhva_vijaya,smv16.26.mp3,.mp3,mp3 (mp3float),mp3,11025,1,32,16,14.42,-4.7,-20.31,-20.76,-37.31,21.3,0.55,0.6,0.64,0.283,0,B,[],[],[],,28839,a49d711247f7f38a34fbe0f2ec340c93e905b00e
kamadhenu_dataset/incoming_audio/dge_linked/sumadhva_vijaya/smv16.27.mp3,dge_linked/sumadhva_vijaya,smv16.27.mp3,.mp3,mp3 (mp3float),mp3,11025,1,32,16,14.524,-4.76,-20.74,-22.67,-39.4,23.3,0.2,0.61,0.61,0.217,0,B,[],[],[],,29048,b896bbec672c836e8191774ec8b9b9a06fc4893a
kamadhenu_dataset/incoming_audio/dge_linked/sumadhva_vijaya/smv16.28.mp3,dge_linked/sumadhva_vijaya,smv16.28.mp3,.mp3,mp3 (mp3float),mp3,11025,1,32,16,15.099,-4.57,-20.64,-21.94,-40.26,23.9,0.36,0.63,0.73,0.262,0,B,[],[],[],,30198,77b330e39a6b44d3b1f2d6ff2826bd3dd2c30259
kamadhenu_dataset/incoming_audio/dge_linked/sumadhva_vijaya/smv16.29.mp3,dge_linked/sumadhva_vijaya,smv16.29.mp3,.mp3,mp3 (mp3float),mp3,11025,1,32,16,14.994,-4.68,-20.1,-21.59,-39.32,23.9,0.6,0.81,0.81,0.257,0,B,[],[],[],,29989,4c006edc1d179da31d73428b4019cf317d140c3f
kamadhenu_dataset/incoming_audio/dge_linked/sumadhva_vijaya/smv16.3.mp3,dge_linked/sumadhva_vijaya,smv16.3.mp3,.mp3,mp3 (mp3float),mp3,11025,1,32,16,14.942,-4.76,-20.37,-21.8,-39.63,23.6,0.27,1.09,1.09,0.247,0,B,[],[],[],,29884,2b405623b918f0825ef240f3b9408725ce038593
kamadhenu_dataset/incoming_audio/dge_linked/sumadhva_vijaya/smv16.30.mp3,dge_linked/sumadhva_vijaya,smv16.30.mp3,.mp3,mp3 (mp3float),mp3,11025,1,32,16,14.733,-1.72,-17.33,-18.67,-36.88,24.0,0.51,0.72,0.72,0.248,0,B,[],[],[],,29466,7f1c4e08479c5294aafcb98fb7a300e75728447a
kamadhenu_dataset/incoming_audio/dge_linked/sumadhva_vijaya/smv16.31.mp3,dge_linked/sumadhva_vijaya,smv16.31.mp3,.mp3,mp3 (mp3float),mp3,11025,1,32,16,15.883,-3.73,-20.16,-21.89,-40.78,24.8,0.51,0.58,0.58,0.213,0,B,[],[],[],,31765,1972af62d422f215a1f04b718df25a25f9f534c5
kamadhenu_dataset/incoming_audio/dge_linked/sumadhva_vijaya/smv16.32.mp3,dge_linked/sumadhva_vijaya,smv16.32.mp3,.mp3,mp3 (mp3float),mp3,11025,1,32,16,14.733,-5.84,-21.38,-22.23,-39.42,22.1,0.42,0.62,0.62,0.234,0,B,[],[],[],,29466,862a6906cde53b9544db51b97584baee47611bd6
kamadhenu_dataset/incoming_audio/dge_linked/sumadhva_vijaya/smv16.33.mp3,dge_linked/sumadhva_vijaya,smv16.33.mp3,.mp3,mp3 (mp3float),mp3,11025,1,32,16,14.472,-6.02,-22.31,-23.15,-39.97,22.1,0.2,0.58,0.58,0.27,0,B,[],[],[],,28944,c47075b156acf43ab1ca8ebefbe292fb84f04fc9
kamadhenu_dataset/incoming_audio/dge_linked/sumadhva_vijaya/smv16.34.mp3,dge_linked/sumadhva_vijaya,smv16.34.mp3,.mp3,mp3 (mp3float),mp3,11025,1,32,16,16.509,-6.79,-23.08,-25.44,-45.89,27.3,0.2,0.4,0.73,0.188,0,B,[],[],[],,33019,b4778ac67f3b8fae813435ab22a340e7fe4c726e
kamadhenu_dataset/incoming_audio/dge_linked/sumadhva_vijaya/smv16.35.mp3,dge_linked/sumadhva_vijaya,smv16.35.mp3,.mp3,mp3 (mp3float),mp3,11025,1,32,16,16.666,-6.29,-22.35,-23.02,-39.62,21.6,0.49,0.68,0.88,0.278,0,B,[],[],[],,33332,f5ef00ae10cbed0d8cdce4294c12aece14cff7bf
kamadhenu_dataset/incoming_audio/dge_linked/sumadhva_vijaya/smv16.36.mp3,dge_linked/sumadhva_vijaya,smv16.36.mp3,.mp3,mp3 (mp3float),mp3,11025,1,32,16,16.248,-4.41,-20.53,-22.5,-39.4,23.4,0.54,0.82,0.82,0.214,0,B,[],[],[],,32496,728e4775e878932a651125bc736830eda337b574
kamadhenu_dataset/incoming_audio/dge_linked/sumadhva_vijaya/smv16.37.mp3,dge_linked/sumadhva_vijaya,smv16.37.mp3,.mp3,mp3 (mp3float),mp3,11025,1,32,16,14.994,-5.66,-20.5,-21.77,-38.89,22.9,0.19,0.74,0.74,0.236,0,B,[],[],[],,29989,db1d1229ce5ef04c50b3351483953811aa6e2de1
kamadhenu_dataset/incoming_audio/dge_linked/sumadhva_vijaya/smv16.38.mp3,dge_linked/sumadhva_vijaya,smv16.38.mp3,.mp3,mp3 (mp3float),mp3,11025,1,32,16,14.838,-4.66,-21.04,-21.37,-35.78,18.9,0.22,0.57,0.62,0.293,0,B,[],[],[],,29675,e17166d4806b6771c6860112899270f0b0db6678
kamadhenu_dataset/incoming_audio/dge_linked/sumadhva_vijaya/smv16.39.mp3,dge_linked/sumadhva_vijaya,smv16.39.mp3,.mp3,mp3 (mp3float),mp3,11025,1,32,16,14.158,-6.17,-22.54,-23.38,-39.43,20.7,0.19,0.63,0.63,0.211,0,B,[],[],[],,28317,33c91a3bf32767b23fd4b7b75535980395be40d1
kamadhenu_dataset/incoming_audio/dge_linked/sumadhva_vijaya/smv16.4.mp3,dge_linked/sumadhva_vijaya,smv16.4.mp3,.mp3,mp3 (mp3float),mp3,11025,1,32,16,14.994,-4.21,-20.29,-21.69,-39.88,24.2,0.35,1.1,1.1,0.258,0,B,[],[],[],,29989,8c387b0944ba5d6c333899af13910ccd3301bf39
kamadhenu_dataset/incoming_audio/dge_linked/sumadhva_vijaya/smv16.40.mp3,dge_linked/sumadhva_vijaya,smv16.40.mp3,.mp3,mp3 (mp3float),mp3,11025,1,32,16,13.688,-5.91,-22.9,-23.84,-40.43,21.6,0.29,0.53,0.53,0.214,0,B,[],[],[],,27376,0d6b490decdcf8bdf884522857e90ed489eeeaa3
kamadhenu_dataset/incoming_audio/dge_linked/sumadhva_vijaya/smv16.41.mp3,dge_linked/sumadhva_vijaya,smv16.41.mp3,.mp3,mp3 (mp3float),mp3,11025,1,32,16,13.636,-6.25,-22.82,-23.46,-39.72,21.2,0.31,0.52,0.52,0.247,0,B,[],[],[],,27272,2cfabc781d0ef84e427247987675ea2f7103dad3
kamadhenu_dataset/incoming_audio/dge_linked/sumadhva_vijaya/smv16.42.mp3,dge_linked/sumadhva_vijaya,smv16.42.mp3,.mp3,mp3 (mp3float),mp3,11025,1,32,16,13.949,-5.84,-22.69,-23.35,-38.89,20.7,0.53,0.47,0.53,0.258,0,B,[],[],[],,27899,1ac03a28860419041ec8bf7d9ec75539d2767c48
kamadhenu_dataset/incoming_audio/dge_linked/sumadhva_vijaya/smv16.43.mp3,dge_linked/sumadhva_vijaya,smv16.43.mp3,.mp3,mp3 (mp3float),mp3,11025,1,32,16,14.211,-6.18,-23.01,-23.96,-40.69,22.0,0.23,0.52,0.52,0.212,0,B,[],[],[],,28421,80ae7dccf3ece5712a74bcc018f1331467013568
kamadhenu_dataset/incoming_audio/dge_linked/sumadhva_vijaya/smv16.44.mp3,dge_linked/sumadhva_vijaya,smv16.44.mp3,.mp3,mp3 (mp3float),mp3,11025,1,32,16,14.158,-5.94,-22.87,-23.03,-38.78,20.1,0.21,0.58,0.77,0.272,0,B,[],[],[],,28317,e8f15d7743b6497bcf7e8c307393ce7750a493e4
kamadhenu_dataset/incoming_audio/dge_linked/sumadhva_vijaya/smv16.45.mp3,dge_linked/sumadhva_vijaya,smv16.45.mp3,.mp3,mp3 (mp3float),mp3,11025,1,32,16,14.733,-5.65,-22.74,-24.29,-41.91,23.4,0.2,0.64,0.64,0.198,0,B,[],[],[],,29466,a7cc3328da86424b012b4f947e251e660c720d73
kamadhenu_dataset/incoming_audio/dge_linked/sumadhva_vijaya/smv16.46.mp3,dge_linked/sumadhva_vijaya,smv16.46.mp3,.mp3,mp3 (mp3float),mp3,11025,1,32,16,13.793,-5.91,-22.28,-23.55,-40.37,22.5,0.45,0.53,0.61,0.203,0,B,[],[],[],,27585,8a09196bf75d54bf2289027b0e7c5220d4e2e1e4
kamadhenu_dataset/incoming_audio/dge_linked/sumadhva_vijaya/smv16.47.mp3,dge_linked/sumadhva_vijaya,smv16.47.mp3,.mp3,mp3 (mp3float),mp3,11025,1,32,16,14.263,-6.65,-22.78,-23.47,-39.19,20.7,0.2,0.57,0.57,0.27,0,B,[],[],[],,28526,b5507ce7ab8e8608e9e24f969282371ad8d7c67f
kamadhenu_dataset/incoming_audio/dge_linked/sumadhva_vijaya/smv16.48.mp3,dge_linked/sumadhva_vijaya,smv16.48.mp3,.mp3,mp3 (mp3float),mp3,11025,1,32,16,13.897,-6.25,-22.0,-23.07,-40.94,22.9,0.3,0.58,0.58,0.197,0,B,[],[],[],,27794,32eaaa5979eb9561667b1c4bb2b84c00316884b3
kamadhenu_dataset/incoming_audio/dge_linked/sumadhva_vijaya/smv16.49.mp3,dge_linked/sumadhva_vijaya,smv16.49.mp3,.mp3,mp3 (mp3float),mp3,11025,1,32,16,13.793,-5.95,-22.34,-22.69,-37.96,19.7,0.32,0.47,0.55,0.257,0,B,[],[],[],,27585,fac5871ddd828f764dfbda9201ae674332eeaa23
kamadhenu_dataset/incoming_audio/dge_linked/sumadhva_vijaya/smv16.5.mp3,dge_linked/sumadhva_vijaya,smv16.5.mp3,.mp3,mp3 (mp3float),mp3,11025,1,32,16,15.151,-4.51,-20.13,-21.86,-40.71,25.1,0.33,0.93,0.93,0.206,0,B,[],[],[],,30302,b9f402c9fb788c7067a51b63aa54788154474f46
kamadhenu_dataset/incoming_audio/dge_linked/sumadhva_vijaya/smv16.50.mp3,dge_linked/sumadhva_vijaya,smv16.50.mp3,.mp3,mp3 (mp3float),mp3,11025,1,32,16,14.42,-6.22,-22.12,-22.91,-39.16,21.2,0.32,0.5,0.5,0.235,0,B,[],[],[],,28839,29b0728e063d313b2433ea4967b1098c9bd1ed37
kamadhenu_dataset/incoming_audio/dge_linked/sumadhva_vijaya/smv16.51.mp3,dge_linked/sumadhva_vijaya,smv16.51.mp3,.mp3,mp3 (mp3float),mp3,11025,1,32,16,17.241,-6.41,-22.71,-23.74,-41.88,23.4,0.75,0.51,0.75,0.263,0,B,[],[],[],,34482,a6c9355380747f47d1a2ca7f2e97e1106aa3d44a
kamadhenu_dataset/incoming_audio/dge_linked/sumadhva_vijaya/smv16.52.mp3,dge_linked/sumadhva_vijaya,smv16.52.mp3,.mp3,mp3 (mp3float),mp3,11025,1,32,16,14.524,-4.97,-21.97,-23.19,-40.47,22.4,0.29,0.46,0.46,0.193,0,B,[],[],[],,29048,ce76ee2ae52debd00a25d23af717c40a1023bcbd
kamadhenu_dataset/incoming_audio/dge_linked/sumadhva_vijaya/smv16.53.mp3,dge_linked/sumadhva_vijaya,smv16.53.mp3,.mp3,mp3 (mp3float),mp3,11025,1,32,16,13.688,-6.06,-22.22,-23.09,-39.97,21.6,0.22,0.53,0.53,0.187,0,B,[],[],[],,27376,66b3160d4c4fe225855cda419e7045554852ee95
kamadhenu_dataset/incoming_audio/dge_linked/sumadhva_vijaya/smv16.54.mp3,dge_linked/sumadhva_vijaya,smv16.54.mp3,.mp3,mp3 (mp3float),mp3,11025,1,32,16,14.054,-6.24,-22.43,-23.43,-38.04,19.8,0.23,0.57,0.57,0.208,0,B,[],[],[],,28108,df9e8b51175ef12c155f99b1cb09053cd5f14d7a
kamadhenu_dataset/incoming_audio/dge_linked/sumadhva_vijaya/smv16.55.mp3,dge_linked/sumadhva_vijaya,smv16.55.mp3,.mp3,mp3 (mp3float),mp3,11025,1,32,16,13.949,-6.6,-22.27,-23.24,-40.26,21.9,0.21,0.35,0.42,0.197,0,B,[],[],[],,27899,02be4f7b7190607666b93117a15f28dae7e211af
kamadhenu_dataset/incoming_audio/dge_linked/sumadhva_vijaya/smv16.56.mp3,dge_linked/sumadhva_vijaya,smv16.56.mp3,.mp3,mp3 (mp3float),mp3,11025,1,32,16,13.74,-6.35,-22.29,-22.81,-38.46,20.1,0.22,0.48,0.51,0.238,0,B,[],[],[],,27481,e35221e10e89a673c6c17a6e6cafac5fc3d240e8
kamadhenu_dataset/incoming_audio/dge_linked/sumadhva_vijaya/smv16.57.mp3,dge_linked/sumadhva_vijaya,smv16.57.mp3,.mp3,mp3 (mp3float),mp3,11025,1,32,16,15.308,-5.69,-21.23,-22.12,-38.58,20.9,0.23,0.35,0.36,0.184,0,B,[],[],[],,30616,302b65d50704720f14744b6c0804dacef772e657
kamadhenu_dataset/incoming_audio/dge_linked/sumadhva_vijaya/smv16.58.mp3,dge_linked/sumadhva_vijaya,smv16.58.mp3,.mp3,mp3 (mp3float),mp3,11025,1,32,16,16.405,-5.88,-21.63,-23.06,-42.82,25.4,0.26,0.44,0.83,0.197,0,B,[],[],[],,32810,5561c02320b34ef3fdf76d1a30d7f11711dcab6f
kamadhenu_dataset/incoming_audio/dge_linked/sumadhva_vijaya/smv16.6.mp3,dge_linked/sumadhva_vijaya,smv16.6.mp3,.mp3,mp3 (mp3float),mp3,11025,1,32,16,15.308,-3.25,-19.51,-21.02,-38.31,23.2,0.36,1.14,1.14,0.176,0,B,[],[],[],,30616,e405644dc6052ab8dff24f653cee47d48beea2f8
kamadhenu_dataset/incoming_audio/dge_linked/sumadhva_vijaya/smv16.7.mp3,dge_linked/sumadhva_vijaya,smv16.7.mp3,.mp3,mp3 (mp3float),mp3,11025,1,32,16,16.562,-2.7,-19.14,-20.74,-38.49,24.0,0.2,1.05,1.05,0.267,0,B,[],[],[],,33123,26fe212ff6138cddecd922907393582ddf426966
kamadhenu_dataset/incoming_audio/dge_linked/sumadhva_vijaya/smv16.8.mp3,dge_linked/sumadhva_vijaya,smv16.8.mp3,.mp3,mp3 (mp3float),mp3,11025,1,32,16,13.897,-3.59,-19.14,-20.75,-38.36,23.4,0.21,0.98,0.98,0.169,0,B,[],[],[],,27794,675cce40a9b53a11b41ab33425ca11f41e803374
kamadhenu_dataset/incoming_audio/dge_linked/sumadhva_vijaya/smv16.9.mp3,dge_linked/sumadhva_vijaya,smv16.9.mp3,.mp3,mp3 (mp3float),mp3,11025,1,32,16,14.367,-4.9,-20.06,-21.64,-39.65,24.2,0.3,1.0,1.0,0.184,0,B,[],[],[],,28735,a7a9cb5373183190fff26822ea70854f18162b7b
kamadhenu_dataset/incoming_audio/dge_linked/sumadhva_vijaya/smv2.1.mp3,dge_linked/sumadhva_vijaya,smv2.1.mp3,.mp3,mp3 (mp3float),mp3,11025,1,32,16,17.45,-2.24,-20.09,-21.86,-40.13,24.4,0.66,0.49,0.66,0.233,0,B,[],[],[],,34900,732b13c79be4310b679aacd28a043f4f42fe90cb
kamadhenu_dataset/incoming_audio/dge_linked/sumadhva_vijaya/smv2.10.mp3,dge_linked/sumadhva_vijaya,smv2.10.mp3,.mp3,mp3 (mp3float),mp3,11025,1,32,16,15.464,-1.77,-18.34,-21.08,-44.15,30.6,0.59,0.07,0.86,0.215,0,B,[],[],[],,30929,8f62b8ab4ba58e534c88a741904857e905614fe8
kamadhenu_dataset/incoming_audio/dge_linked/sumadhva_vijaya/smv2.11.mp3,dge_linked/sumadhva_vijaya,smv2.11.mp3,.mp3,mp3 (mp3float),mp3,11025,1,32,16,14.733,-1.44,-17.69,-20.03,-40.14,26.8,0.42,0.41,0.47,0.184,0,B,[],[],[],,29466,24acbaedbbf4606f04593e0cf027d8bd3fcfb7f2
kamadhenu_dataset/incoming_audio/dge_linked/sumadhva_vijaya/smv2.12.mp3,dge_linked/sumadhva_vijaya,smv2.12.mp3,.mp3,mp3 (mp3float),mp3,11025,1,32,16,16.144,-1.56,-19.09,-21.64,-44.83,30.3,0.45,0.51,0.8,0.199,0,B,[],[],[],,32287,9b233e18f6ef66ed60520286d282582342c94e28
kamadhenu_dataset/incoming_audio/dge_linked/sumadhva_vijaya/smv2.13.mp3,dge_linked/sumadhva_vijaya,smv2.13.mp3,.mp3,mp3 (mp3float),mp3,11025,1,32,16,15.256,-0.48,-18.28,-20.79,-42.21,28.4,0.27,0.38,0.98,0.195,0,B,[],[],[],,30511,b4cc812368843b809f9b8e04c60f2232762c6672
kamadhenu_dataset/incoming_audio/dge_linked/sumadhva_vijaya/smv2.14.mp3,dge_linked/sumadhva_vijaya,smv2.14.mp3,.mp3,mp3 (mp3float),mp3,11025,1,32,16,16.3,-1.11,-18.58,-21.71,-46.33,32.4,0.65,0.11,1.01,0.214,0,B,[],[],[],,32601,461b8f61358a3188b37db4597071584b1fd3b6d8
kamadhenu_dataset/incoming_audio/dge_linked/sumadhva_vijaya/smv2.15.mp3,dge_linked/sumadhva_vijaya,smv2.15.mp3,.mp3,mp3 (mp3float),mp3,11025,1,32,16,15.726,-1.92,-18.51,-20.39,-42.66,28.4,0.3,0.59,0.89,0.216,0,B,"[""exact_duplicate""]","[""kamadhenu_dataset/incoming_audio/dge_linked/sumadhva_vijaya/smv2.16.mp3""]",[],,31451,aa562c600e7c31a9c52968d514a6023899e7410e
kamadhenu_dataset/incoming_audio/dge_linked/sumadhva_vijaya/smv2.16.mp3,dge_linked/sumadhva_vijaya,smv2.16.mp3,.mp3,mp3 (mp3float),mp3,11025,1,32,16,15.726,-1.92,-18.51,-20.39,-42.66,28.4,0.3,0.59,0.89,0.216,0,B,"[""exact_duplicate""]","[""kamadhenu_dataset/incoming_audio/dge_linked/sumadhva_vijaya/smv2.15.mp3""]",[],,31451,aa562c600e7c31a9c52968d514a6023899e7410e
kamadhenu_dataset/incoming_audio/dge_linked/sumadhva_vijaya/smv2.17.mp3,dge_linked/sumadhva_vijaya,smv2.17.mp3,.mp3,mp3 (mp3float),mp3,11025,1,32,16,15.621,-1.08,-18.21,-19.95,-40.34,26.8,0.33,0.5,0.85,0.253,0,B,[],[],[],,31242,96e99b7e53570c6f40eade21c2af367930803818
kamadhenu_dataset/incoming_audio/dge_linked/sumadhva_vijaya/smv2.18.mp3,dge_linked/sumadhva_vijaya,smv2.18.mp3,.mp3,mp3 (mp3float),mp3,11025,1,32,16,15.464,-1.37,-18.21,-20.84,-44.38,30.8,0.32,0.67,0.76,0.205,0,B,[],[],[],,30929,5e72caaca5ee24a2da9b7f6336f9d117f39522ad
kamadhenu_dataset/incoming_audio/dge_linked/sumadhva_vijaya/smv2.19.mp3,dge_linked/sumadhva_vijaya,smv2.19.mp3,.mp3,mp3 (mp3float),mp3,11025,1,32,16,15.151,-0.9,-18.35,-22.57,-46.57,32.8,0.29,0.11,0.68,0.159,0,B,[],[],[],,30302,4050d11bd509d8a20aa31b9163ab9a49accb6a06
kamadhenu_dataset/incoming_audio/dge_linked/sumadhva_vijaya/smv2.2.mp3,dge_linked/sumadhva_vijaya,smv2.2.mp3,.mp3,mp3 (mp3float),mp3,11025,1,32,16,20.428,-1.35,-19.41,-21.55,-44.23,29.0,0.55,0.82,0.91,0.231,0,B,[],[],[],,40856,10a598ce3d6ce8634defa035367631838fe7e69c
kamadhenu_dataset/incoming_audio/dge_linked/sumadhva_vijaya/smv2.20.mp3,dge_linked/sumadhva_vijaya,smv2.20.mp3,.mp3,mp3 (mp3float),mp3,11025,1,32,16,15.569,-0.96,-18.17,-21.02,-44.34,30.9,0.4,0.49,0.65,0.167,0,B,"[""exact_duplicate""]","[""kamadhenu_dataset/incoming_audio/dge_linked/sumadhva_vijaya/smv2.21.mp3""]",[],,31138,a4ed8d45a271dee3c79df05ce07730b6c4eab941
kamadhenu_dataset/incoming_audio/dge_linked/sumadhva_vijaya/smv2.21.mp3,dge_linked/sumadhva_vijaya,smv2.21.mp3,.mp3,mp3 (mp3float),mp3,11025,1,32,16,15.569,-0.96,-18.17,-21.02,-44.34,30.9,0.4,0.49,0.65,0.167,0,B,"[""exact_duplicate""]","[""kamadhenu_dataset/incoming_audio/dge_linked/sumadhva_vijaya/smv2.20.mp3""]",[],,31138,a4ed8d45a271dee3c79df05ce07730b6c4eab941
kamadhenu_dataset/incoming_audio/dge_linked/sumadhva_vijaya/smv2.22.mp3,dge_linked/sumadhva_vijaya,smv2.22.mp3,.mp3,mp3 (mp3float),mp3,11025,1,32,16,14.681,-1.18,-17.66,-19.93,-40.22,27.0,0.21,0.35,0.49,0.213,0,B,[],[],[],,29362,1ed09c18f95ae56331c5a95146ea8ee4e12d65d6
kamadhenu_dataset/incoming_audio/dge_linked/sumadhva_vijaya/smv2.23.mp3,dge_linked/sumadhva_vijaya,smv2.23.mp3,.mp3,mp3 (mp3float),mp3,11025,1,32,16,15.412,-0.71,-17.28,-18.94,-37.2,24.6,0.47,0.65,0.7,0.243,0,B,[],[],[],,30824,0e598d46a636b7baae1761dba9a08828f836defe
kamadhenu_dataset/incoming_audio/dge_linked/sumadhva_vijaya/smv2.24.mp3,dge_linked/sumadhva_vijaya,smv2.24.mp3,.mp3,mp3 (mp3float),mp3,11025,1,32,16,14.994,-1.16,-16.42,-18.82,-40.11,28.2,0.58,0.3,0.76,0.194,0,B,[],[],[],,29989,efd6dcd9da0586a932319a620970fad3faaeafe1
kamadhenu_dataset/incoming_audio/dge_linked/sumadhva_vijaya/smv2.25.mp3,dge_linked/sumadhva_vijaya,smv2.25.mp3,.mp3,mp3 (mp3float),mp3,11025,1,32,16,13.74,-0.96,-15.88,-17.76,-36.76,25.2,0.56,0.48,0.67,0.184,0,B,[],[],[],,27481,243b72826be2ad65a8f68bfabb63dc9df7138b46
kamadhenu_dataset/incoming_audio/dge_linked/sumadhva_vijaya/smv2.26.mp3,dge_linked/sumadhva_vijaya,smv2.26.mp3,.mp3,mp3 (mp3float),mp3,11025,1,32,16,13.531,-1.09,-16.13,-18.02,-37.11,25.3,0.38,0.32,0.52,0.183,0,B,[],[],[],,27063,5f72f6162b4eab7471e7c12eb503d975f064d75b
kamadhenu_dataset/incoming_audio/dge_linked/sumadhva_vijaya/smv2.27.mp3,dge_linked/sumadhva_vijaya,smv2.27.mp3,.mp3,mp3 (mp3float),mp3,11025,1,32,16,14.106,-0.36,-16.09,-18.04,-35.4,23.7,0.3,0.31,0.43,0.213,0,B,[],[],[],,28212,534cbb89ae9142c6dac70a22c1428d369030f0ea
kamadhenu_dataset/incoming_audio/dge_linked/sumadhva_vijaya/smv2.28.mp3,dge_linked/sumadhva_vijaya,smv2.28.mp3,.mp3,mp3 (mp3float),mp3,11025,1,32,16,14.315,-0.75,-15.88,-18.51,-37.6,26.5,0.36,0.3,0.52,0.167,0,B,[],[],[],,28630,2bee7be1f4b839b0ef9eae88c1d9741d2a1831ba
kamadhenu_dataset/incoming_audio/dge_linked/sumadhva_vijaya/smv2.29.mp3,dge_linked/sumadhva_vijaya,smv2.29.mp3,.mp3,mp3 (mp3float),mp3,11025,1,32,16,14.158,-0.91,-16.06,-18.53,-38.56,26.9,0.21,0.33,0.47,0.146,0,B,[],[],[],,28317,5ffa26e22d892bdf6b5366422b0d6c553a701fce
kamadhenu_dataset/incoming_audio/dge_linked/sumadhva_vijaya/smv2.3.mp3,dge_linked/sumadhva_vijaya,smv2.3.mp3,.mp3,mp3 (mp3float),mp3,11025,1,32,16,15.935,-2.2,-19.43,-22.28,-47.92,32.7,0.52,0.45,0.83,0.189,0,B,[],[],[],,31869,c744080420d4b6cfaef61c2d533522371a0d605c
kamadhenu_dataset/incoming_audio/dge_linked/sumadhva_vijaya/smv2.30.mp3,dge_linked/sumadhva_vijaya,smv2.30.mp3,.mp3,mp3 (mp3float),mp3,11025,1,32,16,14.681,-0.76,-14.99,-17.12,-37.58,27.1,0.29,0.45,0.54,0.194,0,B,[],[],[],,29362,e36f8fa0d341eb5407ccca52105236afd6b58bd5
kamadhenu_dataset/incoming_audio/dge_linked/sumadhva_vijaya/smv2.31.mp3,dge_linked/sumadhva_vijaya,smv2.31.mp3,.mp3,mp3 (mp3float),mp3,11025,1,32,16,13.845,-0.73,-15.68,-18.12,-36.83,26.2,0.33,0.34,0.54,0.245,0,B,[],[],[],,27690,65e6fe735b7d3930720bd453f5a077952376a120
kamadhenu_dataset/incoming_audio/dge_linked/sumadhva_vijaya/smv2.32.mp3,dge_linked/sumadhva_vijaya,smv2.32.mp3,.mp3,mp3 (mp3float),mp3,11025,1,32,16,13.636,-0.67,-14.69,-16.55,-35.6,25.5,0.25,0.33,0.4,0.175,0,B,[],[],[],,27272,96f6e5639024369cf83c9bad37a645729a4869b5
kamadhenu_dataset/incoming_audio/dge_linked/sumadhva_vijaya/smv2.33.mp3,dge_linked/sumadhva_vijaya,smv2.33.mp3,.mp3,mp3 (mp3float),mp3,11025,1,32,16,14.106,-0.44,-15.69,-18.07,-38.56,27.5,0.21,0.3,0.48,0.185,0,B,[],[],[],,28212,a25ba466d50b06aac11172c0ff9ec8909f3a43a6
kamadhenu_dataset/incoming_audio/dge_linked/sumadhva_vijaya/smv2.34.mp3,dge_linked/sumadhva_vijaya,smv2.34.mp3,.mp3,mp3 (mp3float),mp3,11025,1,32,16,14.211,-0.82,-15.55,-17.79,-38.32,27.3,0.32,0.4,0.43,0.204,0,B,[],[],[],,28421,1418d62ba63eed371b07f13d0912f5168219509c
kamadhenu_dataset/incoming_audio/dge_linked/sumadhva_vijaya/smv2.35.mp3,dge_linked/sumadhva_vijaya,smv2.35.mp3,.mp3,mp3 (mp3float),mp3,11025,1,32,16,13.845,-1.04,-15.35,-16.98,-36.45,25.3,0.49,0.4,0.49,0.195,0,B,[],[],[],,27690,fe0997568ca8bcaada58ed1cd860084933ca2cec
kamadhenu_dataset/incoming_audio/dge_linked/sumadhva_vijaya/smv2.36.mp3,dge_linked/sumadhva_vijaya,smv2.36.mp3,.mp3,mp3 (mp3float),mp3,11025,1,32,16,14.681,-0.5,-15.63,-17.17,-35.21,23.9,0.46,0.44,0.49,0.203,0,B,[],[],[],,29362,fd1c53ad66576529d54673cb4fbfbeb3b474bc4f
kamadhenu_dataset/incoming_audio/dge_linked/sumadhva_vijaya/smv2.37.mp3,dge_linked/sumadhva_vijaya,smv2.37.mp3,.mp3,mp3 (mp3float),mp3,11025,1,32,16,14.211,-0.47,-14.35,-16.68,-39.24,29.3,0.42,0.44,0.44,0.156,0,B,[],[],[],,28421,52bef24eb847198deab7281fdc4a530d2bad5cb9
kamadhenu_dataset/incoming_audio/dge_linked/sumadhva_vijaya/smv2.38.mp3,dge_linked/sumadhva_vijaya,smv2.38.mp3,.mp3,mp3 (mp3float),mp3,11025,1,32,16,14.785,-0.57,-15.91,-18.02,-37.06,25.9,0.31,0.84,0.84,0.238,0,B,[],[],[],,29571,e2c3135f9f178da1acf3dce51b31dae0a0041775
kamadhenu_dataset/incoming_audio/dge_linked/sumadhva_vijaya/smv2.39.mp3,dge_linked/sumadhva_vijaya,smv2.39.mp3,.mp3,mp3 (mp3float),mp3,11025,1,32,16,14.315,-0.73,-15.89,-17.46,-35.85,24.5,0.33,0.85,0.85,0.238,0,B,[],[],[],,28630,2451058071bb96ad5951cb5c07c6d24f67bbdeba
kamadhenu_dataset/incoming_audio/dge_linked/sumadhva_vijaya/smv2.4.mp3,dge_linked/sumadhva_vijaya,smv2.4.mp3,.mp3,mp3 (mp3float),mp3,11025,1,32,16,17.189,-1.75,-19.32,-22.2,-47.45,33.0,0.56,0.61,0.73,0.201,0,B,[],[],[],,34377,551631367f372c156fcd2fc9b98eeb2d1d38320e
kamadhenu_dataset/incoming_audio/dge_linked/sumadhva_vijaya/smv2.40.mp3,dge_linked/sumadhva_vijaya,smv2.40.mp3,.mp3,mp3 (mp3float),mp3,11025,1,32,16,14.263,-1.03,-16.24,-18.17,-36.73,25.2,0.36,0.61,0.61,0.244,0,B,[],[],[],,28526,5a8407193fd9abe59fcb46d22130c751235487d3
kamadhenu_dataset/incoming_audio/dge_linked/sumadhva_vijaya/smv2.41.mp3,dge_linked/sumadhva_vijaya,smv2.41.mp3,.mp3,mp3 (mp3float),mp3,11025,1,32,16,14.472,-1.3,-15.78,-17.65,-38.27,27.1,0.33,0.66,0.66,0.206,0,B,[],[],[],,28944,58189623962f7c42420b01096a0d643b958a7e79
kamadhenu_dataset/incoming_audio/dge_linked/sumadhva_vijaya/smv2.42.mp3,dge_linked/sumadhva_vijaya,smv2.42.mp3,.mp3,mp3 (mp3float),mp3,11025,1,32,16,14.002,-0.36,-15.4,-16.93,-36.16,25.3,0.47,0.56,0.56,0.202,0,B,[],[],[],,28003,be6f6abb27595fa593b378c86b6ebe1fe5decb0b
kamadhenu_dataset/incoming_audio/dge_linked/sumadhva_vijaya/smv2.43.mp3,dge_linked/sumadhva_vijaya,smv2.43.mp3,.mp3,mp3 (mp3float),mp3,11025,1,32,16,14.315,-0.33,-15.75,-17.35,-36.0,24.7,0.29,0.59,0.59,0.197,0,B,[],[],[],,28630,88044c27eb028db445c3d6d090669582834816d5
kamadhenu_dataset/incoming_audio/dge_linked/sumadhva_vijaya/smv2.44.mp3,dge_linked/sumadhva_vijaya,smv2.44.mp3,.mp3,mp3 (mp3float),mp3,11025,1,32,16,13.949,-0.45,-16.25,-17.77,-35.8,24.4,0.31,0.68,0.68,0.261,0,B,[],[],[],,27899,f954c0a447590a7218b76e8eb5e03589c8da576c
kamadhenu_dataset/incoming_audio/dge_linked/sumadhva_vijaya/smv2.45.mp3,dge_linked/sumadhva_vijaya,smv2.45.mp3,.mp3,mp3 (mp3float),mp3,11025,1,32,16,14.315,-0.91,-15.6,-17.17,-36.33,25.4,0.31,0.59,0.59,0.252,0,B,[],[],[],,28630,c12ec4c1a2ef4fd3368c93de9864feb8ddad7a06
kamadhenu_dataset/incoming_audio/dge_linked/sumadhva_vijaya/smv2.46.mp3,dge_linked/sumadhva_vijaya,smv2.46.mp3,.mp3,mp3 (mp3float),mp3,11025,1,32,16,14.472,-0.19,-15.38,-17.02,-36.88,26.2,0.27,0.56,0.56,0.228,0,B,[],[],[],,28944,a3e7eda1c780a79a4454879aa95aeff40907d65b
kamadhenu_dataset/incoming_audio/dge_linked/sumadhva_vijaya/smv2.47.mp3,dge_linked/sumadhva_vijaya,smv2.47.mp3,.mp3,mp3 (mp3float),mp3,11025,1,32,16,13.27,-0.68,-15.58,-17.36,-35.31,24.4,0.26,0.55,0.55,0.214,0,B,[],[],[],,26540,a87e7d8d1e2287fc82f47feb2f103d955e253404
kamadhenu_dataset/incoming_audio/dge_linked/sumadhva_vijaya/smv2.48.mp3,dge_linked/sumadhva_vijaya,smv2.48.mp3,.mp3,mp3 (mp3float),mp3,11025,1,32,16,13.949,-0.58,-16.09,-17.88,-35.44,24.2,0.22,0.49,0.54,0.22,0,B,[],[],[],,27899,c469bb5707c54fae1b33de44694ca6946cd43a8e
kamadhenu_dataset/incoming_audio/dge_linked/sumadhva_vijaya/smv2.49.mp3,dge_linked/sumadhva_vijaya,smv2.49.mp3,.mp3,mp3 (mp3float),mp3,11025,1,32,16,14.106,-0.72,-16.44,-17.62,-35.02,23.0,0.44,0.51,0.53,0.233,0,B,[],[],[],,28212,b9445b6589290b1e9544a11016d20694d0ab8605
kamadhenu_dataset/incoming_audio/dge_linked/sumadhva_vijaya/smv2.5.mp3,dge_linked/sumadhva_vijaya,smv2.5.mp3,.mp3,mp3 (mp3float),mp3,11025,1,32,16,18.233,-0.73,-19.04,-22.48,-48.98,34.6,0.95,0.48,0.96,0.239,0,B,[],[],[],,36467,ca622b23bc37a43c880e66f36b2f7ab00f685090
kamadhenu_dataset/incoming_audio/dge_linked/sumadhva_vijaya/smv2.50.mp3,dge_linked/sumadhva_vijaya,smv2.50.mp3,.mp3,mp3 (mp3float),mp3,11025,1,32,16,14.524,-0.46,-15.68,-18.21,-35.99,25.1,0.24,0.49,0.49,0.185,0,B,[],[],[],,29048,2c8589dbabdeddfb5d4ab6d992d91982694a313f
kamadhenu_dataset/incoming_audio/dge_linked/sumadhva_vijaya/smv2.51.mp3,dge_linked/sumadhva_vijaya,smv2.51.mp3,.mp3,mp3 (mp3float),mp3,11025,1,32,16,15.047,-0.94,-16.16,-18.34,-37.64,25.9,0.3,0.5,0.63,0.186,0,B,[],[],[],,30093,7cbedeb76f41e4f59f5ba3a5a3de2946b7639d8f
kamadhenu_dataset/incoming_audio/dge_linked/sumadhva_vijaya/smv2.52.mp3,dge_linked/sumadhva_vijaya,smv2.52.mp3,.mp3,mp3 (mp3float),mp3,11025,1,32,16,14.733,-0.69,-16.49,-18.31,-37.51,25.8,0.33,0.54,0.64,0.222,0,B,[],[],[],,29466,c1ffa6a645c82335babb3edb3ea327e7ac6c3dad
kamadhenu_dataset/incoming_audio/dge_linked/sumadhva_vijaya/smv2.53.mp3,dge_linked/sumadhva_vijaya,smv2.53.mp3,.mp3,mp3 (mp3float),mp3,11025,1,32,16,11.128,-0.57,-16.21,-18.0,-34.75,22.5,0.33,0.52,0.54,0.192,0,B,[],[],[],,22256,d80e4624fa900d2df1d7a0385e411ff6d64bf5a0
kamadhenu_dataset/incoming_audio/dge_linked/sumadhva_vijaya/smv2.54.mp3,dge_linked/sumadhva_vijaya,smv2.54.mp3,.mp3,mp3 (mp3float),mp3,11025,1,32,16,16.405,-1.19,-17.37,-18.57,-34.79,21.5,0.37,0.53,0.53,0.214,0,B,[],[],[],,32810,770fe7f167a5bc1a2785c2d25e4c3d77df662d26
kamadhenu_dataset/incoming_audio/dge_linked/sumadhva_vijaya/smv2.6.mp3,dge_linked/sumadhva_vijaya,smv2.6.mp3,.mp3,mp3 (mp3float),mp3,11025,1,32,16,16.666,-2.2,-18.56,-21.15,-48.32,34.3,0.54,1.11,1.11,0.231,0,B,[],[],[],,33332,02c8655522cfe668c30d0976bad30cbd6a030291
kamadhenu_dataset/incoming_audio/dge_linked/sumadhva_vijaya/smv2.7.mp3,dge_linked/sumadhva_vijaya,smv2.7.mp3,.mp3,mp3 (mp3float),mp3,11025,1,32,16,16.405,-0.84,-18.82,-20.78,-43.37,28.9,0.58,0.5,1.11,0.263,0,B,[],[],[],,32810,4ffab5855b4bae78e734070e128b494f9d8ee600
kamadhenu_dataset/incoming_audio/dge_linked/sumadhva_vijaya/smv2.8.mp3,dge_linked/sumadhva_vijaya,smv2.8.mp3,.mp3,mp3 (mp3float),mp3,11025,1,32,16,16.614,-1.1,-19.21,-22.45,-47.04,32.6,0.65,0.37,0.97,0.226,0,B,[],[],[],,33228,3dbe52d8bc863baa0c920900b92957cffbb4c0aa
kamadhenu_dataset/incoming_audio/dge_linked/sumadhva_vijaya/smv2.9.mp3,dge_linked/sumadhva_vijaya,smv2.9.mp3,.mp3,mp3 (mp3float),mp3,11025,1,32,16,15.726,-1.12,-18.1,-20.96,-46.38,32.1,0.62,0.41,0.93,0.18,0,B,[],[],[],,31451,cb318bf1162ece492bdb8044cbdd9075385b5ed7
kamadhenu_dataset/incoming_audio/dge_linked/sumadhva_vijaya/smv3.1.mp3,dge_linked/sumadhva_vijaya,smv3.1.mp3,.mp3,mp3 (mp3float),mp3,11025,1,32,16,15.36,-2.82,-18.52,-19.36,-36.74,22.6,0.67,1.22,1.22,0.259,0,B,[],[],[],,30720,bb25b718b4e83be86097dc76449c03f1d60d62d5
kamadhenu_dataset/incoming_audio/dge_linked/sumadhva_vijaya/smv3.10.mp3,dge_linked/sumadhva_vijaya,smv3.10.mp3,.mp3,mp3 (mp3float),mp3,11025,1,32,16,18.233,-4.74,-21.55,-23.13,-41.95,24.8,0.43,2.03,2.03,0.271,0,B,"[""long_trailing_silence""]",[],[],,36467,68e7fae9105e216e87305fd844c1675da15474e9
kamadhenu_dataset/incoming_audio/dge_linked/sumadhva_vijaya/smv3.11.mp3,dge_linked/sumadhva_vijaya,smv3.11.mp3,.mp3,mp3 (mp3float),mp3,11025,1,32,16,16.823,-2.73,-20.79,-22.03,-42.7,26.4,0.4,1.35,1.35,0.332,0,B,[],[],[],,33646,8c2fc906d798f2afeda2db9f00fcd133121cd86d
kamadhenu_dataset/incoming_audio/dge_linked/sumadhva_vijaya/smv3.12.mp3,dge_linked/sumadhva_vijaya,smv3.12.mp3,.mp3,mp3 (mp3float),mp3,11025,1,32,16,18.756,-2.7,-20.5,-20.93,-42.25,26.2,0.21,2.06,2.06,0.397,0,B,"[""long_trailing_silence""]",[],[],,37512,2cf1ea520efbad0502250484de8f5db3279c1531
kamadhenu_dataset/incoming_audio/dge_linked/sumadhva_vijaya/smv3.13.mp3,dge_linked/sumadhva_vijaya,smv3.13.mp3,.mp3,mp3 (mp3float),mp3,11025,1,32,16,15.674,-1.11,-16.06,-17.1,-37.66,26.4,0.3,0.66,0.99,0.288,0,B,[],[],[],,31347,7c02ae8e8d8e61c862265e403946dd72dc1619b2
kamadhenu_dataset/incoming_audio/dge_linked/sumadhva_vijaya/smv3.14.mp3,dge_linked/sumadhva_vijaya,smv3.14.mp3,.mp3,mp3 (mp3float),mp3,11025,1,32,16,13.949,-0.77,-15.39,-17.67,-39.65,29.1,0.4,0.71,0.71,0.219,0,B,[],[],[],,27899,33be804171059f4087ad04390b9c4a0cf9238644
kamadhenu_dataset/incoming_audio/dge_linked/sumadhva_vijaya/smv3.15.mp3,dge_linked/sumadhva_vijaya,smv3.15.mp3,.mp3,mp3 (mp3float),mp3,11025,1,32,16,17.032,-0.38,-15.99,-17.52,-39.19,28.7,0.48,1.64,1.64,0.369,0,B,[],[],[],,34064,08ed43fca4a9fd19fb5d3f3f6f37f28fee11e339
kamadhenu_dataset/incoming_audio/dge_linked/sumadhva_vijaya/smv3.16.mp3,dge_linked/sumadhva_vijaya,smv3.16.mp3,.mp3,mp3 (mp3float),mp3,11025,1,32,16,16.405,-0.64,-15.94,-17.23,-39.1,28.4,0.53,1.65,1.65,0.322,0,B,[],[],[],,32810,6fd7029e62f1bd77672e2bc13442371dd4734418
kamadhenu_dataset/incoming_audio/dge_linked/sumadhva_vijaya/smv3.17.mp3,dge_linked/sumadhva_vijaya,smv3.17.mp3,.mp3,mp3 (mp3float),mp3,11025,1,32,16,18.547,-0.85,-15.83,-17.1,-38.99,28.5,0.23,1.99,1.99,0.378,0,B,[],[],[],,37094,01d2ac222e594e30f316846dd875988e964ccb8c
kamadhenu_dataset/incoming_audio/dge_linked/sumadhva_vijaya/smv3.18.mp3,dge_linked/sumadhva_vijaya,smv3.18.mp3,.mp3,mp3 (mp3float),mp3,11025,1,32,16,16.927,-0.54,-16.53,-18.27,-39.8,28.8,0.35,1.87,1.87,0.354,0,B,[],[],[],,33855,3eae596b1a8ea8ed8fb810732d45ec12f51e38d3
kamadhenu_dataset/incoming_audio/dge_linked/sumadhva_vijaya/smv3.19.mp3,dge_linked/sumadhva_vijaya,smv3.19.mp3,.mp3,mp3 (mp3float),mp3,11025,1,32,16,17.241,-0.98,-17.57,-18.5,-38.46,26.2,0.54,1.67,1.67,0.39,0,B,[],[],[],,34482,18a065dfb9a2b4a58552e7d9e60098f19d1daf61
kamadhenu_dataset/incoming_audio/dge_linked/sumadhva_vijaya/smv3.2.mp3,dge_linked/sumadhva_vijaya,smv3.2.mp3,.mp3,mp3 (mp3float),mp3,11025,1,32,16,17.502,-2.76,-19.12,-21.19,-40.02,25.8,0.85,2.1,2.1,0.247,0,B,"[""long_trailing_silence""]",[],[],,35004,7e9ef89c48097d8a6b0be134508fb3eb0aea74ba
kamadhenu_dataset/incoming_audio/dge_linked/sumadhva_vijaya/smv3.20.mp3,dge_linked/sumadhva_vijaya,smv3.20.mp3,.mp3,mp3 (mp3float),mp3,11025,1,32,16,16.3,-1.04,-16.54,-17.91,-38.73,27.3,0.69,1.47,1.47,0.34,0,B,[],[],[],,32601,b812435bd2639f86c54b86ea282d539cd4d41c86
kamadhenu_dataset/incoming_audio/dge_linked/sumadhva_vijaya/smv3.21.mp3,dge_linked/sumadhva_vijaya,smv3.21.mp3,.mp3,mp3 (mp3float),mp3,11025,1,32,16,16.875,-0.88,-16.5,-17.65,-38.92,27.5,0.54,1.55,1.55,0.334,0,B,[],[],[],,33750,01ad16fc4de2266d7719f6070482347105766c4e
kamadhenu_dataset/incoming_audio/dge_linked/sumadhva_vijaya/smv3.22.mp3,dge_linked/sumadhva_vijaya,smv3.22.mp3,.mp3,mp3 (mp3float),mp3,11025,1,32,16,17.345,-0.4,-16.69,-19.78,-43.12,31.8,0.46,0.98,1.69,0.316,0,B,[],[],[],,34691,7ca8fb2fb3b8fcc2aaa09b7eacf90cd0551de335
kamadhenu_dataset/incoming_audio/dge_linked/sumadhva_vijaya/smv3.23.mp3,dge_linked/sumadhva_vijaya,smv3.23.mp3,.mp3,mp3 (mp3float),mp3,11025,1,32,16,17.241,-0.99,-16.79,-18.8,-39.58,28.2,0.52,1.48,1.55,0.359,0,B,[],[],[],,34482,5776048eb19be46a564897011acb319e8ab443a0
kamadhenu_dataset/incoming_audio/dge_linked/sumadhva_vijaya/smv3.24.mp3,dge_linked/sumadhva_vijaya,smv3.24.mp3,.mp3,mp3 (mp3float),mp3,11025,1,32,16,16.144,-0.99,-17.05,-18.13,-38.29,26.5,0.46,1.28,1.28,0.348,0,B,[],[],[],,32287,2811919f11c38014bc6a0fed4d1439a7f0e84321
kamadhenu_dataset/incoming_audio/dge_linked/sumadhva_vijaya/smv3.25.mp3,dge_linked/sumadhva_vijaya,smv3.25.mp3,.mp3,mp3 (mp3float),mp3,11025,1,32,16,15.674,-1.06,-16.05,-17.91,-37.66,26.8,0.31,1.24,1.24,0.259,0,B,[],[],[],,31347,9127b44d0b2bd879b9adbd2d5d74d321116cbbf6
kamadhenu_dataset/incoming_audio/dge_linked/sumadhva_vijaya/smv3.26.mp3,dge_linked/sumadhva_vijaya,smv3.26.mp3,.mp3,mp3 (mp3float),mp3,11025,1,32,16,18.129,-0.82,-16.19,-19.35,-42.24,31.1,0.29,1.1,1.1,0.235,0,B,[],[],[],,36258,0b8e084efd4e5fd2a75c203b822fd58e8483a5d0
kamadhenu_dataset/incoming_audio/dge_linked/sumadhva_vijaya/smv3.27.mp3,dge_linked/sumadhva_vijaya,smv3.27.mp3,.mp3,mp3 (mp3float),mp3,11025,1,32,16,18.338,-0.9,-17.07,-19.52,-42.82,30.9,0.76,0.99,1.12,0.296,0,B,[],[],[],,36676,ed08ae82fc7ed69027a6b0c8cb6449fcd30d20a1
kamadhenu_dataset/incoming_audio/dge_linked/sumadhva_vijaya/smv3.28.mp3,dge_linked/sumadhva_vijaya,smv3.28.mp3,.mp3,mp3 (mp3float),mp3,11025,1,32,16,19.069,-0.76,-16.96,-18.5,-40.51,28.7,1.27,1.83,1.83,0.351,0,B,[],[],[],,38139,34207648677f585ba2fb569776ffe424e2b0acfc
kamadhenu_dataset/incoming_audio/dge_linked/sumadhva_vijaya/smv3.29.mp3,dge_linked/sumadhva_vijaya,smv3.29.mp3,.mp3,mp3 (mp3float),mp3,11025,1,32,16,18.024,-0.94,-17.62,-18.62,-38.87,26.4,0.57,2.09,2.09,0.345,0,B,"[""long_trailing_silence""]",[],[],,36049,86b92d05b49b280ef9552d40358552d419a30db7
kamadhenu_dataset/incoming_audio/dge_linked/sumadhva_vijaya/smv3.3.mp3,dge_linked/sumadhva_vijaya,smv3.3.mp3,.mp3,mp3 (mp3float),mp3,11025,1,32,16,18.547,-3.24,-20.04,-21.63,-40.43,25.3,0.71,2.46,2.46,0.315,0,B,"[""long_trailing_silence""]",[],[],,37094,3c24d7e13f94d4bed4aa12163b17c2df713cff14
kamadhenu_dataset/incoming_audio/dge_linked/sumadhva_vijaya/smv3.30.mp3,dge_linked/sumadhva_vijaya,smv3.30.mp3,.mp3,mp3 (mp3float),mp3,11025,1,32,16,18.233,-0.93,-16.42,-18.09,-41.37,30.0,0.6,1.2,1.31,0.347,0,B,[],[],[],,36467,fd809e19921547e986ebb8b1e98dec3c932d59ac
kamadhenu_dataset/incoming_audio/dge_linked/sumadhva_vijaya/smv3.31.mp3,dge_linked/sumadhva_vijaya,smv3.31.mp3,.mp3,mp3 (mp3float),mp3,11025,1,32,16,18.808,-0.47,-16.7,-18.08,-37.92,26.4,0.53,1.89,1.89,0.354,0,B,[],[],[],,37616,b6f8de387cb6f9c892a241794b228de85dfea5c4
kamadhenu_dataset/incoming_audio/dge_linked/sumadhva_vijaya/smv3.32.mp3,dge_linked/sumadhva_vijaya,smv3.32.mp3,.mp3,mp3 (mp3float),mp3,11025,1,32,16,18.442,-0.86,-16.71,-18.68,-39.95,28.5,0.22,1.74,1.74,0.318,0,B,[],[],[],,36885,2dcf432716bc32f4356235267ef5dbf3db86f436
kamadhenu_dataset/incoming_audio/dge_linked/sumadhva_vijaya/smv3.33.mp3,dge_linked/sumadhva_vijaya,smv3.33.mp3,.mp3,mp3 (mp3float),mp3,11025,1,32,16,17.868,-0.5,-15.94,-18.31,-38.32,27.4,0.67,1.79,1.79,0.281,0,B,[],[],[],,35736,c67d947a7e8d747344581916ee0bc08112cba6ad
kamadhenu_dataset/incoming_audio/dge_linked/sumadhva_vijaya/smv3.34.mp3,dge_linked/sumadhva_vijaya,smv3.34.mp3,.mp3,mp3 (mp3float),mp3,11025,1,32,16,17.502,-1.06,-16.27,-18.06,-38.58,27.5,0.71,1.53,1.53,0.296,0,B,[],[],[],,35004,f328cde1a9e0014467ec4c43c144f3addb6d8b2e
kamadhenu_dataset/incoming_audio/dge_linked/sumadhva_vijaya/smv3.35.mp3,dge_linked/sumadhva_vijaya,smv3.35.mp3,.mp3,mp3 (mp3float),mp3,11025,1,32,16,16.405,-0.11,-15.91,-17.33,-37.39,26.7,0.47,1.61,1.61,0.338,0,B,[],[],[],,32810,fb571868b453dcc61d4aa50791dd8c02e4fb0cf0
kamadhenu_dataset/incoming_audio/dge_linked/sumadhva_vijaya/smv3.36.mp3,dge_linked/sumadhva_vijaya,smv3.36.mp3,.mp3,mp3 (mp3float),mp3,11025,1,32,16,17.345,-1.09,-17.02,-17.98,-39.83,27.8,0.52,1.67,1.67,0.338,0,B,[],[],[],,34691,a77a44e5cca5d3f94167a4175dd512ffa76f948d
kamadhenu_dataset/incoming_audio/dge_linked/sumadhva_vijaya/smv3.37.mp3,dge_linked/sumadhva_vijaya,smv3.37.mp3,.mp3,mp3 (mp3float),mp3,11025,1,32,16,18.338,-0.62,-17.22,-18.47,-40.94,28.9,0.68,1.68,1.68,0.362,0,B,[],[],[],,36676,91754740d3b4870b11def5d2362cbb321f696229
kamadhenu_dataset/incoming_audio/dge_linked/sumadhva_vijaya/smv3.38.mp3,dge_linked/sumadhva_vijaya,smv3.38.mp3,.mp3,mp3 (mp3float),mp3,11025,1,32,16,15.517,-0.96,-16.44,-18.66,-42.67,30.9,0.4,1.1,1.1,0.273,0,B,[],[],[],,31033,89dbb4684dc7ebe3bb2f21b95e0c821d0ba76d42
kamadhenu_dataset/incoming_audio/dge_linked/sumadhva_vijaya/smv3.39.mp3,dge_linked/sumadhva_vijaya,smv3.39.mp3,.mp3,mp3 (mp3float),mp3,11025,1,32,16,14.942,-1.02,-16.3,-18.01,-39.08,28.2,0.29,1.39,1.39,0.302,0,B,[],[],[],,29884,eb75182537d5620f1d74451c209be4375cdbc331
kamadhenu_dataset/incoming_audio/dge_linked/sumadhva_vijaya/smv3.4.mp3,dge_linked/sumadhva_vijaya,smv3.4.mp3,.mp3,mp3 (mp3float),mp3,11025,1,32,16,18.233,-4.26,-21.69,-22.03,-39.74,22.7,1.2,2.23,2.23,0.353,0,B,"[""long_trailing_silence"", ""exact_duplicate""]","[""kamadhenu_dataset/incoming_audio/dge_linked/sumadhva_vijaya/smv3.5.mp3""]",[],,36467,c141b151a8a7703593373bfc5dc8a131a8da3952
kamadhenu_dataset/incoming_audio/dge_linked/sumadhva_vijaya/smv3.40.mp3,dge_linked/sumadhva_vijaya,smv3.40.mp3,.mp3,mp3 (mp3float),mp3,11025,1,32,16,14.367,-1.15,-16.32,-17.93,-39.16,27.8,0.23,1.36,1.36,0.264,0,B,[],[],[],,28735,93795230755552071d7605a80aa0c812a6b01637
kamadhenu_dataset/incoming_audio/dge_linked/sumadhva_vijaya/smv3.41.mp3,dge_linked/sumadhva_vijaya,smv3.41.mp3,.mp3,mp3 (mp3float),mp3,11025,1,32,16,15.464,0.06,-16.67,-18.03,-41.02,28.2,0.32,1.25,1.25,0.209,0,B,[],[],[],,30929,d29eb4c674fa59c0c15b877a4c2c3708d7088e67
kamadhenu_dataset/incoming_audio/dge_linked/sumadhva_vijaya/smv3.42.mp3,dge_linked/sumadhva_vijaya,smv3.42.mp3,.mp3,mp3 (mp3float),mp3,11025,1,32,16,16.091,0.07,-18.02,-19.55,-42.87,29.0,0.43,1.01,1.01,0.266,0,B,[],[],[],,32183,cc4ac9e2b4a222997c92546c37d5df19c4350f1b
kamadhenu_dataset/incoming_audio/dge_linked/sumadhva_vijaya/smv3.43.mp3,dge_linked/sumadhva_vijaya,smv3.43.mp3,.mp3,mp3 (mp3float),mp3,11025,1,32,16,15.517,-0.38,-17.88,-19.04,-39.74,26.6,0.52,1.57,1.57,0.283,0,B,[],[],[],,31033,b031681038881fb0ddc2c636f767038f4f3cbe86
kamadhenu_dataset/incoming_audio/dge_linked/sumadhva_vijaya/smv3.44.mp3,dge_linked/sumadhva_vijaya,smv3.44.mp3,.mp3,mp3 (mp3float),mp3,11025,1,32,16,16.771,-0.42,-18.59,-19.44,-41.44,27.3,0.51,1.17,1.17,0.337,0,B,[],[],[],,33541,48be78dfc10d88dd2451e6e758d4b82641fe27b5
kamadhenu_dataset/incoming_audio/dge_linked/sumadhva_vijaya/smv3.45.mp3,dge_linked/sumadhva_vijaya,smv3.45.mp3,.mp3,mp3 (mp3float),mp3,11025,1,32,16,17.136,-0.79,-18.18,-19.34,-42.18,28.7,0.52,1.06,1.21,0.303,0,B,[],[],[],,34273,ece0914c2e24c6de9d20dc325e8910a9ed3a7795
kamadhenu_dataset/incoming_audio/dge_linked/sumadhva_vijaya/smv3.46.mp3,dge_linked/sumadhva_vijaya,smv3.46.mp3,.mp3,mp3 (mp3float),mp3,11025,1,32,16,15.883,-0.9,-17.89,-19.71,-42.98,29.8,0.27,0.99,0.99,0.256,0,B,[],[],[],,31765,1afccad665ec563d55050e403e0d10bddee8f7a4
kamadhenu_dataset/incoming_audio/dge_linked/sumadhva_vijaya/smv3.47.mp3,dge_linked/sumadhva_vijaya,smv3.47.mp3,.mp3,mp3 (mp3float),mp3,11025,1,32,16,16.823,-1.01,-18.16,-20.14,-42.06,28.6,0.41,1.11,1.11,0.244,0,B,[],[],[],,33646,4399dddbb33c21868baf531c0655b1ba7709272e
kamadhenu_dataset/incoming_audio/dge_linked/sumadhva_vijaya/smv3.48.mp3,dge_linked/sumadhva_vijaya,smv3.48.mp3,.mp3,mp3 (mp3float),mp3,11025,1,32,16,16.718,-0.27,-17.23,-18.47,-39.16,26.1,0.42,1.48,1.48,0.21,0,B,[],[],[],,33437,8db65c720dd054f90af2e8c6c7399bb2bf210143
kamadhenu_dataset/incoming_audio/dge_linked/sumadhva_vijaya/smv3.49.mp3,dge_linked/sumadhva_vijaya,smv3.49.mp3,.mp3,mp3 (mp3float),mp3,11025,1,32,16,15.203,-0.51,-17.58,-19.27,-39.34,26.3,0.27,1.53,1.53,0.234,0,B,[],[],[],,30407,8331fac676ee90bf7251fbebbdd8ffd64e39b458
kamadhenu_dataset/incoming_audio/dge_linked/sumadhva_vijaya/smv3.5.mp3,dge_linked/sumadhva_vijaya,smv3.5.mp3,.mp3,mp3 (mp3float),mp3,11025,1,32,16,18.233,-4.26,-21.69,-22.03,-39.74,22.7,1.2,2.23,2.23,0.353,0,B,"[""long_trailing_silence"", ""exact_duplicate""]","[""kamadhenu_dataset/incoming_audio/dge_linked/sumadhva_vijaya/smv3.4.mp3""]",[],,36467,c141b151a8a7703593373bfc5dc8a131a8da3952
kamadhenu_dataset/incoming_audio/dge_linked/sumadhva_vijaya/smv3.50.mp3,dge_linked/sumadhva_vijaya,smv3.50.mp3,.mp3,mp3 (mp3float),mp3,11025,1,32,16,15.151,-0.23,-18.85,-20.3,-40.97,26.1,0.28,1.27,1.27,0.256,0,B,[],[],[],,30302,7b9421e16ab7ce2e05ae92735b60616ac3b82db2
kamadhenu_dataset/incoming_audio/dge_linked/sumadhva_vijaya/smv3.51.mp3,dge_linked/sumadhva_vijaya,smv3.51.mp3,.mp3,mp3 (mp3float),mp3,11025,1,32,16,16.718,-0.4,-17.91,-19.41,-40.86,27.4,0.29,1.26,1.26,0.271,0,B,[],[],[],,33437,3d6d3e404f321d3f5a8437c70cc8212c79666b70
kamadhenu_dataset/incoming_audio/dge_linked/sumadhva_vijaya/smv3.52.mp3,dge_linked/sumadhva_vijaya,smv3.52.mp3,.mp3,mp3 (mp3float),mp3,11025,1,32,16,17.92,1.06,-17.44,-18.36,-38.14,25.7,0.48,1.51,1.51,0.359,0,B,[],[],[],,35840,47d903f0dc8c03f16e1cecc7c0c4ae9bf902cf2c
kamadhenu_dataset/incoming_audio/dge_linked/sumadhva_vijaya/smv3.53.mp3,dge_linked/sumadhva_vijaya,smv3.53.mp3,.mp3,mp3 (mp3float),mp3,11025,1,32,16,15.256,-0.73,-16.58,-18.37,-40.03,28.2,0.4,1.52,1.52,0.249,0,B,[],[],[],,30511,26c1555849edef964a4c37c433319a8d46482a7c
kamadhenu_dataset/incoming_audio/dge_linked/sumadhva_vijaya/smv3.54.mp3,dge_linked/sumadhva_vijaya,smv3.54.mp3,.mp3,mp3 (mp3float),mp3,11025,1,32,16,15.464,-0.39,-16.16,-18.68,-39.38,28.3,0.32,1.56,1.56,0.264,0,B,[],[],[],,30929,9ec3c416c11b320de3136831726e3261ad858d9e
kamadhenu_dataset/incoming_audio/dge_linked/sumadhva_vijaya/smv3.55.mp3,dge_linked/sumadhva_vijaya,smv3.55.mp3,.mp3,mp3 (mp3float),mp3,11025,1,32,16,17.189,-0.63,-16.4,-18.71,-40.07,28.7,0.48,1.46,1.46,0.22,0,B,[],[],[],,34377,e8ca17de2651082ad0fa11c571bf87662b5fc402
kamadhenu_dataset/incoming_audio/dge_linked/sumadhva_vijaya/smv3.56.mp3,dge_linked/sumadhva_vijaya,smv3.56.mp3,.mp3,mp3 (mp3float),mp3,11025,1,32,16,21.159,0.88,-16.41,-17.74,-39.6,27.5,0.35,1.66,1.66,0.235,0,B,[],[],[],,42318,fcd22cc3a568f0751c4e9425256d0ec36ab755a3
kamadhenu_dataset/incoming_audio/dge_linked/sumadhva_vijaya/smv3.6.mp3,dge_linked/sumadhva_vijaya,smv3.6.mp3,.mp3,mp3 (mp3float),mp3,11025,1,32,16,17.92,-3.27,-22.3,-23.01,-41.12,23.0,0.24,2.32,2.32,0.335,0,B,"[""long_trailing_silence""]",[],[],,35840,58281586254d03e20a81b2e2c4799d69298d55ea
kamadhenu_dataset/incoming_audio/dge_linked/sumadhva_vijaya/smv3.7.mp3,dge_linked/sumadhva_vijaya,smv3.7.mp3,.mp3,mp3 (mp3float),mp3,11025,1,32,16,17.659,-1.98,-20.3,-22.13,-39.98,24.3,0.44,2.22,2.22,0.294,0,B,"[""long_trailing_silence""]",[],[],,35318,9b86430a0ffab3b4368240571e7cabcedcfc716d
kamadhenu_dataset/incoming_audio/dge_linked/sumadhva_vijaya/smv3.8.mp3,dge_linked/sumadhva_vijaya,smv3.8.mp3,.mp3,mp3 (mp3float),mp3,11025,1,32,16,18.442,-1.88,-20.5,-21.99,-41.93,26.3,0.7,2.06,2.06,0.358,0,B,"[""long_trailing_silence""]",[],[],,36885,87d0ea060a1545b2d22c2ff7c2bc1e82889e60b0
kamadhenu_dataset/incoming_audio/dge_linked/sumadhva_vijaya/smv3.9.mp3,dge_linked/sumadhva_vijaya,smv3.9.mp3,.mp3,mp3 (mp3float),mp3,11025,1,32,16,18.86,-3.37,-20.13,-22.22,-42.56,27.3,0.71,1.29,1.29,0.291,0,B,[],[],[],,37721,606419504efdda876cbbe5736a58beea160ec2be
kamadhenu_dataset/incoming_audio/dge_linked/sumadhva_vijaya/smv4.1.mp3,dge_linked/sumadhva_vijaya,smv4.1.mp3,.mp3,mp3 (mp3float),mp3,11025,1,32,16,17.92,-1.37,-17.02,-17.68,-36.6,24.3,0.64,1.75,1.75,0.328,0,B,[],[],[],,35840,37fac8954dd8d0d49690a22ecee0d65550f550b2
kamadhenu_dataset/incoming_audio/dge_linked/sumadhva_vijaya/smv4.10.mp3,dge_linked/sumadhva_vijaya,smv4.10.mp3,.mp3,mp3 (mp3float),mp3,11025,1,32,16,15.569,-0.25,-16.98,-18.73,-39.32,27.1,0.22,1.34,1.34,0.269,0,B,[],[],[],,31138,4a6046eff8cec8c32bc87a6e3ca19176662645f0
kamadhenu_dataset/incoming_audio/dge_linked/sumadhva_vijaya/smv4.11.mp3,dge_linked/sumadhva_vijaya,smv4.11.mp3,.mp3,mp3 (mp3float),mp3,11025,1,32,16,14.733,-0.42,-16.53,-18.45,-37.38,25.6,0.21,1.11,1.11,0.24,0,B,[],[],[],,29466,79856a3126bbad4d2f42a5508e53ce6ddb2ed970
kamadhenu_dataset/incoming_audio/dge_linked/sumadhva_vijaya/smv4.12.mp3,dge_linked/sumadhva_vijaya,smv4.12.mp3,.mp3,mp3 (mp3float),mp3,11025,1,32,16,15.36,-0.65,-16.64,-19.49,-40.94,29.2,0.54,1.04,1.04,0.182,0,B,[],[],[],,30720,6cde25ad1a385cfb688edce31a2f988235255114
kamadhenu_dataset/incoming_audio/dge_linked/sumadhva_vijaya/smv4.13.mp3,dge_linked/sumadhva_vijaya,smv4.13.mp3,.mp3,mp3 (mp3float),mp3,11025,1,32,16,14.89,-0.87,-17.69,-19.63,-39.53,26.5,0.36,1.02,1.02,0.284,0,B,[],[],[],,29780,fb78c9693ccd64abe2e9d0da8b92894243cf9925
kamadhenu_dataset/incoming_audio/dge_linked/sumadhva_vijaya/smv4.14.mp3,dge_linked/sumadhva_vijaya,smv4.14.mp3,.mp3,mp3 (mp3float),mp3,11025,1,32,16,13.584,-1.06,-16.87,-19.14,-39.57,27.4,0.3,1.08,1.08,0.184,0,B,[],[],[],,27167,be8a532c2d38a5a83c386f8236b8221490160dd0
kamadhenu_dataset/incoming_audio/dge_linked/sumadhva_vijaya/smv4.15.mp3,dge_linked/sumadhva_vijaya,smv4.15.mp3,.mp3,mp3 (mp3float),mp3,11025,1,32,16,13.845,-0.84,-16.17,-18.41,-40.19,28.6,0.22,1.04,1.04,0.212,0,B,[],[],[],,27690,31c6548985ca2d6c5d08885f43e461ea36d31905
kamadhenu_dataset/incoming_audio/dge_linked/sumadhva_vijaya/smv4.16.mp3,dge_linked/sumadhva_vijaya,smv4.16.mp3,.mp3,mp3 (mp3float),mp3,11025,1,32,16,13.479,-0.53,-15.76,-17.43,-39.93,28.5,0.35,0.77,0.77,0.212,0,B,[],[],[],,26958,a7990b1fdd2a2c6ad364e79f3e48cac921b911c3
kamadhenu_dataset/incoming_audio/dge_linked/sumadhva_vijaya/smv4.17.mp3,dge_linked/sumadhva_vijaya,smv4.17.mp3,.mp3,mp3 (mp3float),mp3,11025,1,32,16,14.054,-1.59,-17.53,-19.74,-38.41,25.6,0.24,1.1,1.1,0.227,0,B,[],[],[],,28108,ab124219633ad679942afc6c58526b1f3cc8e756
kamadhenu_dataset/incoming_audio/dge_linked/sumadhva_vijaya/smv4.18.mp3,dge_linked/sumadhva_vijaya,smv4.18.mp3,.mp3,mp3 (mp3float),mp3,11025,1,32,16,13.009,-0.78,-16.11,-18.09,-39.42,28.0,0.21,1.04,1.04,0.208,0,B,[],[],[],,26018,5f56a91ec308625f67526bab1e38517d249f942e
kamadhenu_dataset/incoming_audio/dge_linked/sumadhva_vijaya/smv4.19.mp3,dge_linked/sumadhva_vijaya,smv4.19.mp3,.mp3,mp3 (mp3float),mp3,11025,1,32,16,13.949,-0.76,-15.95,-17.65,-38.64,27.2,0.46,1.02,1.02,0.24,0,B,[],[],[],,27899,ce03eb5b06982ccd23b4561df6b32cee446325a5
kamadhenu_dataset/incoming_audio/dge_linked/sumadhva_vijaya/smv4.2.mp3,dge_linked/sumadhva_vijaya,smv4.2.mp3,.mp3,mp3 (mp3float),mp3,11025,1,32,16,17.45,-0.52,-18.25,-19.12,-36.32,22.4,0.22,1.4,1.4,0.298,0,B,[],[],[],,34900,16f1e260141b159e8e70e0e0cdd4076c4021265b
kamadhenu_dataset/incoming_audio/dge_linked/sumadhva_vijaya/smv4.20.mp3,dge_linked/sumadhva_vijaya,smv4.20.mp3,.mp3,mp3 (mp3float),mp3,11025,1,32,16,13.427,-0.18,-16.29,-18.88,-40.04,28.5,0.37,1.03,1.03,0.204,0,B,[],[],[],,26854,93f09f9933371b5b473d75ad4f8578f58a41e09b
kamadhenu_dataset/incoming_audio/dge_linked/sumadhva_vijaya/smv4.21.mp3,dge_linked/sumadhva_vijaya,smv4.21.mp3,.mp3,mp3 (mp3float),mp3,11025,1,32,16,13.375,0.33,-16.03,-18.35,-38.87,27.8,0.3,0.99,0.99,0.213,0,B,[],[],[],,26749,06dfbf8009ccb1b6f8efa8e9a4c85c32cb1b7163
kamadhenu_dataset/incoming_audio/dge_linked/sumadhva_vijaya/smv4.22.mp3,dge_linked/sumadhva_vijaya,smv4.22.mp3,.mp3,mp3 (mp3float),mp3,11025,1,32,16,13.166,-0.57,-15.65,-17.6,-37.78,26.8,0.3,1.01,1.01,0.19,0,B,[],[],[],,26331,f8c3028393e29e167f879888302c4bc039c38b74
kamadhenu_dataset/incoming_audio/dge_linked/sumadhva_vijaya/smv4.23.mp3,dge_linked/sumadhva_vijaya,smv4.23.mp3,.mp3,mp3 (mp3float),mp3,11025,1,32,16,12.487,-0.91,-15.82,-18.22,-39.96,28.6,0.26,0.84,0.84,0.187,0,B,[],[],[],,24973,7586b0f565f92984b846800778c6ae4fb6efe3fe
kamadhenu_dataset/incoming_audio/dge_linked/sumadhva_vijaya/smv4.24.mp3,dge_linked/sumadhva_vijaya,smv4.24.mp3,.mp3,mp3 (mp3float),mp3,11025,1,32,16,13.427,-1.3,-17.44,-19.06,-37.85,25.0,0.23,0.82,0.82,0.231,0,B,[],[],[],,26854,abb5575fccdd3e94c248cb074aaa90b4fbf93d2f
kamadhenu_dataset/incoming_audio/dge_linked/sumadhva_vijaya/smv4.25.mp3,dge_linked/sumadhva_vijaya,smv4.25.mp3,.mp3,mp3 (mp3float),mp3,11025,1,32,16,13.27,0.23,-16.11,-17.5,-35.35,23.8,0.31,0.8,0.8,0.214,0,B,[],[],[],,26540,5e6c0aa4e98dd724cceebdeb91f49cf9aded3201
kamadhenu_dataset/incoming_audio/dge_linked/sumadhva_vijaya/smv4.26.mp3,dge_linked/sumadhva_vijaya,smv4.26.mp3,.mp3,mp3 (mp3float),mp3,11025,1,32,16,12.539,-0.56,-15.58,-18.35,-39.23,28.3,0.31,0.8,0.8,0.184,0,B,[],[],[],,25078,11b6208f168f508a0db989f9f93bc4ae86e0b541
kamadhenu_dataset/incoming_audio/dge_linked/sumadhva_vijaya/smv4.27.mp3,dge_linked/sumadhva_vijaya,smv4.27.mp3,.mp3,mp3 (mp3float),mp3,11025,1,32,16,13.009,-1.03,-16.28,-17.72,-37.55,25.8,0.26,0.78,0.78,0.209,0,B,[],[],[],,26018,1b33b5577ce6ac0978aaf850b694536503942963
kamadhenu_dataset/incoming_audio/dge_linked/sumadhva_vijaya/smv4.28.mp3,dge_linked/sumadhva_vijaya,smv4.28.mp3,.mp3,mp3 (mp3float),mp3,11025,1,32,16,14.629,-0.84,-16.59,-18.83,-39.78,28.3,0.62,0.69,0.9,0.268,0,B,[],[],[],,29257,39192aaf4cb95674b321faa71fb41e4fde69b4da
kamadhenu_dataset/incoming_audio/dge_linked/sumadhva_vijaya/smv4.29.mp3,dge_linked/sumadhva_vijaya,smv4.29.mp3,.mp3,mp3 (mp3float),mp3,11025,1,32,16,13.009,-0.35,-16.6,-16.9,-31.98,19.7,0.22,0.61,1.0,0.317,0,B,[],[],[],,26018,703b7f300b1547c48d22f07b4396659709f24712
kamadhenu_dataset/incoming_audio/dge_linked/sumadhva_vijaya/smv4.3.mp3,dge_linked/sumadhva_vijaya,smv4.3.mp3,.mp3,mp3 (mp3float),mp3,11025,1,32,16,17.659,-1.04,-17.75,-20.4,-41.99,29.0,0.33,1.19,1.19,0.251,0,B,[],[],[],,35318,373c8e893c85aa12f46eb034e687e1b1f24a2019
kamadhenu_dataset/incoming_audio/dge_linked/sumadhva_vijaya/smv4.30.mp3,dge_linked/sumadhva_vijaya,smv4.30.mp3,.mp3,mp3 (mp3float),mp3,11025,1,32,16,12.8,-0.67,-15.32,-17.9,-38.56,28.2,0.22,0.61,0.61,0.221,0,B,[],[],[],,25600,2ca9fc9943139b24336c6cd30c366c957f5fa6b1
kamadhenu_dataset/incoming_audio/dge_linked/sumadhva_vijaya/smv4.31.mp3,dge_linked/sumadhva_vijaya,smv4.31.mp3,.mp3,mp3 (mp3float),mp3,11025,1,32,16,14.211,-0.82,-15.73,-17.53,-37.43,26.4,0.31,0.63,0.93,0.253,0,B,[],[],[],,28421,fa55573ca53eb6424c8c0705b4ca653aeb667688
kamadhenu_dataset/incoming_audio/dge_linked/sumadhva_vijaya/smv4.32.mp3,dge_linked/sumadhva_vijaya,smv4.32.mp3,.mp3,mp3 (mp3float),mp3,11025,1,32,16,17.293,-0.62,-16.25,-18.54,-39.33,27.6,0.24,0.59,0.87,0.213,0,B,[],[],[],,34586,3b33ede662dfc4308b81b25bd187f0ee66cce07f
kamadhenu_dataset/incoming_audio/dge_linked/sumadhva_vijaya/smv4.33.mp3,dge_linked/sumadhva_vijaya,smv4.33.mp3,.mp3,mp3 (mp3float),mp3,11025,1,32,16,14.054,-0.91,-17.28,-19.45,-38.2,25.5,0.22,1.46,1.46,0.233,0,B,[],[],[],,28108,738b0bb288b902c0ed9429aeb77df1fcbda7273a
kamadhenu_dataset/incoming_audio/dge_linked/sumadhva_vijaya/smv4.34.mp3,dge_linked/sumadhva_vijaya,smv4.34.mp3,.mp3,mp3 (mp3float),mp3,11025,1,32,16,13.114,-1.14,-17.01,-18.85,-38.23,25.7,0.52,1.49,1.49,0.228,0,B,[],[],[],,26227,101bd4f2afee0fdc938d4790c7505f441649dd9f
kamadhenu_dataset/incoming_audio/dge_linked/sumadhva_vijaya/smv4.35.mp3,dge_linked/sumadhva_vijaya,smv4.35.mp3,.mp3,mp3 (mp3float),mp3,11025,1,32,16,13.845,-1.09,-17.22,-19.98,-39.74,27.1,0.25,1.33,1.33,0.182,0,B,[],[],[],,27690,24e1889c9da5e9742b11c82bde7c3eefccd8eaef
kamadhenu_dataset/incoming_audio/dge_linked/sumadhva_vijaya/smv4.36.mp3,dge_linked/sumadhva_vijaya,smv4.36.mp3,.mp3,mp3 (mp3float),mp3,11025,1,32,16,12.8,-0.4,-17.38,-19.58,-38.61,26.0,0.33,1.43,1.43,0.196,0,B,[],[],[],,25600,bac47e4d86282bb2e135e13197e067602d6937e7
kamadhenu_dataset/incoming_audio/dge_linked/sumadhva_vijaya/smv4.37.mp3,dge_linked/sumadhva_vijaya,smv4.37.mp3,.mp3,mp3 (mp3float),mp3,11025,1,32,16,13.009,-1.01,-16.61,-18.47,-37.8,25.7,0.51,1.44,1.44,0.206,0,B,[],[],[],,26018,6e3af83a1894eff7ac2994db929fb1994268fed9
kamadhenu_dataset/incoming_audio/dge_linked/sumadhva_vijaya/smv4.38.mp3,dge_linked/sumadhva_vijaya,smv4.38.mp3,.mp3,mp3 (mp3float),mp3,11025,1,32,16,12.852,-0.23,-17.06,-19.35,-37.59,25.5,0.55,1.48,1.48,0.248,0,B,[],[],[],,25704,8bbf94a8d6dec4eb6fdf194ff2c02ef0f4717779
kamadhenu_dataset/incoming_audio/dge_linked/sumadhva_vijaya/smv4.39.mp3,dge_linked/sumadhva_vijaya,smv4.39.mp3,.mp3,mp3 (mp3float),mp3,11025,1,32,16,13.531,-1.11,-16.24,-18.54,-38.55,27.1,0.21,1.43,1.43,0.226,0,B,[],[],[],,27063,770a7ca42808f141edb73f8d845ee576f0efd1e0
kamadhenu_dataset/incoming_audio/dge_linked/sumadhva_vijaya/smv4.4.mp3,dge_linked/sumadhva_vijaya,smv4.4.mp3,.mp3,mp3 (mp3float),mp3,11025,1,32,16,15.987,-0.88,-17.51,-20.49,-42.8,30.3,0.74,1.12,1.12,0.239,0,B,[],[],[],,31974,2c7cc22c47119877f46606e4c43be915bb43416e
kamadhenu_dataset/incoming_audio/dge_linked/sumadhva_vijaya/smv4.40.mp3,dge_linked/sumadhva_vijaya,smv4.40.mp3,.mp3,mp3 (mp3float),mp3,11025,1,32,16,13.061,-0.5,-16.43,-18.48,-38.59,26.6,0.23,1.41,1.41,0.202,0,B,[],[],[],,26122,d37577e7791e453b3b1a55d0bd840e1a38eba419
kamadhenu_dataset/incoming_audio/dge_linked/sumadhva_vijaya/smv4.41.mp3,dge_linked/sumadhva_vijaya,smv4.41.mp3,.mp3,mp3 (mp3float),mp3,11025,1,32,16,14.106,-1.16,-17.44,-18.33,-36.49,23.5,0.62,0.75,0.95,0.294,0,B,[],[],[],,28212,6ad029cde00a93e740c9e2190cd3aacce8809088
kamadhenu_dataset/incoming_audio/dge_linked/sumadhva_vijaya/smv4.42.mp3,dge_linked/sumadhva_vijaya,smv4.42.mp3,.mp3,mp3 (mp3float),mp3,11025,1,32,16,13.166,-0.83,-16.0,-17.81,-35.76,24.2,0.22,0.61,0.61,0.219,0,B,[],[],[],,26331,f7b7cdcee51f8972d71ee62d45918de31322ee15
kamadhenu_dataset/incoming_audio/dge_linked/sumadhva_vijaya/smv4.43.mp3,dge_linked/sumadhva_vijaya,smv4.43.mp3,.mp3,mp3 (mp3float),mp3,11025,1,32,16,14.211,-0.66,-16.6,-17.76,-33.51,21.8,0.57,0.61,0.61,0.291,0,B,[],[],[],,28421,abc352761c14d5a4672021517add38ac61ec7d8c
kamadhenu_dataset/incoming_audio/dge_linked/sumadhva_vijaya/smv4.44.mp3,dge_linked/sumadhva_vijaya,smv4.44.mp3,.mp3,mp3 (mp3float),mp3,11025,1,32,16,14.106,-0.3,-16.59,-19.18,-37.53,25.6,0.22,0.64,0.9,0.235,0,B,[],[],[],,28212,963d919ab27d726438a58b82c943ba154c1e6fd8
kamadhenu_dataset/incoming_audio/dge_linked/sumadhva_vijaya/smv4.45.mp3,dge_linked/sumadhva_vijaya,smv4.45.mp3,.mp3,mp3 (mp3float),mp3,11025,1,32,16,14.315,-0.45,-16.03,-17.26,-35.52,24.7,0.49,0.72,0.97,0.348,0,B,[],[],[],,28630,923acaad292a03086ecf3f4270a4f781281dee7b
kamadhenu_dataset/incoming_audio/dge_linked/sumadhva_vijaya/smv4.46.mp3,dge_linked/sumadhva_vijaya,smv4.46.mp3,.mp3,mp3 (mp3float),mp3,11025,1,32,16,14.629,-0.91,-16.89,-17.97,-35.38,22.9,0.56,0.79,0.79,0.277,0,B,[],[],[],,29257,184aed4ae59b03670ba6e6422698e0b624e1a949
kamadhenu_dataset/incoming_audio/dge_linked/sumadhva_vijaya/smv4.47.mp3,dge_linked/sumadhva_vijaya,smv4.47.mp3,.mp3,mp3 (mp3float),mp3,11025,1,32,16,15.36,-0.76,-16.8,-17.54,-34.61,22.5,0.47,1.03,1.03,0.302,0,B,[],[],[],,30720,46246b6d5829bfce8736a5bcd8afefd096fabdb7
kamadhenu_dataset/incoming_audio/dge_linked/sumadhva_vijaya/smv4.48.mp3,dge_linked/sumadhva_vijaya,smv4.48.mp3,.mp3,mp3 (mp3float),mp3,11025,1,32,16,13.793,-0.73,-16.08,-18.49,-37.23,26.0,0.22,0.73,0.73,0.223,0,B,[],[],[],,27585,ed1f665d7ac8142269435264c42b3e97a14a4c7b
kamadhenu_dataset/incoming_audio/dge_linked/sumadhva_vijaya/smv4.49.mp3,dge_linked/sumadhva_vijaya,smv4.49.mp3,.mp3,mp3 (mp3float),mp3,11025,1,32,16,13.375,-0.67,-16.11,-18.31,-38.89,27.7,0.21,0.6,0.73,0.214,0,B,"[""exact_duplicate""]","[""kamadhenu_dataset/incoming_audio/dge_linked/sumadhva_vijaya/smv4.50.mp3""]",[],,26749,2e43ab06534c8123c48862e3076e8c3ffaf264b5
kamadhenu_dataset/incoming_audio/dge_linked/sumadhva_vijaya/smv4.5.mp3,dge_linked/sumadhva_vijaya,smv4.5.mp3,.mp3,mp3 (mp3float),mp3,11025,1,32,16,16.875,-1.01,-16.83,-18.84,-41.3,29.2,0.55,1.27,1.27,0.289,0,B,[],[],[],,33750,f0add7e780ace92aec4f628bd56919bf7efb6eb6
kamadhenu_dataset/incoming_audio/dge_linked/sumadhva_vijaya/smv4.50.mp3,dge_linked/sumadhva_vijaya,smv4.50.mp3,.mp3,mp3 (mp3float),mp3,11025,1,32,16,13.375,-0.67,-16.11,-18.31,-38.89,27.7,0.21,0.6,0.73,0.214,0,B,"[""exact_duplicate""]","[""kamadhenu_dataset/incoming_audio/dge_linked/sumadhva_vijaya/smv4.49.mp3""]",[],,26749,2e43ab06534c8123c48862e3076e8c3ffaf264b5
kamadhenu_dataset/incoming_audio/dge_linked/sumadhva_vijaya/smv4.51.mp3,dge_linked/sumadhva_vijaya,smv4.51.mp3,.mp3,mp3 (mp3float),mp3,11025,1,32,16,13.949,-0.57,-16.93,-18.08,-34.49,22.2,0.42,0.73,0.73,0.284,0,B,[],[],[],,27899,f78e51cf5a3c6a96e00a1c5a193cae679bf02bfc
kamadhenu_dataset/incoming_audio/dge_linked/sumadhva_vijaya/smv4.52.mp3,dge_linked/sumadhva_vijaya,smv4.52.mp3,.mp3,mp3 (mp3float),mp3,11025,1,32,16,14.263,-0.4,-16.57,-18.66,-36.51,24.9,0.28,1.03,1.03,0.245,0,B,[],[],[],,28526,bd40073f14d5e3d4df09c1001f1f0b1b963a6a9f
kamadhenu_dataset/incoming_audio/dge_linked/sumadhva_vijaya/smv4.53.mp3,dge_linked/sumadhva_vijaya,smv4.53.mp3,.mp3,mp3 (mp3float),mp3,11025,1,32,16,12.434,-1.03,-16.44,-18.32,-37.5,25.3,0.63,0.65,0.7,0.236,0,B,[],[],[],,24869,72774a2d1fe35380c19845198fd670381b0948bb
kamadhenu_dataset/incoming_audio/dge_linked/sumadhva_vijaya/smv4.54.mp3,dge_linked/sumadhva_vijaya,smv4.54.mp3,.mp3,mp3 (mp3float),mp3,11025,1,32,16,15.674,-0.07,-15.28,-16.94,-35.8,25.0,0.4,0.68,0.68,0.22,0,B,[],[],[],,31347,ad3d56effabd09681ea87ed1ea17731dbe069190
kamadhenu_dataset/incoming_audio/dge_linked/sumadhva_vijaya/smv4.6.mp3,dge_linked/sumadhva_vijaya,smv4.6.mp3,.mp3,mp3 (mp3float),mp3,11025,1,32,16,14.315,-0.72,-16.4,-19.16,-39.78,28.4,0.77,1.31,1.31,0.211,0,B,[],[],[],,28630,3962f01a36b46500628c5e9b7c47f23ebc1c7f5d
kamadhenu_dataset/incoming_audio/dge_linked/sumadhva_vijaya/smv4.7.mp3,dge_linked/sumadhva_vijaya,smv4.7.mp3,.mp3,mp3 (mp3float),mp3,11025,1,32,16,13.584,-1.16,-15.88,-17.91,-38.8,27.4,0.33,1.32,1.32,0.212,0,B,[],[],[],,27167,da907c926228ca13406fcb49fa56be3d9ba31316
kamadhenu_dataset/incoming_audio/dge_linked/sumadhva_vijaya/smv4.8.mp3,dge_linked/sumadhva_vijaya,smv4.8.mp3,.mp3,mp3 (mp3float),mp3,11025,1,32,16,14.89,-1.02,-16.28,-18.81,-38.28,27.0,0.21,1.33,1.33,0.204,0,B,[],[],[],,29780,143b3a3788aa7063b9951f592a2793b708ccdae1
kamadhenu_dataset/incoming_audio/dge_linked/sumadhva_vijaya/smv4.9.mp3,dge_linked/sumadhva_vijaya,smv4.9.mp3,.mp3,mp3 (mp3float),mp3,11025,1,32,16,13.897,-0.47,-15.59,-17.7,-38.73,27.6,0.21,1.31,1.31,0.196,0,B,[],[],[],,27794,30293e5528b7489f00407312bf144d0b0e655544
kamadhenu_dataset/incoming_audio/dge_linked/sumadhva_vijaya/smv5.1.mp3,dge_linked/sumadhva_vijaya,smv5.1.mp3,.mp3,mp3 (mp3float),mp3,11025,1,32,16,16.3,-0.56,-15.94,-18.11,-40.64,29.3,0.77,1.36,1.36,0.243,0,B,[],[],[],,32601,b9d6a4dc1c98fa9cd7d6883245579ef963998399
kamadhenu_dataset/incoming_audio/dge_linked/sumadhva_vijaya/smv5.10.mp3,dge_linked/sumadhva_vijaya,smv5.10.mp3,.mp3,mp3 (mp3float),mp3,11025,1,32,16,14.524,-0.49,-16.76,-19.39,-37.81,25.9,0.44,1.44,1.44,0.204,0,B,[],[],[],,29048,cc4f75db8919e372d2d9635f63b86173a3ea06fc
kamadhenu_dataset/incoming_audio/dge_linked/sumadhva_vijaya/smv5.11.mp3,dge_linked/sumadhva_vijaya,smv5.11.mp3,.mp3,mp3 (mp3float),mp3,11025,1,32,16,15.412,-0.67,-17.26,-19.19,-38.16,25.6,0.24,1.43,1.43,0.238,0,B,[],[],[],,30824,b5455520f48103157b481981bfa173e357aae370
kamadhenu_dataset/incoming_audio/dge_linked/sumadhva_vijaya/smv5.12.mp3,dge_linked/sumadhva_vijaya,smv5.12.mp3,.mp3,mp3 (mp3float),mp3,11025,1,32,16,15.569,-0.77,-16.83,-18.89,-38.35,26.8,0.52,1.43,1.43,0.313,0,B,[],[],[],,31138,75660c5300e61cb2b72095f245015fa2c3f93738
kamadhenu_dataset/incoming_audio/dge_linked/sumadhva_vijaya/smv5.13.mp3,dge_linked/sumadhva_vijaya,smv5.13.mp3,.mp3,mp3 (mp3float),mp3,11025,1,32,16,15.36,0.76,-16.99,-20.54,-39.82,27.8,0.21,1.35,1.35,0.234,0,B,[],[],[],,30720,cb7d97de87f5e0c6f94b652f4f50c348a31513a7
kamadhenu_dataset/incoming_audio/dge_linked/sumadhva_vijaya/smv5.15.mp3,dge_linked/sumadhva_vijaya,smv5.15.mp3,.mp3,mp3 (mp3float),mp3,11025,1,32,16,16.248,-0.58,-16.28,-18.7,-37.89,26.7,0.48,1.49,1.49,0.272,0,B,[],[],[],,32496,e459a12158913d8c9084176bae76edd5c6fb3769
kamadhenu_dataset/incoming_audio/dge_linked/sumadhva_vijaya/smv5.17.mp3,dge_linked/sumadhva_vijaya,smv5.17.mp3,.mp3,mp3 (mp3float),mp3,11025,1,32,16,15.464,-0.8,-17.03,-19.93,-38.95,27.3,0.66,1.35,1.35,0.222,0,B,[],[],[],,30929,8ad11b7a7da3d9a131251dd61f9edf03a69b9b6d
kamadhenu_dataset/incoming_audio/dge_linked/sumadhva_vijaya/smv5.18.mp3,dge_linked/sumadhva_vijaya,smv5.18.mp3,.mp3,mp3 (mp3float),mp3,11025,1,32,16,15.36,-0.71,-16.76,-19.49,-39.78,28.0,0.23,1.33,1.33,0.21,0,B,[],[],[],,30720,a5205ec28087207f033646edadfdd4a2b5cefb32
kamadhenu_dataset/incoming_audio/dge_linked/sumadhva_vijaya/smv5.19.mp3,dge_linked/sumadhva_vijaya,smv5.19.mp3,.mp3,mp3 (mp3float),mp3,11025,1,32,16,14.106,-0.55,-16.41,-18.35,-37.65,26.1,0.41,1.35,1.35,0.281,0,B,[],[],[],,28212,3f67e4fdd9cc00a60ceed9df461218a38d3433d9
kamadhenu_dataset/incoming_audio/dge_linked/sumadhva_vijaya/smv5.2.mp3,dge_linked/sumadhva_vijaya,smv5.2.mp3,.mp3,mp3 (mp3float),mp3,11025,1,32,16,15.047,-0.63,-15.92,-17.75,-38.55,27.1,0.42,1.47,1.47,0.288,0,B,[],[],[],,30093,919e46d02f1822428851e2ea4c7e893645fa3b36
kamadhenu_dataset/incoming_audio/dge_linked/sumadhva_vijaya/smv5.20.mp3,dge_linked/sumadhva_vijaya,smv5.20.mp3,.mp3,mp3 (mp3float),mp3,11025,1,32,16,14.002,-0.32,-16.41,-18.2,-36.94,25.5,0.26,1.33,1.33,0.246,0,B,[],[],[],,28003,25ffa42d960610a388c1a17eb987b8b24a27090a
kamadhenu_dataset/incoming_audio/dge_linked/sumadhva_vijaya/smv5.21.mp3,dge_linked/sumadhva_vijaya,smv5.21.mp3,.mp3,mp3 (mp3float),mp3,11025,1,32,16,13.636,-0.44,-15.84,-17.87,-37.84,26.8,0.33,0.96,0.96,0.227,0,B,[],[],[],,27272,cfcc121a3d623db801d82b6c66185561ed265a9c
kamadhenu_dataset/incoming_audio/dge_linked/sumadhva_vijaya/smv5.22.mp3,dge_linked/sumadhva_vijaya,smv5.22.mp3,.mp3,mp3 (mp3float),mp3,11025,1,32,16,12.852,-0.11,-16.05,-18.12,-37.32,25.6,0.55,0.96,0.96,0.205,0,B,[],[],[],,25704,f1db8266dd4718eb613f0da8b6a4a1b03ec63ec4
kamadhenu_dataset/incoming_audio/dge_linked/sumadhva_vijaya/smv5.23.mp3,dge_linked/sumadhva_vijaya,smv5.23.mp3,.mp3,mp3 (mp3float),mp3,11025,1,32,16,12.905,-0.78,-16.57,-19.55,-39.24,27.6,0.22,0.89,0.89,0.191,0,B,[],[],[],,25809,c94f60250b39fbf093bf89a5f116b7c6de393df6
kamadhenu_dataset/incoming_audio/dge_linked/sumadhva_vijaya/smv5.24.mp3,dge_linked/sumadhva_vijaya,smv5.24.mp3,.mp3,mp3 (mp3float),mp3,11025,1,32,16,14.158,-0.44,-16.8,-18.6,-38.35,26.3,0.49,1.08,1.08,0.265,0,B,[],[],[],,28317,a841c086baa72b6814558770413f555094355620
kamadhenu_dataset/incoming_audio/dge_linked/sumadhva_vijaya/smv5.25.mp3,dge_linked/sumadhva_vijaya,smv5.25.mp3,.mp3,mp3 (mp3float),mp3,11025,1,32,16,14.524,-1.09,-15.93,-18.38,-38.69,27.3,0.22,0.93,0.93,0.226,0,B,[],[],[],,29048,ee197d385a35ba205541968a22105085f36c56fc
kamadhenu_dataset/incoming_audio/dge_linked/sumadhva_vijaya/smv5.26.mp3,dge_linked/sumadhva_vijaya,smv5.26.mp3,.mp3,mp3 (mp3float),mp3,11025,1,32,16,14.42,-0.95,-16.46,-18.25,-38.62,27.0,0.43,0.9,0.9,0.276,0,B,[],[],[],,28839,da2174cf34dae72cb2a6d9f0d47adf42182a6534
kamadhenu_dataset/incoming_audio/dge_linked/sumadhva_vijaya/smv5.27.mp3,dge_linked/sumadhva_vijaya,smv5.27.mp3,.mp3,mp3 (mp3float),mp3,11025,1,32,16,15.569,-0.82,-16.66,-17.75,-36.16,24.3,0.37,0.99,0.99,0.311,0,B,[],[],[],,31138,5fa84c24bff64d5ac28322c1682febaaf3e83558
kamadhenu_dataset/incoming_audio/dge_linked/sumadhva_vijaya/smv5.28.mp3,dge_linked/sumadhva_vijaya,smv5.28.mp3,.mp3,mp3 (mp3float),mp3,11025,1,32,16,14.263,-0.63,-17.05,-18.87,-36.29,24.4,0.5,0.93,0.95,0.317,0,B,[],[],[],,28526,606523068e35c69f9131c61bb2050813bd8da425
kamadhenu_dataset/incoming_audio/dge_linked/sumadhva_vijaya/smv5.29.mp3,dge_linked/sumadhva_vijaya,smv5.29.mp3,.mp3,mp3 (mp3float),mp3,11025,1,32,16,13.897,-0.57,-16.37,-19.33,-39.91,28.3,0.21,0.9,0.9,0.184,0,B,[],[],[],,27794,d00de1eb3d011e23c240ee5ff53235f3305c8821
kamadhenu_dataset/incoming_audio/dge_linked/sumadhva_vijaya/smv5.3.mp3,dge_linked/sumadhva_vijaya,smv5.3.mp3,.mp3,mp3 (mp3float),mp3,11025,1,32,16,15.256,-0.61,-16.43,-18.67,-36.66,25.0,0.22,1.68,1.68,0.232,0,B,[],[],[],,30511,20898d30ca952d7d8428f9166e473932f9ec0d24
kamadhenu_dataset/incoming_audio/dge_linked/sumadhva_vijaya/smv5.30.mp3,dge_linked/sumadhva_vijaya,smv5.30.mp3,.mp3,mp3 (mp3float),mp3,11025,1,32,16,15.047,-0.49,-16.48,-18.94,-38.79,27.0,0.27,1.42,1.42,0.22,0,B,[],[],[],,30093,74f179283d8bfe1bdeea2d56b16d9fc3c22bf0fc
kamadhenu_dataset/incoming_audio/dge_linked/sumadhva_vijaya/smv5.31.mp3,dge_linked/sumadhva_vijaya,smv5.31.mp3,.mp3,mp3 (mp3float),mp3,11025,1,32,16,14.315,-1.05,-16.71,-19.01,-39.68,27.8,0.49,0.89,0.98,0.266,0,B,[],[],[],,28630,7852a5d83c113414356e08b1dfc0f5b071877c85
kamadhenu_dataset/incoming_audio/dge_linked/sumadhva_vijaya/smv5.32.mp3,dge_linked/sumadhva_vijaya,smv5.32.mp3,.mp3,mp3 (mp3float),mp3,11025,1,32,16,15.569,-0.82,-16.49,-19.07,-38.83,27.6,0.41,0.97,0.97,0.268,0,B,[],[],[],,31138,5d458bcbec7ecb6ac0663f746c98a7a4bb4e225b
kamadhenu_dataset/incoming_audio/dge_linked/sumadhva_vijaya/smv5.33.mp3,dge_linked/sumadhva_vijaya,smv5.33.mp3,.mp3,mp3 (mp3float),mp3,11025,1,32,16,15.36,0.25,-16.93,-18.39,-36.27,24.2,0.53,1.14,1.14,0.317,0,B,[],[],[],,30720,a4735ee0a12119e1d14b4537edc715e49ad92efe
kamadhenu_dataset/incoming_audio/dge_linked/sumadhva_vijaya/smv5.34.mp3,dge_linked/sumadhva_vijaya,smv5.34.mp3,.mp3,mp3 (mp3float),mp3,11025,1,32,16,15.674,-1.13,-16.42,-17.34,-34.6,22.8,0.51,1.16,1.16,0.293,0,B,[],[],[],,31347,1ca850286575480749817f13adcfc6ea24136591
kamadhenu_dataset/incoming_audio/dge_linked/sumadhva_vijaya/smv5.35.mp3,dge_linked/sumadhva_vijaya,smv5.35.mp3,.mp3,mp3 (mp3float),mp3,11025,1,32,16,15.464,-0.39,-16.76,-17.85,-35.94,24.2,0.57,1.11,1.11,0.335,0,B,[],[],[],,30929,41ce375b3cce0a4f6531b7ec11230bc7e63a20dc
kamadhenu_dataset/incoming_audio/dge_linked/sumadhva_vijaya/smv5.36.mp3,dge_linked/sumadhva_vijaya,smv5.36.mp3,.mp3,mp3 (mp3float),mp3,11025,1,32,16,15.099,-0.67,-17.32,-18.97,-35.48,23.3,0.57,1.02,1.02,0.265,0,B,[],[],[],,30198,fd4df6a918e011cd1d3f5219e14a57ab81ce1fbd
kamadhenu_dataset/incoming_audio/dge_linked/sumadhva_vijaya/smv5.37.mp3,dge_linked/sumadhva_vijaya,smv5.37.mp3,.mp3,mp3 (mp3float),mp3,11025,1,32,16,14.733,-0.9,-17.97,-19.23,-37.34,23.8,0.37,1.15,1.15,0.277,0,B,[],[],[],,29466,01cb2082d696f2ee0b382c835cdbf28a714e6ded
kamadhenu_dataset/incoming_audio/dge_linked/sumadhva_vijaya/smv5.38.mp3,dge_linked/sumadhva_vijaya,smv5.38.mp3,.mp3,mp3 (mp3float),mp3,11025,1,32,16,14.576,-0.19,-17.55,-19.68,-38.38,25.4,0.22,0.97,0.97,0.241,0,B,[],[],[],,29153,ae69b3fec6b9fef40ba06640cd413ce504be84da
kamadhenu_dataset/incoming_audio/dge_linked/sumadhva_vijaya/smv5.39.mp3,dge_linked/sumadhva_vijaya,smv5.39.mp3,.mp3,mp3 (mp3float),mp3,11025,1,32,16,15.778,-0.46,-17.85,-20.04,-38.83,25.6,0.93,0.94,0.95,0.263,0,B,[],[],[],,31556,40f628a31b689d1d3b5ae2d2482bb0c13ff20546
kamadhenu_dataset/incoming_audio/dge_linked/sumadhva_vijaya/smv5.4.mp3,dge_linked/sumadhva_vijaya,smv5.4.mp3,.mp3,mp3 (mp3float),mp3,11025,1,32,16,13.949,-0.53,-17.4,-19.46,-38.25,25.6,0.33,1.44,1.44,0.26,0,B,[],[],[],,27899,3bf7a450a291cca4579b8d6afa630291f1adc059
kamadhenu_dataset/incoming_audio/dge_linked/sumadhva_vijaya/smv5.40.mp3,dge_linked/sumadhva_vijaya,smv5.40.mp3,.mp3,mp3 (mp3float),mp3,11025,1,32,16,14.942,-1.07,-18.02,-18.76,-33.71,20.1,0.28,1.0,1.0,0.284,0,B,[],[],[],,29884,0746df9c2cd15473ff8e7315a5330ad17d9ae072
kamadhenu_dataset/incoming_audio/dge_linked/sumadhva_vijaya/smv5.41.mp3,dge_linked/sumadhva_vijaya,smv5.41.mp3,.mp3,mp3 (mp3float),mp3,11025,1,32,16,13.375,-0.65,-17.76,-19.22,-36.56,23.4,0.53,0.99,0.99,0.262,0,B,[],[],[],,26749,7f0032af4ca73f7a046cc99addf763ca309fb374
kamadhenu_dataset/incoming_audio/dge_linked/sumadhva_vijaya/smv5.42.mp3,dge_linked/sumadhva_vijaya,smv5.42.mp3,.mp3,mp3 (mp3float),mp3,11025,1,32,16,12.852,-0.8,-16.47,-18.76,-38.54,26.6,0.26,0.98,0.98,0.215,0,B,[],[],[],,25704,8e4185d49df3544940d69dfc6b6d973bdf43a3c3
kamadhenu_dataset/incoming_audio/dge_linked/sumadhva_vijaya/smv5.43.mp3,dge_linked/sumadhva_vijaya,smv5.43.mp3,.mp3,mp3 (mp3float),mp3,11025,1,32,16,12.591,-0.66,-16.48,-19.09,-40.33,28.2,0.22,0.92,0.92,0.161,0,B,[],[],[],,25182,bc9b5dbaae056361cfa1e178f09f0782fc66258e
kamadhenu_dataset/incoming_audio/dge_linked/sumadhva_vijaya/smv5.44.mp3,dge_linked/sumadhva_vijaya,smv5.44.mp3,.mp3,mp3 (mp3float),mp3,11025,1,32,16,14.315,0.24,-16.73,-18.92,-38.72,26.8,0.22,0.95,0.95,0.241,0,B,[],[],[],,28630,1d57b30a0e5b3a0067c980c8807417241c9b17bc
kamadhenu_dataset/incoming_audio/dge_linked/sumadhva_vijaya/smv5.45.mp3,dge_linked/sumadhva_vijaya,smv5.45.mp3,.mp3,mp3 (mp3float),mp3,11025,1,32,16,13.949,-0.07,-16.66,-19.11,-37.35,25.5,0.21,1.01,1.01,0.202,0,B,[],[],[],,27899,bd9d5f8469e67f205e1a033b4ee295db6b94e927
kamadhenu_dataset/incoming_audio/dge_linked/sumadhva_vijaya/smv5.46.mp3,dge_linked/sumadhva_vijaya,smv5.46.mp3,.mp3,mp3 (mp3float),mp3,11025,1,32,16,14.054,-0.88,-16.58,-18.86,-38.91,26.9,0.22,1.03,1.03,0.185,0,B,[],[],[],,28108,07421b0f6d754e3cee3d5b2ee58188e4774af8d3
kamadhenu_dataset/incoming_audio/dge_linked/sumadhva_vijaya/smv5.47.mp3,dge_linked/sumadhva_vijaya,smv5.47.mp3,.mp3,mp3 (mp3float),mp3,11025,1,32,16,15.047,-0.9,-16.75,-19.02,-40.31,28.3,0.27,0.93,0.93,0.202,0,B,[],[],[],,30093,5a62c35965c7bab5529d13aeb33ba20c4faa8406
kamadhenu_dataset/incoming_audio/dge_linked/sumadhva_vijaya/smv5.48.mp3,dge_linked/sumadhva_vijaya,smv5.48.mp3,.mp3,mp3 (mp3float),mp3,11025,1,32,16,13.845,-0.93,-16.75,-17.87,-36.02,23.7,0.41,1.08,1.08,0.249,0,B,[],[],[],,27690,6d982cc34cf44cadc6ecf82991db8010ad421dbf
kamadhenu_dataset/incoming_audio/dge_linked/sumadhva_vijaya/smv5.49.mp3,dge_linked/sumadhva_vijaya,smv5.49.mp3,.mp3,mp3 (mp3float),mp3,11025,1,32,16,13.061,-0.97,-16.59,-18.56,-37.24,25.1,0.21,0.94,0.94,0.221,0,B,[],[],[],,26122,b4d8c38e4b4f192da9cdf1fca52cdc9c0e5db2a7
kamadhenu_dataset/incoming_audio/dge_linked/sumadhva_vijaya/smv5.5.mp3,dge_linked/sumadhva_vijaya,smv5.5.mp3,.mp3,mp3 (mp3float),mp3,11025,1,32,16,15.256,-0.61,-16.91,-19.75,-39.48,27.3,0.22,1.4,1.4,0.236,0,B,[],[],[],,30511,a5cecca698de95b30bfb1ecfbd907b644fd1ecba
kamadhenu_dataset/incoming_audio/dge_linked/sumadhva_vijaya/smv5.50.mp3,dge_linked/sumadhva_vijaya,smv5.50.mp3,.mp3,mp3 (mp3float),mp3,11025,1,32,16,12.173,-1.01,-16.67,-18.46,-37.36,25.2,0.35,0.95,0.95,0.207,0,B,[],[],[],,24346,2c4a9b4c993c9f956a65766f7c56471a035f79ab
kamadhenu_dataset/incoming_audio/dge_linked/sumadhva_vijaya/smv5.51.mp3,dge_linked/sumadhva_vijaya,smv5.51.mp3,.mp3,mp3 (mp3float),mp3,11025,1,32,16,11.912,-1.06,-15.74,-17.36,-35.46,24.1,0.25,0.94,0.94,0.179,0,B,[],[],[],,23824,5acf0f873e761c4c3f20b3e10b2f850f35fe3f6c
kamadhenu_dataset/incoming_audio/dge_linked/sumadhva_vijaya/smv5.52.mp3,dge_linked/sumadhva_vijaya,smv5.52.mp3,.mp3,mp3 (mp3float),mp3,11025,1,32,16,22.152,-0.44,-16.21,-18.14,-39.56,27.8,0.23,1.07,1.09,0.203,0,B,[],[],[],,44304,d4a2934b32acba4950dc741a62322d58f29de633
kamadhenu_dataset/incoming_audio/dge_linked/sumadhva_vijaya/smv5.6.mp3,dge_linked/sumadhva_vijaya,smv5.6.mp3,.mp3,mp3 (mp3float),mp3,11025,1,32,16,15.464,-0.67,-15.96,-18.04,-37.45,26.2,0.23,1.47,1.47,0.272,0,B,[],[],[],,30929,c5de26594aea32386faa08f45a03cf91ed46cceb
kamadhenu_dataset/incoming_audio/dge_linked/sumadhva_vijaya/smv5.7.mp3,dge_linked/sumadhva_vijaya,smv5.7.mp3,.mp3,mp3 (mp3float),mp3,11025,1,32,16,15.256,-0.39,-16.38,-18.9,-36.81,25.4,0.53,1.58,1.58,0.241,0,B,[],[],[],,30511,6ecbe2c539dd962156cd5f95a07f8adab00cd1eb
kamadhenu_dataset/incoming_audio/dge_linked/sumadhva_vijaya/smv5.9.mp3,dge_linked/sumadhva_vijaya,smv5.9.mp3,.mp3,mp3 (mp3float),mp3,11025,1,32,16,14.994,-1.1,-16.87,-19.51,-38.3,26.4,0.22,1.45,1.45,0.238,0,B,[],[],[],,29989,a9a74033da1a4ff8036a0fbb317d30d10ed8a945
kamadhenu_dataset/incoming_audio/dge_linked/sumadhva_vijaya/smv6.1.mp3,dge_linked/sumadhva_vijaya,smv6.1.mp3,.mp3,mp3 (mp3float),mp3,11025,1,32,16,14.681,-0.47,-16.47,-19.37,-37.18,25.9,0.23,0.55,0.81,0.229,0,B,[],[],[],,29362,77e38b0ac09a7a6e8340e1694d6d03f38354306f
kamadhenu_dataset/incoming_audio/dge_linked/sumadhva_vijaya/smv6.10.mp3,dge_linked/sumadhva_vijaya,smv6.10.mp3,.mp3,mp3 (mp3float),mp3,11025,1,32,16,13.949,-0.84,-17.15,-18.17,-35.2,22.9,0.28,0.63,1.03,0.306,0,B,[],[],[],,27899,02592d8f0d8cf67ed47a1e49cd2c20396cc348bd
kamadhenu_dataset/incoming_audio/dge_linked/sumadhva_vijaya/smv6.11.mp3,dge_linked/sumadhva_vijaya,smv6.11.mp3,.mp3,mp3 (mp3float),mp3,11025,1,32,16,13.897,-0.53,-16.37,-17.89,-36.62,24.6,0.33,0.57,0.67,0.232,0,B,[],[],[],,27794,af099d14f055c11197e57858c65ee8df51a48977
kamadhenu_dataset/incoming_audio/dge_linked/sumadhva_vijaya/smv6.12.mp3,dge_linked/sumadhva_vijaya,smv6.12.mp3,.mp3,mp3 (mp3float),mp3,11025,1,32,16,14.106,-0.18,-16.99,-17.73,-33.32,21.1,0.44,0.54,0.93,0.309,0,B,[],[],[],,28212,300f87a612d578ed28ea115384143d7cd8d59dd0
kamadhenu_dataset/incoming_audio/dge_linked/sumadhva_vijaya/smv6.13.mp3,dge_linked/sumadhva_vijaya,smv6.13.mp3,.mp3,mp3 (mp3float),mp3,11025,1,32,16,13.479,-1.26,-17.0,-18.19,-33.86,21.5,0.22,0.77,0.77,0.279,0,B,[],[],[],,26958,3f1a5d54a32c0106c2533ccb7f7f4b5c6a8d3c9e
kamadhenu_dataset/incoming_audio/dge_linked/sumadhva_vijaya/smv6.14.mp3,dge_linked/sumadhva_vijaya,smv6.14.mp3,.mp3,mp3 (mp3float),mp3,11025,1,32,16,11.128,-0.97,-16.74,-18.19,-35.01,23.0,0.52,0.56,0.56,0.224,0,B,[],[],[],,22256,f8872f033230c1f966f39ce4e7b16a389a9498c3
kamadhenu_dataset/incoming_audio/dge_linked/sumadhva_vijaya/smv6.15.mp3,dge_linked/sumadhva_vijaya,smv6.15.mp3,.mp3,mp3 (mp3float),mp3,11025,1,32,16,11.285,-1.05,-17.53,-18.38,-32.98,19.6,0.36,0.55,0.55,0.254,0,B,[],[],[],,22570,3ceda2ba792f90a30c4f3b0f677f574f2506d67e
kamadhenu_dataset/incoming_audio/dge_linked/sumadhva_vijaya/smv6.16.mp3,dge_linked/sumadhva_vijaya,smv6.16.mp3,.mp3,mp3 (mp3float),mp3,11025,1,32,16,11.755,-1.26,-16.97,-18.21,-34.25,22.2,0.22,0.62,0.62,0.239,0,B,[],[],[],,23510,48739de6bb678499a5ce31aa25c046d767360d0f
kamadhenu_dataset/incoming_audio/dge_linked/sumadhva_vijaya/smv6.17.mp3,dge_linked/sumadhva_vijaya,smv6.17.mp3,.mp3,mp3 (mp3float),mp3,11025,1,32,16,11.233,-0.67,-16.7,-17.8,-35.24,22.6,0.25,0.53,0.53,0.24,0,B,[],[],[],,22465,5a7a35db430e48d70f0512a1a7c69388a8c40fa4
kamadhenu_dataset/incoming_audio/dge_linked/sumadhva_vijaya/smv6.18.mp3,dge_linked/sumadhva_vijaya,smv6.18.mp3,.mp3,mp3 (mp3float),mp3,11025,1,32,16,11.598,-0.76,-16.7,-18.08,-34.14,22.1,0.31,0.53,0.53,0.266,0,B,[],[],[],,23197,71b4290b6188ff3ecbbf84f9810efaa9140738f2
kamadhenu_dataset/incoming_audio/dge_linked/sumadhva_vijaya/smv6.19.mp3,dge_linked/sumadhva_vijaya,smv6.19.mp3,.mp3,mp3 (mp3float),mp3,11025,1,32,16,10.919,-0.31,-15.9,-16.64,-32.68,21.0,0.32,0.53,0.53,0.265,0,B,[],[],[],,21838,13622975203eec018bd69ebe7c9e174a472e707a
kamadhenu_dataset/incoming_audio/dge_linked/sumadhva_vijaya/smv6.2.mp3,dge_linked/sumadhva_vijaya,smv6.2.mp3,.mp3,mp3 (mp3float),mp3,11025,1,32,16,14.994,-1.02,-16.58,-19.11,-39.64,27.7,0.56,0.42,0.78,0.188,0,B,[],[],[],,29989,f2704cbca03a199a44da9cee8f6814f33ddce67c
kamadhenu_dataset/incoming_audio/dge_linked/sumadhva_vijaya/smv6.20.mp3,dge_linked/sumadhva_vijaya,smv6.20.mp3,.mp3,mp3 (mp3float),mp3,11025,1,32,16,13.636,-0.98,-17.6,-18.44,-35.83,22.9,0.54,0.75,0.82,0.329,0,B,[],[],[],,27272,e0164fc3785858d74c95c3e74b9cdfedad0ae86c
kamadhenu_dataset/incoming_audio/dge_linked/sumadhva_vijaya/smv6.21.mp3,dge_linked/sumadhva_vijaya,smv6.21.mp3,.mp3,mp3 (mp3float),mp3,11025,1,32,16,14.211,-0.81,-17.4,-19.46,-37.47,24.4,0.93,0.57,0.93,0.287,0,B,[],[],[],,28421,30e744592f2a800e51fe49b6160e6e4cb85e40f4
kamadhenu_dataset/incoming_audio/dge_linked/sumadhva_vijaya/smv6.22.mp3,dge_linked/sumadhva_vijaya,smv6.22.mp3,.mp3,mp3 (mp3float),mp3,11025,1,32,16,13.375,-1.41,-17.1,-18.52,-35.14,22.4,0.22,0.76,0.87,0.255,0,B,[],[],[],,26749,55dc34886847f66d3c34ebbe74fe8fe20f3e214e
kamadhenu_dataset/incoming_audio/dge_linked/sumadhva_vijaya/smv6.23.mp3,dge_linked/sumadhva_vijaya,smv6.23.mp3,.mp3,mp3 (mp3float),mp3,11025,1,32,16,11.389,-1.26,-17.22,-18.06,-33.16,20.2,0.43,0.52,0.52,0.21,0,B,[],[],[],,22779,07444e54ee9d715628b2efb7025dc6bf9cbc7ea4
kamadhenu_dataset/incoming_audio/dge_linked/sumadhva_vijaya/smv6.24.mp3,dge_linked/sumadhva_vijaya,smv6.24.mp3,.mp3,mp3 (mp3float),mp3,11025,1,32,16,10.397,-0.69,-16.63,-18.0,-34.51,22.4,0.34,0.57,0.57,0.19,0,B,[],[],[],,20793,c9e249fc37aa80cb1e98dfc4fb2265cc823d15bb
kamadhenu_dataset/incoming_audio/dge_linked/sumadhva_vijaya/smv6.25.mp3,dge_linked/sumadhva_vijaya,smv6.25.mp3,.mp3,mp3 (mp3float),mp3,11025,1,32,16,12.173,-0.91,-16.6,-17.48,-34.14,22.4,0.3,0.53,0.99,0.286,0,B,[],[],[],,24346,ffd9b75b353fc685a6127dcaa8a4ab65b6ac322f
kamadhenu_dataset/incoming_audio/dge_linked/sumadhva_vijaya/smv6.26.mp3,dge_linked/sumadhva_vijaya,smv6.26.mp3,.mp3,mp3 (mp3float),mp3,11025,1,32,16,12.434,-1.0,-16.52,-18.2,-35.47,23.5,0.32,0.53,0.53,0.21,0,B,[],[],[],,24869,14efbb3ecbbc8397ef2fb49cef3899f1a26b2e05
kamadhenu_dataset/incoming_audio/dge_linked/sumadhva_vijaya/smv6.27.mp3,dge_linked/sumadhva_vijaya,smv6.27.mp3,.mp3,mp3 (mp3float),mp3,11025,1,32,16,12.069,-0.56,-16.72,-17.74,-33.58,21.5,0.28,0.55,0.55,0.246,0,B,[],[],[],,24137,71a74f0a5a774856a7d36f8197be9e6cb317133a
kamadhenu_dataset/incoming_audio/dge_linked/sumadhva_vijaya/smv6.28.mp3,dge_linked/sumadhva_vijaya,smv6.28.mp3,.mp3,mp3 (mp3float),mp3,11025,1,32,16,12.33,-0.62,-16.87,-18.19,-34.74,22.3,0.26,0.5,0.5,0.245,0,B,[],[],[],,24660,a6481b34c818c55e3b4b33dca9a8259026bdf2f8
kamadhenu_dataset/incoming_audio/dge_linked/sumadhva_vijaya/smv6.29.mp3,dge_linked/sumadhva_vijaya,smv6.29.mp3,.mp3,mp3 (mp3float),mp3,11025,1,32,16,11.703,-1.05,-17.13,-17.55,-32.2,19.2,0.28,0.69,0.69,0.279,0,B,[],[],[],,23406,26b8ca188ebc343878f299ab54881521e4bb0bc5
kamadhenu_dataset/incoming_audio/dge_linked/sumadhva_vijaya/smv6.3.mp3,dge_linked/sumadhva_vijaya,smv6.3.mp3,.mp3,mp3 (mp3float),mp3,11025,1,32,16,15.464,-0.75,-16.77,-17.8,-36.37,24.6,0.46,0.55,1.13,0.3,0,B,[],[],[],,30929,d657ed35ee4d62d3dffb212ba05dcedbebc4e45f
kamadhenu_dataset/incoming_audio/dge_linked/sumadhva_vijaya/smv6.30.mp3,dge_linked/sumadhva_vijaya,smv6.30.mp3,.mp3,mp3 (mp3float),mp3,11025,1,32,16,11.598,-0.72,-16.84,-18.15,-35.73,23.1,0.35,0.53,0.53,0.212,0,B,[],[],[],,23197,62b4585a56ba260ddbb2c83e643224d87f754592
kamadhenu_dataset/incoming_audio/dge_linked/sumadhva_vijaya/smv6.31.mp3,dge_linked/sumadhva_vijaya,smv6.31.mp3,.mp3,mp3 (mp3float),mp3,11025,1,32,16,11.024,-0.28,-17.01,-18.42,-35.57,23.1,0.31,0.52,0.52,0.245,0,B,[],[],[],,22047,8b25fc4bb75c1a6b7cf691dc28f0bf53c57c34b0
kamadhenu_dataset/incoming_audio/dge_linked/sumadhva_vijaya/smv6.32.mp3,dge_linked/sumadhva_vijaya,smv6.32.mp3,.mp3,mp3 (mp3float),mp3,11025,1,32,16,12.069,-0.27,-17.14,-18.43,-35.97,23.1,0.22,0.52,0.52,0.217,0,B,[],[],[],,24137,2c65d0d8db9b404d9c22af86218eeea79e19beb4
kamadhenu_dataset/incoming_audio/dge_linked/sumadhva_vijaya/smv6.33.mp3,dge_linked/sumadhva_vijaya,smv6.33.mp3,.mp3,mp3 (mp3float),mp3,11025,1,32,16,11.389,-0.35,-17.32,-18.74,-35.16,22.6,0.32,0.5,0.59,0.238,0,B,[],[],[],,22779,24ea07f1758bc764344f293f1ea4d32f05ec78c5
kamadhenu_dataset/incoming_audio/dge_linked/sumadhva_vijaya/smv6.34.mp3,dge_linked/sumadhva_vijaya,smv6.34.mp3,.mp3,mp3 (mp3float),mp3,11025,1,32,16,11.964,-0.74,-17.17,-18.18,-35.36,22.5,0.25,0.53,0.53,0.209,0,B,[],[],[],,23928,1a127bc8db9ffeea5d039ee43659e0c9e37e664e
kamadhenu_dataset/incoming_audio/dge_linked/sumadhva_vijaya/smv6.35.mp3,dge_linked/sumadhva_vijaya,smv6.35.mp3,.mp3,mp3 (mp3float),mp3,11025,1,32,16,11.598,-1.23,-17.31,-18.71,-35.31,22.2,0.22,0.41,0.43,0.177,0,B,[],[],[],,23197,d85c5811b5291df404fb97f7c55508a14d3b0b4c
kamadhenu_dataset/incoming_audio/dge_linked/sumadhva_vijaya/smv6.36.mp3,dge_linked/sumadhva_vijaya,smv6.36.mp3,.mp3,mp3 (mp3float),mp3,11025,1,32,16,11.233,-0.89,-17.52,-18.4,-34.23,21.0,0.2,0.42,0.42,0.23,0,B,[],[],[],,22465,50fc548080a6ed7de64443e042a4626167055ccb
kamadhenu_dataset/incoming_audio/dge_linked/sumadhva_vijaya/smv6.37.mp3,dge_linked/sumadhva_vijaya,smv6.37.mp3,.mp3,mp3 (mp3float),mp3,11025,1,32,16,11.86,-0.86,-17.37,-18.87,-35.8,23.0,0.33,0.37,0.51,0.266,0,B,[],[],[],,23719,20b595c7e1186363375e8e2a7902ea96f8ec85a5
kamadhenu_dataset/incoming_audio/dge_linked/sumadhva_vijaya/smv6.38.mp3,dge_linked/sumadhva_vijaya,smv6.38.mp3,.mp3,mp3 (mp3float),mp3,11025,1,32,16,11.233,-1.01,-16.86,-17.9,-35.2,22.5,0.27,0.42,0.52,0.198,0,B,[],[],[],,22465,b6110d5cbd34ae76164b01d49a57451cbfc172e2
kamadhenu_dataset/incoming_audio/dge_linked/sumadhva_vijaya/smv6.39.mp3,dge_linked/sumadhva_vijaya,smv6.39.mp3,.mp3,mp3 (mp3float),mp3,11025,1,32,16,11.285,-1.06,-16.99,-18.22,-34.69,22.1,0.27,0.39,0.39,0.242,0,B,[],[],[],,22570,39c41eeeaa9b55a5227a81452e2b8a620678b094
kamadhenu_dataset/incoming_audio/dge_linked/sumadhva_vijaya/smv6.4.mp3,dge_linked/sumadhva_vijaya,smv6.4.mp3,.mp3,mp3 (mp3float),mp3,11025,1,32,16,14.576,-0.61,-16.56,-18.39,-36.71,25.5,0.57,0.55,0.97,0.297,0,B,[],[],[],,29153,2095a8bfc9095f078824c0a14c7a99ea8a4c52ef
kamadhenu_dataset/incoming_audio/dge_linked/sumadhva_vijaya/smv6.40.mp3,dge_linked/sumadhva_vijaya,smv6.40.mp3,.mp3,mp3 (mp3float),mp3,11025,1,32,16,11.651,-0.72,-17.16,-18.64,-35.23,22.4,0.22,0.42,0.48,0.23,0,B,[],[],[],,23301,3ee2d39fb74b71f8d0a08f5b7d4ba57e19e462f4
kamadhenu_dataset/incoming_audio/dge_linked/sumadhva_vijaya/smv6.41.mp3,dge_linked/sumadhva_vijaya,smv6.41.mp3,.mp3,mp3 (mp3float),mp3,11025,1,32,16,12.278,-1.45,-16.53,-17.69,-35.52,23.3,0.33,0.42,0.76,0.268,0,B,[],[],[],,24555,8eee9cb969f91d4fe37402281b80b54fcb58b7b8
kamadhenu_dataset/incoming_audio/dge_linked/sumadhva_vijaya/smv6.42.mp3,dge_linked/sumadhva_vijaya,smv6.42.mp3,.mp3,mp3 (mp3float),mp3,11025,1,32,16,14.211,-0.42,-16.7,-18.12,-35.14,22.7,0.49,0.34,0.66,0.242,0,B,[],[],[],,28421,a1e84df75a50fd854e6659b91219a156713450c7
kamadhenu_dataset/incoming_audio/dge_linked/sumadhva_vijaya/smv6.43.mp3,dge_linked/sumadhva_vijaya,smv6.43.mp3,.mp3,mp3 (mp3float),mp3,11025,1,32,16,9.927,-1.06,-16.13,-17.99,-35.09,23.6,0.27,0.3,0.3,0.175,0,B,"[""exact_duplicate""]","[""kamadhenu_dataset/incoming_audio/dge_linked/sumadhva_vijaya/smv6.44.mp3""]",[],,19853,9fa0146e9cfc8e9d6880044d532c0620434c96a3
kamadhenu_dataset/incoming_audio/dge_linked/sumadhva_vijaya/smv6.44.mp3,dge_linked/sumadhva_vijaya,smv6.44.mp3,.mp3,mp3 (mp3float),mp3,11025,1,32,16,9.927,-1.06,-16.13,-17.99,-35.09,23.6,0.27,0.3,0.3,0.175,0,B,"[""exact_duplicate""]","[""kamadhenu_dataset/incoming_audio/dge_linked/sumadhva_vijaya/smv6.43.mp3""]",[],,19853,9fa0146e9cfc8e9d6880044d532c0620434c96a3
kamadhenu_dataset/incoming_audio/dge_linked/sumadhva_vijaya/smv6.45.mp3,dge_linked/sumadhva_vijaya,smv6.45.mp3,.mp3,mp3 (mp3float),mp3,11025,1,32,16,9.561,-0.29,-16.6,-18.0,-33.61,21.6,0.31,0.3,0.31,0.209,0,B,[],[],[],,19122,eb562f7a682ff3ff644daf7fef98467d46e47a1e
kamadhenu_dataset/incoming_audio/dge_linked/sumadhva_vijaya/smv6.46.mp3,dge_linked/sumadhva_vijaya,smv6.46.mp3,.mp3,mp3 (mp3float),mp3,11025,1,32,16,10.136,-0.95,-16.69,-18.23,-35.35,23.0,0.25,0.28,0.37,0.217,0,B,[],[],[],,20271,18da2fcb53f8cc4a208db6f30677fcb6cbafc07b
kamadhenu_dataset/incoming_audio/dge_linked/sumadhva_vijaya/smv6.47.mp3,dge_linked/sumadhva_vijaya,smv6.47.mp3,.mp3,mp3 (mp3float),mp3,11025,1,32,16,10.031,-1.1,-16.89,-17.74,-33.52,20.5,0.26,0.27,0.27,0.217,0,B,[],[],[],,20062,3d53373b3a18f32db827e990b21f7eebeceebdea
kamadhenu_dataset/incoming_audio/dge_linked/sumadhva_vijaya/smv6.48.mp3,dge_linked/sumadhva_vijaya,smv6.48.mp3,.mp3,mp3 (mp3float),mp3,11025,1,32,16,10.501,-1.07,-16.33,-17.2,-32.75,20.7,0.25,0.23,0.3,0.217,0,B,[],[],[],,21002,337acbb65453a499e845e1c75a7916cad516a5cc
kamadhenu_dataset/incoming_audio/dge_linked/sumadhva_vijaya/smv6.49.mp3,dge_linked/sumadhva_vijaya,smv6.49.mp3,.mp3,mp3 (mp3float),mp3,11025,1,32,16,10.71,-0.44,-15.98,-17.57,-36.0,24.3,0.21,0.23,0.49,0.175,0,B,[],[],[],,21420,7a58461250fc20d1df964ceafc6ef373a89087a8
kamadhenu_dataset/incoming_audio/dge_linked/sumadhva_vijaya/smv6.5.mp3,dge_linked/sumadhva_vijaya,smv6.5.mp3,.mp3,mp3 (mp3float),mp3,11025,1,32,16,14.785,-1.06,-16.51,-16.99,-32.96,20.9,0.43,0.67,0.96,0.346,0,B,[],[],[],,29571,007e184a604a473a682d630751c40fcc6d94d6cc
kamadhenu_dataset/incoming_audio/dge_linked/sumadhva_vijaya/smv6.50.mp3,dge_linked/sumadhva_vijaya,smv6.50.mp3,.mp3,mp3 (mp3float),mp3,11025,1,32,16,12.382,-0.81,-16.38,-18.33,-37.58,25.9,0.32,0.37,0.69,0.239,0,B,[],[],[],,24764,40c8352815f331dbc86cbe263aefb5f477484ef1
kamadhenu_dataset/incoming_audio/dge_linked/sumadhva_vijaya/smv6.51.mp3,dge_linked/sumadhva_vijaya,smv6.51.mp3,.mp3,mp3 (mp3float),mp3,11025,1,32,16,9.665,-0.31,-16.17,-16.84,-31.39,19.0,0.24,0.24,0.24,0.216,0,B,[],[],[],,19331,b07b39a42d2b13730e4eab5806368e521dd95631
kamadhenu_dataset/incoming_audio/dge_linked/sumadhva_vijaya/smv6.52.mp3,dge_linked/sumadhva_vijaya,smv6.52.mp3,.mp3,mp3 (mp3float),mp3,11025,1,32,16,10.397,-0.28,-16.06,-17.43,-34.64,22.7,0.27,0.25,0.27,0.171,0,B,[],[],[],,20793,d26383f616d58c6f27b445affd1efb2d24aaa785
kamadhenu_dataset/incoming_audio/dge_linked/sumadhva_vijaya/smv6.53.mp3,dge_linked/sumadhva_vijaya,smv6.53.mp3,.mp3,mp3 (mp3float),mp3,11025,1,32,16,11.546,-0.44,-16.62,-18.3,-36.67,24.6,0.27,0.22,0.53,0.217,0,B,[],[],[],,23092,9ae6fafa438d18cfdeceaecfd36ad588c12a3e6b
kamadhenu_dataset/incoming_audio/dge_linked/sumadhva_vijaya/smv6.54.mp3,dge_linked/sumadhva_vijaya,smv6.54.mp3,.mp3,mp3 (mp3float),mp3,11025,1,32,16,10.24,-1.61,-16.41,-17.1,-30.64,18.1,0.27,0.2,0.32,0.202,0,B,[],[],[],,20480,d88308f81208118aabbfc90479dc6ea72fe8cf69
kamadhenu_dataset/incoming_audio/dge_linked/sumadhva_vijaya/smv6.55.mp3,dge_linked/sumadhva_vijaya,smv6.55.mp3,.mp3,mp3 (mp3float),mp3,11025,1,32,16,12.382,-0.68,-16.47,-18.02,-34.4,22.5,0.32,0.17,0.32,0.235,0,B,[],[],[],,24764,f68de3bdbb83de275b26c9018b8ed5ed081b802d
kamadhenu_dataset/incoming_audio/dge_linked/sumadhva_vijaya/smv6.56.mp3,dge_linked/sumadhva_vijaya,smv6.56.mp3,.mp3,mp3 (mp3float),mp3,11025,1,32,16,12.696,-0.48,-16.14,-17.68,-34.45,23.1,0.37,0.17,0.49,0.205,0,B,[],[],[],,25391,743909735f52be706dcbd555c70e17716e7abd2a
kamadhenu_dataset/incoming_audio/dge_linked/sumadhva_vijaya/smv6.57.mp3,dge_linked/sumadhva_vijaya,smv6.57.mp3,.mp3,mp3 (mp3float),mp3,11025,1,32,16,17.189,-0.62,-16.73,-17.66,-31.72,19.5,0.3,0.19,0.31,0.218,0,B,[],[],[],,34377,0c84a1f26843dd590be905cd462ecec1c08d2a70
kamadhenu_dataset/incoming_audio/dge_linked/sumadhva_vijaya/smv6.6.mp3,dge_linked/sumadhva_vijaya,smv6.6.mp3,.mp3,mp3 (mp3float),mp3,11025,1,32,16,15.099,-0.18,-16.95,-19.97,-39.73,27.8,0.21,0.48,1.02,0.191,0,B,"[""exact_duplicate""]","[""kamadhenu_dataset/incoming_audio/dge_linked/sumadhva_vijaya/smv6.7.mp3""]",[],,30198,57d84e2ae1132de3cd8de2b3f005f99f6f00333b
kamadhenu_dataset/incoming_audio/dge_linked/sumadhva_vijaya/smv6.7.mp3,dge_linked/sumadhva_vijaya,smv6.7.mp3,.mp3,mp3 (mp3float),mp3,11025,1,32,16,15.099,-0.18,-16.95,-19.97,-39.73,27.8,0.21,0.48,1.02,0.191,0,B,"[""exact_duplicate""]","[""kamadhenu_dataset/incoming_audio/dge_linked/sumadhva_vijaya/smv6.6.mp3""]",[],,30198,57d84e2ae1132de3cd8de2b3f005f99f6f00333b
kamadhenu_dataset/incoming_audio/dge_linked/sumadhva_vijaya/smv6.8.mp3,dge_linked/sumadhva_vijaya,smv6.8.mp3,.mp3,mp3 (mp3float),mp3,11025,1,32,16,13.897,-0.79,-16.16,-17.67,-35.62,24.0,0.36,0.61,0.98,0.274,0,B,[],[],[],,27794,46852251135e3d20f50415f2c6eb92e7810f3673
kamadhenu_dataset/incoming_audio/dge_linked/sumadhva_vijaya/smv6.9.mp3,dge_linked/sumadhva_vijaya,smv6.9.mp3,.mp3,mp3 (mp3float),mp3,11025,1,32,16,15.308,-0.76,-16.89,-18.37,-35.48,23.3,0.42,0.59,0.87,0.27,0,B,[],[],[],,30616,0960531155edfb8ab544d3db8ebe3636d3c30c78
kamadhenu_dataset/incoming_audio/dge_linked/sumadhva_vijaya/smv7.1.mp3,dge_linked/sumadhva_vijaya,smv7.1.mp3,.mp3,mp3 (mp3float),mp3,11025,1,32,16,12.434,-1.1,-18.17,-18.91,-35.45,22.0,0.46,0.42,0.79,0.31,0,B,[],[],[],,24869,4b175c1dd4945a534a6b6b4b8a0b1fba30bf2af0
kamadhenu_dataset/incoming_audio/dge_linked/sumadhva_vijaya/smv7.10.mp3,dge_linked/sumadhva_vijaya,smv7.10.mp3,.mp3,mp3 (mp3float),mp3,11025,1,32,16,12.696,-1.18,-17.38,-18.54,-35.4,23.1,0.49,0.37,0.91,0.33,0,B,[],[],[],,25391,40f7bed29a27ef5c466e0c48e5e5dc2185bd04ef
kamadhenu_dataset/incoming_audio/dge_linked/sumadhva_vijaya/smv7.11.mp3,dge_linked/sumadhva_vijaya,smv7.11.mp3,.mp3,mp3 (mp3float),mp3,11025,1,32,16,13.479,-0.99,-17.99,-19.01,-35.66,22.0,0.52,0.64,0.92,0.327,0,B,[],[],[],,26958,489cba673af2678bb2a7448a240a0a4f5e0712a9
kamadhenu_dataset/incoming_audio/dge_linked/sumadhva_vijaya/smv7.12.mp3,dge_linked/sumadhva_vijaya,smv7.12.mp3,.mp3,mp3 (mp3float),mp3,11025,1,32,16,13.375,-0.51,-17.41,-20.97,-40.65,28.2,0.22,0.06,0.83,0.148,0,B,[],[],[],,26749,f780b16bc8b7983b8cafdae63b872b64d7c9af7b
kamadhenu_dataset/incoming_audio/dge_linked/sumadhva_vijaya/smv7.13.mp3,dge_linked/sumadhva_vijaya,smv7.13.mp3,.mp3,mp3 (mp3float),mp3,11025,1,32,16,12.33,-0.84,-17.32,-18.46,-34.3,22.2,0.53,0.42,0.87,0.32,0,B,[],[],[],,24660,9a9277038b73b6a826aaa644baddf7fc95f4e974
kamadhenu_dataset/incoming_audio/dge_linked/sumadhva_vijaya/smv7.14.mp3,dge_linked/sumadhva_vijaya,smv7.14.mp3,.mp3,mp3 (mp3float),mp3,11025,1,32,16,13.009,-0.96,-16.95,-19.22,-37.85,25.8,0.36,0.15,0.55,0.239,0,B,[],[],[],,26018,c74afe8511281e00e18ff59e29b0c9fd32fd1c6b
kamadhenu_dataset/incoming_audio/dge_linked/sumadhva_vijaya/smv7.15.mp3,dge_linked/sumadhva_vijaya,smv7.15.mp3,.mp3,mp3 (mp3float),mp3,11025,1,32,16,13.166,-0.68,-17.09,-18.46,-35.66,23.5,0.33,0.9,0.9,0.288,0,B,[],[],[],,26331,28961e3d9820c834b241bbc1a6356f9986ea0eae
kamadhenu_dataset/incoming_audio/dge_linked/sumadhva_vijaya/smv7.16.mp3,dge_linked/sumadhva_vijaya,smv7.16.mp3,.mp3,mp3 (mp3float),mp3,11025,1,32,16,12.225,-0.36,-17.73,-20.42,-38.73,25.8,0.21,0.07,0.75,0.206,0,B,"[""exact_duplicate""]","[""kamadhenu_dataset/incoming_audio/dge_linked/sumadhva_vijaya/smv7.17.mp3""]",[],,24451,25c61e910e63439a6a664663f2d3bcabfb986a77
kamadhenu_dataset/incoming_audio/dge_linked/sumadhva_vijaya/smv7.17.mp3,dge_linked/sumadhva_vijaya,smv7.17.mp3,.mp3,mp3 (mp3float),mp3,11025,1,32,16,12.225,-0.36,-17.73,-20.42,-38.73,25.8,0.21,0.07,0.75,0.206,0,B,"[""exact_duplicate""]","[""kamadhenu_dataset/incoming_audio/dge_linked/sumadhva_vijaya/smv7.16.mp3""]",[],,24451,25c61e910e63439a6a664663f2d3bcabfb986a77
kamadhenu_dataset/incoming_audio/dge_linked/sumadhva_vijaya/smv7.18.mp3,dge_linked/sumadhva_vijaya,smv7.18.mp3,.mp3,mp3 (mp3float),mp3,11025,1,32,16,12.225,-0.86,-17.44,-19.31,-37.14,24.1,0.21,0.17,0.7,0.28,0,B,[],[],[],,24451,952750c9372ba0f87da0d20d6837236da408ad37
kamadhenu_dataset/incoming_audio/dge_linked/sumadhva_vijaya/smv7.19.mp3,dge_linked/sumadhva_vijaya,smv7.19.mp3,.mp3,mp3 (mp3float),mp3,11025,1,32,16,12.225,-0.86,-17.15,-18.49,-35.76,23.4,0.22,0.38,1.03,0.284,0,B,[],[],[],,24451,7d87f49cefb020da5bb763881550e9da4b441168
kamadhenu_dataset/incoming_audio/dge_linked/sumadhva_vijaya/smv7.2.mp3,dge_linked/sumadhva_vijaya,smv7.2.mp3,.mp3,mp3 (mp3float),mp3,11025,1,32,16,13.061,-0.23,-17.33,-18.28,-35.53,23.2,0.44,0.52,1.05,0.385,0,B,[],[],[],,26122,c9e749f770ff2807d5189822bfeeb704881f3f20
kamadhenu_dataset/incoming_audio/dge_linked/sumadhva_vijaya/smv7.20.mp3,dge_linked/sumadhva_vijaya,smv7.20.mp3,.mp3,mp3 (mp3float),mp3,11025,1,32,16,11.86,-0.76,-16.8,-18.15,-35.96,23.8,0.4,0.63,0.66,0.299,0,B,[],[],[],,23719,53c2919710764da8bb8da75b8cabfcca543fd662
kamadhenu_dataset/incoming_audio/dge_linked/sumadhva_vijaya/smv7.21.mp3,dge_linked/sumadhva_vijaya,smv7.21.mp3,.mp3,mp3 (mp3float),mp3,11025,1,32,16,12.33,-0.19,-17.37,-19.0,-35.27,22.9,0.41,0.61,1.0,0.277,0,B,[],[],[],,24660,c68b55d70f507bdab36d7e9880e54549a83751a0
kamadhenu_dataset/incoming_audio/dge_linked/sumadhva_vijaya/smv7.22.mp3,dge_linked/sumadhva_vijaya,smv7.22.mp3,.mp3,mp3 (mp3float),mp3,11025,1,32,16,12.121,-0.95,-16.88,-18.54,-36.86,25.2,0.88,0.5,0.88,0.269,0,B,[],[],[],,24242,861b2c277974148090b3e2c90211d22849ab20d8
kamadhenu_dataset/incoming_audio/dge_linked/sumadhva_vijaya/smv7.23.mp3,dge_linked/sumadhva_vijaya,smv7.23.mp3,.mp3,mp3 (mp3float),mp3,11025,1,32,16,11.807,-0.79,-17.2,-19.06,-36.41,23.8,0.22,0.54,0.71,0.232,0,B,[],[],[],,23615,9b73de77b55291dab3ff8fc9196b0e5e812e6ed5
kamadhenu_dataset/incoming_audio/dge_linked/sumadhva_vijaya/smv7.24.mp3,dge_linked/sumadhva_vijaya,smv7.24.mp3,.mp3,mp3 (mp3float),mp3,11025,1,32,16,11.337,-1.01,-17.65,-19.55,-36.89,24.1,0.32,0.44,0.7,0.235,0,B,[],[],[],,22674,5ccf6edb242a4a77274fcc127077ad59c65dfef4
kamadhenu_dataset/incoming_audio/dge_linked/sumadhva_vijaya/smv7.25.mp3,dge_linked/sumadhva_vijaya,smv7.25.mp3,.mp3,mp3 (mp3float),mp3,11025,1,32,16,12.225,-0.32,-17.18,-19.38,-38.06,26.2,0.25,0.55,0.77,0.213,0,B,[],[],[],,24451,884bffc8fcbc8bab2e490685ebcad616fb23a15f
kamadhenu_dataset/incoming_audio/dge_linked/sumadhva_vijaya/smv7.26.mp3,dge_linked/sumadhva_vijaya,smv7.26.mp3,.mp3,mp3 (mp3float),mp3,11025,1,32,16,10.971,-0.86,-16.77,-18.32,-35.55,23.6,0.4,0.5,0.5,0.218,0,B,[],[],[],,21943,881b27f4016992216b692bc0d138d1e56702852b
kamadhenu_dataset/incoming_audio/dge_linked/sumadhva_vijaya/smv7.27.mp3,dge_linked/sumadhva_vijaya,smv7.27.mp3,.mp3,mp3 (mp3float),mp3,11025,1,32,16,11.651,-0.7,-17.86,-19.18,-36.39,23.3,0.43,0.51,0.68,0.278,0,B,[],[],[],,23301,50e8406ac1d893a886ff6e42f54bdc44a69292bf
kamadhenu_dataset/incoming_audio/dge_linked/sumadhva_vijaya/smv7.28.mp3,dge_linked/sumadhva_vijaya,smv7.28.mp3,.mp3,mp3 (mp3float),mp3,11025,1,32,16,11.964,-0.62,-17.22,-18.28,-36.1,23.2,0.55,0.45,0.55,0.249,0,B,[],[],[],,23928,717ac112dfb648e06006e3ee8e254085b97e8259
kamadhenu_dataset/incoming_audio/dge_linked/sumadhva_vijaya/smv7.29.mp3,dge_linked/sumadhva_vijaya,smv7.29.mp3,.mp3,mp3 (mp3float),mp3,11025,1,32,16,10.449,-1.02,-16.94,-18.47,-35.94,23.8,0.27,0.48,0.48,0.246,0,B,[],[],[],,20898,c9aa8f2e0d4d1c5b2c73680002b2f864c962778a
kamadhenu_dataset/incoming_audio/dge_linked/sumadhva_vijaya/smv7.3.mp3,dge_linked/sumadhva_vijaya,smv7.3.mp3,.mp3,mp3 (mp3float),mp3,11025,1,32,16,13.845,-1.1,-18.28,-20.64,-39.18,25.7,0.21,0.11,0.98,0.231,0,B,[],[],[],,27690,eb39e0a72584d855eec7101d0dfaa53b9972487b
kamadhenu_dataset/incoming_audio/dge_linked/sumadhva_vijaya/smv7.30.mp3,dge_linked/sumadhva_vijaya,smv7.30.mp3,.mp3,mp3 (mp3float),mp3,11025,1,32,16,9.927,-0.22,-17.14,-18.45,-33.77,21.5,0.27,0.44,0.44,0.257,0,B,[],[],[],,19853,0b65c079ba1eaba20ce08fb40e0c26755ec07b4f
kamadhenu_dataset/incoming_audio/dge_linked/sumadhva_vijaya/smv7.31.mp3,dge_linked/sumadhva_vijaya,smv7.31.mp3,.mp3,mp3 (mp3float),mp3,11025,1,32,16,11.389,-1.0,-16.96,-17.51,-34.8,22.2,0.45,0.53,0.55,0.276,0,B,[],[],[],,22779,22b4ce1222906a9e82147073d0f49a85802bf64d
kamadhenu_dataset/incoming_audio/dge_linked/sumadhva_vijaya/smv7.32.mp3,dge_linked/sumadhva_vijaya,smv7.32.mp3,.mp3,mp3 (mp3float),mp3,11025,1,32,16,11.285,-0.57,-16.99,-18.3,-35.64,23.0,0.44,0.33,0.5,0.216,0,B,[],[],[],,22570,9fa950e9013e618e9f296cd85b64783c01534446
kamadhenu_dataset/incoming_audio/dge_linked/sumadhva_vijaya/smv7.33.mp3,dge_linked/sumadhva_vijaya,smv7.33.mp3,.mp3,mp3 (mp3float),mp3,11025,1,32,16,11.233,-0.71,-17.57,-18.24,-34.97,21.9,0.27,0.38,0.62,0.285,0,B,[],[],[],,22465,3492347c4312567b64b2a7541cce89302a97940d
kamadhenu_dataset/incoming_audio/dge_linked/sumadhva_vijaya/smv7.34.mp3,dge_linked/sumadhva_vijaya,smv7.34.mp3,.mp3,mp3 (mp3float),mp3,11025,1,32,16,11.86,-0.77,-17.07,-18.66,-35.85,23.7,0.27,0.54,0.72,0.28,0,B,[],[],[],,23719,53a82da831a39bebf4fc88f7c3b835ba50c23f39
kamadhenu_dataset/incoming_audio/dge_linked/sumadhva_vijaya/smv7.35.mp3,dge_linked/sumadhva_vijaya,smv7.35.mp3,.mp3,mp3 (mp3float),mp3,11025,1,32,16,12.225,-0.86,-16.48,-17.51,-37.32,25.3,0.41,0.49,0.79,0.265,0,B,[],[],[],,24451,a573159a0cb4574d5856f508df1e6010d6337ad2
kamadhenu_dataset/incoming_audio/dge_linked/sumadhva_vijaya/smv7.36.mp3,dge_linked/sumadhva_vijaya,smv7.36.mp3,.mp3,mp3 (mp3float),mp3,11025,1,32,16,12.591,-0.65,-17.17,-18.81,-36.13,24.1,0.45,0.37,1.12,0.307,0,B,[],[],[],,25182,02cbd387c206410d9ae4f562de032dc9f1af868d
kamadhenu_dataset/incoming_audio/dge_linked/sumadhva_vijaya/smv7.37.mp3,dge_linked/sumadhva_vijaya,smv7.37.mp3,.mp3,mp3 (mp3float),mp3,11025,1,32,16,11.546,-0.69,-16.68,-18.26,-35.56,24.0,0.3,0.42,0.63,0.285,0,B,[],[],[],,23092,d12dc53c18e5516fda7c9ac65efa944840e75d00
kamadhenu_dataset/incoming_audio/dge_linked/sumadhva_vijaya/smv7.38.mp3,dge_linked/sumadhva_vijaya,smv7.38.mp3,.mp3,mp3 (mp3float),mp3,11025,1,32,16,10.397,-0.75,-16.05,-18.23,-36.73,25.3,0.58,0.38,0.58,0.195,0,B,[],[],[],,20793,a27b6530823d6560fcb056ccb36cc3901041e286
kamadhenu_dataset/incoming_audio/dge_linked/sumadhva_vijaya/smv7.39.mp3,dge_linked/sumadhva_vijaya,smv7.39.mp3,.mp3,mp3 (mp3float),mp3,11025,1,32,16,11.703,-0.88,-16.88,-17.86,-35.83,23.6,0.3,0.56,0.72,0.317,0,B,"[""exact_duplicate""]","[""kamadhenu_dataset/incoming_audio/dge_linked/sumadhva_vijaya/smv7.40.mp3""]",[],,23406,e8dd3ec17459ad16f29fab60e71d6f633d28b854
kamadhenu_dataset/incoming_audio/dge_linked/sumadhva_vijaya/smv7.4.mp3,dge_linked/sumadhva_vijaya,smv7.4.mp3,.mp3,mp3 (mp3float),mp3,11025,1,32,16,12.225,-0.52,-17.99,-20.53,-38.25,25.2,0.35,0.13,0.62,0.242,0,B,[],[],[],,24451,375a3edcdc3648e42068c40f6649649bbf19a2b5
kamadhenu_dataset/incoming_audio/dge_linked/sumadhva_vijaya/smv7.40.mp3,dge_linked/sumadhva_vijaya,smv7.40.mp3,.mp3,mp3 (mp3float),mp3,11025,1,32,16,11.703,-0.88,-16.88,-17.86,-35.83,23.6,0.3,0.56,0.72,0.317,0,B,"[""exact_duplicate""]","[""kamadhenu_dataset/incoming_audio/dge_linked/sumadhva_vijaya/smv7.39.mp3""]",[],,23406,e8dd3ec17459ad16f29fab60e71d6f633d28b854
kamadhenu_dataset/incoming_audio/dge_linked/sumadhva_vijaya/smv7.41.mp3,dge_linked/sumadhva_vijaya,smv7.41.mp3,.mp3,mp3 (mp3float),mp3,11025,1,32,16,12.643,-0.16,-16.08,-18.94,-38.37,27.4,0.26,0.4,0.93,0.239,0,B,[],[],[],,25287,2c6d9fe3be4b30b39d0a3a55f7d47ceb5c4d47c7
kamadhenu_dataset/incoming_audio/dge_linked/sumadhva_vijaya/smv7.42.mp3,dge_linked/sumadhva_vijaya,smv7.42.mp3,.mp3,mp3 (mp3float),mp3,11025,1,32,16,12.225,-0.85,-16.75,-18.62,-36.73,24.8,0.22,0.35,0.69,0.244,0,B,[],[],[],,24451,5a7242dbb67a2c17c078e46bdd1a5844cd4f2ba2
kamadhenu_dataset/incoming_audio/dge_linked/sumadhva_vijaya/smv7.43.mp3,dge_linked/sumadhva_vijaya,smv7.43.mp3,.mp3,mp3 (mp3float),mp3,11025,1,32,16,13.166,-0.83,-15.64,-16.73,-33.96,23.1,0.43,0.5,0.73,0.308,0,B,[],[],[],,26331,0ba2675b595372ef79673318d9a7e13c74fee84f
kamadhenu_dataset/incoming_audio/dge_linked/sumadhva_vijaya/smv7.44.mp3,dge_linked/sumadhva_vijaya,smv7.44.mp3,.mp3,mp3 (mp3float),mp3,11025,1,32,16,11.389,-1.17,-16.41,-18.71,-38.09,26.4,0.22,0.57,0.66,0.225,0,B,[],[],[],,22779,118190fbe64064af039feb6f8b3d1e9eaf535f79
kamadhenu_dataset/incoming_audio/dge_linked/sumadhva_vijaya/smv7.45.mp3,dge_linked/sumadhva_vijaya,smv7.45.mp3,.mp3,mp3 (mp3float),mp3,11025,1,32,16,12.225,-0.85,-16.6,-18.33,-35.7,23.7,0.22,0.39,0.61,0.241,0,B,[],[],[],,24451,d5de03c3d89b3135ce445187b007955efd6bf6db
kamadhenu_dataset/incoming_audio/dge_linked/sumadhva_vijaya/smv7.46.mp3,dge_linked/sumadhva_vijaya,smv7.46.mp3,.mp3,mp3 (mp3float),mp3,11025,1,32,16,12.852,-1.01,-16.76,-18.8,-38.22,26.2,0.44,0.54,0.67,0.24,0,B,[],[],[],,25704,bf1a1e7072077a9215f2dea6828b945dfb6a3e14
kamadhenu_dataset/incoming_audio/dge_linked/sumadhva_vijaya/smv7.47.mp3,dge_linked/sumadhva_vijaya,smv7.47.mp3,.mp3,mp3 (mp3float),mp3,11025,1,32,16,12.33,-0.47,-16.45,-17.41,-34.97,23.2,0.46,0.35,1.11,0.312,0,B,[],[],[],,24660,23800e8a117c6a161f3d396b9c24bb85a509ab78
kamadhenu_dataset/incoming_audio/dge_linked/sumadhva_vijaya/smv7.48.mp3,dge_linked/sumadhva_vijaya,smv7.48.mp3,.mp3,mp3 (mp3float),mp3,11025,1,32,16,10.971,-1.13,-16.3,-17.59,-35.39,23.8,0.55,0.49,0.65,0.256,0,B,[],[],[],,21943,98d301e264438f2b716b3662b8738531ef70f19d
kamadhenu_dataset/incoming_audio/dge_linked/sumadhva_vijaya/smv7.49.mp3,dge_linked/sumadhva_vijaya,smv7.49.mp3,.mp3,mp3 (mp3float),mp3,11025,1,32,16,11.546,-1.17,-17.19,-18.48,-35.33,23.0,0.21,0.59,0.83,0.308,0,B,[],[],[],,23092,2412efefcffd166f49c93728998c41397c713415
kamadhenu_dataset/incoming_audio/dge_linked/sumadhva_vijaya/smv7.5.mp3,dge_linked/sumadhva_vijaya,smv7.5.mp3,.mp3,mp3 (mp3float),mp3,11025,1,32,16,12.382,-0.9,-17.53,-18.67,-35.72,22.7,0.63,0.44,0.99,0.333,0,B,[],[],[],,24764,fc302c45bc0106ec8b7c1d9f2c240b01bdc7bb20
kamadhenu_dataset/incoming_audio/dge_linked/sumadhva_vijaya/smv7.50.mp3,dge_linked/sumadhva_vijaya,smv7.50.mp3,.mp3,mp3 (mp3float),mp3,11025,1,32,16,10.971,-0.6,-16.84,-17.74,-35.15,23.0,0.56,0.37,0.85,0.298,0,B,[],[],[],,21943,8781f686d25739ab6cf417055373a4dd7ddbfb0d
kamadhenu_dataset/incoming_audio/dge_linked/sumadhva_vijaya/smv7.51.mp3,dge_linked/sumadhva_vijaya,smv7.51.mp3,.mp3,mp3 (mp3float),mp3,11025,1,32,16,12.434,-0.67,-16.85,-18.94,-37.49,25.4,0.37,0.6,0.69,0.247,0,B,[],[],[],,24869,45e35e5da6f9e4a5fe09c3cd95bdf775c8b32af9
kamadhenu_dataset/incoming_audio/dge_linked/sumadhva_vijaya/smv7.52.mp3,dge_linked/sumadhva_vijaya,smv7.52.mp3,.mp3,mp3 (mp3float),mp3,11025,1,32,16,12.591,-0.89,-17.87,-17.88,-34.18,21.3,0.62,0.53,1.0,0.407,0,B,[],[],[],,25182,ec4c6be331b30859e98da79a83b304b9c15aaf80
kamadhenu_dataset/incoming_audio/dge_linked/sumadhva_vijaya/smv7.53.mp3,dge_linked/sumadhva_vijaya,smv7.53.mp3,.mp3,mp3 (mp3float),mp3,11025,1,32,16,12.487,-1.22,-16.87,-17.8,-35.14,22.6,0.39,0.5,0.85,0.266,0,B,[],[],[],,24973,cd2830b722272d637c62f847b49c98164fd86cd5
kamadhenu_dataset/incoming_audio/dge_linked/sumadhva_vijaya/smv7.54.mp3,dge_linked/sumadhva_vijaya,smv7.54.mp3,.mp3,mp3 (mp3float),mp3,11025,1,32,16,11.233,-0.51,-16.63,-17.95,-35.13,22.9,0.45,0.66,0.66,0.246,0,B,[],[],[],,22465,5753da8563ed1a56101998085f7a8c48ca0bde66
kamadhenu_dataset/incoming_audio/dge_linked/sumadhva_vijaya/smv7.55.mp3,dge_linked/sumadhva_vijaya,smv7.55.mp3,.mp3,mp3 (mp3float),mp3,11025,1,32,16,9.561,-1.39,-16.61,-17.53,-33.19,21.2,0.32,0.46,0.46,0.259,0,B,[],[],[],,19122,85a6d6c92229dbc243bf54050668eb5cae72fe3e
kamadhenu_dataset/incoming_audio/dge_linked/sumadhva_vijaya/smv7.56.mp3,dge_linked/sumadhva_vijaya,smv7.56.mp3,.mp3,mp3 (mp3float),mp3,11025,1,32,16,11.076,-0.62,-15.43,-16.77,-34.16,22.9,0.38,0.68,0.68,0.198,0,B,[],[],[],,22152,fb9a814d41655a598b1228bedeb7009e7ff77972
kamadhenu_dataset/incoming_audio/dge_linked/sumadhva_vijaya/smv7.57.mp3,dge_linked/sumadhva_vijaya,smv7.57.mp3,.mp3,mp3 (mp3float),mp3,11025,1,32,16,12.748,-0.97,-16.78,-17.6,-34.95,22.9,0.38,0.76,0.76,0.319,0,B,[],[],[],,25496,4082e62a0db8e20d71d8511a68bf789c44824286
kamadhenu_dataset/incoming_audio/dge_linked/sumadhva_vijaya/smv7.58.mp3,dge_linked/sumadhva_vijaya,smv7.58.mp3,.mp3,mp3 (mp3float),mp3,11025,1,32,16,15.778,-0.91,-16.44,-16.79,-32.99,21.2,0.74,0.75,0.77,0.291,0,B,[],[],[],,31556,a68a5f4b231cef81cc6f0b65a82b6f9a6e6ed56a
kamadhenu_dataset/incoming_audio/dge_linked/sumadhva_vijaya/smv7.59.mp3,dge_linked/sumadhva_vijaya,smv7.59.mp3,.mp3,mp3 (mp3float),mp3,11025,1,32,16,15.935,-0.58,-15.47,-16.49,-34.88,24.0,0.77,0.64,0.77,0.283,0,B,[],[],[],,31869,9e6c26520754d6b2528b73a9ad09ee5676534da9
kamadhenu_dataset/incoming_audio/dge_linked/sumadhva_vijaya/smv7.6.mp3,dge_linked/sumadhva_vijaya,smv7.6.mp3,.mp3,mp3 (mp3float),mp3,11025,1,32,16,12.8,-0.89,-17.59,-19.6,-38.78,26.2,0.24,0.11,1.47,0.288,0,B,[],[],[],,25600,209b5743bdd4b5fe7db666d5de2ca7fdd7b89071
kamadhenu_dataset/incoming_audio/dge_linked/sumadhva_vijaya/smv7.7.mp3,dge_linked/sumadhva_vijaya,smv7.7.mp3,.mp3,mp3 (mp3float),mp3,11025,1,32,16,11.964,-0.84,-16.88,-19.77,-38.92,26.6,0.21,0.08,0.88,0.164,0,B,[],[],[],,23928,56b99dc6fdf322cea220f8a170ecc9c52cda073d
kamadhenu_dataset/incoming_audio/dge_linked/sumadhva_vijaya/smv7.8.mp3,dge_linked/sumadhva_vijaya,smv7.8.mp3,.mp3,mp3 (mp3float),mp3,11025,1,32,16,12.434,-0.77,-16.9,-18.32,-37.61,25.3,0.22,0.13,0.83,0.263,0,B,[],[],[],,24869,7cc6d88b29a7e82b5683ef11bb9f1be4b974cfe0
kamadhenu_dataset/incoming_audio/dge_linked/sumadhva_vijaya/smv7.9.mp3,dge_linked/sumadhva_vijaya,smv7.9.mp3,.mp3,mp3 (mp3float),mp3,11025,1,32,16,12.852,-0.63,-16.78,-20.14,-38.33,26.6,0.22,0.09,0.72,0.197,0,B,[],[],[],,25704,15648bfd0283b5a4c3675c7861dbf4a5e4cd55e0
kamadhenu_dataset/incoming_audio/dge_linked/sumadhva_vijaya/smv8.1.mp3,dge_linked/sumadhva_vijaya,smv8.1.mp3,.mp3,mp3 (mp3float),mp3,11025,1,32,16,13.584,-1.11,-17.23,-17.63,-31.75,18.6,0.36,0.87,0.87,0.258,0,B,[],[],[],,27167,f770c48726475ca6448cec3f6e2ff661b392d824
kamadhenu_dataset/incoming_audio/dge_linked/sumadhva_vijaya/smv8.10.mp3,dge_linked/sumadhva_vijaya,smv8.10.mp3,.mp3,mp3 (mp3float),mp3,11025,1,32,16,11.964,-1.31,-16.57,-17.07,-33.18,20.8,0.4,0.82,0.82,0.245,0,B,[],[],[],,23928,f95d0298169ecb8ca6b10a08877c9568949afad8
kamadhenu_dataset/incoming_audio/dge_linked/sumadhva_vijaya/smv8.11.mp3,dge_linked/sumadhva_vijaya,smv8.11.mp3,.mp3,mp3 (mp3float),mp3,11025,1,32,16,11.651,-0.8,-16.17,-17.31,-33.61,22.0,0.43,0.81,0.81,0.243,0,B,[],[],[],,23301,862102195602982b97c52a4ee3e51f40ef4c1b6c
kamadhenu_dataset/incoming_audio/dge_linked/sumadhva_vijaya/smv8.12.mp3,dge_linked/sumadhva_vijaya,smv8.12.mp3,.mp3,mp3 (mp3float),mp3,11025,1,32,16,12.121,-0.64,-16.37,-17.24,-33.24,21.1,0.45,0.7,0.7,0.221,0,B,[],[],[],,24242,d8ac1fdae979122d15a340938067082bbbce0896
kamadhenu_dataset/incoming_audio/dge_linked/sumadhva_vijaya/smv8.13.mp3,dge_linked/sumadhva_vijaya,smv8.13.mp3,.mp3,mp3 (mp3float),mp3,11025,1,32,16,11.651,-0.86,-16.62,-17.45,-33.87,21.8,0.36,0.71,0.71,0.239,0,B,[],[],[],,23301,b6c28c7cb6e152809c73ac93aa17b8a857844b74
kamadhenu_dataset/incoming_audio/dge_linked/sumadhva_vijaya/smv8.14.mp3,dge_linked/sumadhva_vijaya,smv8.14.mp3,.mp3,mp3 (mp3float),mp3,11025,1,32,16,12.382,-0.8,-16.24,-17.36,-33.91,22.1,0.42,0.65,0.65,0.231,0,B,[],[],[],,24764,a744129adf4a4da5d4aee98d364dcf43bee64d7a
kamadhenu_dataset/incoming_audio/dge_linked/sumadhva_vijaya/smv8.15.mp3,dge_linked/sumadhva_vijaya,smv8.15.mp3,.mp3,mp3 (mp3float),mp3,11025,1,32,16,11.807,-0.24,-17.11,-17.76,-33.84,21.2,0.22,0.69,0.69,0.276,0,B,[],[],[],,23615,1c3fac2635651a87c522ca9b1f4a0f35d59f8a5a
kamadhenu_dataset/incoming_audio/dge_linked/sumadhva_vijaya/smv8.16.mp3,dge_linked/sumadhva_vijaya,smv8.16.mp3,.mp3,mp3 (mp3float),mp3,11025,1,32,16,11.494,-0.79,-16.38,-17.47,-35.01,22.9,0.32,0.78,0.78,0.231,0,B,[],[],[],,22988,b042ed6b5241479fb8b342d0f15a022a7e4bf5c9
kamadhenu_dataset/incoming_audio/dge_linked/sumadhva_vijaya/smv8.17.mp3,dge_linked/sumadhva_vijaya,smv8.17.mp3,.mp3,mp3 (mp3float),mp3,11025,1,32,16,11.389,-0.65,-16.64,-17.84,-34.45,22.5,0.22,0.66,0.66,0.23,0,B,[],[],[],,22779,199194f0d245e14809e30fe88ac4620cb628dee4
kamadhenu_dataset/incoming_audio/dge_linked/sumadhva_vijaya/smv8.18.mp3,dge_linked/sumadhva_vijaya,smv8.18.mp3,.mp3,mp3 (mp3float),mp3,11025,1,32,16,11.86,-0.52,-16.38,-17.62,-33.31,21.4,0.42,0.75,0.75,0.231,0,B,[],[],[],,23719,ea95501c1cf3f390cdbbfbd5589483a36e45e2f7
kamadhenu_dataset/incoming_audio/dge_linked/sumadhva_vijaya/smv8.19.mp3,dge_linked/sumadhva_vijaya,smv8.19.mp3,.mp3,mp3 (mp3float),mp3,11025,1,32,16,11.389,-0.72,-16.13,-16.91,-33.15,21.1,0.3,0.66,0.66,0.203,0,B,[],[],[],,22779,38450b8bc17b7ea2858f5facd605f73fa0941dbb
kamadhenu_dataset/incoming_audio/dge_linked/sumadhva_vijaya/smv8.2.mp3,dge_linked/sumadhva_vijaya,smv8.2.mp3,.mp3,mp3 (mp3float),mp3,11025,1,32,16,13.166,-0.8,-17.2,-18.11,-34.85,22.2,0.43,0.9,0.9,0.265,0,B,[],[],[],,26331,8368503d267073cf86fcfefb39a7ba51b7a87cef
kamadhenu_dataset/incoming_audio/dge_linked/sumadhva_vijaya/smv8.20.mp3,dge_linked/sumadhva_vijaya,smv8.20.mp3,.mp3,mp3 (mp3float),mp3,11025,1,32,16,11.128,0.09,-16.66,-17.53,-33.14,20.5,0.27,0.68,0.68,0.188,0,B,[],[],[],,22256,0d4ba0bfd9d70623fd00de05a6f486e0cf34938a
kamadhenu_dataset/incoming_audio/dge_linked/sumadhva_vijaya/smv8.21.mp3,dge_linked/sumadhva_vijaya,smv8.21.mp3,.mp3,mp3 (mp3float),mp3,11025,1,32,16,12.748,-0.83,-17.01,-18.21,-35.38,22.6,0.21,0.69,0.69,0.229,0,B,[],[],[],,25496,3704ffb7a84764f4248a73eabe5d116b8ca1241f
kamadhenu_dataset/incoming_audio/dge_linked/sumadhva_vijaya/smv8.22.mp3,dge_linked/sumadhva_vijaya,smv8.22.mp3,.mp3,mp3 (mp3float),mp3,11025,1,32,16,11.86,-0.0,-16.4,-17.52,-33.3,21.4,0.29,0.69,0.69,0.226,0,B,[],[],[],,23719,8fb33a5750d39d6588abc87521e53445d3f85d36
kamadhenu_dataset/incoming_audio/dge_linked/sumadhva_vijaya/smv8.23.mp3,dge_linked/sumadhva_vijaya,smv8.23.mp3,.mp3,mp3 (mp3float),mp3,11025,1,32,16,11.912,-0.09,-16.65,-17.44,-33.53,21.0,0.24,0.63,0.63,0.224,0,B,[],[],[],,23824,109b68d1aeb8f065242255d03502ffc2a5a5b0e1
kamadhenu_dataset/incoming_audio/dge_linked/sumadhva_vijaya/smv8.24.mp3,dge_linked/sumadhva_vijaya,smv8.24.mp3,.mp3,mp3 (mp3float),mp3,11025,1,32,16,12.382,-0.88,-15.64,-16.67,-33.13,21.4,0.38,0.71,0.71,0.231,0,B,[],[],[],,24764,a6b466c0cd28400a7a0d65e053a2cc91739afe8f
kamadhenu_dataset/incoming_audio/dge_linked/sumadhva_vijaya/smv8.25.mp3,dge_linked/sumadhva_vijaya,smv8.25.mp3,.mp3,mp3 (mp3float),mp3,11025,1,32,16,12.121,-0.53,-16.59,-17.26,-33.1,20.5,0.37,0.59,0.59,0.254,0,B,[],[],[],,24242,becf00285ab3c7b5a98a5e338c9e4e98981e00b5
kamadhenu_dataset/incoming_audio/dge_linked/sumadhva_vijaya/smv8.26.mp3,dge_linked/sumadhva_vijaya,smv8.26.mp3,.mp3,mp3 (mp3float),mp3,11025,1,32,16,12.225,-1.07,-16.44,-17.31,-33.24,21.2,0.26,0.6,0.6,0.211,0,B,[],[],[],,24451,de0425d43fd0fbb75605481f58097016e9fcffcb
kamadhenu_dataset/incoming_audio/dge_linked/sumadhva_vijaya/smv8.27.mp3,dge_linked/sumadhva_vijaya,smv8.27.mp3,.mp3,mp3 (mp3float),mp3,11025,1,32,16,11.285,-0.28,-16.63,-17.27,-33.06,21.0,0.35,0.74,0.74,0.253,0,B,[],[],[],,22570,125c9110f7cfdcf5db1b172f88caa8d8dcec8641
kamadhenu_dataset/incoming_audio/dge_linked/sumadhva_vijaya/smv8.28.mp3,dge_linked/sumadhva_vijaya,smv8.28.mp3,.mp3,mp3 (mp3float),mp3,11025,1,32,16,11.442,-0.99,-16.72,-17.09,-33.09,20.6,0.28,0.61,0.61,0.26,0,B,[],[],[],,22883,e0f5c2423188268cdbdfd30ee5b014d49d1debde
kamadhenu_dataset/incoming_audio/dge_linked/sumadhva_vijaya/smv8.29.mp3,dge_linked/sumadhva_vijaya,smv8.29.mp3,.mp3,mp3 (mp3float),mp3,11025,1,32,16,11.964,-0.78,-16.73,-17.59,-32.95,20.4,0.31,0.6,0.6,0.219,0,B,[],[],[],,23928,6428546063a717b8bfb3c83cc16293557e555f15
kamadhenu_dataset/incoming_audio/dge_linked/sumadhva_vijaya/smv8.3.mp3,dge_linked/sumadhva_vijaya,smv8.3.mp3,.mp3,mp3 (mp3float),mp3,11025,1,32,16,12.696,-0.51,-16.7,-17.48,-33.37,21.4,0.48,0.75,0.75,0.271,0,B,[],[],[],,25391,58e282bfdc7da45e9f16d01ada135843db9cc347
kamadhenu_dataset/incoming_audio/dge_linked/sumadhva_vijaya/smv8.30.mp3,dge_linked/sumadhva_vijaya,smv8.30.mp3,.mp3,mp3 (mp3float),mp3,11025,1,32,16,11.285,-0.43,-17.27,-18.01,-32.87,19.4,0.36,0.6,0.6,0.213,0,B,[],[],[],,22570,43e145fe1c91edca550fbf0835ec34c401b7535e
kamadhenu_dataset/incoming_audio/dge_linked/sumadhva_vijaya/smv8.31.mp3,dge_linked/sumadhva_vijaya,smv8.31.mp3,.mp3,mp3 (mp3float),mp3,11025,1,32,16,12.225,-0.98,-16.76,-17.76,-33.85,21.4,0.33,0.64,0.64,0.258,0,B,[],[],[],,24451,dccafc6fbcc5e8e538930350612b5b809b3d6f3e
kamadhenu_dataset/incoming_audio/dge_linked/sumadhva_vijaya/smv8.32.mp3,dge_linked/sumadhva_vijaya,smv8.32.mp3,.mp3,mp3 (mp3float),mp3,11025,1,32,16,12.121,-0.97,-16.72,-17.34,-33.6,21.2,0.24,0.65,0.65,0.271,0,B,[],[],[],,24242,d19d4073b055569f2b0969006f2c61022b1e57cc
kamadhenu_dataset/incoming_audio/dge_linked/sumadhva_vijaya/smv8.33.mp3,dge_linked/sumadhva_vijaya,smv8.33.mp3,.mp3,mp3 (mp3float),mp3,11025,1,32,16,11.389,-0.89,-16.78,-17.64,-33.33,20.8,0.3,0.58,0.58,0.248,0,B,[],[],[],,22779,ee94700e06de704af03c5636fe7cd140fc630c3d
kamadhenu_dataset/incoming_audio/dge_linked/sumadhva_vijaya/smv8.34.mp3,dge_linked/sumadhva_vijaya,smv8.34.mp3,.mp3,mp3 (mp3float),mp3,11025,1,32,16,12.121,-0.93,-16.56,-17.16,-33.92,21.4,0.22,0.64,0.64,0.251,0,B,[],[],[],,24242,17efa57eb2491d6bba841142b98cbfd0b3c877ab
kamadhenu_dataset/incoming_audio/dge_linked/sumadhva_vijaya/smv8.35.mp3,dge_linked/sumadhva_vijaya,smv8.35.mp3,.mp3,mp3 (mp3float),mp3,11025,1,32,16,12.225,-0.34,-16.07,-16.87,-33.58,21.7,0.25,0.61,0.61,0.247,0,B,[],[],[],,24451,f37a321f7621d36d8b0a128c3fde04fdcf3b6cad
kamadhenu_dataset/incoming_audio/dge_linked/sumadhva_vijaya/smv8.36.mp3,dge_linked/sumadhva_vijaya,smv8.36.mp3,.mp3,mp3 (mp3float),mp3,11025,1,32,16,12.748,-0.45,-15.86,-16.62,-33.13,21.1,0.38,0.61,0.61,0.203,0,B,[],[],[],,25496,edfd31f883ea1e2967f63ddb4843e7dde8dcc390
kamadhenu_dataset/incoming_audio/dge_linked/sumadhva_vijaya/smv8.37.mp3,dge_linked/sumadhva_vijaya,smv8.37.mp3,.mp3,mp3 (mp3float),mp3,11025,1,32,16,11.755,-0.59,-15.28,-16.5,-34.89,23.9,0.43,0.64,0.64,0.216,0,B,[],[],[],,23510,55d9c7ffbaed7dcc0b22d59a53dbac0178673af4
kamadhenu_dataset/incoming_audio/dge_linked/sumadhva_vijaya/smv8.38.mp3,dge_linked/sumadhva_vijaya,smv8.38.mp3,.mp3,mp3 (mp3float),mp3,11025,1,32,16,10.971,-0.53,-15.18,-16.11,-34.46,23.3,0.35,0.51,0.51,0.229,0,B,"[""exact_duplicate""]","[""kamadhenu_dataset/incoming_audio/dge_linked/sumadhva_vijaya/smv8.39.mp3""]",[],,21943,056e4fd79805a493dddaf2c2155f5a1c644109db
kamadhenu_dataset/incoming_audio/dge_linked/sumadhva_vijaya/smv8.39.mp3,dge_linked/sumadhva_vijaya,smv8.39.mp3,.mp3,mp3 (mp3float),mp3,11025,1,32,16,10.971,-0.53,-15.18,-16.11,-34.46,23.3,0.35,0.51,0.51,0.229,0,B,"[""exact_duplicate""]","[""kamadhenu_dataset/incoming_audio/dge_linked/sumadhva_vijaya/smv8.38.mp3""]",[],,21943,056e4fd79805a493dddaf2c2155f5a1c644109db
kamadhenu_dataset/incoming_audio/dge_linked/sumadhva_vijaya/smv8.4.mp3,dge_linked/sumadhva_vijaya,smv8.4.mp3,.mp3,mp3 (mp3float),mp3,11025,1,32,16,13.061,-0.04,-16.43,-17.82,-34.47,23.0,0.21,0.81,0.81,0.219,0,B,[],[],[],,26122,d14c962a223fff5da67f7bfd0842764f29f74e8e
kamadhenu_dataset/incoming_audio/dge_linked/sumadhva_vijaya/smv8.40.mp3,dge_linked/sumadhva_vijaya,smv8.40.mp3,.mp3,mp3 (mp3float),mp3,11025,1,32,16,10.762,-0.4,-16.09,-17.04,-32.92,20.8,0.22,0.52,0.52,0.199,0,B,[],[],[],,21525,8c1a5495a8e9e0888b0ac1da2e6b235b25d8ef65
kamadhenu_dataset/incoming_audio/dge_linked/sumadhva_vijaya/smv8.41.mp3,dge_linked/sumadhva_vijaya,smv8.41.mp3,.mp3,mp3 (mp3float),mp3,11025,1,32,16,12.8,-0.99,-15.35,-15.98,-33.94,22.5,0.41,0.64,0.64,0.22,0,B,[],[],[],,25600,7e0db25ae657466dcf189b1778cea4799e8d609a
kamadhenu_dataset/incoming_audio/dge_linked/sumadhva_vijaya/smv8.42.mp3,dge_linked/sumadhva_vijaya,smv8.42.mp3,.mp3,mp3 (mp3float),mp3,11025,1,32,16,12.434,-0.75,-14.99,-16.0,-34.57,23.6,0.45,0.53,0.53,0.217,0,B,[],[],[],,24869,32e0e7844f261a749c5b58d5aa74acfd29b2c1b7
kamadhenu_dataset/incoming_audio/dge_linked/sumadhva_vijaya/smv8.43.mp3,dge_linked/sumadhva_vijaya,smv8.43.mp3,.mp3,mp3 (mp3float),mp3,11025,1,32,16,12.852,-0.65,-15.73,-16.65,-35.41,24.1,0.4,0.56,0.56,0.23,0,B,[],[],[],,25704,df4f32c01ff9bec38fc145ee5c49ffe0748d8c46
kamadhenu_dataset/incoming_audio/dge_linked/sumadhva_vijaya/smv8.44.mp3,dge_linked/sumadhva_vijaya,smv8.44.mp3,.mp3,mp3 (mp3float),mp3,11025,1,32,16,12.591,-0.42,-14.92,-16.11,-33.15,22.4,0.42,0.54,0.54,0.182,0,B,[],[],[],,25182,b60c3b84e60cbbe7f5f79238417a852c2482a544
kamadhenu_dataset/incoming_audio/dge_linked/sumadhva_vijaya/smv8.45.mp3,dge_linked/sumadhva_vijaya,smv8.45.mp3,.mp3,mp3 (mp3float),mp3,11025,1,32,16,13.427,-0.75,-15.67,-16.27,-33.6,22.1,0.45,0.56,0.62,0.255,0,B,[],[],[],,26854,a8b7f73ad8140fa1cd444efdfacac1aba3472929
kamadhenu_dataset/incoming_audio/dge_linked/sumadhva_vijaya/smv8.46.mp3,dge_linked/sumadhva_vijaya,smv8.46.mp3,.mp3,mp3 (mp3float),mp3,11025,1,32,16,12.905,0.11,-15.24,-16.14,-33.06,21.8,0.23,0.59,0.59,0.2,0,B,[],[],[],,25809,17b483bf8a168023e15863ad884f85708a1fbc8f
kamadhenu_dataset/incoming_audio/dge_linked/sumadhva_vijaya/smv8.47.mp3,dge_linked/sumadhva_vijaya,smv8.47.mp3,.mp3,mp3 (mp3float),mp3,11025,1,32,16,12.748,0.17,-15.25,-16.32,-35.95,25.2,0.43,0.7,0.7,0.236,0,B,[],[],[],,25496,dc0d1707b7aaf7d66af3dbf89a66006b8e52948b
kamadhenu_dataset/incoming_audio/dge_linked/sumadhva_vijaya/smv8.48.mp3,dge_linked/sumadhva_vijaya,smv8.48.mp3,.mp3,mp3 (mp3float),mp3,11025,1,32,16,13.636,-0.73,-16.0,-16.94,-35.46,23.8,0.44,0.56,0.7,0.27,0,B,[],[],[],,27272,2f8376068d09527eea821af3fdc8c60de485ad18
kamadhenu_dataset/incoming_audio/dge_linked/sumadhva_vijaya/smv8.49.mp3,dge_linked/sumadhva_vijaya,smv8.49.mp3,.mp3,mp3 (mp3float),mp3,11025,1,32,16,13.74,-0.79,-15.98,-17.24,-37.94,26.1,0.47,0.49,0.63,0.211,0,B,[],[],[],,27481,963ff83370e0d5d3c9b9a18fa35b342564a6b246
kamadhenu_dataset/incoming_audio/dge_linked/sumadhva_vijaya/smv8.5.mp3,dge_linked/sumadhva_vijaya,smv8.5.mp3,.mp3,mp3 (mp3float),mp3,11025,1,32,16,12.696,-0.87,-17.08,-17.94,-33.47,21.0,0.44,0.68,0.68,0.278,0,B,[],[],[],,25391,ad9416fdf05a8fd15228c580a32a4aa984cb0d98
kamadhenu_dataset/incoming_audio/dge_linked/sumadhva_vijaya/smv8.50.mp3,dge_linked/sumadhva_vijaya,smv8.50.mp3,.mp3,mp3 (mp3float),mp3,11025,1,32,16,12.539,-0.7,-15.81,-16.65,-32.89,21.1,0.36,0.65,0.65,0.192,0,B,[],[],[],,25078,747e73e0130704dbed6742a0b249ac655a29afc1
kamadhenu_dataset/incoming_audio/dge_linked/sumadhva_vijaya/smv8.51.mp3,dge_linked/sumadhva_vijaya,smv8.51.mp3,.mp3,mp3 (mp3float),mp3,11025,1,32,16,11.651,-0.73,-15.82,-16.68,-33.09,21.4,0.35,0.56,0.56,0.226,0,B,[],[],[],,23301,b4fc692fe39e0eba602839f75acfbf494f9d052b
kamadhenu_dataset/incoming_audio/dge_linked/sumadhva_vijaya/smv8.52.mp3,dge_linked/sumadhva_vijaya,smv8.52.mp3,.mp3,mp3 (mp3float),mp3,11025,1,32,16,11.076,-0.8,-15.79,-16.66,-33.12,22.1,0.37,0.53,0.53,0.25,0,B,[],[],[],,22152,1a16e4d0f047e1648db69ac4deea40d1a4b5c940
kamadhenu_dataset/incoming_audio/dge_linked/sumadhva_vijaya/smv8.53.mp3,dge_linked/sumadhva_vijaya,smv8.53.mp3,.mp3,mp3 (mp3float),mp3,11025,1,32,16,10.971,-0.7,-15.94,-17.28,-36.36,25.0,0.36,0.47,0.47,0.226,0,B,[],[],[],,21943,b6b60af599dfb6d7f3529ffb43dba092ed9ef30e
kamadhenu_dataset/incoming_audio/dge_linked/sumadhva_vijaya/smv8.54.mp3,dge_linked/sumadhva_vijaya,smv8.54.mp3,.mp3,mp3 (mp3float),mp3,11025,1,32,16,13.27,-1.15,-16.15,-17.07,-33.52,21.5,0.39,0.57,0.57,0.224,0,B,[],[],[],,26540,f26506a49cb692fecf4c883244ee71068bddbfb7
kamadhenu_dataset/incoming_audio/dge_linked/sumadhva_vijaya/smv8.6.mp3,dge_linked/sumadhva_vijaya,smv8.6.mp3,.mp3,mp3 (mp3float),mp3,11025,1,32,16,12.121,-0.88,-16.37,-17.07,-33.27,21.0,0.39,0.82,0.82,0.24,0,B,[],[],[],,24242,960ea42cd9b2dbfd23e7e97dc75eaca5b2254a53
kamadhenu_dataset/incoming_audio/dge_linked/sumadhva_vijaya/smv8.7.mp3,dge_linked/sumadhva_vijaya,smv8.7.mp3,.mp3,mp3 (mp3float),mp3,11025,1,32,16,12.591,-0.85,-16.37,-17.49,-32.84,20.7,0.39,0.72,0.72,0.216,0,B,[],[],[],,25182,a00fa70b62a0b2cac377f06cfba3652b30801abf
kamadhenu_dataset/incoming_audio/dge_linked/sumadhva_vijaya/smv8.8.mp3,dge_linked/sumadhva_vijaya,smv8.8.mp3,.mp3,mp3 (mp3float),mp3,11025,1,32,16,11.912,-0.47,-16.48,-17.57,-32.95,20.7,0.29,0.68,0.68,0.238,0,B,[],[],[],,23824,0f780ce7001b3f7bbbeb6860568b2d99b4b0506c
kamadhenu_dataset/incoming_audio/dge_linked/sumadhva_vijaya/smv8.9.mp3,dge_linked/sumadhva_vijaya,smv8.9.mp3,.mp3,mp3 (mp3float),mp3,11025,1,32,16,13.375,-1.18,-17.1,-17.97,-35.19,22.8,0.5,0.73,0.73,0.252,0,B,[],[],[],,26749,144de1c45d8bbc05d52a6e1551916e3d66a18183
kamadhenu_dataset/incoming_audio/dge_linked/sumadhva_vijaya/smv9.15.mp3,dge_linked/sumadhva_vijaya,smv9.15.mp3,.mp3,mp3 (mp3float),mp3,11025,1,32,16,11.807,-0.76,-16.45,-17.34,-33.67,21.9,0.54,0.32,0.54,0.272,0,B,[],[],[],,23615,83661402109f72ad81da4366530e666ac1b3bc7c
kamadhenu_dataset/incoming_audio/dge_linked/sumadhva_vijaya/smv9.16.mp3,dge_linked/sumadhva_vijaya,smv9.16.mp3,.mp3,mp3 (mp3float),mp3,11025,1,32,16,11.703,-0.82,-16.3,-18.28,-36.28,24.7,0.22,0.34,0.41,0.221,0,B,[],[],[],,23406,d020cc130d29866e2349ec30d98f0c21f0be9b4e
kamadhenu_dataset/incoming_audio/dge_linked/sumadhva_vijaya/smv9.17.mp3,dge_linked/sumadhva_vijaya,smv9.17.mp3,.mp3,mp3 (mp3float),mp3,11025,1,32,16,10.971,-0.54,-15.96,-17.33,-36.12,24.4,0.47,0.52,0.52,0.247,0,B,[],[],[],,21943,f40d655956f4c3b1ea879eedf2f94d02573c7250
kamadhenu_dataset/incoming_audio/dge_linked/sumadhva_vijaya/smv9.18.mp3,dge_linked/sumadhva_vijaya,smv9.18.mp3,.mp3,mp3 (mp3float),mp3,11025,1,32,16,12.434,-0.94,-16.09,-16.74,-33.37,21.8,0.54,0.51,0.6,0.304,0,B,[],[],[],,24869,0f58cae253093a9560c1cfb515f9ea1dd1acaa68
kamadhenu_dataset/incoming_audio/dge_linked/sumadhva_vijaya/smv9.19.mp3,dge_linked/sumadhva_vijaya,smv9.19.mp3,.mp3,mp3 (mp3float),mp3,11025,1,32,16,11.389,-0.64,-16.43,-17.55,-33.5,21.6,0.27,0.56,0.56,0.247,0,B,[],[],[],,22779,7c3d08f2d32df1262613710f8d7d178b2b202cc6
kamadhenu_dataset/incoming_audio/dge_linked/sumadhva_vijaya/smv9.20.mp3,dge_linked/sumadhva_vijaya,smv9.20.mp3,.mp3,mp3 (mp3float),mp3,11025,1,32,16,10.606,-0.29,-15.72,-16.83,-33.16,22.0,0.22,0.59,0.59,0.233,0,B,[],[],[],,21211,ab7331f3b56f8f9005f0bc211875837147d396bb
kamadhenu_dataset/incoming_audio/dge_linked/sumadhva_vijaya/smv9.21.mp3,dge_linked/sumadhva_vijaya,smv9.21.mp3,.mp3,mp3 (mp3float),mp3,11025,1,32,16,9.77,-0.6,-15.59,-16.76,-34.2,22.7,0.3,0.44,0.44,0.253,0,B,[],[],[],,19540,7f9e90b528f88e4461e409d8dfa90f8c55edce5a
kamadhenu_dataset/incoming_audio/dge_linked/sumadhva_vijaya/smv9.22.mp3,dge_linked/sumadhva_vijaya,smv9.22.mp3,.mp3,mp3 (mp3float),mp3,11025,1,32,16,10.397,-0.56,-16.8,-17.67,-33.65,21.1,0.22,0.48,0.48,0.261,0,B,[],[],[],,20793,4410c0780e1b4d3a87a74de2a58ac8b6e11b859d
kamadhenu_dataset/incoming_audio/dge_linked/sumadhva_vijaya/smv9.23.mp3,dge_linked/sumadhva_vijaya,smv9.23.mp3,.mp3,mp3 (mp3float),mp3,11025,1,32,16,9.665,-0.53,-16.49,-17.48,-33.14,21.2,0.34,0.62,0.62,0.266,0,B,[],[],[],,19331,b8741864b5927901d507acd28ec7d9fa0263d138
kamadhenu_dataset/incoming_audio/dge_linked/sumadhva_vijaya/smv9.24.mp3,dge_linked/sumadhva_vijaya,smv9.24.mp3,.mp3,mp3 (mp3float),mp3,11025,1,32,16,10.083,-0.82,-15.74,-16.81,-33.23,21.7,0.31,0.39,0.39,0.248,0,B,[],[],[],,20167,607492008f5935c9e29d70a05d5fc0cf3a9da791
kamadhenu_dataset/incoming_audio/dge_linked/sumadhva_vijaya/smv9.25.mp3,dge_linked/sumadhva_vijaya,smv9.25.mp3,.mp3,mp3 (mp3float),mp3,11025,1,32,16,9.874,-1.03,-15.25,-15.89,-32.1,20.9,0.32,0.42,0.42,0.223,0,B,[],[],[],,19749,8068622b2d9190c58c79402230bb31d82aee81f7
kamadhenu_dataset/incoming_audio/dge_linked/sumadhva_vijaya/smv9.26.mp3,dge_linked/sumadhva_vijaya,smv9.26.mp3,.mp3,mp3 (mp3float),mp3,11025,1,32,16,9.091,-0.72,-16.6,-17.24,-34.57,22.1,0.59,0.56,0.59,0.279,0,B,[],[],[],,18181,6cb02c78e85dbd93d2cf5c3e2700a6c88a19925c
kamadhenu_dataset/incoming_audio/dge_linked/sumadhva_vijaya/smv9.27.mp3,dge_linked/sumadhva_vijaya,smv9.27.mp3,.mp3,mp3 (mp3float),mp3,11025,1,32,16,11.285,-0.44,-16.32,-17.32,-33.81,21.8,0.45,0.4,0.45,0.239,0,B,[],[],[],,22570,b638da39771577724144c6d4fa42d3e302e8e2a3
kamadhenu_dataset/incoming_audio/dge_linked/sumadhva_vijaya/smv9.28.mp3,dge_linked/sumadhva_vijaya,smv9.28.mp3,.mp3,mp3 (mp3float),mp3,11025,1,32,16,10.71,-0.47,-16.48,-17.05,-33.03,20.2,0.3,0.37,0.37,0.231,0,B,[],[],[],,21420,6d9520abe01d2e8fd3a3add8057ae8f4beee4c58
kamadhenu_dataset/incoming_audio/dge_linked/sumadhva_vijaya/smv9.29.mp3,dge_linked/sumadhva_vijaya,smv9.29.mp3,.mp3,mp3 (mp3float),mp3,11025,1,32,16,10.606,-0.96,-15.97,-16.87,-33.97,22.2,0.31,0.4,0.4,0.238,0,B,[],[],[],,21211,ae3fefc820126499b19d10dab71101959178faaa
kamadhenu_dataset/incoming_audio/dge_linked/sumadhva_vijaya/smv9.30.mp3,dge_linked/sumadhva_vijaya,smv9.30.mp3,.mp3,mp3 (mp3float),mp3,11025,1,32,16,10.971,-1.08,-16.05,-17.51,-36.85,25.1,0.2,0.5,0.5,0.216,0,B,[],[],[],,21943,dce569fdcddbec406ecb6e50ab44834c3e8228f4
kamadhenu_dataset/incoming_audio/dge_linked/sumadhva_vijaya/smv9.31.mp3,dge_linked/sumadhva_vijaya,smv9.31.mp3,.mp3,mp3 (mp3float),mp3,11025,1,32,16,10.658,-0.24,-16.84,-17.99,-34.99,22.5,0.24,0.4,0.4,0.225,0,B,[],[],[],,21316,37627972aa19fb520201ecf7617bb02d4796601b
kamadhenu_dataset/incoming_audio/dge_linked/sumadhva_vijaya/smv9.32.mp3,dge_linked/sumadhva_vijaya,smv9.32.mp3,.mp3,mp3 (mp3float),mp3,11025,1,32,16,9.979,-0.06,-15.99,-16.89,-32.78,20.7,0.29,0.38,0.38,0.213,0,B,[],[],[],,19958,7838723d878301e816374633b0d449cc09959aa3
kamadhenu_dataset/incoming_audio/dge_linked/sumadhva_vijaya/smv9.33.mp3,dge_linked/sumadhva_vijaya,smv9.33.mp3,.mp3,mp3 (mp3float),mp3,11025,1,32,16,10.971,-0.64,-16.21,-16.91,-32.48,20.3,0.41,0.47,0.47,0.226,0,B,[],[],[],,21943,4ebc57003f097cc9306cd276ab19a2642fd147ab
kamadhenu_dataset/incoming_audio/dge_linked/sumadhva_vijaya/smv9.34.mp3,dge_linked/sumadhva_vijaya,smv9.34.mp3,.mp3,mp3 (mp3float),mp3,11025,1,32,16,11.024,-0.51,-15.68,-17.01,-34.41,23.3,0.28,0.37,0.41,0.258,0,B,[],[],[],,22047,adb3eb2c98617ed98701147111e0b543e22a1cf0
kamadhenu_dataset/incoming_audio/dge_linked/sumadhva_vijaya/smv9.35.mp3,dge_linked/sumadhva_vijaya,smv9.35.mp3,.mp3,mp3 (mp3float),mp3,11025,1,32,16,10.188,-0.75,-16.49,-17.29,-32.74,20.8,0.32,0.36,0.36,0.231,0,B,[],[],[],,20376,5dcca708f9c0a9c7ff0f26f5db67b6be0915c7a0
kamadhenu_dataset/incoming_audio/dge_linked/sumadhva_vijaya/smv9.36.mp3,dge_linked/sumadhva_vijaya,smv9.36.mp3,.mp3,mp3 (mp3float),mp3,11025,1,32,16,10.397,-1.21,-16.31,-17.29,-32.8,20.9,0.37,0.39,0.39,0.201,0,B,[],[],[],,20793,8f8c5e586c320fb317424e6189b54783a388c0ca
kamadhenu_dataset/incoming_audio/dge_linked/sumadhva_vijaya/smv9.37.mp3,dge_linked/sumadhva_vijaya,smv9.37.mp3,.mp3,mp3 (mp3float),mp3,11025,1,32,16,10.031,-0.79,-16.29,-17.0,-33.37,21.1,0.29,0.45,0.45,0.223,0,B,[],[],[],,20062,0f5db24be4bf7e44481433531863812c7c1354fa
kamadhenu_dataset/incoming_audio/dge_linked/sumadhva_vijaya/smv9.38.mp3,dge_linked/sumadhva_vijaya,smv9.38.mp3,.mp3,mp3 (mp3float),mp3,11025,1,32,16,10.397,-1.14,-16.69,-17.54,-34.9,22.2,0.21,0.4,0.4,0.237,0,B,[],[],[],,20793,2d93dbf35c0a78728aaa446b1a4792a943705058
kamadhenu_dataset/incoming_audio/dge_linked/sumadhva_vijaya/smv9.39.mp3,dge_linked/sumadhva_vijaya,smv9.39.mp3,.mp3,mp3 (mp3float),mp3,11025,1,32,16,10.815,-0.58,-16.1,-16.86,-33.08,21.5,0.43,0.37,0.43,0.26,0,B,[],[],[],,21629,ac54b215a7b1f2958d3b549f2846e348d7cd8c57
kamadhenu_dataset/incoming_audio/dge_linked/sumadhva_vijaya/smv9.40.mp3,dge_linked/sumadhva_vijaya,smv9.40.mp3,.mp3,mp3 (mp3float),mp3,11025,1,32,16,9.509,-0.08,-16.37,-16.96,-33.5,21.1,0.26,0.46,0.46,0.234,0,B,[],[],[],,19017,c3fe58f574d23d3583e07ae3a6b06606ab312944
kamadhenu_dataset/incoming_audio/dge_linked/sumadhva_vijaya/smv9.41.mp3,dge_linked/sumadhva_vijaya,smv9.41.mp3,.mp3,mp3 (mp3float),mp3,11025,1,32,16,10.971,-0.89,-15.73,-16.89,-32.77,21.1,0.32,0.32,0.34,0.205,0,B,"[""exact_duplicate""]","[""kamadhenu_dataset/incoming_audio/dge_linked/sumadhva_vijaya/smv9.42.mp3""]",[],,21943,9df3db5bdf9041c2b76bfde4cfe9dfeeefbfe5f2
kamadhenu_dataset/incoming_audio/dge_linked/sumadhva_vijaya/smv9.42.mp3,dge_linked/sumadhva_vijaya,smv9.42.mp3,.mp3,mp3 (mp3float),mp3,11025,1,32,16,10.971,-0.89,-15.73,-16.89,-32.77,21.1,0.32,0.32,0.34,0.205,0,B,"[""exact_duplicate""]","[""kamadhenu_dataset/incoming_audio/dge_linked/sumadhva_vijaya/smv9.41.mp3""]",[],,21943,9df3db5bdf9041c2b76bfde4cfe9dfeeefbfe5f2
kamadhenu_dataset/incoming_audio/dge_linked/sumadhva_vijaya/smv9.43.mp3,dge_linked/sumadhva_vijaya,smv9.43.mp3,.mp3,mp3 (mp3float),mp3,11025,1,32,16,11.18,-0.52,-16.28,-17.37,-34.14,21.9,0.36,0.35,0.36,0.187,0,B,[],[],[],,22361,370777087ba78a7bbdf8a74cb02b3e674ea7e118
kamadhenu_dataset/incoming_audio/dge_linked/sumadhva_vijaya/smv9.44.mp3,dge_linked/sumadhva_vijaya,smv9.44.mp3,.mp3,mp3 (mp3float),mp3,11025,1,32,16,10.71,-0.6,-16.33,-17.73,-36.12,24.0,0.36,0.4,0.4,0.226,0,B,[],[],[],,21420,336be6a60a8ec8481192200de42e162a3116e34d
kamadhenu_dataset/incoming_audio/dge_linked/sumadhva_vijaya/smv9.45.mp3,dge_linked/sumadhva_vijaya,smv9.45.mp3,.mp3,mp3 (mp3float),mp3,11025,1,32,16,10.188,-1.04,-16.9,-18.19,-34.8,22.5,0.21,0.36,0.36,0.222,0,B,[],[],[],,20376,240c0503de7bbf9de10f150cb066fce9cbc6bf19
kamadhenu_dataset/incoming_audio/dge_linked/sumadhva_vijaya/smv9.46.mp3,dge_linked/sumadhva_vijaya,smv9.46.mp3,.mp3,mp3 (mp3float),mp3,11025,1,32,16,10.762,-0.93,-16.72,-17.62,-34.51,22.1,0.22,0.32,0.32,0.236,0,B,[],[],[],,21525,9ba5b4d27facab2a0e2d03960746d3ced4aba218
kamadhenu_dataset/incoming_audio/dge_linked/sumadhva_vijaya/smv9.47.mp3,dge_linked/sumadhva_vijaya,smv9.47.mp3,.mp3,mp3 (mp3float),mp3,11025,1,32,16,10.658,-0.98,-16.04,-16.68,-32.2,20.0,0.29,0.36,0.37,0.206,0,B,[],[],[],,21316,0c36d06b0ae66a95a9d7065eb6f386eae565f54c
kamadhenu_dataset/incoming_audio/dge_linked/sumadhva_vijaya/smv9.48.mp3,dge_linked/sumadhva_vijaya,smv9.48.mp3,.mp3,mp3 (mp3float),mp3,11025,1,32,16,12.121,-1.01,-16.5,-17.7,-35.22,22.9,0.29,0.28,0.51,0.236,0,B,[],[],[],,24242,af89c0111d23fa56a710ea3366b58a0e06f754a3
kamadhenu_dataset/incoming_audio/dge_linked/sumadhva_vijaya/smv9.49.mp3,dge_linked/sumadhva_vijaya,smv9.49.mp3,.mp3,mp3 (mp3float),mp3,11025,1,32,16,10.658,-0.09,-16.78,-17.27,-32.79,20.0,0.42,0.29,0.42,0.255,0,B,"[""exact_duplicate""]","[""kamadhenu_dataset/incoming_audio/dge_linked/sumadhva_vijaya/smv9.50.mp3""]",[],,21316,7063ace3fa0522c1206b06999a5a1fe74793ac8f
kamadhenu_dataset/incoming_audio/dge_linked/sumadhva_vijaya/smv9.50.mp3,dge_linked/sumadhva_vijaya,smv9.50.mp3,.mp3,mp3 (mp3float),mp3,11025,1,32,16,10.658,-0.09,-16.78,-17.27,-32.79,20.0,0.42,0.29,0.42,0.255,0,B,"[""exact_duplicate""]","[""kamadhenu_dataset/incoming_audio/dge_linked/sumadhva_vijaya/smv9.49.mp3""]",[],,21316,7063ace3fa0522c1206b06999a5a1fe74793ac8f
kamadhenu_dataset/incoming_audio/dge_linked/sumadhva_vijaya/smv9.51.mp3,dge_linked/sumadhva_vijaya,smv9.51.mp3,.mp3,mp3 (mp3float),mp3,11025,1,32,16,11.651,-0.54,-17.11,-18.38,-36.3,23.4,0.22,0.29,0.48,0.222,0,B,[],[],[],,23301,d9e113a065acaa7ec5976a7c42aead8064a373cc
kamadhenu_dataset/incoming_audio/dge_linked/sumadhva_vijaya/smv9.52.mp3,dge_linked/sumadhva_vijaya,smv9.52.mp3,.mp3,mp3 (mp3float),mp3,11025,1,32,16,9.718,-0.89,-16.66,-17.3,-31.0,18.2,0.23,0.34,0.34,0.187,0,B,[],[],[],,19435,a18ebd4cb3bfc3a9f4ab480828c73acaa3da2bf5
kamadhenu_dataset/incoming_audio/dge_linked/sumadhva_vijaya/smv9.53.mp3,dge_linked/sumadhva_vijaya,smv9.53.mp3,.mp3,mp3 (mp3float),mp3,11025,1,32,16,10.24,-0.6,-16.16,-17.39,-34.92,22.9,0.21,0.22,0.35,0.223,0,B,[],[],[],,20480,516f2f2b93c7746fd52780828381a8555ce57f21
kamadhenu_dataset/incoming_audio/dge_linked/sumadhva_vijaya/smv9.54.mp3,dge_linked/sumadhva_vijaya,smv9.54.mp3,.mp3,mp3 (mp3float),mp3,11025,1,32,16,11.076,-0.43,-16.38,-17.76,-34.45,22.3,0.22,0.32,0.51,0.209,0,B,[],[],[],,22152,24d1238e8a22b0f5c8a020c3fd9742fa6bca1187
kamadhenu_dataset/incoming_audio/dge_linked/sumadhva_vijaya/smv9.55.mp3,dge_linked/sumadhva_vijaya,smv9.55.mp3,.mp3,mp3 (mp3float),mp3,11025,1,32,16,14.838,-0.18,-16.51,-17.43,-31.81,19.7,0.26,0.23,0.34,0.21,0,B,[],[],[],,29675,8bb1f605140a2330e32faa73c0dee1a02f0dfb18
kamadhenu_dataset/incoming_audio/drive/Audio/vsn1.71.aac,drive/Audio,vsn1.71.aac,.aac,aac (LC),aac,48000,2,32,98,123.819,1.95,-15.97,-20.05,-55.03,43.4,0.67,2.14,2.14,0.229,24,B,"[""hot_peaks"", ""long_trailing_silence""]",[],[],,1526475,b95aeed26c232591267031fb76e4d21f36662405
kamadhenu_dataset/incoming_audio/drive/Audio/vsn1.72.aac,drive/Audio,vsn1.72.aac,.aac,aac (LC),aac,48000,2,32,98,109.035,1.9,-14.8,-18.74,-52.13,41.6,1.54,0.03,1.54,0.233,59,B,"[""hot_peaks""]",[],[],,1344193,69cec56c9eb717775189a5ab5f29916232f21a1d
kamadhenu_dataset/incoming_audio/drive/Audio/vsn1.73.aac,drive/Audio,vsn1.73.aac,.aac,aac (LC),aac,48000,2,32,98,135.104,2.6,-14.34,-19.71,-52.63,43.2,0.26,0.28,1.46,0.252,257,B,"[""hot_peaks""]",[],[],,1665580,ffaa68a4e62f5d1d945fb4949b09f0a403a44df9
kamadhenu_dataset/incoming_audio/drive/Audio/vsn1.74.aac,drive/Audio,vsn1.74.aac,.aac,aac (LC),aac,48000,2,32,98,96.469,2.29,-13.19,-17.69,-51.96,43.6,0.55,0.02,1.55,0.268,439,B,"[""hot_peaks""]",[],[],,1189286,53cb8ff257ce5074d232f7446aec3e5bb67b71ab
kamadhenu_dataset/incoming_audio/drive/Audio/vsn1.75.aac,drive/Audio,vsn1.75.aac,.aac,aac (LC),aac,48000,2,32,98,125.995,2.07,-14.32,-17.91,-50.56,40.9,0.67,0.48,1.51,0.265,142,B,"[""hot_peaks""]",[],[],,1553278,ddd3c0ee499864a0ca57991b598e11b87cecea55
kamadhenu_dataset/incoming_audio/drive/Audio/vsn1.76.aac,drive/Audio,vsn1.76.aac,.aac,aac (LC),aac,48000,2,32,98,132.117,2.29,-13.25,-16.68,-51.1,42.3,0.71,0.57,1.61,0.241,353,B,"[""hot_peaks""]",[],[],,1628759,35bf6a71c76d5c2bf6789137c7a16af892ddb4c4
kamadhenu_dataset/incoming_audio/drive/Audio/vsn1.77.aac,drive/Audio,vsn1.77.aac,.aac,aac (LC),aac,48000,2,32,98,112.555,2.26,-13.56,-18.9,-52.55,43.6,0.64,0.02,1.48,0.212,272,B,"[""hot_peaks""]",[],[],,1387638,ff02f89e168a84cf0c5531f0050bf6375aac3eb4
kamadhenu_dataset/incoming_audio/drive/Audio/vsn1.78.aac,drive/Audio,vsn1.78.aac,.aac,aac (LC),aac,48000,2,32,98,141.995,2.41,-14.1,-22.59,-58.17,49.3,0.09,0.0,1.06,0.212,596,B,"[""hot_peaks""]",[],[],,1750567,c1a548a89cdbc6b7d7ca0e657bb0ecfb21358f89
kamadhenu_dataset/incoming_audio/drive/Audio/vsn1.79.aac,drive/Audio,vsn1.79.aac,.aac,aac (LC),aac,48000,2,32,98,120.917,2.18,-13.2,-17.29,-53.92,44.6,0.23,0.16,1.12,0.181,215,B,"[""hot_peaks""]",[],[],,1490684,1e9b4637516721477981b41878ab07509f6683c9
kamadhenu_dataset/incoming_audio/drive/Audio/vsn1.80.aac,drive/Audio,vsn1.80.aac,.aac,aac (LC),aac,48000,2,32,98,113.728,1.71,-15.64,-21.14,-59.05,47.5,0.45,0.0,0.94,0.188,6,A,[],[],[],,1402088,4548edfe6d5975f5af00cf0f2f43f55d815e44be
kamadhenu_dataset/incoming_audio/drive/Audio/vsn1.81.aac,drive/Audio,vsn1.81.aac,.aac,aac (LC),aac,48000,2,32,98,112.384,1.89,-16.79,-23.31,-59.94,48.0,0.3,0.51,0.8,0.195,4,A,[],[],[],,1385591,aa02ed70c2b16999c067215ef87664659a5634e9
kamadhenu_dataset/incoming_audio/drive/Audio/vsn1.82.aac,drive/Audio,vsn1.82.aac,.aac,aac (LC),aac,48000,2,32,98,192.32,2.01,-16.7,-23.06,-58.26,46.2,0.39,0.01,1.02,0.188,32,A,[],[],[],,2370945,fad7f25f80f1d073ece45e8e94af56345e78f123
kamadhenu_dataset/incoming_audio/drive/Audio/vsn1.84.aac,drive/Audio,vsn1.84.aac,.aac,aac (LC),aac,48000,2,32,98,100.032,1.75,-17.73,-22.72,-56.78,43.2,0.28,0.01,0.82,0.183,6,A,[],[],[],,1233239,07f3c1b389ddc24b2431c115d2405c054a43a386
kamadhenu_dataset/incoming_audio/drive/Audio/vsn1.85.aac,drive/Audio,vsn1.85.aac,.aac,aac (LC),aac,48000,2,32,99,110.528,1.61,-17.42,-23.14,-57.99,45.0,0.34,0.01,0.75,0.216,2,A,[],[],[],,1362603,6b5168a867f6156119416c39b6b7bdd7a25d352d
kamadhenu_dataset/incoming_audio/drive/Audio/vsn1.86.aac,drive/Audio,vsn1.86.aac,.aac,aac (LC),aac,48000,2,32,98,102.272,1.94,-17.19,-22.32,-55.9,42.9,0.29,0.01,2.6,0.171,7,A,[],[],[],,1260837,6fc3e922c55e228d1e7ea8273ca8f25d8c6a32ad
kamadhenu_dataset/incoming_audio/drive/Audio/vsn1.87.aac,drive/Audio,vsn1.87.aac,.aac,aac (LC),aac,48000,2,32,98,105.152,2.33,-14.51,-20.24,-55.29,45.4,0.94,0.04,2.14,0.17,163,B,"[""hot_peaks""]",[],[],,1296327,61d85e4b90e836bb1164dad9e8ed3775457f5073
kamadhenu_dataset/incoming_audio/drive/Audio/vsn1.88.aac,drive/Audio,vsn1.88.aac,.aac,aac (LC),aac,48000,2,32,98,127.701,2.39,-15.19,-21.35,-58.65,48.4,0.27,0.0,0.92,0.19,32,B,"[""hot_peaks""]",[],[],,1574324,829551e5052ea992624dd6245989f76be22d8f2e
kamadhenu_dataset/incoming_audio/drive/Audio/vsn1.89.aac,drive/Audio,vsn1.89.aac,.aac,aac (LC),aac,48000,2,32,98,107.008,2.0,-15.26,-22.38,-60.49,50.3,0.22,0.0,1.47,0.183,101,B,"[""hot_peaks""]",[],[],,1319228,f958ab4c5d2d105690e0694a6f8e74cb9f9ad382
kamadhenu_dataset/incoming_audio/drive/Audio/vsn1.90.aac,drive/Audio,vsn1.90.aac,.aac,aac (LC),aac,48000,2,32,98,126.699,2.25,-13.16,-16.49,-50.83,42.1,0.38,0.03,1.85,0.246,535,B,"[""hot_peaks""]",[],[],,1562033,e8f4eb5b2757dedca1587f8b2bf9647db1ee6a2c
kamadhenu_dataset/incoming_audio/drive/Audio/vsn1.91.aac,drive/Audio,vsn1.91.aac,.aac,aac (LC),aac,48000,2,32,98,122.731,2.21,-12.81,-16.38,-49.45,41.1,0.47,0.0,1.24,0.224,1321,D,"[""clipping""]",[],[],,1513039,90569fc7e2ca276f989fd61d92d6a99fa67cb12b
kamadhenu_dataset/incoming_audio/drive/Audio__1-10/vsn1.1.aac,drive/Audio__1-10,vsn1.1.aac,.aac,aac (LC),aac,48000,2,32,98,138.069,2.09,-13.61,-16.54,-44.81,35.6,0.51,0.44,1.54,0.204,148,B,"[""hot_peaks""]",[],[],,1702136,6e07195b491dc10da68bd622b37a92fc55f84694
kamadhenu_dataset/incoming_audio/drive/Audio__1-10/vsn1.10.aac,drive/Audio__1-10,vsn1.10.aac,.aac,aac (LC),aac,48000,2,32,98,138.005,2.32,-14.84,-20.3,-55.9,45.9,0.34,0.02,1.08,0.143,208,B,"[""hot_peaks""]",[],[],,1701347,3b45e69ce1afb3bda8adda716a8c8f61fd252fdd
kamadhenu_dataset/incoming_audio/drive/Audio__1-10/vsn1.2.aac,drive/Audio__1-10,vsn1.2.aac,.aac,aac (LC),aac,48000,2,32,98,124.267,2.66,-13.17,-14.64,-41.17,32.3,0.91,0.01,2.16,0.293,321,B,"[""hot_peaks""]",[],[],,1531975,fda0be981293cc89852da218d09f810110e95c62
kamadhenu_dataset/incoming_audio/drive/Audio__1-10/vsn1.3.aac,drive/Audio__1-10,vsn1.3.aac,.aac,aac (LC),aac,48000,2,32,98,130.517,2.18,-12.88,-13.79,-40.54,32.0,0.31,0.62,1.61,0.285,404,B,"[""hot_peaks""]",[],[],,1609034,2edc1067915eb0fb1c3b88eb619ca0d5aa99d234
kamadhenu_dataset/incoming_audio/drive/Audio__1-10/vsn1.4.aac,drive/Audio__1-10,vsn1.4.aac,.aac,aac (LC),aac,48000,2,32,98,162.283,2.11,-15.09,-21.32,-62.78,52.7,0.28,0.0,1.16,0.212,367,B,"[""hot_peaks""]",[],[],,2000706,8ecc242ee4c5c563ac5d9d975e92ca1bc23c1129
kamadhenu_dataset/incoming_audio/drive/Audio__1-10/vsn1.5.aac,drive/Audio__1-10,vsn1.5.aac,.aac,aac (LC),aac,48000,2,32,98,132.587,2.18,-15.08,-20.32,-67.96,57.7,1.47,0.0,1.66,0.238,306,B,"[""hot_peaks""]",[],[],,1634600,707d6b4a1b207ca66958f534284c09aaae3285c8
kamadhenu_dataset/incoming_audio/drive/Audio__1-10/vsn1.6.aac,drive/Audio__1-10,vsn1.6.aac,.aac,aac (LC),aac,48000,2,32,98,143.957,2.1,-14.58,-21.45,-65.9,56.3,0.28,0.0,1.87,0.261,400,B,"[""hot_peaks""]",[],[],,1774785,02ad43571aba014a65015fba041d188820b91809
kamadhenu_dataset/incoming_audio/drive/Audio__1-10/vsn1.7.aac,drive/Audio__1-10,vsn1.7.aac,.aac,aac (LC),aac,48000,2,32,98,168.299,2.18,-16.52,-22.91,-66.5,55.3,0.74,0.05,1.33,0.233,124,B,"[""hot_peaks""]",[],[],,2074807,96ffc786c8c135c9814890bc1b7e2fabe3a85b2f
kamadhenu_dataset/incoming_audio/drive/Audio__1-10/vsn1.8.aac,drive/Audio__1-10,vsn1.8.aac,.aac,aac (LC),aac,48000,2,32,98,179.072,2.35,-16.19,-21.52,-67.85,56.8,0.76,0.07,1.47,0.27,116,B,"[""hot_peaks""]",[],[],,2207627,a0660b074f06f3cd4cd19f2f2796720ab720711b
kamadhenu_dataset/incoming_audio/drive/Audio__1-10/vsn1.9.aac,drive/Audio__1-10,vsn1.9.aac,.aac,aac (LC),aac,48000,2,32,98,149.12,2.27,-15.39,-20.86,-54.75,44.0,1.16,0.0,1.51,0.173,173,B,"[""hot_peaks""]",[],[],,1838370,ec5fe111f51dc8e1bc4399927259da219cf7a2fa
kamadhenu_dataset/incoming_audio/drive/Audio__11-20/vsn1.11.aac,drive/Audio__11-20,vsn1.11.aac,.aac,aac (LC),aac,48000,2,32,98,153.963,2.21,-14.75,-20.29,-56.82,46.9,1.31,0.01,1.31,0.156,163,B,"[""hot_peaks""]",[],[],,1898071,4065d17c8e8240721ea3d74a46e551c8657522ba
kamadhenu_dataset/incoming_audio/drive/Audio__11-20/vsn1.12.aac,drive/Audio__11-20,vsn1.12.aac,.aac,aac (LC),aac,48000,2,32,98,149.717,2.31,-13.89,-18.99,-56.45,47.0,0.79,0.01,1.43,0.152,460,B,"[""hot_peaks""]",[],[],,1845744,f9f1e6b17b6138e3c211de16a6e36b89a980462f
kamadhenu_dataset/incoming_audio/drive/Audio__11-20/vsn1.13.aac,drive/Audio__11-20,vsn1.13.aac,.aac,aac (LC),aac,48000,2,32,98,137.131,2.19,-12.46,-18.21,-53.92,46.2,1.55,0.01,1.98,0.185,1731,D,"[""clipping""]",[],[],,1690573,5e4b4d3672ac89d93fc7e65160babf52785e108a
kamadhenu_dataset/incoming_audio/drive/Audio__11-20/vsn1.14.aac,drive/Audio__11-20,vsn1.14.aac,.aac,aac (LC),aac,48000,2,32,98,151.531,2.31,-12.56,-17.55,-52.7,44.8,0.67,0.01,1.21,0.185,896,D,"[""clipping""]",[],[],,1868110,7cfd7ab20e4563d5f6c42f289ac3b657683186b3
kamadhenu_dataset/incoming_audio/drive/Audio__11-20/vsn1.15.aac,drive/Audio__11-20,vsn1.15.aac,.aac,aac (LC),aac,48000,2,32,99,179.307,2.34,-13.49,-21.31,-56.09,47.8,0.9,0.0,1.23,0.228,1063,B,"[""hot_peaks""]",[],[],,2210522,5df3ecf9cea155cf5e1670fc7b55ebb7f7defb68
kamadhenu_dataset/incoming_audio/drive/Audio__11-20/vsn1.16.aac,drive/Audio__11-20,vsn1.16.aac,.aac,aac (LC),aac,48000,2,32,98,161.429,2.46,-13.6,-20.25,-56.45,47.8,0.52,0.03,1.09,0.22,506,B,"[""hot_peaks""]",[],[],,1990121,11ead7093b5ec77d700d7f542cd5dc6b553c3f72
kamadhenu_dataset/incoming_audio/drive/Audio__11-20/vsn1.17.aac,drive/Audio__11-20,vsn1.17.aac,.aac,aac (LC),aac,48000,2,32,98,139.541,2.5,-13.23,-18.97,-61.87,53.2,0.51,0.0,1.14,0.209,554,B,"[""hot_peaks""]",[],[],,1720283,5524a5cbf6b4475d5172e5d14e8cbce7677182b4
kamadhenu_dataset/incoming_audio/drive/Audio__11-20/vsn1.18.aac,drive/Audio__11-20,vsn1.18.aac,.aac,aac (LC),aac,48000,2,32,98,119.083,2.22,-13.36,-18.43,-56.55,47.6,0.24,0.45,2.71,0.191,248,B,"[""hot_peaks""]",[],[],,1468109,516e0391e2d385faaea3ceab021a290011882539
kamadhenu_dataset/incoming_audio/drive/Audio__11-20/vsn1.19.aac,drive/Audio__11-20,vsn1.19.aac,.aac,aac (LC),aac,48000,2,32,98,158.72,2.18,-13.99,-21.35,-59.4,50.1,0.2,0.0,1.02,0.207,320,B,"[""hot_peaks""]",[],[],,1956720,2b0e868899c5f9a79a7711260aa02b5102f6d541
kamadhenu_dataset/incoming_audio/drive/Audio__11-20/vsn1.20.aac,drive/Audio__11-20,vsn1.20.aac,.aac,aac (LC),aac,48000,2,32,98,152.32,2.3,-13.46,-19.06,-53.23,44.2,0.55,0.24,1.39,0.201,284,B,"[""hot_peaks""]",[],[],,1877820,920cc152e428dce2c9c0d0d6ca49e2701a74678f
kamadhenu_dataset/incoming_audio/drive/Audio__21-30/vsn1.21.aac,drive/Audio__21-30,vsn1.21.aac,.aac,aac (LC),aac,48000,2,32,99,137.621,1.99,-13.56,-18.42,-52.8,43.6,0.49,0.0,1.24,0.247,307,B,"[""hot_peaks""]",[],[],,1696645,24c260e39b39ed583f1b466d2b662f220d90ec9b
kamadhenu_dataset/incoming_audio/drive/Audio__21-30/vsn1.22.aac,drive/Audio__21-30,vsn1.22.aac,.aac,aac (LC),aac,48000,2,32,98,170.859,2.47,-13.19,-17.88,-48.12,39.4,0.87,0.68,1.66,0.231,639,B,"[""hot_peaks""]",[],[],,2106367,5e571f2c1dea1c55414782554a14e37b885ccb70
kamadhenu_dataset/incoming_audio/drive/Audio__21-30/vsn1.23.aac,drive/Audio__21-30,vsn1.23.aac,.aac,aac (LC),aac,48000,2,32,98,129.579,2.05,-12.03,-16.03,-47.82,40.1,0.91,0.3,0.91,0.203,1051,D,"[""clipping""]",[],[],,1597462,92359bc6a99fb565765bbdc7dbf4ac6ef148c28e
kamadhenu_dataset/incoming_audio/drive/Audio__21-30/vsn1.24.aac,drive/Audio__21-30,vsn1.24.aac,.aac,aac (LC),aac,48000,2,32,98,128.107,2.57,-12.11,-15.71,-49.29,41.0,0.62,0.22,1.64,0.173,575,D,"[""clipping""]",[],[],,1579315,26b7e9418f2fd05e76934238364246f5ce9de1d9
kamadhenu_dataset/incoming_audio/drive/Audio__21-30/vsn1.25.aac,drive/Audio__21-30,vsn1.25.aac,.aac,aac (LC),aac,48000,2,32,98,128.128,2.67,-12.56,-16.94,-49.38,41.0,0.54,0.01,1.05,0.177,560,D,"[""clipping""]",[],[],,1579578,ba79a2d9c8100741545b096a1ab839bc2ab1d1a2
kamadhenu_dataset/incoming_audio/drive/Audio__21-30/vsn1.26.aac,drive/Audio__21-30,vsn1.26.aac,.aac,aac (LC),aac,48000,2,32,98,152.725,2.63,-12.44,-17.2,-48.67,40.8,0.89,0.41,1.81,0.191,846,D,"[""clipping""]",[],[],,1882817,2a424008152dd0e3679f79b542da87e7bddca40c
kamadhenu_dataset/incoming_audio/drive/Audio__21-30/vsn1.27.aac,drive/Audio__21-30,vsn1.27.aac,.aac,aac (LC),aac,48000,2,32,98,135.659,1.92,-14.71,-21.92,-57.0,47.7,0.15,0.0,0.97,0.209,353,B,"[""hot_peaks""]",[],[],,1672435,105b550aa1877bf01b68086d0e28ee647de4d3d3
kamadhenu_dataset/incoming_audio/drive/Audio__21-30/vsn1.28.aac,drive/Audio__21-30,vsn1.28.aac,.aac,aac (LC),aac,48000,2,32,98,96.363,2.13,-14.06,-20.84,-59.83,50.7,0.4,0.0,1.09,0.181,295,B,"[""hot_peaks""]",[],[],,1188034,0caa398abf9234bae7ce958d7cab7cb2e3320ef3
kamadhenu_dataset/incoming_audio/drive/Audio__21-30/vsn1.29.aac,drive/Audio__21-30,vsn1.29.aac,.aac,aac (LC),aac,48000,2,32,98,99.797,1.96,-14.76,-21.71,-59.77,49.8,0.57,0.02,1.09,0.192,193,B,"[""hot_peaks""]",[],[],,1230386,4cd68ed19423148b05fae3acd168a6437a30be75
kamadhenu_dataset/incoming_audio/drive/Audio__21-30/vsn1.30.aac,drive/Audio__21-30,vsn1.30.aac,.aac,aac (LC),aac,48000,2,32,99,140.48,2.17,-14.79,-22.87,-59.17,49.6,0.69,0.0,0.69,0.197,468,B,"[""hot_peaks""]",[],[],,1731871,4d5dd4f886ee04b857f151cca39e9648c3f54cc8
kamadhenu_dataset/incoming_audio/drive/Audio__31 - 50/vsn1.31.aac,drive/Audio__31 - 50,vsn1.31.aac,.aac,aac (LC),aac,48000,2,32,98,113.813,2.35,-13.47,-20.43,-61.19,52.6,0.25,0.01,0.6,0.197,240,B,"[""hot_peaks""]",[],[],,1403140,821bac6757c6941ed4dac70adcc544ea7721c377
kamadhenu_dataset/incoming_audio/drive/Audio__31 - 50/vsn1.32.aac,drive/Audio__31 - 50,vsn1.32.aac,.aac,aac (LC),aac,48000,2,32,100,104.0,2.02,-13.43,-19.37,-55.18,46.3,0.32,0.39,1.44,0.196,486,B,"[""hot_peaks""]",[],[],,1282125,c5467dc9fd56c392455feba82dbd51160a1f1362
kamadhenu_dataset/incoming_audio/drive/Audio__31 - 50/vsn1.33.aac,drive/Audio__31 - 50,vsn1.33.aac,.aac,aac (LC),aac,48000,2,32,98,101.205,2.22,-12.56,-18.65,-56.38,48.8,1.13,0.59,1.25,0.165,703,D,"[""clipping""]",[],[],,1247748,2f61dea419b568c0fc062d88f9e68ca158485f61
kamadhenu_dataset/incoming_audio/drive/Audio__31 - 50/vsn1.34.aac,drive/Audio__31 - 50,vsn1.34.aac,.aac,aac (LC),aac,48000,2,32,98,117.12,2.1,-13.83,-20.12,-51.82,43.3,0.81,0.02,1.57,0.222,360,B,"[""hot_peaks""]",[],[],,1443870,4dd1d1be8c42ec0dff2e5478eedf1cc50c74e57b
kamadhenu_dataset/incoming_audio/drive/Audio__31 - 50/vsn1.35.aac,drive/Audio__31 - 50,vsn1.35.aac,.aac,aac (LC),aac,48000,2,32,98,141.547,2.06,-13.93,-21.08,-54.06,45.0,0.36,0.02,1.29,0.197,434,B,"[""hot_peaks""]",[],[],,1745005,a8cc2767c0f9ad6b97c62762bc2309fd606272d8
kamadhenu_dataset/incoming_audio/drive/Audio__31 - 50/vsn1.36.aac,drive/Audio__31 - 50,vsn1.36.aac,.aac,aac (LC),aac,48000,2,32,98,126.955,2.17,-13.44,-18.84,-52.13,43.5,0.99,0.0,1.56,0.202,335,B,"[""hot_peaks""]",[],[],,1565113,fd66a9bd27147e0a10abb8732c7ca01c981b73ac
kamadhenu_dataset/incoming_audio/drive/Audio__31 - 50/vsn1.37.aac,drive/Audio__31 - 50,vsn1.37.aac,.aac,aac (LC),aac,48000,2,32,98,137.557,2.42,-13.02,-18.9,-53.47,45.1,0.84,0.21,1.17,0.191,522,B,"[""hot_peaks""]",[],[],,1695856,29e845c8753caee5a00ae896e1119d26261234cc
kamadhenu_dataset/incoming_audio/drive/Audio__31 - 50/vsn1.38.aac,drive/Audio__31 - 50,vsn1.38.aac,.aac,aac (LC),aac,48000,2,32,98,158.635,2.48,-13.64,-19.78,-53.37,44.7,0.29,0.0,1.31,0.232,462,B,"[""hot_peaks""]",[],[],,1955680,d3ab4ee06e4f522f4edbaf70246e36a122e05526
kamadhenu_dataset/incoming_audio/drive/Audio__31 - 50/vsn1.39.aac,drive/Audio__31 - 50,vsn1.39.aac,.aac,aac (LC),aac,48000,2,32,98,113.173,2.49,-13.35,-15.19,-43.15,34.1,0.81,0.84,1.43,0.279,98,B,"[""hot_peaks""]",[],[],,1395215,431cc4f478566ed1702cf86f7245e062458a7b8a
kamadhenu_dataset/incoming_audio/drive/Audio__31 - 50/vsn1.40.aac,drive/Audio__31 - 50,vsn1.40.aac,.aac,aac (LC),aac,48000,2,32,98,122.88,2.52,-13.19,-14.33,-42.93,34.0,0.78,0.01,2.42,0.289,148,B,"[""hot_peaks""]",[],[],,1514893,0f4f47404edb657675437c8de8d39773d1f39215
kamadhenu_dataset/incoming_audio/drive/Audio__31 - 50/vsn1.41.aac,drive/Audio__31 - 50,vsn1.41.aac,.aac,aac (LC),aac,48000,2,32,98,140.907,2.46,-13.68,-15.38,-42.75,33.6,1.65,0.8,1.82,0.314,233,B,"[""hot_peaks""]",[],[],,1737115,2649ea451f7383f3ca3e8cbeb14b473a82f86596
kamadhenu_dataset/incoming_audio/drive/Audio__31 - 50/vsn1.42.aac,drive/Audio__31 - 50,vsn1.42.aac,.aac,aac (LC),aac,48000,2,32,98,156.885,2.35,-13.31,-20.05,-54.3,46.3,0.23,0.37,2.63,0.236,771,B,"[""hot_peaks""]",[],[],,1934124,1ac10855c6bb2f541235dec5a09b23da5c048808
kamadhenu_dataset/incoming_audio/drive/Audio__31 - 50/vsn1.43.aac,drive/Audio__31 - 50,vsn1.43.aac,.aac,aac (LC),aac,48000,2,32,98,133.227,2.47,-12.08,-16.27,-50.8,43.0,0.51,0.34,1.26,0.18,835,D,"[""clipping""]",[],[],,1642470,3f7ec0fa4948a3480b916dcd13710b974c9c2049
kamadhenu_dataset/incoming_audio/drive/Audio__31 - 50/vsn1.44.aac,drive/Audio__31 - 50,vsn1.44.aac,.aac,aac (LC),aac,48000,2,32,99,127.851,2.55,-12.93,-19.5,-54.27,46.1,0.8,0.0,2.07,0.195,507,D,"[""clipping""]",[],[],,1576159,bba5cdb47f7c47ff08abc6427099c88f1c2cc69b
kamadhenu_dataset/incoming_audio/drive/Audio__31 - 50/vsn1.45.aac,drive/Audio__31 - 50,vsn1.45.aac,.aac,aac (LC),aac,48000,2,32,99,130.283,2.49,-13.05,-20.77,-59.47,51.6,0.21,0.58,2.06,0.189,451,B,"[""hot_peaks""]",[],[],,1606230,8069a4d6d5a4865dab675649104a14be0fd0cb27
kamadhenu_dataset/incoming_audio/drive/Audio__31 - 50/vsn1.46.aac,drive/Audio__31 - 50,vsn1.46.aac,.aac,aac (LC),aac,48000,2,32,98,128.64,2.13,-13.69,-19.15,-53.83,45.0,0.2,0.0,1.12,0.2,509,B,"[""hot_peaks""]",[],[],,1585910,f0ad4e56f08b0c20be25a83433b5581c0060a81e
kamadhenu_dataset/incoming_audio/drive/Audio__31 - 50/vsn1.47.aac,drive/Audio__31 - 50,vsn1.47.aac,.aac,aac (LC),aac,48000,2,32,98,139.712,2.44,-14.18,-21.78,-57.47,48.2,0.24,0.0,0.87,0.215,439,B,"[""hot_peaks""]",[],[],,1722394,e2649ba28ab535a0a65535576b9edec82402f5ed
kamadhenu_dataset/incoming_audio/drive/Audio__31 - 50/vsn1.48.aac,drive/Audio__31 - 50,vsn1.48.aac,.aac,aac (LC),aac,48000,2,32,98,119.253,2.4,-13.83,-18.38,-50.28,41.2,0.19,0.45,1.47,0.223,178,B,"[""hot_peaks""]",[],[],,1470170,d5a6ec4d1c14c15bdf3dae512cae40e1ef7b440a
kamadhenu_dataset/incoming_audio/drive/Audio__31 - 50/vsn1.49.aac,drive/Audio__31 - 50,vsn1.49.aac,.aac,aac (LC),aac,48000,2,32,98,111.339,2.15,-13.89,-22.54,-61.96,53.3,0.14,0.0,0.98,0.224,293,B,"[""hot_peaks""]",[],[],,1372657,9577ec3c4f6392dc4f667e1a89e25ad5b97df885
kamadhenu_dataset/incoming_audio/drive/Audio__31 - 50/vsn1.50.aac,drive/Audio__31 - 50,vsn1.50.aac,.aac,aac (LC),aac,48000,2,32,98,129.323,2.44,-13.58,-20.47,-57.48,48.9,0.48,0.0,0.91,0.215,317,B,"[""hot_peaks""]",[],[],,1594343,e35f704fe3190f8ce7c0e5f8c9b1c15d9929b8ff
kamadhenu_dataset/incoming_audio/drive/Audio__51 - 70/vsn1.51.aac,drive/Audio__51 - 70,vsn1.51.aac,.aac,aac (LC),aac,48000,2,32,98,111.616,2.12,-17.23,-22.16,-55.19,42.6,1.05,0.0,1.11,0.224,8,A,[],[],[],,1376016,438246375c370d36ac7b8134505b2191f6fc3b49
kamadhenu_dataset/incoming_audio/drive/Audio__51 - 70/vsn1.52.aac,drive/Audio__51 - 70,vsn1.52.aac,.aac,aac (LC),aac,48000,2,32,98,124.949,2.01,-14.99,-17.07,-38.75,28.4,0.57,0.15,1.73,0.286,131,B,"[""hot_peaks""]",[],[],,1540391,560fc3e20486147b4903a0eb52ac6fc02278e440
kamadhenu_dataset/incoming_audio/drive/Audio__51 - 70/vsn1.53.aac,drive/Audio__51 - 70,vsn1.53.aac,.aac,aac (LC),aac,48000,2,32,98,152.683,2.18,-14.98,-16.9,-38.59,28.4,0.72,0.52,1.92,0.315,238,B,"[""hot_peaks""]",[],[],,1882291,71e9b694f5c4d067806b8812d347993f82273526
kamadhenu_dataset/incoming_audio/drive/Audio__51 - 70/vsn1.54.aac,drive/Audio__51 - 70,vsn1.54.aac,.aac,aac (LC),aac,48000,2,32,98,129.173,2.7,-12.27,-13.83,-35.18,27.2,0.12,0.05,1.51,0.264,1250,D,"[""clipping""]",[],[],,1592465,abae48767302c7d775632e540a4601fd5e87f84f
kamadhenu_dataset/incoming_audio/drive/Audio__51 - 70/vsn1.55.aac,drive/Audio__51 - 70,vsn1.55.aac,.aac,aac (LC),aac,48000,2,32,98,129.003,2.44,-13.16,-14.96,-37.55,28.4,0.25,0.0,1.63,0.214,493,B,"[""hot_peaks""]",[],[],,1590361,a0ef390e52be7ae8fee8db474e41d8d1b3f925a8
kamadhenu_dataset/incoming_audio/drive/Audio__51 - 70/vsn1.56.aac,drive/Audio__51 - 70,vsn1.56.aac,.aac,aac (LC),aac,48000,2,32,98,127.381,2.31,-13.02,-14.38,-36.75,28.4,0.32,0.58,2.99,0.345,584,D,"[""clipping""]",[],[],,1570382,8d79f2d27d3eed6526c8f10f9691a3fcc98a7e2d
kamadhenu_dataset/incoming_audio/drive/Audio__51 - 70/vsn1.57.aac,drive/Audio__51 - 70,vsn1.57.aac,.aac,aac (LC),aac,48000,2,32,98,141.419,2.52,-13.37,-15.72,-39.36,31.1,0.96,1.15,2.99,0.367,758,D,"[""clipping""]",[],[],,1743616,b0b17827937e2eacdce708a63b8eca11e71e7bda
kamadhenu_dataset/incoming_audio/drive/Audio__51 - 70/vsn1.58.aac,drive/Audio__51 - 70,vsn1.58.aac,.aac,aac (LC),aac,48000,2,32,98,115.136,2.16,-14.06,-18.21,-46.7,37.3,1.22,0.0,1.22,0.161,249,B,"[""hot_peaks""]",[],[],,1419411,9e869d0be7815d419166c424acc2ed23aa11a524
kamadhenu_dataset/incoming_audio/drive/Audio__51 - 70/vsn1.59.aac,drive/Audio__51 - 70,vsn1.59.aac,.aac,aac (LC),aac,48000,2,32,98,130.24,2.23,-14.46,-18.16,-47.08,37.2,0.95,0.19,2.16,0.189,205,B,"[""hot_peaks""]",[],[],,1605615,763cf7a92bf33b930979955f16df2b30766f7979
kamadhenu_dataset/incoming_audio/drive/Audio__51 - 70/vsn1.60.aac,drive/Audio__51 - 70,vsn1.60.aac,.aac,aac (LC),aac,48000,2,32,98,104.683,2.35,-14.23,-17.11,-42.49,32.7,0.89,0.33,1.43,0.159,185,B,"[""hot_peaks""]",[],[],,1290577,d3d9e2545139abbd9f54f21bd0a453df8fd44180
kamadhenu_dataset/incoming_audio/drive/Audio__51 - 70/vsn1.61.aac,drive/Audio__51 - 70,vsn1.61.aac,.aac,aac (LC),aac,48000,2,32,99,115.605,0.74,-15.55,-18.6,-47.67,37.0,0.76,0.35,2.59,0.318,6,A,[],[],[],,1425197,305d52633e7911a54673044a9c3c6e25caa2a4b3
kamadhenu_dataset/incoming_audio/drive/Audio__51 - 70/vsn1.62.aac,drive/Audio__51 - 70,vsn1.62.aac,.aac,aac (LC),aac,48000,2,32,98,134.827,0.8,-16.53,-19.3,-46.09,34.3,1.13,1.14,2.0,0.321,2,A,[],[],[],,1662160,f431c5a52ac4aa29c0de0d52a1df940d0802b93c
kamadhenu_dataset/incoming_audio/drive/Audio__51 - 70/vsn1.63.aac,drive/Audio__51 - 70,vsn1.63.aac,.aac,aac (LC),aac,48000,2,32,99,113.237,1.42,-15.84,-18.56,-47.91,37.1,0.65,0.75,1.62,0.35,3,A,[],[],[],,1396020,cb8f09274dde2e7ecc3f3cbd1c0768621219cdc1
kamadhenu_dataset/incoming_audio/drive/Audio__51 - 70/vsn1.64.m4a,drive/Audio__51 - 70,vsn1.64.m4a,.m4a,aac (LC) (mp4a / 0x6134706D),mov,44100,1,32,128,131.82,0.17,-17.91,-20.64,-43.46,30.0,0.51,0.45,1.23,0.291,3,A,[],[],[],,2178491,29b16462df2cd796ee0419f908a8ceaf390ecc0c
kamadhenu_dataset/incoming_audio/drive/Audio__51 - 70/vsn1.65.m4a,drive/Audio__51 - 70,vsn1.65.m4a,.m4a,aac (LC) (mp4a / 0x6134706D),mov,44100,1,32,128,120.721,0.08,-17.39,-19.98,-44.01,31.0,0.47,0.28,1.2,0.257,0,A,[],[],[],,1997736,c7d0acc535b5800953b73171c990da6d6ce25bf2
kamadhenu_dataset/incoming_audio/drive/Audio__51 - 70/vsn1.66.m4a,drive/Audio__51 - 70,vsn1.66.m4a,.m4a,aac (LC) (mp4a / 0x6134706D),mov,44100,1,32,128,134.815,0.14,-17.42,-20.24,-44.35,31.4,0.49,0.75,1.21,0.265,1,A,[],[],[],,2227263,cc539ce5f738b69b3bfc1bedc558c3a02b787617
kamadhenu_dataset/incoming_audio/drive/Audio__51 - 70/vsn1.67.m4a,drive/Audio__51 - 70,vsn1.67.m4a,.m4a,aac (LC) (mp4a / 0x6134706D),mov,44100,1,32,128,117.377,0.25,-17.15,-20.49,-45.51,33.1,0.5,0.01,1.15,0.275,3,A,[],[],[],,1943310,ad992782f3e6079537de40f5f194edaa902dad8f
kamadhenu_dataset/incoming_audio/drive/Audio__51 - 70/vsn1.68.m4a,drive/Audio__51 - 70,vsn1.68.m4a,.m4a,aac (LC) (mp4a / 0x6134706D),mov,44100,1,32,128,121.603,0.13,-17.37,-20.37,-45.34,32.9,0.48,1.0,1.15,0.287,1,A,[],[],[],,2012127,360c9ea374a45b730da71bebffa7bcd282156b3e
kamadhenu_dataset/incoming_audio/drive/Audio__51 - 70/vsn1.69.m4a,drive/Audio__51 - 70,vsn1.69.m4a,.m4a,aac (LC) (mp4a / 0x6134706D),mov,44100,1,32,128,116.611,0.17,-17.03,-19.42,-45.16,32.4,0.55,0.23,1.14,0.253,0,A,[],[],[],,1930835,2e665db5c6a99a92129aee3f97673876c954aab7
kamadhenu_dataset/incoming_audio/drive/Audio__51 - 70/vsn1.70.aac,drive/Audio__51 - 70,vsn1.70.aac,.aac,aac (LC),aac,48000,2,32,98,108.395,2.08,-14.28,-18.65,-55.34,45.5,0.21,0.0,1.58,0.207,102,B,"[""hot_peaks""]",[],[],,1336303,bc2e25dec42bf523c5529e7e2206d6109327e6cc
kamadhenu_dataset/incoming_audio/drive/Audio__Starting1-8/vsn1.aac,drive/Audio__Starting1-8,vsn1.aac,.aac,aac (LC),aac,48000,2,32,98,123.861,1.52,-14.56,-18.32,-49.51,39.1,1.4,0.42,1.56,0.186,25,B,"[""hot_peaks""]",[],[],,1526978,5695558fbafbd8150713c417702216290b6de1ef
kamadhenu_dataset/incoming_audio/drive/Audio__Starting1-8/vsn2.aac,drive/Audio__Starting1-8,vsn2.aac,.aac,aac (LC),aac,48000,2,32,98,110.763,1.64,-13.19,-16.77,-47.92,38.7,0.42,0.61,1.18,0.149,66,B,"[""hot_peaks""]",[],[],,1365496,efc4e49ecc81f9f00756bf4e35237647c97ecb38
kamadhenu_dataset/incoming_audio/drive/Audio__Starting1-8/vsn3.aac,drive/Audio__Starting1-8,vsn3.aac,.aac,aac (LC),aac,48000,2,32,98,144.064,1.99,-13.52,-17.1,-49.76,40.3,0.83,0.09,1.62,0.159,123,B,"[""hot_peaks""]",[],[],,1776039,03f1847f4eb1251a11f08fd8918494e444f22fbb
kamadhenu_dataset/incoming_audio/drive/Audio__Starting1-8/vsn4.aac,drive/Audio__Starting1-8,vsn4.aac,.aac,aac (LC),aac,48000,2,32,98,183.467,1.7,-13.49,-16.92,-49.16,39.4,0.48,0.07,1.41,0.171,87,B,"[""hot_peaks""]",[],[],,2261800,4c1b47ac3f309d798f843a571d737ceee4a593f3
kamadhenu_dataset/incoming_audio/drive/Audio__Starting1-8/vsn5.aac,drive/Audio__Starting1-8,vsn5.aac,.aac,aac (LC),aac,48000,2,32,98,127.189,1.97,-13.3,-16.09,-47.2,37.7,0.29,0.04,1.62,0.157,86,B,"[""hot_peaks""]",[],[],,1568006,fa6c35239b03c93c593597afa69beec24d7b8d03
kamadhenu_dataset/incoming_audio/drive/Audio__Starting1-8/vsn6.aac,drive/Audio__Starting1-8,vsn6.aac,.aac,aac (LC),aac,48000,2,32,98,117.568,2.47,-11.95,-16.06,-47.85,40.4,0.78,0.21,1.94,0.147,780,D,"[""clipping""]",[],[],,1449393,8a5404d1457d088eda0ccae3b8a0caf32c92d3ad
kamadhenu_dataset/incoming_audio/drive/Audio__Starting1-8/vsn7.aac,drive/Audio__Starting1-8,vsn7.aac,.aac,aac (LC),aac,48000,2,32,98,130.539,2.66,-12.78,-16.3,-46.74,38.1,1.86,0.15,1.86,0.152,429,B,"[""hot_peaks""]",[],[],,1609297,0bd198487b148013a89f81c682052fef03156f2d
kamadhenu_dataset/incoming_audio/drive/Audio__Starting1-8/vsn8.aac,drive/Audio__Starting1-8,vsn8.aac,.aac,aac (LC),aac,48000,2,32,98,125.973,2.37,-12.24,-15.76,-45.25,37.4,0.93,0.41,1.77,0.155,847,D,"[""clipping""]",[],[],,1553015,30c3ce5514b9199755e81679f13f9f2c3b411608
kamadhenu_dataset/incoming_audio/drive/Audio__Starting9 - 16/vsn10.aac,drive/Audio__Starting9 - 16,vsn10.aac,.aac,aac (LC),aac,48000,2,32,98,161.92,2.18,-12.27,-16.93,-53.59,45.5,0.33,0.01,0.98,0.179,1163,D,"[""clipping""]",[],[],,1996174,ef95c01b66be5e83cb0b1d78505abb8271082957
kamadhenu_dataset/incoming_audio/drive/Audio__Starting9 - 16/vsn11.aac,drive/Audio__Starting9 - 16,vsn11.aac,.aac,aac (LC),aac,48000,2,32,98,117.099,2.24,-12.8,-18.05,-52.69,44.6,1.15,0.02,1.34,0.198,1089,D,"[""clipping""]",[],[],,1443624,ca168c5b14a4abdff91449ec64ac02c951418142
kamadhenu_dataset/incoming_audio/drive/Audio__Starting9 - 16/vsn12.aac,drive/Audio__Starting9 - 16,vsn12.aac,.aac,aac (LC),aac,48000,2,32,98,124.544,2.12,-12.29,-15.61,-49.43,41.8,1.24,0.13,1.37,0.208,1004,D,"[""clipping""]",[],[],,1535394,5b46f6f59ec852dae67605b03ecf7db153408822
kamadhenu_dataset/incoming_audio/drive/Audio__Starting9 - 16/vsn13.aac,drive/Audio__Starting9 - 16,vsn13.aac,.aac,aac (LC),aac,48000,2,32,98,126.549,2.26,-13.19,-16.92,-50.58,41.7,0.79,0.0,1.11,0.208,527,B,"[""hot_peaks""]",[],[],,1560116,b0884ec0dd63a7b8c1efbe4cbc14cdd5a01770fd
kamadhenu_dataset/incoming_audio/drive/Audio__Starting9 - 16/vsn14.aac,drive/Audio__Starting9 - 16,vsn14.aac,.aac,aac (LC),aac,48000,2,32,98,138.219,2.5,-12.48,-14.78,-44.81,36.6,1.19,1.64,1.64,0.251,502,D,"[""clipping""]",[],[],,1703977,33827af5e601273968b360706507720b9a407351
kamadhenu_dataset/incoming_audio/drive/Audio__Starting9 - 16/vsn15.aac,drive/Audio__Starting9 - 16,vsn15.aac,.aac,aac (LC),aac,48000,2,32,98,104.597,2.06,-12.73,-15.4,-48.18,39.2,0.38,0.22,0.99,0.204,282,B,"[""hot_peaks""]",[],[],,1289489,9d25e294e75f10f3eb7b980011a856e5114d9492
kamadhenu_dataset/incoming_audio/drive/Audio__Starting9 - 16/vsn16.aac,drive/Audio__Starting9 - 16,vsn16.aac,.aac,aac (LC),aac,48000,2,32,98,118.357,1.67,-13.61,-15.7,-43.99,34.3,0.89,0.19,1.13,0.198,43,A,[],[],[],,1459124,5d9becc93245d9453fce244a1f01e5e791d799c0
kamadhenu_dataset/incoming_audio/drive/Audio__Starting9 - 16/vsn9.aac,drive/Audio__Starting9 - 16,vsn9.aac,.aac,aac (LC),aac,48000,2,32,98,140.373,2.72,-12.22,-15.41,-46.35,38.5,1.02,0.5,1.55,0.152,1047,D,"[""clipping""]",[],[],,1730540,8c457d4a1cdf5115ced3228ced12fdf053a33638
kamadhenu_dataset/incoming_audio/drive/Bhagavata Saroddhara/SBS0.1.mp3,drive/Bhagavata Saroddhara,SBS0.1.mp3,.mp3,mp3 (mp3float),mp3,44100,2,32,128,16.666,-1.44,-16.25,-19.94,-50.67,38.5,0.9,0.13,0.9,0.136,0,A,[],[],[],,266657,49c963646c2df126e0f2efb3992837d96747c0cb
kamadhenu_dataset/incoming_audio/drive/Bhagavata Saroddhara/SBS0.2.mp3,drive/Bhagavata Saroddhara,SBS0.2.mp3,.mp3,mp3 (mp3float),mp3,44100,2,32,128,12.304,-1.33,-16.4,-21.16,-54.46,42.3,0.86,0.1,0.86,0.141,0,A,[],[],[],,196857,e52a70d057c1e984e3aea1f942c7a51355974be0
kamadhenu_dataset/incoming_audio/drive/Bhagavata Saroddhara/SBS0.3.mp3,drive/Bhagavata Saroddhara,SBS0.3.mp3,.mp3,mp3 (mp3float),mp3,44100,2,32,128,4.258,-7.39,-23.05,-27.38,-74.97,56.1,0.73,0.07,0.73,0.189,0,A,[],[],[],,68126,2d138d62ebb9c0b7f5d57e73938300a9973aa03d
kamadhenu_dataset/incoming_audio/drive/Bhagavata Saroddhara/SBS1.0.mp3,drive/Bhagavata Saroddhara,SBS1.0.mp3,.mp3,mp3 (mp3float),mp3,44100,2,32,128,3.918,-1.32,-18.81,-22.66,-63.11,48.7,0.37,0.0,0.57,0.241,0,A,[],[],[],,62692,250039c99eae29fffdbfdbb62deced793e63913e
kamadhenu_dataset/incoming_audio/drive/Bhagavata Saroddhara/SBS1.1.SBS1.mp3,drive/Bhagavata Saroddhara,SBS1.1.SBS1.mp3,.mp3,mp3 (mp3float),mp3,44100,2,32,128,17.633,-1.38,-18.08,-22.24,-56.85,42.4,0.99,0.03,0.99,0.135,0,A,[],[],[],,282121,8c8d3b8698528f7765ccfee563d475f4852fe666
kamadhenu_dataset/incoming_audio/drive/Bhagavata Saroddhara/SBS1.10.SBS10.mp3,drive/Bhagavata Saroddhara,SBS1.10.SBS10.mp3,.mp3,mp3 (mp3float),mp3,44100,2,32,128,16.98,0.13,-15.7,-18.83,-45.94,34.4,0.72,0.1,0.72,0.145,1,A,[],[],[],,271672,8307b380b67d8dc812f06746a7c538296d166ae8
kamadhenu_dataset/incoming_audio/drive/Bhagavata Saroddhara/SBS1.11.SBS11.mp3,drive/Bhagavata Saroddhara,SBS1.11.SBS11.mp3,.mp3,mp3 (mp3float),mp3,44100,2,32,128,17.45,-1.42,-15.74,-18.15,-45.72,33.7,0.79,0.14,0.79,0.131,0,A,[],[],[],,279195,03bbae42f01b403186a352edbb79414a109d7dfc
kamadhenu_dataset/incoming_audio/drive/Bhagavata Saroddhara/SBS1.12.SBS12.mp3,drive/Bhagavata Saroddhara,SBS1.12.SBS12.mp3,.mp3,mp3 (mp3float),mp3,44100,2,32,128,16.327,-1.98,-16.7,-19.03,-46.41,33.1,0.49,0.51,0.51,0.129,0,A,[],[],[],,261223,bbd1ddd4596794d32de8faeacf0197246b881631
kamadhenu_dataset/incoming_audio/drive/Bhagavata Saroddhara/SBS1.13.SBS13.mp3,drive/Bhagavata Saroddhara,SBS1.13.SBS13.mp3,.mp3,mp3 (mp3float),mp3,44100,2,32,128,16.327,0.16,-16.8,-19.96,-47.08,34.6,0.66,0.03,0.66,0.141,0,A,[],[],[],,261223,682942d279a0146e8a9f30b4a2661cd2c49cf918
kamadhenu_dataset/incoming_audio/drive/Bhagavata Saroddhara/SBS1.14.SBS14.mp3,drive/Bhagavata Saroddhara,SBS1.14.SBS14.mp3,.mp3,mp3 (mp3float),mp3,44100,2,32,128,16.327,-1.97,-17.08,-19.78,-47.49,34.6,0.83,0.26,0.83,0.147,0,A,[],[],[],,261223,15cd19684eaaab41f8b70a02d5ddd92ca5fe7237
kamadhenu_dataset/incoming_audio/drive/Bhagavata Saroddhara/SBS1.15.SBS15.mp3,drive/Bhagavata Saroddhara,SBS1.15.SBS15.mp3,.mp3,mp3 (mp3float),mp3,44100,2,32,128,16.666,-1.08,-17.02,-20.69,-51.39,38.6,0.76,0.0,0.76,0.137,0,A,[],[],[],,266657,632e2b36ab75e4dc4e324cd505a1d5ef3bc7354c
kamadhenu_dataset/incoming_audio/drive/Bhagavata Saroddhara/SBS1.16.SBS16.mp3,drive/Bhagavata Saroddhara,SBS1.16.SBS16.mp3,.mp3,mp3 (mp3float),mp3,44100,2,32,128,16.327,-1.02,-17.33,-20.23,-48.0,34.6,0.88,0.05,0.88,0.163,0,A,[],[],[],,261223,6e39a9f2de99741d5de8719bea3eaef0cc6b12f4
kamadhenu_dataset/incoming_audio/drive/Bhagavata Saroddhara/SBS1.2.SBS2.mp3,drive/Bhagavata Saroddhara,SBS1.2.SBS2.mp3,.mp3,mp3 (mp3float),mp3,44100,2,32,128,17.45,-0.44,-15.91,-20.3,-55.83,44.0,1.28,0.12,1.28,0.142,0,A,[],[],[],,279195,40b0294e290e71e4de1ebe923e73a8988d2dbea4
kamadhenu_dataset/incoming_audio/drive/Bhagavata Saroddhara/SBS1.3.SBS3.mp3,drive/Bhagavata Saroddhara,SBS1.3.SBS3.mp3,.mp3,mp3 (mp3float),mp3,44100,2,32,128,16.013,-1.82,-16.61,-18.84,-51.14,37.8,0.93,0.09,0.93,0.124,0,A,[],[],[],,256208,ac127e45374d36efed34cf50caba8a2872c141b4
kamadhenu_dataset/incoming_audio/drive/Bhagavata Saroddhara/SBS1.4.SBS4.mp3,drive/Bhagavata Saroddhara,SBS1.4.SBS4.mp3,.mp3,mp3 (mp3float),mp3,44100,2,32,128,19.226,-2.25,-16.98,-18.95,-43.71,30.4,0.84,0.11,0.84,0.148,0,A,[],[],[],,307617,2ea4aebae4173bd42bc50aed836349d819bb95b2
kamadhenu_dataset/incoming_audio/drive/Bhagavata Saroddhara/SBS1.5.SBS5.mp3,drive/Bhagavata Saroddhara,SBS1.5.SBS5.mp3,.mp3,mp3 (mp3float),mp3,44100,2,32,128,16.823,-0.78,-16.85,-20.8,-53.36,40.6,0.9,0.06,0.9,0.128,0,A,[],[],[],,269164,7c7b28489bbb7d24151a0e8b82a9b0996514bc2f
kamadhenu_dataset/incoming_audio/drive/Bhagavata Saroddhara/SBS1.6.SBS6.mp3,drive/Bhagavata Saroddhara,SBS1.6.SBS6.mp3,.mp3,mp3 (mp3float),mp3,44100,2,32,128,16.98,-2.22,-17.93,-21.82,-49.54,36.3,0.85,0.08,0.85,0.15,0,A,[],[],[],,271672,d112b40c51d04bde7cce542439a4925cba73343a
kamadhenu_dataset/incoming_audio/drive/Bhagavata Saroddhara/SBS1.7.SBS7.mp3,drive/Bhagavata Saroddhara,SBS1.7.SBS7.mp3,.mp3,mp3 (mp3float),mp3,44100,2,32,128,20.193,-0.94,-15.35,-17.88,-45.08,33.5,0.27,0.12,0.47,0.136,0,A,[],[],[],,323081,166a4cbd0c4c9a396672b442fc9960fa5cd3ee07
kamadhenu_dataset/incoming_audio/drive/Bhagavata Saroddhara/SBS1.8.SBS8.mp3,drive/Bhagavata Saroddhara,SBS1.8.SBS8.mp3,.mp3,mp3 (mp3float),mp3,44100,2,32,128,16.483,-1.71,-16.8,-19.28,-48.59,35.5,0.86,0.09,0.86,0.136,0,A,[],[],[],,263731,541c282d4f163934d642c015c9737a9b9a90c0ef
kamadhenu_dataset/incoming_audio/drive/Bhagavata Saroddhara/SBS1.9.SBS9.mp3,drive/Bhagavata Saroddhara,SBS1.9.SBS9.mp3,.mp3,mp3 (mp3float),mp3,44100,2,32,128,16.666,-0.64,-16.76,-18.84,-42.37,29.4,0.16,0.24,0.54,0.142,0,A,[],[],[],,266657,2970ce5192a66d8a2765b68501d5a8c81184490a
kamadhenu_dataset/incoming_audio/drive/Bhagavata Saroddhara/SBS1.E.mp3,drive/Bhagavata Saroddhara,SBS1.E.mp3,.mp3,mp3 (mp3float),mp3,44100,2,32,128,7.471,-3.05,-21.16,-27.48,-65.04,49.0,1.02,0.03,1.02,0.16,0,A,[],[],[],,119535,c8359525b6546ddea03413048ae1aff82db6e3cb
kamadhenu_dataset/incoming_audio/drive/Bhagavata Saroddhara/SBS10.0.mp3,drive/Bhagavata Saroddhara,SBS10.0.mp3,.mp3,mp3 (mp3float),mp3,44100,2,32,128,3.762,-1.17,-18.34,-19.73,-44.18,31.1,0.65,0.23,0.65,0.436,0,A,[],[],[],,60185,3dfaa594387ffe519428cfd6eb6d4b5ef50c1c72
kamadhenu_dataset/incoming_audio/drive/Bhagavata Saroddhara/SBS10.1.SBS138.mp3,drive/Bhagavata Saroddhara,SBS10.1.SBS138.mp3,.mp3,mp3 (mp3float),mp3,44100,2,32,128,18.416,0.43,-14.43,-16.29,-38.83,28.4,0.7,0.19,0.7,0.159,0,A,[],[],[],,294660,b76f9a177e73563fac0feafff87b8c1558ae4c48
kamadhenu_dataset/incoming_audio/drive/Bhagavata Saroddhara/SBS10.2.SBS139.mp3,drive/Bhagavata Saroddhara,SBS10.2.SBS139.mp3,.mp3,mp3 (mp3float),mp3,44100,2,32,128,16.327,0.17,-15.02,-16.57,-36.8,25.8,0.29,0.22,0.5,0.183,0,A,[],[],[],,261223,7e89447701cefe55afbe0e16fd4659192976ef5b
kamadhenu_dataset/incoming_audio/drive/Bhagavata Saroddhara/SBS10.3.SBS140.mp3,drive/Bhagavata Saroddhara,SBS10.3.SBS140.mp3,.mp3,mp3 (mp3float),mp3,44100,2,32,128,18.599,0.09,-15.92,-17.14,-37.04,24.9,0.39,0.15,0.58,0.174,0,A,[],[],[],,297586,52f47386068cd171f331d9e452181b06b1e10412
kamadhenu_dataset/incoming_audio/drive/Bhagavata Saroddhara/SBS10.4.SBS141.mp3,drive/Bhagavata Saroddhara,SBS10.4.SBS141.mp3,.mp3,mp3 (mp3float),mp3,44100,2,32,128,16.823,0.22,-14.16,-16.0,-37.7,27.3,0.38,0.17,0.51,0.14,1,A,[],[],[],,269164,b48fde5ef4f86e2dc53512c1affe29c9f7e5a99a
kamadhenu_dataset/incoming_audio/drive/Bhagavata Saroddhara/SBS10.5.SBS142.mp3,drive/Bhagavata Saroddhara,SBS10.5.SBS142.mp3,.mp3,mp3 (mp3float),mp3,44100,2,32,128,17.136,-0.92,-15.76,-16.94,-37.57,25.4,0.35,0.14,0.56,0.163,0,A,[],[],[],,274180,1f307993400bcece5b0616316a13cbf1e2a25e5a
kamadhenu_dataset/incoming_audio/drive/Bhagavata Saroddhara/SBS10.6.SBS143.mp3,drive/Bhagavata Saroddhara,SBS10.6.SBS143.mp3,.mp3,mp3 (mp3float),mp3,44100,2,32,128,14.733,-1.94,-16.91,-17.71,-38.12,24.6,0.52,0.22,0.52,0.157,0,A,[],[],[],,235728,7612f486e5dec668892475a5a82029881f63788e
kamadhenu_dataset/incoming_audio/drive/Bhagavata Saroddhara/SBS10.7.SBS144.mp3,drive/Bhagavata Saroddhara,SBS10.7.SBS144.mp3,.mp3,mp3 (mp3float),mp3,44100,2,32,128,14.55,0.19,-14.2,-16.1,-37.7,27.4,0.37,0.15,0.48,0.157,0,A,[],[],[],,232802,b88fb67542b0bed6c6893a1f48159ae3d9b1ebd7
kamadhenu_dataset/incoming_audio/drive/Bhagavata Saroddhara/SBS10.8.SBS145.mp3,drive/Bhagavata Saroddhara,SBS10.8.SBS145.mp3,.mp3,mp3 (mp3float),mp3,44100,2,32,128,14.55,-0.09,-14.63,-16.3,-37.76,27.1,0.44,0.09,0.44,0.164,0,A,[],[],[],,232802,441f92d277270748bc8f0cb71e9219bdd71fc21a
kamadhenu_dataset/incoming_audio/drive/Bhagavata Saroddhara/SBS10.9.SBS146.mp3,drive/Bhagavata Saroddhara,SBS10.9.SBS146.mp3,.mp3,mp3 (mp3float),mp3,44100,2,32,128,14.237,-0.84,-15.39,-16.85,-38.34,26.9,0.59,0.15,0.59,0.184,0,A,[],[],[],,227786,33698bd7ce2de2d4587e3344d20647b58d4266ba
kamadhenu_dataset/incoming_audio/drive/Bhagavata Saroddhara/SBS10.E.mp3,drive/Bhagavata Saroddhara,SBS10.E.mp3,.mp3,mp3 (mp3float),mp3,44100,2,32,128,6.191,-1.2,-17.69,-19.73,-40.71,27.8,0.36,0.13,0.36,0.24,0,A,[],[],[],,99055,58f060756221a668b31f07410235bf7da111f15e
kamadhenu_dataset/incoming_audio/drive/Bhagavata Saroddhara/SBS11.0.mp3,drive/Bhagavata Saroddhara,SBS11.0.mp3,.mp3,mp3 (mp3float),mp3,44100,2,32,128,3.291,-2.22,-17.98,-20.13,-44.19,30.7,0.71,0.09,0.71,0.251,0,A,[],[],[],,52661,e95c58a17543acdd2d8fd31a2f63edede7692335
kamadhenu_dataset/incoming_audio/drive/Bhagavata Saroddhara/SBS11.1.SBS147.mp3,drive/Bhagavata Saroddhara,SBS11.1.SBS147.mp3,.mp3,mp3 (mp3float),mp3,44100,2,32,128,24.215,-0.6,-15.26,-16.6,-39.01,27.4,0.77,0.38,0.77,0.154,0,A,[],[],[],,387447,0dea9dae4258e9f6110f37c80f536b1e94a7bfaa
kamadhenu_dataset/incoming_audio/drive/Bhagavata Saroddhara/SBS11.10.SBS156.mp3,drive/Bhagavata Saroddhara,SBS11.10.SBS156.mp3,.mp3,mp3 (mp3float),mp3,44100,2,32,128,19.383,0.17,-14.35,-15.53,-35.08,24.7,0.28,0.26,0.63,0.178,0,A,[],[],[],,310124,5ce2d64fa387aa90ddfe1f6c2e8b822043018598
kamadhenu_dataset/incoming_audio/drive/Bhagavata Saroddhara/SBS11.11.SBS157.mp3,drive/Bhagavata Saroddhara,SBS11.11.SBS157.mp3,.mp3,mp3 (mp3float),mp3,44100,2,32,128,19.226,-0.03,-14.47,-15.5,-34.38,23.8,0.49,0.1,0.49,0.193,0,A,[],[],[],,307617,90bd3e1f014a98c01fc124ce4768093d7f276850
kamadhenu_dataset/incoming_audio/drive/Bhagavata Saroddhara/SBS11.12.SBS158.mp3,drive/Bhagavata Saroddhara,SBS11.12.SBS158.mp3,.mp3,mp3 (mp3float),mp3,44100,2,32,128,19.383,-0.52,-15.0,-16.0,-35.57,24.1,0.26,0.1,0.6,0.154,0,A,[],[],[],,310124,4b0ab536b8639ae2e3f8888e4318922e050a3387
kamadhenu_dataset/incoming_audio/drive/Bhagavata Saroddhara/SBS11.13.SBS159.mp3,drive/Bhagavata Saroddhara,SBS11.13.SBS159.mp3,.mp3,mp3 (mp3float),mp3,44100,2,32,128,19.383,-0.24,-15.41,-16.88,-37.11,25.6,0.36,0.11,0.45,0.165,0,A,[],[],[],,310124,30a65f003446c0de7f18ade4138ac4f556000b40
kamadhenu_dataset/incoming_audio/drive/Bhagavata Saroddhara/SBS11.14.SBS160.mp3,drive/Bhagavata Saroddhara,SBS11.14.SBS160.mp3,.mp3,mp3 (mp3float),mp3,44100,2,32,128,18.599,-0.54,-14.75,-15.72,-34.07,22.7,0.26,0.09,0.46,0.169,0,A,[],[],[],,297586,d4bc6b03d6eb58d0943b3479aaa7e25c28d0f9d6
kamadhenu_dataset/incoming_audio/drive/Bhagavata Saroddhara/SBS11.15.SBS161.mp3,drive/Bhagavata Saroddhara,SBS11.15.SBS161.mp3,.mp3,mp3 (mp3float),mp3,44100,2,32,128,16.666,-1.36,-15.66,-17.13,-39.39,27.5,0.28,0.26,0.51,0.139,0,A,[],[],[],,266657,1a6c00603579a971aec3c63d8e455b9845daa16c
kamadhenu_dataset/incoming_audio/drive/Bhagavata Saroddhara/SBS11.16.SBS162.mp3,drive/Bhagavata Saroddhara,SBS11.16.SBS162.mp3,.mp3,mp3 (mp3float),mp3,44100,2,32,128,16.483,-2.42,-17.0,-17.92,-38.55,24.9,0.32,0.12,0.52,0.159,0,A,[],[],[],,263731,10c30f441150899720e3557777a939b2ad5aa865
kamadhenu_dataset/incoming_audio/drive/Bhagavata Saroddhara/SBS11.17.SBS163.mp3,drive/Bhagavata Saroddhara,SBS11.17.SBS163.mp3,.mp3,mp3 (mp3float),mp3,44100,2,32,128,16.013,-0.15,-15.04,-17.16,-39.13,28.5,0.27,0.11,0.51,0.191,0,A,[],[],[],,256208,11961c47c1ce99780eae5b41e38f9ab635aec86e
kamadhenu_dataset/incoming_audio/drive/Bhagavata Saroddhara/SBS11.18.SBS164.mp3,drive/Bhagavata Saroddhara,SBS11.18.SBS164.mp3,.mp3,mp3 (mp3float),mp3,44100,2,32,128,16.823,-0.56,-15.86,-17.34,-38.8,27.2,0.44,0.12,0.58,0.206,0,A,[],[],[],,269164,ee62f81dbd0dcba1439ca37caa784d833810b115
kamadhenu_dataset/incoming_audio/drive/Bhagavata Saroddhara/SBS11.19.SBS165.mp3,drive/Bhagavata Saroddhara,SBS11.19.SBS165.mp3,.mp3,mp3 (mp3float),mp3,44100,2,32,128,17.633,0.26,-14.66,-16.8,-40.4,29.5,0.34,0.19,0.64,0.135,0,A,[],[],[],,282121,d422e2f3ad471766bde9e4ec6b22cc66d67954e1
kamadhenu_dataset/incoming_audio/drive/Bhagavata Saroddhara/SBS11.2.SBS148.mp3,drive/Bhagavata Saroddhara,SBS11.2.SBS148.mp3,.mp3,mp3 (mp3float),mp3,44100,2,32,128,17.293,-1.71,-15.62,-16.74,-38.28,26.2,0.24,0.14,0.53,0.159,0,A,[],[],[],,276688,72c4e9347ebfdb2a35821b38eac500c8d0bfa6a3
kamadhenu_dataset/incoming_audio/drive/Bhagavata Saroddhara/SBS11.20.SBS166.mp3,drive/Bhagavata Saroddhara,SBS11.20.SBS166.mp3,.mp3,mp3 (mp3float),mp3,44100,2,32,128,19.566,-0.84,-15.64,-17.24,-38.47,26.7,0.31,0.27,0.47,0.152,0,A,[],[],[],,313050,6789bcde93addd86196a534bc28e96f61cbf371b
kamadhenu_dataset/incoming_audio/drive/Bhagavata Saroddhara/SBS11.21.SBS167.mp3,drive/Bhagavata Saroddhara,SBS11.21.SBS167.mp3,.mp3,aac (LC),aac,48000,2,32,102,18.005,1.86,-14.88,-18.11,-46.39,36.0,0.38,0.34,0.42,0.186,6,A,"[""extension_mismatch""]",[],[],,222630,33225fb87854959826adb52c51a5b88d924f97d0
kamadhenu_dataset/incoming_audio/drive/Bhagavata Saroddhara/SBS11.22.SBS168.mp3,drive/Bhagavata Saroddhara,SBS11.22.SBS168.mp3,.mp3,mp3 (mp3float),mp3,44100,2,32,128,17.789,-1.37,-16.29,-17.59,-38.25,25.9,0.23,0.2,0.54,0.199,0,A,[],[],[],,284629,b13e30b99a3957cd71aecb4640e4876c80b189b8
kamadhenu_dataset/incoming_audio/drive/Bhagavata Saroddhara/SBS11.23.SBS169.mp3,drive/Bhagavata Saroddhara,SBS11.23.SBS169.mp3,.mp3,mp3 (mp3float),mp3,44100,2,32,128,17.136,-2.11,-16.25,-17.53,-37.96,25.8,0.25,0.14,0.54,0.147,0,A,[],[],[],,274180,79f86acf4d2cbe81bd13add6946be47e1823ff37
kamadhenu_dataset/incoming_audio/drive/Bhagavata Saroddhara/SBS11.24.SBS170.mp3,drive/Bhagavata Saroddhara,SBS11.24.SBS170.mp3,.mp3,mp3 (mp3float),mp3,44100,2,32,128,15.36,-1.11,-15.45,-16.93,-36.35,25.1,0.3,0.21,0.46,0.181,0,A,[],[],[],,245759,3a8acd2355860be908be2daa009153f3547be124
kamadhenu_dataset/incoming_audio/drive/Bhagavata Saroddhara/SBS11.25.SBS171.mp3,drive/Bhagavata Saroddhara,SBS11.25.SBS171.mp3,.mp3,mp3 (mp3float),mp3,44100,2,32,128,16.483,-2.44,-16.67,-17.83,-36.87,24.0,0.26,0.14,0.46,0.178,0,A,[],[],[],,263731,aa69db880e87dad36b335f189948db11538ef924
kamadhenu_dataset/incoming_audio/drive/Bhagavata Saroddhara/SBS11.3.SBS149.mp3,drive/Bhagavata Saroddhara,SBS11.3.SBS149.mp3,.mp3,mp3 (mp3float),mp3,44100,2,32,128,17.136,-0.29,-14.92,-16.03,-35.56,24.6,0.15,0.2,0.46,0.186,0,A,[],[],[],,274180,7c1425fbdf373bc0efcfde49f593ff8dbeae4f33
kamadhenu_dataset/incoming_audio/drive/Bhagavata Saroddhara/SBS11.4.SBS150.mp3,drive/Bhagavata Saroddhara,SBS11.4.SBS150.mp3,.mp3,mp3 (mp3float),mp3,44100,2,32,128,14.733,-0.21,-15.49,-16.69,-37.46,25.7,0.46,0.16,0.56,0.192,0,A,[],[],[],,235728,9deda3f4d9c0509e93775802b6fdbdec025f7ad6
kamadhenu_dataset/incoming_audio/drive/Bhagavata Saroddhara/SBS11.5.SBS151.mp3,drive/Bhagavata Saroddhara,SBS11.5.SBS151.mp3,.mp3,mp3 (mp3float),mp3,44100,2,32,128,19.566,-1.36,-16.16,-17.62,-39.12,27.0,0.44,0.14,0.81,0.16,0,A,[],[],[],,313050,767eb41578bf864b1982ec2be103ce6abcc9029b
kamadhenu_dataset/incoming_audio/drive/Bhagavata Saroddhara/SBS11.6.SBS152.mp3,drive/Bhagavata Saroddhara,SBS11.6.SBS152.mp3,.mp3,mp3 (mp3float),mp3,44100,2,32,128,15.36,0.26,-14.24,-15.74,-38.66,28.3,0.28,0.27,0.54,0.176,1,A,[],[],[],,245759,3923949c28162806d5b692a243c7204a41ed7538
kamadhenu_dataset/incoming_audio/drive/Bhagavata Saroddhara/SBS11.7.SBS153.mp3,drive/Bhagavata Saroddhara,SBS11.7.SBS153.mp3,.mp3,mp3 (mp3float),mp3,44100,2,32,128,15.856,-0.25,-15.67,-17.06,-36.48,24.8,0.27,0.22,0.42,0.196,0,A,[],[],[],,253700,7bce6f3f1ae47439bab70122363b3640c2dba89e
kamadhenu_dataset/incoming_audio/drive/Bhagavata Saroddhara/SBS11.8.SBS154.mp3,drive/Bhagavata Saroddhara,SBS11.8.SBS154.mp3,.mp3,mp3 (mp3float),mp3,44100,2,32,128,18.26,-0.64,-14.58,-15.73,-35.93,24.6,0.18,0.15,0.64,0.156,0,A,[],[],[],,292152,7be55f0351f7de896f422fce1ee9bfa8f9e98499
kamadhenu_dataset/incoming_audio/drive/Bhagavata Saroddhara/SBS11.9.SBS155.mp3,drive/Bhagavata Saroddhara,SBS11.9.SBS155.mp3,.mp3,mp3 (mp3float),mp3,44100,2,32,128,16.17,-1.7,-15.92,-16.9,-36.64,24.1,0.15,0.18,0.49,0.143,0,A,[],[],[],,258715,6940ca964e47b9510e938ef650f5f10d69cbd3d1
kamadhenu_dataset/incoming_audio/drive/Bhagavata Saroddhara/SBS11.E.mp3,drive/Bhagavata Saroddhara,SBS11.E.mp3,.mp3,mp3 (mp3float),mp3,44100,2,32,128,6.348,-2.48,-17.48,-18.13,-35.67,21.8,0.15,0.11,0.17,0.227,0,A,[],[],[],,101563,51896d199c7bb41ee1747dae6107fb5896b3fd73
kamadhenu_dataset/incoming_audio/drive/Bhagavata Saroddhara/SBS12.0.mp3,drive/Bhagavata Saroddhara,SBS12.0.mp3,.mp3,mp3 (mp3float),mp3,44100,2,32,128,3.918,-2.15,-17.25,-18.98,-43.53,30.3,0.48,0.29,0.48,0.251,0,A,[],[],[],,62692,d8f9332fa06c024f7e061afc5d6d5195e20811b6
kamadhenu_dataset/incoming_audio/drive/Bhagavata Saroddhara/SBS12.1.SBS172.mp3.mp3,drive/Bhagavata Saroddhara,SBS12.1.SBS172.mp3.mp3,.mp3,mp3 (mp3float),mp3,44100,2,32,128,22.126,0.68,-13.06,-15.54,-45.11,35.8,0.67,0.27,0.67,0.127,2,B,"[""hot_peaks""]",[],[],,354010,ef4866aba00a5455d51e72b551bc004cfaade98d
kamadhenu_dataset/incoming_audio/drive/Bhagavata Saroddhara/SBS12.2.SBS173.mp3,drive/Bhagavata Saroddhara,SBS12.2.SBS173.mp3,.mp3,mp3 (mp3float),mp3,44100,2,32,128,18.599,-2.09,-16.76,-18.04,-38.59,25.7,0.26,0.08,0.49,0.145,0,A,[],[],[],,297586,c555a1f61a955c6d5ab25e3ab1bbd9fee0a0f8d1
kamadhenu_dataset/incoming_audio/drive/Bhagavata Saroddhara/SBS12.3.SBS174.mp3,drive/Bhagavata Saroddhara,SBS12.3.SBS174.mp3,.mp3,mp3 (mp3float),mp3,44100,2,32,128,15.7,0.17,-14.91,-16.59,-37.12,26.4,0.15,0.11,0.49,0.183,1,A,[],[],[],,251192,3713f84444814069e9130eb260cb8347402907b4
kamadhenu_dataset/incoming_audio/drive/Bhagavata Saroddhara/SBS12.4.SBS175.mp3,drive/Bhagavata Saroddhara,SBS12.4.SBS175.mp3,.mp3,mp3 (mp3float),mp3,44100,2,32,128,15.36,-0.64,-15.63,-17.0,-37.14,25.8,0.23,0.35,0.48,0.198,0,A,[],[],[],,245759,f7548cdaac4568090c317ebb70205648dfce003a
kamadhenu_dataset/incoming_audio/drive/Bhagavata Saroddhara/SBS12.5.SBS176.mp3,drive/Bhagavata Saroddhara,SBS12.5.SBS176.mp3,.mp3,mp3 (mp3float),mp3,44100,2,32,128,16.98,-0.53,-15.71,-16.82,-35.3,23.5,0.33,0.22,0.41,0.193,0,A,[],[],[],,271672,f3fc0762794f00527c351c02277647cc1d1f5e5c
kamadhenu_dataset/incoming_audio/drive/Bhagavata Saroddhara/SBS12.6.SBS177.mp3,drive/Bhagavata Saroddhara,SBS12.6.SBS177.mp3,.mp3,mp3 (mp3float),mp3,44100,2,32,128,16.666,-0.52,-15.48,-16.93,-37.56,26.1,0.06,0.2,0.55,0.166,0,A,[],[],[],,266657,46c331747a2ed13e37ceb130e90f8ce1d26272e9
kamadhenu_dataset/incoming_audio/drive/Bhagavata Saroddhara/SBS12.E.mp3,drive/Bhagavata Saroddhara,SBS12.E.mp3,.mp3,mp3 (mp3float),mp3,44100,2,32,128,7.628,-0.55,-16.58,-19.95,-42.42,30.4,0.73,0.05,0.73,0.213,0,A,[],[],[],,122043,6fa14c3a9d93730a53e7084a1d0b0b9eac0d3fd7
kamadhenu_dataset/incoming_audio/drive/Bhagavata Saroddhara/SBS13.0.mp3,drive/Bhagavata Saroddhara,SBS13.0.mp3,.mp3,mp3 (mp3float),mp3,44100,2,32,128,3.448,-3.04,-18.15,-19.52,-41.5,27.5,0.12,0.36,0.36,0.219,0,A,[],[],[],,55169,cee94ccaf76250ce8e495997cd4289f097d12d7e
kamadhenu_dataset/incoming_audio/drive/Bhagavata Saroddhara/SBS13.1.SBS178.mp3,drive/Bhagavata Saroddhara,SBS13.1.SBS178.mp3,.mp3,mp3 (mp3float),mp3,44100,2,32,128,16.17,-0.98,-15.47,-16.84,-36.53,24.9,0.1,0.26,0.5,0.193,0,A,[],[],[],,258715,5e2df5a923e783cb972801a4806616ba1eeeec82
kamadhenu_dataset/incoming_audio/drive/Bhagavata Saroddhara/SBS13.2.SBS179.mp3,drive/Bhagavata Saroddhara,SBS13.2.SBS179.mp3,.mp3,mp3 (mp3float),mp3,44100,2,32,128,15.36,-2.02,-16.57,-17.57,-36.66,23.9,0.28,0.32,0.39,0.188,0,A,[],[],[],,245759,42b9402648e40879fccf3254819bd4647f7d34db
kamadhenu_dataset/incoming_audio/drive/Bhagavata Saroddhara/SBS13.3.SBS180.mp3,drive/Bhagavata Saroddhara,SBS13.3.SBS180.mp3,.mp3,mp3 (mp3float),mp3,44100,2,32,128,16.483,-0.58,-14.53,-15.67,-35.41,24.4,0.12,0.16,0.39,0.174,0,A,[],[],[],,263731,587014e7fdcc1c96752e84ef0c0769733289759f
kamadhenu_dataset/incoming_audio/drive/Bhagavata Saroddhara/SBS13.4.SBS181.mp3,drive/Bhagavata Saroddhara,SBS13.4.SBS181.mp3,.mp3,mp3 (mp3float),mp3,44100,2,32,128,15.047,0.15,-14.42,-15.4,-35.15,24.2,0.29,0.4,0.42,0.159,0,A,[],[],[],,240743,3a8763bcf4db94227aa3177f6f341dc008ecff04
kamadhenu_dataset/incoming_audio/drive/Bhagavata Saroddhara/SBS13.5.SBS182.mp3,drive/Bhagavata Saroddhara,SBS13.5.SBS182.mp3,.mp3,mp3 (mp3float),mp3,44100,2,32,128,15.203,-0.25,-15.15,-16.34,-35.57,24.4,0.38,0.34,0.45,0.186,0,A,[],[],[],,243251,24aafac6278a969ceac51cd2ebdc8b33c9637a31
kamadhenu_dataset/incoming_audio/drive/Bhagavata Saroddhara/SBS13.6.SBS183.mp3,drive/Bhagavata Saroddhara,SBS13.6.SBS183.mp3,.mp3,mp3 (mp3float),mp3,44100,2,32,128,16.013,-0.99,-15.5,-16.55,-36.58,24.7,0.29,0.42,0.45,0.173,0,B,"[""broadband_noise_floor""]",[],[],,256208,3260b9482883b90535ca33077ee909f1f1f76529
kamadhenu_dataset/incoming_audio/drive/Bhagavata Saroddhara/SBS13.7.SBS184.mp3,drive/Bhagavata Saroddhara,SBS13.7.SBS184.mp3,.mp3,mp3 (mp3float),mp3,44100,2,32,128,15.517,-0.35,-13.97,-15.39,-36.51,26.5,0.37,0.46,0.53,0.21,0,A,[],[],[],,248266,7e465228b498f9235cf9bbec330fc05434a19795
kamadhenu_dataset/incoming_audio/drive/Bhagavata Saroddhara/SBS13.E.mp3,drive/Bhagavata Saroddhara,SBS13.E.mp3,.mp3,mp3 (mp3float),mp3,44100,2,32,128,7.314,-0.76,-16.63,-18.54,-39.86,27.7,0.63,0.01,0.63,0.247,0,A,[],[],[],,117027,c439ab54107a6a9091e3b1026ff2e9e4187f6dcf
kamadhenu_dataset/incoming_audio/drive/Bhagavata Saroddhara/SBS14.0.mp3,drive/Bhagavata Saroddhara,SBS14.0.mp3,.mp3,mp3 (mp3float),mp3,44100,2,32,128,3.605,-2.14,-19.13,-20.57,-40.42,25.8,0.55,0.0,0.55,0.338,0,A,[],[],[],,57677,a6b92ae88df889cc013228cb4cd62d503ba7f3bd
kamadhenu_dataset/incoming_audio/drive/Bhagavata Saroddhara/SBS14.1.SBS185.mp3,drive/Bhagavata Saroddhara,SBS14.1.SBS185.mp3,.mp3,mp3 (mp3float),mp3,44100,2,32,128,15.517,0.1,-14.96,-15.9,-34.2,23.1,0.28,0.34,0.51,0.195,0,A,[],[],[],,248266,5275283f516ea6921f533e2eeed2d7963947df46
kamadhenu_dataset/incoming_audio/drive/Bhagavata Saroddhara/SBS14.2.SBS186.mp3,drive/Bhagavata Saroddhara,SBS14.2.SBS186.mp3,.mp3,mp3 (mp3float),mp3,44100,2,32,128,16.013,-0.54,-15.52,-16.26,-34.95,23.2,0.41,0.16,0.48,0.213,0,A,[],[],[],,256208,bd93d93bc5c6c1766cf1efde905667f248a84fee
kamadhenu_dataset/incoming_audio/drive/Bhagavata Saroddhara/SBS14.3.SBS187.mp3,drive/Bhagavata Saroddhara,SBS14.3.SBS187.mp3,.mp3,mp3 (mp3float),mp3,44100,2,32,128,16.823,-0.37,-14.2,-15.01,-36.19,25.3,0.32,0.13,0.55,0.188,0,A,[],[],[],,269164,0255ce8feb5ec454dd8b27d9a92a5e10bbbda0f9
kamadhenu_dataset/incoming_audio/drive/Bhagavata Saroddhara/SBS14.4.SBS188.mp3,drive/Bhagavata Saroddhara,SBS14.4.SBS188.mp3,.mp3,mp3 (mp3float),mp3,44100,2,32,128,16.013,-1.27,-15.68,-16.75,-36.15,24.2,0.24,0.23,0.42,0.182,0,A,[],[],[],,256208,60f5ebe064edfbc09b6436a23e57822d43600c47
kamadhenu_dataset/incoming_audio/drive/Bhagavata Saroddhara/SBS14.5.SBS189.mp3,drive/Bhagavata Saroddhara,SBS14.5.SBS189.mp3,.mp3,mp3 (mp3float),mp3,44100,2,32,128,16.17,-1.23,-16.13,-17.32,-36.08,23.9,0.45,0.23,0.55,0.201,0,A,[],[],[],,258715,fb56ecd0e893b380853df57e7088c29fb865abd3
kamadhenu_dataset/incoming_audio/drive/Bhagavata Saroddhara/SBS14.6.SBS190.mp3,drive/Bhagavata Saroddhara,SBS14.6.SBS190.mp3,.mp3,mp3 (mp3float),mp3,44100,2,32,128,14.733,-0.06,-14.71,-16.22,-37.34,26.9,0.21,0.16,0.59,0.184,0,A,[],[],[],,235728,047d138f08451ca201a7700b4b8494f24cc8b8f5
kamadhenu_dataset/incoming_audio/drive/Bhagavata Saroddhara/SBS14.7.SBS191.mp3,drive/Bhagavata Saroddhara,SBS14.7.SBS191.mp3,.mp3,mp3 (mp3float),mp3,44100,2,32,128,15.7,-0.21,-14.43,-15.34,-34.98,24.2,0.5,0.16,0.5,0.201,0,A,[],[],[],,251192,a951b468f1e81cc5cf50282967cc33305f36f9d8
kamadhenu_dataset/incoming_audio/drive/Bhagavata Saroddhara/SBS14.8.SBS192.mp3,drive/Bhagavata Saroddhara,SBS14.8.SBS192.mp3,.mp3,mp3 (mp3float),mp3,44100,2,32,128,15.047,0.21,-15.16,-16.13,-35.17,23.9,0.08,0.02,0.49,0.203,0,A,[],[],[],,240743,7a24ddbb9416af0826f8e90edd878235484314e3
kamadhenu_dataset/incoming_audio/drive/Bhagavata Saroddhara/SBS14.9.SBS193.mp3,drive/Bhagavata Saroddhara,SBS14.9.SBS193.mp3,.mp3,mp3 (mp3float),mp3,44100,2,32,128,17.946,-0.23,-14.34,-15.82,-36.56,25.9,0.38,0.26,0.44,0.155,0,A,[],[],[],,287137,2470d2e0b8b2c97a05762a7e3421dc4cff24b68f
kamadhenu_dataset/incoming_audio/drive/Bhagavata Saroddhara/SBS14.E.mp3,drive/Bhagavata Saroddhara,SBS14.E.mp3,.mp3,mp3 (mp3float),mp3,44100,2,32,128,6.348,-0.8,-15.71,-16.57,-36.06,24.4,0.06,0.11,0.33,0.232,0,A,[],[],[],,101563,f27a379bdc72eb82e45f9554834d13d0a9a877fc
kamadhenu_dataset/incoming_audio/drive/Bhagavata Saroddhara/SBS15.0.mp3,drive/Bhagavata Saroddhara,SBS15.0.mp3,.mp3,mp3 (mp3float),mp3,44100,2,32,128,2.952,-3.92,-17.32,-18.05,-39.79,25.8,0.5,0.04,0.5,0.201,0,A,[],[],[],,47228,0b4334f10c5e23932948710c99a3fb7fff3792a3
kamadhenu_dataset/incoming_audio/drive/Bhagavata Saroddhara/SBS15.1.SBS194.mp3,drive/Bhagavata Saroddhara,SBS15.1.SBS194.mp3,.mp3,mp3 (mp3float),mp3,44100,2,32,128,14.89,-1.25,-16.02,-16.54,-34.34,21.7,0.06,0.42,0.43,0.167,0,A,[],[],[],,238235,e4148629bc514bbb8ddbf442dee51e3c18cdbdc8
kamadhenu_dataset/incoming_audio/drive/Bhagavata Saroddhara/SBS15.2.SBS195.mp3,drive/Bhagavata Saroddhara,SBS15.2.SBS195.mp3,.mp3,mp3 (mp3float),mp3,44100,2,32,128,16.327,0.48,-14.38,-15.01,-34.15,23.6,0.48,0.32,0.49,0.201,2,A,[],[],[],,261223,252e48b1e4f8d45bfc20eb0783d851e732ffcb25
kamadhenu_dataset/incoming_audio/drive/Bhagavata Saroddhara/SBS15.3.SBS196.mp3,drive/Bhagavata Saroddhara,SBS15.3.SBS196.mp3,.mp3,mp3 (mp3float),mp3,44100,2,32,128,17.136,0.38,-15.03,-16.57,-36.93,26.0,0.14,0.23,0.48,0.18,0,A,[],[],[],,274180,4e196c230263d2127c43b327dbb0551d00a0dd46
kamadhenu_dataset/incoming_audio/drive/Bhagavata Saroddhara/SBS15.E.mp3,drive/Bhagavata Saroddhara,SBS15.E.mp3,.mp3,mp3 (mp3float),mp3,44100,2,32,128,6.034,-1.97,-17.46,-18.81,-37.48,24.5,0.11,0.15,0.34,0.223,0,A,[],[],[],,96547,3e897f825d9dadd46bb11b90f831ae660a968cd5
kamadhenu_dataset/incoming_audio/drive/Bhagavata Saroddhara/SBS16.0.mp3,drive/Bhagavata Saroddhara,SBS16.0.mp3,.mp3,mp3 (mp3float),mp3,44100,2,32,128,2.952,-1.19,-16.31,-19.12,-43.03,30.8,0.25,0.14,0.25,0.164,0,A,[],[],[],,47228,6e7cb86324ffb662f1ff80930fdff3f479876698
kamadhenu_dataset/incoming_audio/drive/Bhagavata Saroddhara/SBS16.1.SBS197.mp3,drive/Bhagavata Saroddhara,SBS16.1.SBS197.mp3,.mp3,mp3 (mp3float),mp3,44100,2,32,128,16.823,-0.17,-15.21,-16.78,-36.35,25.1,0.31,0.1,0.47,0.162,0,A,[],[],[],,269164,d69b60531d4828bf800d6f3ebc44bfd1bb7c2d30
kamadhenu_dataset/incoming_audio/drive/Bhagavata Saroddhara/SBS16.2.SBS198.mp3,drive/Bhagavata Saroddhara,SBS16.2.SBS198.mp3,.mp3,mp3 (mp3float),mp3,44100,2,32,128,14.733,-1.28,-16.34,-17.44,-36.88,24.4,0.15,0.17,0.44,0.18,0,A,[],[],[],,235728,270e28985575862b38c6f5928045aae2a92a0f5d
kamadhenu_dataset/incoming_audio/drive/Bhagavata Saroddhara/SBS16.3.SBS199.mp3,drive/Bhagavata Saroddhara,SBS16.3.SBS199.mp3,.mp3,mp3 (mp3float),mp3,44100,2,32,128,16.17,-1.58,-15.98,-16.96,-34.27,22.4,0.13,0.18,0.47,0.176,0,A,[],[],[],,258715,613d9b5a31674005c54d96e3c0d4a669e4e08e83
kamadhenu_dataset/incoming_audio/drive/Bhagavata Saroddhara/SBS16.E.mp3,drive/Bhagavata Saroddhara,SBS16.E.mp3,.mp3,mp3 (mp3float),mp3,44100,2,32,128,6.191,-1.05,-17.01,-18.21,-37.89,25.0,0.11,0.09,0.29,0.224,0,A,[],[],[],,99055,b0a2081b0bcd953babd0d92e83096ad7b243d17e
kamadhenu_dataset/incoming_audio/drive/Bhagavata Saroddhara/SBS17.0.mp3,drive/Bhagavata Saroddhara,SBS17.0.mp3,.mp3,mp3 (mp3float),mp3,44100,2,32,128,2.325,-2.82,-20.56,-22.76,-45.04,28.6,0.44,0.08,0.44,0.261,0,A,[],[],[],,37197,fd25667ca5255c6233b4df35ba17c398b4f6dc8a
kamadhenu_dataset/incoming_audio/drive/Bhagavata Saroddhara/SBS17.1.SBS200.mp3,drive/Bhagavata Saroddhara,SBS17.1.SBS200.mp3,.mp3,mp3 (mp3float),mp3,44100,2,32,128,16.823,-1.24,-15.75,-17.68,-38.17,26.4,0.17,0.25,0.47,0.151,0,A,[],[],[],,269164,37236a746605ad6104af3211cf89dc4707ad0709
kamadhenu_dataset/incoming_audio/drive/Bhagavata Saroddhara/SBS17.2.SBS201.mp3,drive/Bhagavata Saroddhara,SBS17.2.SBS201.mp3,.mp3,mp3 (mp3float),mp3,44100,2,32,128,17.136,-0.21,-14.87,-16.87,-36.92,26.3,0.28,0.22,0.45,0.172,0,A,[],[],[],,274180,dc2af40bd90b70cd44c30f707882c9392042eac8
kamadhenu_dataset/incoming_audio/drive/Bhagavata Saroddhara/SBS17.3.SBS202.mp3,drive/Bhagavata Saroddhara,SBS17.3.SBS202.mp3,.mp3,mp3 (mp3float),mp3,44100,2,32,128,15.36,-0.66,-15.97,-17.81,-39.04,27.1,0.32,0.1,0.52,0.154,0,A,[],[],[],,245759,fdf07bc201ce9ed978ee91288a4df23e34dc8784
kamadhenu_dataset/incoming_audio/drive/Bhagavata Saroddhara/SBS17.4.SBS203.mp3,drive/Bhagavata Saroddhara,SBS17.4.SBS203.mp3,.mp3,mp3 (mp3float),mp3,44100,2,32,128,15.047,-0.3,-14.28,-15.99,-37.54,27.1,0.23,0.14,0.48,0.142,0,A,[],[],[],,240743,b6eac910c79d9d931a4a9fb3691af1f0e96fb02d
kamadhenu_dataset/incoming_audio/drive/Bhagavata Saroddhara/SBS17.5.SBS204.mp3,drive/Bhagavata Saroddhara,SBS17.5.SBS204.mp3,.mp3,mp3 (mp3float),mp3,44100,2,32,128,16.013,-0.03,-13.74,-15.29,-38.46,28.1,0.46,0.25,0.47,0.145,0,A,[],[],[],,256208,aca26fb23c57e41962ac5e36cacb0c719f0204f2
kamadhenu_dataset/incoming_audio/drive/Bhagavata Saroddhara/SBS17.6.SBS205.mp3,drive/Bhagavata Saroddhara,SBS17.6.SBS205.mp3,.mp3,mp3 (mp3float),mp3,44100,2,32,128,16.17,0.25,-14.17,-16.04,-36.12,26.3,0.19,0.23,0.46,0.17,0,A,[],[],[],,258715,fc1b3382587e1cdab8c32b87819d51d4621052e4
kamadhenu_dataset/incoming_audio/drive/Bhagavata Saroddhara/SBS17.7.SBS206.mp3,drive/Bhagavata Saroddhara,SBS17.7.SBS206.mp3,.mp3,mp3 (mp3float),mp3,44100,2,32,128,17.136,0.58,-13.57,-15.37,-37.26,27.3,0.38,0.36,0.5,0.133,1,B,"[""hot_peaks""]",[],[],,274180,45202590834415419796d0a0785cf40ef4c6452d
kamadhenu_dataset/incoming_audio/drive/Bhagavata Saroddhara/SBS17.8.SBS207.mp3,drive/Bhagavata Saroddhara,SBS17.8.SBS207.mp3,.mp3,mp3 (mp3float),mp3,44100,2,32,128,16.17,0.53,-13.07,-14.69,-34.04,24.8,0.31,0.11,0.5,0.16,0,A,[],[],[],,258715,774112fabebbcd6a36788b521aa1efb2377ef1a5
kamadhenu_dataset/incoming_audio/drive/Bhagavata Saroddhara/SBS17.9.SBS208.mp3,drive/Bhagavata Saroddhara,SBS17.9.SBS208.mp3,.mp3,mp3 (mp3float),mp3,44100,2,32,128,16.666,0.48,-13.2,-14.64,-34.57,25.2,0.17,0.14,0.46,0.193,0,A,[],[],[],,266657,e50aa1ac85698c4ee29b0f38b10525bad32984b1
kamadhenu_dataset/incoming_audio/drive/Bhagavata Saroddhara/SBS17.E.mp3,drive/Bhagavata Saroddhara,SBS17.E.mp3,.mp3,mp3 (mp3float),mp3,44100,2,32,128,6.505,0.62,-15.65,-18.86,-41.61,31.1,0.51,0.28,0.51,0.245,1,A,[],[],[],,104070,2a08053878dec75e810a031e5de16e49fcfc93a4
kamadhenu_dataset/incoming_audio/drive/Bhagavata Saroddhara/SBS18.0.mp3,drive/Bhagavata Saroddhara,SBS18.0.mp3,.mp3,mp3 (mp3float),mp3,44100,2,32,128,4.101,-0.39,-15.72,-19.21,-43.54,31.9,0.27,0.17,0.27,0.159,0,A,[],[],[],,65618,842486e2afc454b086a01ee79bc42348a4fa7cae
kamadhenu_dataset/incoming_audio/drive/Bhagavata Saroddhara/SBS18.1.SBS209.mp3,drive/Bhagavata Saroddhara,SBS18.1.SBS209.mp3,.mp3,mp3 (mp3float),mp3,44100,2,32,128,19.383,0.02,-15.39,-18.37,-43.47,31.8,0.69,0.17,0.69,0.148,0,A,[],[],[],,310124,7c33f166381c84b1a57cf882900d9a76a9eda3d2
kamadhenu_dataset/incoming_audio/drive/Bhagavata Saroddhara/SBS18.10.SBS218.mp3,drive/Bhagavata Saroddhara,SBS18.10.SBS218.mp3,.mp3,mp3 (mp3float),mp3,44100,2,32,128,18.913,0.36,-13.69,-15.59,-40.13,29.9,0.3,0.19,0.5,0.15,0,A,[],[],[],,302601,ee017e743a553e99cb6a9ed12a06ff201e65e437
kamadhenu_dataset/incoming_audio/drive/Bhagavata Saroddhara/SBS18.11.SBS219.mp3,drive/Bhagavata Saroddhara,SBS18.11.SBS219.mp3,.mp3,mp3 (mp3float),mp3,44100,2,32,128,20.689,0.73,-12.8,-13.88,-34.39,25.0,0.54,0.21,0.54,0.176,5,B,"[""hot_peaks""]",[],[],,331022,ceaf18453d54ff1f486a062d8b3c55803357ff4c
kamadhenu_dataset/incoming_audio/drive/Bhagavata Saroddhara/SBS18.12.SBS220.mp3,drive/Bhagavata Saroddhara,SBS18.12.SBS220.mp3,.mp3,mp3 (mp3float),mp3,44100,2,32,128,17.136,-0.16,-14.21,-14.97,-35.62,24.8,0.43,0.09,0.43,0.184,0,A,[],[],[],,274180,f804bee1a1abde1497a0a1b6f012cfa95b1ad620
kamadhenu_dataset/incoming_audio/drive/Bhagavata Saroddhara/SBS18.13.SBS221.mp3,drive/Bhagavata Saroddhara,SBS18.13.SBS221.mp3,.mp3,mp3 (mp3float),mp3,44100,2,32,128,16.98,-0.27,-14.06,-16.14,-37.8,27.9,0.38,0.02,0.48,0.174,0,A,[],[],[],,271672,a4ca7c35add08541c9f665908e7449d50a664df4
kamadhenu_dataset/incoming_audio/drive/Bhagavata Saroddhara/SBS18.2.SBS210.mp3,drive/Bhagavata Saroddhara,SBS18.2.SBS210.mp3,.mp3,mp3 (mp3float),mp3,44100,2,32,128,15.517,-0.2,-14.94,-16.95,-40.88,29.7,0.07,0.19,0.55,0.154,0,A,[],[],[],,248266,255ced5c6c58a8b3890c1261339ecb86a079c00b
kamadhenu_dataset/incoming_audio/drive/Bhagavata Saroddhara/SBS18.3.SBS211.mp3,drive/Bhagavata Saroddhara,SBS18.3.SBS211.mp3,.mp3,mp3 (mp3float),mp3,44100,2,32,128,14.55,-0.45,-15.66,-18.18,-42.95,31.2,0.34,0.14,0.36,0.162,0,A,[],[],[],,232802,3d0a2f9d4538267dbb0e8d4959016a70e03cacba
kamadhenu_dataset/incoming_audio/drive/Bhagavata Saroddhara/SBS18.4.SBS212.mp3,drive/Bhagavata Saroddhara,SBS18.4.SBS212.mp3,.mp3,mp3 (mp3float),mp3,44100,2,32,128,16.013,0.25,-15.21,-18.8,-47.21,35.9,0.25,0.21,0.42,0.141,0,A,[],[],[],,256208,d5cce737c291be08491808eac2d03c5da8b674b5
kamadhenu_dataset/incoming_audio/drive/Bhagavata Saroddhara/SBS18.5.SBS213.mp3,drive/Bhagavata Saroddhara,SBS18.5.SBS213.mp3,.mp3,mp3 (mp3float),mp3,44100,2,32,128,17.633,-0.82,-15.11,-16.25,-36.04,24.9,0.06,0.09,0.43,0.177,0,A,[],[],[],,282121,530303d87fb1ffc386a19292777f3f1a9b226595
kamadhenu_dataset/incoming_audio/drive/Bhagavata Saroddhara/SBS18.6.SBS214.mp3,drive/Bhagavata Saroddhara,SBS18.6.SBS214.mp3,.mp3,mp3 (mp3float),mp3,44100,2,32,128,15.517,-1.04,-15.87,-17.08,-37.56,25.4,0.08,0.19,0.47,0.14,0,A,[],[],[],,248266,9704e175ae81cb6d9fa9b0afb8096990fb6fd0dd
kamadhenu_dataset/incoming_audio/drive/Bhagavata Saroddhara/SBS18.7.SBS215.mp3,drive/Bhagavata Saroddhara,SBS18.7.SBS215.mp3,.mp3,mp3 (mp3float),mp3,44100,2,32,128,17.45,-1.95,-16.6,-18.16,-41.38,28.4,0.08,0.21,0.38,0.141,0,A,[],[],[],,279195,88fe8a9052347aaf0abcf4e6c99f83e454e7eca1
kamadhenu_dataset/incoming_audio/drive/Bhagavata Saroddhara/SBS18.8.SBS216.mp3,drive/Bhagavata Saroddhara,SBS18.8.SBS216.mp3,.mp3,mp3 (mp3float),mp3,44100,2,32,128,16.17,0.03,-14.96,-16.8,-40.77,29.5,0.27,0.1,0.48,0.126,0,A,[],[],[],,258715,16adcd8c89404c5a84882ddc18112e43036e889e
kamadhenu_dataset/incoming_audio/drive/Bhagavata Saroddhara/SBS18.9.SBS217.mp3,drive/Bhagavata Saroddhara,SBS18.9.SBS217.mp3,.mp3,mp3 (mp3float),mp3,44100,2,32,128,15.203,-0.93,-15.31,-16.58,-38.91,27.3,0.07,0.14,0.45,0.17,0,A,[],[],[],,243251,c65f5214a8c33ad2caa1cd6b14b1a40d5387a1ce
kamadhenu_dataset/incoming_audio/drive/Bhagavata Saroddhara/SBS18.E.mp3,drive/Bhagavata Saroddhara,SBS18.E.mp3,.mp3,mp3 (mp3float),mp3,44100,2,32,128,7.471,-1.03,-15.01,-16.5,-38.04,27.5,0.06,0.07,0.4,0.224,0,A,[],[],[],,119535,2a3e9047b4759659edac017c8f8fa0564ec44853
kamadhenu_dataset/incoming_audio/drive/Bhagavata Saroddhara/SBS19.0.mp3,drive/Bhagavata Saroddhara,SBS19.0.mp3,.mp3,mp3 (mp3float),mp3,44100,2,32,128,2.795,-2.41,-18.36,-20.33,-42.48,28.1,0.41,0.14,0.41,0.266,0,A,[],[],[],,44720,9feff368a3d8685884a65b2a46c9e9ce76f1c070
kamadhenu_dataset/incoming_audio/drive/Bhagavata Saroddhara/SBS19.1.SBS222.mp3,drive/Bhagavata Saroddhara,SBS19.1.SBS222.mp3,.mp3,mp3 (mp3float),mp3,44100,2,32,128,16.666,-1.65,-15.72,-17.18,-39.25,27.5,0.54,0.14,0.62,0.165,0,A,[],[],[],,266657,a0ad2becddb3256feec5da01af50f886d51327a5
kamadhenu_dataset/incoming_audio/drive/Bhagavata Saroddhara/SBS19.10.SBS231.mp3,drive/Bhagavata Saroddhara,SBS19.10.SBS231.mp3,.mp3,mp3 (mp3float),mp3,44100,2,32,128,15.517,-2.17,-16.42,-17.72,-40.46,27.7,0.42,0.06,0.42,0.139,0,A,[],[],[],,248266,39af27f1eadafc4c5b88ee47d199bd2cf150c381
kamadhenu_dataset/incoming_audio/drive/Bhagavata Saroddhara/SBS19.11.SBS232.mp3,drive/Bhagavata Saroddhara,SBS19.11.SBS232.mp3,.mp3,mp3 (mp3float),mp3,44100,2,32,128,17.789,-1.13,-15.26,-16.77,-37.39,26.0,0.27,0.15,0.48,0.177,0,A,[],[],[],,284629,9762f2f089cdd3caf10cc2e9a082843fada44b2a
kamadhenu_dataset/incoming_audio/drive/Bhagavata Saroddhara/SBS19.12.SBS233.mp3,drive/Bhagavata Saroddhara,SBS19.12.SBS233.mp3,.mp3,mp3 (mp3float),mp3,44100,2,32,128,15.047,-2.27,-16.42,-17.68,-36.78,24.3,0.35,0.03,0.47,0.168,0,A,[],[],[],,240743,3af4d2a31daffbf71e680952a680fc2ce32135c6
kamadhenu_dataset/incoming_audio/drive/Bhagavata Saroddhara/SBS19.13.SBS234.mp3,drive/Bhagavata Saroddhara,SBS19.13.SBS234.mp3,.mp3,mp3 (mp3float),mp3,44100,2,32,128,16.823,-1.37,-14.61,-16.07,-37.33,26.6,0.42,0.16,0.53,0.189,0,A,[],[],[],,269164,cb60f8a1ce65ec3d323dcd97c7e3de5ff35f1495
kamadhenu_dataset/incoming_audio/drive/Bhagavata Saroddhara/SBS19.14.SBS235.mp3,drive/Bhagavata Saroddhara,SBS19.14.SBS235.mp3,.mp3,mp3 (mp3float),mp3,44100,2,32,128,15.517,0.39,-13.49,-14.86,-37.49,27.6,0.47,0.21,0.47,0.149,0,A,[],[],[],,248266,13cba85eae2c4b3fdd62b30807fe6cf7e5d16ed8
kamadhenu_dataset/incoming_audio/drive/Bhagavata Saroddhara/SBS19.15.SBS236.mp3,drive/Bhagavata Saroddhara,SBS19.15.SBS236.mp3,.mp3,mp3 (mp3float),mp3,44100,2,32,128,16.17,-0.53,-14.78,-16.66,-37.69,26.8,0.43,0.0,0.46,0.17,0,A,[],[],[],,258715,359e56e7b537459f74d583e25c95d330a9148e1f
kamadhenu_dataset/incoming_audio/drive/Bhagavata Saroddhara/SBS19.2.SBS223.mp3,drive/Bhagavata Saroddhara,SBS19.2.SBS223.mp3,.mp3,mp3 (mp3float),mp3,44100,2,32,128,19.226,-0.74,-14.71,-16.53,-38.63,27.9,0.98,0.12,0.98,0.171,0,A,[],[],[],,307617,71e783dc41c9792a04bbe0ee9a42c164f22feb96
kamadhenu_dataset/incoming_audio/drive/Bhagavata Saroddhara/SBS19.3.SBS224.mp3,drive/Bhagavata Saroddhara,SBS19.3.SBS224.mp3,.mp3,mp3 (mp3float),mp3,44100,2,32,128,18.416,-2.19,-16.57,-17.79,-37.8,24.9,0.43,0.19,0.45,0.165,0,A,[],[],[],,294660,0c87f76f9554ffdacb4a5ab3dc5976283e670503
kamadhenu_dataset/incoming_audio/drive/Bhagavata Saroddhara/SBS19.4.SBS225.mp3,drive/Bhagavata Saroddhara,SBS19.4.SBS225.mp3,.mp3,mp3 (mp3float),mp3,44100,2,32,128,17.633,-1.17,-14.64,-15.61,-34.7,23.7,0.44,0.16,0.44,0.178,0,A,[],[],[],,282121,aed2b80a70e218cd03fd81e6c624624801bb6ef7
kamadhenu_dataset/incoming_audio/drive/Bhagavata Saroddhara/SBS19.5.SBS226.mp3,drive/Bhagavata Saroddhara,SBS19.5.SBS226.mp3,.mp3,mp3 (mp3float),mp3,44100,2,32,128,15.7,-2.36,-16.53,-17.91,-39.8,27.4,0.27,0.05,0.45,0.173,0,A,[],[],[],,251192,c2121a8db5eac1a22051c9b62ac90a114059093f
kamadhenu_dataset/incoming_audio/drive/Bhagavata Saroddhara/SBS19.6.SBS227.mp3,drive/Bhagavata Saroddhara,SBS19.6.SBS227.mp3,.mp3,mp3 (mp3float),mp3,44100,2,32,128,15.856,-0.55,-14.62,-16.28,-36.96,26.3,0.49,0.01,0.49,0.155,0,A,[],[],[],,253700,b6a6f70fd4ca36c75ff26edc592ee212a0066c02
kamadhenu_dataset/incoming_audio/drive/Bhagavata Saroddhara/SBS19.7.SBS228.mp3,drive/Bhagavata Saroddhara,SBS19.7.SBS228.mp3,.mp3,mp3 (mp3float),mp3,44100,2,32,128,18.913,-0.55,-14.76,-16.43,-37.85,27.0,0.49,0.15,0.52,0.165,0,A,[],[],[],,302601,49870ee5b2b56070fabba932ef22d780b717bdf3
kamadhenu_dataset/incoming_audio/drive/Bhagavata Saroddhara/SBS19.8.SBS229.mp3,drive/Bhagavata Saroddhara,SBS19.8.SBS229.mp3,.mp3,mp3 (mp3float),mp3,44100,2,32,128,16.483,-2.19,-16.5,-18.07,-37.22,24.9,0.41,0.05,0.58,0.149,0,A,[],[],[],,263731,1d3ee2f117da727fabe0ed3957276699acc436ec
kamadhenu_dataset/incoming_audio/drive/Bhagavata Saroddhara/SBS19.9.SBS230.mp3,drive/Bhagavata Saroddhara,SBS19.9.SBS230.mp3,.mp3,mp3 (mp3float),mp3,44100,2,32,128,18.103,0.45,-13.82,-15.8,-37.68,28.0,0.49,0.15,0.49,0.173,2,A,[],[],[],,289644,429d6c7aca6c6a9bfa759cbf6b463bf864efaa78
kamadhenu_dataset/incoming_audio/drive/Bhagavata Saroddhara/SBS19.E.mp3,drive/Bhagavata Saroddhara,SBS19.E.mp3,.mp3,mp3 (mp3float),mp3,44100,2,32,128,6.505,-3.02,-17.02,-19.31,-41.43,28.9,0.52,0.05,0.52,0.222,0,A,[],[],[],,104070,afcb5a4f947513ad4398d5010954e855deabd5f7
kamadhenu_dataset/incoming_audio/drive/Bhagavata Saroddhara/SBS2.0.mp3,drive/Bhagavata Saroddhara,SBS2.0.mp3,.mp3,mp3 (mp3float),mp3,44100,2,32,128,3.135,-1.82,-18.77,-24.07,-64.98,50.8,0.3,0.01,0.54,0.286,0,A,[],[],[],,50154,e698b841a11022bba9abeaa664a8d96ea37ccb76
kamadhenu_dataset/incoming_audio/drive/Bhagavata Saroddhara/SBS2.1.SBS17.mp3,drive/Bhagavata Saroddhara,SBS2.1.SBS17.mp3,.mp3,mp3 (mp3float),mp3,44100,2,32,128,16.98,-0.66,-15.59,-18.78,-50.52,38.8,1.1,0.08,1.1,0.141,0,A,[],[],[],,271672,ed799bb1205be093841ae9b3348a9c271e9e77dc
kamadhenu_dataset/incoming_audio/drive/Bhagavata Saroddhara/SBS2.10.SBS26.mp3,drive/Bhagavata Saroddhara,SBS2.10.SBS26.mp3,.mp3,mp3 (mp3float),mp3,44100,2,32,128,16.666,0.35,-13.95,-16.49,-41.52,32.0,0.72,0.22,0.72,0.209,0,A,[],[],[],,266657,1fe0540fbf8354a47d38f5bee55f523987be6f58
kamadhenu_dataset/incoming_audio/drive/Bhagavata Saroddhara/SBS2.11.SBS27.mp3,drive/Bhagavata Saroddhara,SBS2.11.SBS27.mp3,.mp3,mp3 (mp3float),mp3,44100,2,32,128,17.293,-0.66,-14.28,-16.03,-40.15,29.6,0.45,0.06,0.61,0.177,0,A,[],[],[],,276688,9887dfa470095d5f52174e7de86f5add15439a8f
kamadhenu_dataset/incoming_audio/drive/Bhagavata Saroddhara/SBS2.12.SBS28.mp3,drive/Bhagavata Saroddhara,SBS2.12.SBS28.mp3,.mp3,mp3 (mp3float),mp3,44100,2,32,128,16.327,-0.14,-15.1,-16.56,-38.82,27.4,0.44,0.15,0.46,0.154,0,A,[],[],[],,261223,bc2a2663d361aa0dfb7af893e42dd18fbd16e51d
kamadhenu_dataset/incoming_audio/drive/Bhagavata Saroddhara/SBS2.13.SBS29.mp3,drive/Bhagavata Saroddhara,SBS2.13.SBS29.mp3,.mp3,mp3 (mp3float),mp3,44100,2,32,128,17.293,-0.57,-15.63,-17.38,-40.2,28.6,0.56,0.16,0.92,0.184,0,A,[],[],[],,276688,800af402f48329a8c7e9f9bd743fa52c6aee347a
kamadhenu_dataset/incoming_audio/drive/Bhagavata Saroddhara/SBS2.14.SBS30.mp3,drive/Bhagavata Saroddhara,SBS2.14.SBS30.mp3,.mp3,mp3 (mp3float),mp3,44100,2,32,128,16.327,-0.66,-16.03,-17.53,-39.76,27.9,0.68,0.06,0.68,0.207,0,A,[],[],[],,261223,4fe0549f43ce8624ee4916ca99b2539946cf0418
kamadhenu_dataset/incoming_audio/drive/Bhagavata Saroddhara/SBS2.2.SBS18.mp3,drive/Bhagavata Saroddhara,SBS2.2.SBS18.mp3,.mp3,mp3 (mp3float),mp3,44100,2,32,128,15.7,-1.06,-16.4,-19.24,-47.13,34.6,1.08,0.17,1.08,0.14,0,A,[],[],[],,251192,3e428ecc64d8e8279f1aa48fc5cfdafee9ff1c7a
kamadhenu_dataset/incoming_audio/drive/Bhagavata Saroddhara/SBS2.3.SBS19.mp3,drive/Bhagavata Saroddhara,SBS2.3.SBS19.mp3,.mp3,mp3 (mp3float),mp3,44100,2,32,128,17.136,-1.22,-15.16,-18.67,-49.1,38.0,1.31,0.03,1.31,0.123,0,A,[],[],[],,274180,9a25cd473fd461b8bb677b4cff555b00083e536e
kamadhenu_dataset/incoming_audio/drive/Bhagavata Saroddhara/SBS2.4.SBS20.mp3,drive/Bhagavata Saroddhara,SBS2.4.SBS20.mp3,.mp3,mp3 (mp3float),mp3,44100,2,32,128,17.136,-1.24,-14.99,-17.2,-43.88,32.9,0.68,0.07,0.68,0.132,0,A,[],[],[],,274180,0d82201feb080d0f14af2a1646e789b958c3d416
kamadhenu_dataset/incoming_audio/drive/Bhagavata Saroddhara/SBS2.5.SBS21.mp3,drive/Bhagavata Saroddhara,SBS2.5.SBS21.mp3,.mp3,mp3 (mp3float),mp3,44100,2,32,128,18.103,-0.46,-15.33,-18.81,-49.49,38.5,1.12,0.24,1.12,0.143,0,A,[],[],[],,289644,929d2e2af9e7bc36271f6e5d54d6763acee1f21d
kamadhenu_dataset/incoming_audio/drive/Bhagavata Saroddhara/SBS2.6.SBS22.mp3,drive/Bhagavata Saroddhara,SBS2.6.SBS22.mp3,.mp3,mp3 (mp3float),mp3,44100,2,32,128,17.293,-0.65,-14.6,-16.65,-41.44,31.0,1.06,0.0,1.06,0.15,0,A,[],[],[],,276688,5ec9b109bbee6cc4ec12be42f6e69ec5d799c34e
kamadhenu_dataset/incoming_audio/drive/Bhagavata Saroddhara/SBS2.7.SBS23.mp3,drive/Bhagavata Saroddhara,SBS2.7.SBS23.mp3,.mp3,mp3 (mp3float),mp3,44100,2,32,128,17.45,-0.49,-16.31,-19.63,-49.79,37.3,1.13,0.11,1.13,0.144,0,A,[],[],[],,279195,a102cc6eb9f862c1a997fbef46ffc8f3cc49b2c8
kamadhenu_dataset/incoming_audio/drive/Bhagavata Saroddhara/SBS2.8.SBS24.mp3,drive/Bhagavata Saroddhara,SBS2.8.SBS24.mp3,.mp3,mp3 (mp3float),mp3,44100,2,32,128,17.45,-1.04,-15.37,-18.05,-43.8,32.6,0.88,0.12,0.88,0.137,0,A,[],[],[],,279195,16226aabd7a9316baf830f1b9b6eaa42aff40e9d
kamadhenu_dataset/incoming_audio/drive/Bhagavata Saroddhara/SBS2.9.SBS25.mp3,drive/Bhagavata Saroddhara,SBS2.9.SBS25.mp3,.mp3,mp3 (mp3float),mp3,44100,2,32,128,17.45,-0.14,-15.14,-16.54,-40.22,28.2,0.63,0.16,0.66,0.155,0,A,[],[],[],,279195,8da8955c817d2a662570de764e870e8ee8f53399
kamadhenu_dataset/incoming_audio/drive/Bhagavata Saroddhara/SBS2.E.mp3,drive/Bhagavata Saroddhara,SBS2.E.mp3,.mp3,mp3 (mp3float),mp3,44100,2,32,128,7.628,-0.8,-17.38,-19.03,-41.51,28.8,0.79,0.16,0.79,0.329,0,A,[],[],[],,122043,c952843635ecc89a9e66cb0a72c50f876c20a957
kamadhenu_dataset/incoming_audio/drive/Bhagavata Saroddhara/SBS20.0.mp3,drive/Bhagavata Saroddhara,SBS20.0.mp3,.mp3,mp3 (mp3float),mp3,44100,2,32,128,3.605,-1.88,-16.7,-18.31,-42.67,30.2,0.65,0.15,0.65,0.268,0,A,[],[],[],,57677,ea183fc7b5afe86167db6410bdce3d5627f79caf
kamadhenu_dataset/incoming_audio/drive/Bhagavata Saroddhara/SBS20.1.SBS237.mp3,drive/Bhagavata Saroddhara,SBS20.1.SBS237.mp3,.mp3,mp3 (mp3float),mp3,44100,2,32,128,16.666,0.94,-12.37,-14.93,-45.88,36.9,0.73,0.16,0.73,0.125,13,B,"[""hot_peaks""]",[],[],,266657,63c8c15683defd5d6123d05751ddba2918b80221
kamadhenu_dataset/incoming_audio/drive/Bhagavata Saroddhara/SBS20.10.SBS246.mp3,drive/Bhagavata Saroddhara,SBS20.10.SBS246.mp3,.mp3,mp3 (mp3float),mp3,44100,2,32,128,16.327,0.27,-14.03,-15.31,-34.12,24.0,0.19,0.17,0.47,0.159,0,A,[],[],[],,261223,09038e61372dec49453941b1dc93de123cb0a4f6
kamadhenu_dataset/incoming_audio/drive/Bhagavata Saroddhara/SBS20.11.SBS247.mp3,drive/Bhagavata Saroddhara,SBS20.11.SBS247.mp3,.mp3,mp3 (mp3float),mp3,44100,2,32,128,18.416,0.0,-14.94,-15.91,-34.53,23.2,0.22,0.27,0.47,0.177,0,A,[],[],[],,294660,93de36f6868f5ce729425d411810ea3db47070d9
kamadhenu_dataset/incoming_audio/drive/Bhagavata Saroddhara/SBS20.12.SBS248.mp3,drive/Bhagavata Saroddhara,SBS20.12.SBS248.mp3,.mp3,mp3 (mp3float),mp3,44100,2,32,128,18.103,0.46,-13.84,-15.26,-34.83,25.0,0.5,0.58,0.58,0.173,0,A,[],[],[],,289644,aba588953e1155c4ac409846240b75fc4ca95383
kamadhenu_dataset/incoming_audio/drive/Bhagavata Saroddhara/SBS20.13.SBS249.mp3,drive/Bhagavata Saroddhara,SBS20.13.SBS249.mp3,.mp3,mp3 (mp3float),mp3,44100,2,32,128,17.136,0.0,-14.07,-15.0,-32.83,22.7,0.44,0.24,0.49,0.164,0,A,[],[],[],,274180,d263e44296286fbf55e68a2e91e5de6466dac9c1
kamadhenu_dataset/incoming_audio/drive/Bhagavata Saroddhara/SBS20.14.SBS250.mp3,drive/Bhagavata Saroddhara,SBS20.14.SBS250.mp3,.mp3,mp3 (mp3float),mp3,44100,2,32,128,15.7,0.06,-14.46,-15.69,-33.98,23.4,0.31,0.22,0.41,0.157,0,A,[],[],[],,251192,85f5112c240e3ee34185c79757d08962574d5e9d
kamadhenu_dataset/incoming_audio/drive/Bhagavata Saroddhara/SBS20.15.SBS251.mp3,drive/Bhagavata Saroddhara,SBS20.15.SBS251.mp3,.mp3,mp3 (mp3float),mp3,44100,2,32,128,16.98,0.56,-12.88,-14.05,-34.15,24.8,0.73,0.32,0.73,0.14,0,A,[],[],[],,271672,d65d1ba431f548c255b346dc2119fdeb6531bc8c
kamadhenu_dataset/incoming_audio/drive/Bhagavata Saroddhara/SBS20.16.SBS252.mp3,drive/Bhagavata Saroddhara,SBS20.16.SBS252.mp3,.mp3,mp3 (mp3float),mp3,44100,2,32,128,16.666,1.28,-12.76,-13.84,-34.45,25.3,0.33,0.47,0.47,0.15,2,B,"[""hot_peaks""]",[],[],,266657,6ad4b160fa3fe20853fa9c01388b3d2b1f500554
kamadhenu_dataset/incoming_audio/drive/Bhagavata Saroddhara/SBS20.17.SBS253.mp3,drive/Bhagavata Saroddhara,SBS20.17.SBS253.mp3,.mp3,mp3 (mp3float),mp3,44100,2,32,128,16.98,0.85,-13.28,-14.59,-38.22,28.6,0.63,0.54,0.63,0.129,2,A,[],[],[],,271672,33b26beab38874437a0ee8a91bbd5c9a1c832d03
kamadhenu_dataset/incoming_audio/drive/Bhagavata Saroddhara/SBS20.18.SBS254.mp3,drive/Bhagavata Saroddhara,SBS20.18.SBS254.mp3,.mp3,mp3 (mp3float),mp3,44100,2,32,128,17.136,0.17,-15.92,-17.79,-39.28,27.0,0.64,0.47,0.64,0.146,0,A,[],[],[],,274180,2d7cb6e700180266eb139ab8d798a05d448621d7
kamadhenu_dataset/incoming_audio/drive/Bhagavata Saroddhara/SBS20.19.SBS255.mp3,drive/Bhagavata Saroddhara,SBS20.19.SBS255.mp3,.mp3,mp3 (mp3float),mp3,44100,2,32,128,16.17,0.42,-13.45,-15.27,-37.47,28.0,0.35,0.47,0.47,0.154,0,A,[],[],[],,258715,5e253456d0fb7fa3647976c519dfe5f8d875de5b
kamadhenu_dataset/incoming_audio/drive/Bhagavata Saroddhara/SBS20.2.SBS238.mp3,drive/Bhagavata Saroddhara,SBS20.2.SBS238.mp3,.mp3,mp3 (mp3float),mp3,44100,2,32,128,15.7,-1.67,-16.16,-17.76,-38.85,26.6,0.59,0.23,0.59,0.166,0,A,[],[],[],,251192,a142e0b0ad91a83bbb74792e1a899d8cf4acaf43
kamadhenu_dataset/incoming_audio/drive/Bhagavata Saroddhara/SBS20.20.SBS256.mp3,drive/Bhagavata Saroddhara,SBS20.20.SBS256.mp3,.mp3,mp3 (mp3float),mp3,44100,2,32,128,17.946,0.23,-13.79,-16.04,-39.63,29.9,0.52,0.3,0.52,0.158,0,A,[],[],[],,287137,7c5667edc784cc5cd6ced2ddb42cc41d1d250f94
kamadhenu_dataset/incoming_audio/drive/Bhagavata Saroddhara/SBS20.21.SBS257.mp3,drive/Bhagavata Saroddhara,SBS20.21.SBS257.mp3,.mp3,mp3 (mp3float),mp3,44100,2,32,128,17.136,0.57,-13.15,-15.05,-40.53,31.2,0.61,0.2,0.61,0.137,5,A,[],[],[],,274180,c0ef7b3b8f0257c0e2e3d1350c9637e44d1ae33d
kamadhenu_dataset/incoming_audio/drive/Bhagavata Saroddhara/SBS20.22.SBS258.mp3,drive/Bhagavata Saroddhara,SBS20.22.SBS258.mp3,.mp3,mp3 (mp3float),mp3,44100,2,32,128,18.26,0.14,-14.62,-16.28,-40.53,29.4,0.71,0.45,0.71,0.14,0,A,[],[],[],,292152,2523d5ca5c2992627a36edebe3fe95a57b7b1379
kamadhenu_dataset/incoming_audio/drive/Bhagavata Saroddhara/SBS20.23.SBS259.mp3,drive/Bhagavata Saroddhara,SBS20.23.SBS259.mp3,.mp3,mp3 (mp3float),mp3,44100,2,32,128,17.45,-0.25,-15.02,-16.59,-37.15,25.8,0.19,0.37,0.37,0.147,0,A,[],[],[],,279195,141852459a5d4b71ccdce94366f513d0e7a83a0a
kamadhenu_dataset/incoming_audio/drive/Bhagavata Saroddhara/SBS20.24.SBS260.mp3,drive/Bhagavata Saroddhara,SBS20.24.SBS260.mp3,.mp3,mp3 (mp3float),mp3,44100,2,32,128,16.327,-0.13,-15.1,-16.82,-37.6,26.4,0.37,0.1,0.37,0.148,0,A,[],[],[],,261223,3970af6efab12233910fe27c8b69effa7cb4c8f3
kamadhenu_dataset/incoming_audio/drive/Bhagavata Saroddhara/SBS20.25.SBS261.mp3,drive/Bhagavata Saroddhara,SBS20.25.SBS261.mp3,.mp3,mp3 (mp3float),mp3,44100,2,32,128,16.98,0.33,-14.83,-16.48,-38.93,28.2,0.52,0.46,0.52,0.161,0,A,[],[],[],,271672,9a4dda110bcd5ae029b947bea9e25a2115998caa
kamadhenu_dataset/incoming_audio/drive/Bhagavata Saroddhara/SBS20.26.SBS262.mp3,drive/Bhagavata Saroddhara,SBS20.26.SBS262.mp3,.mp3,mp3 (mp3float),mp3,44100,2,32,128,17.293,0.22,-13.06,-14.97,-39.64,30.0,0.53,0.48,0.53,0.134,1,A,[],[],[],,276688,90ee560c13acd6e17e46353719188cd88513ecd7
kamadhenu_dataset/incoming_audio/drive/Bhagavata Saroddhara/SBS20.27.SBS263.mp3,drive/Bhagavata Saroddhara,SBS20.27.SBS263.mp3,.mp3,mp3 (mp3float),mp3,44100,2,32,128,18.416,-0.18,-13.88,-16.05,-40.29,30.3,0.56,0.42,0.56,0.142,0,A,[],[],[],,294660,1cf06fe28c1d22d822e27d8ad1d073af7e2e0e11
kamadhenu_dataset/incoming_audio/drive/Bhagavata Saroddhara/SBS20.28.SBS264.mp3,drive/Bhagavata Saroddhara,SBS20.28.SBS264.mp3,.mp3,mp3 (mp3float),mp3,44100,2,32,128,18.103,-0.12,-15.16,-17.0,-40.06,28.8,0.73,0.37,0.73,0.148,0,A,[],[],[],,289644,35e0b933b4299c62e1df1deb1658be86ae87d54a
kamadhenu_dataset/incoming_audio/drive/Bhagavata Saroddhara/SBS20.29.SBS265.mp3,drive/Bhagavata Saroddhara,SBS20.29.SBS265.mp3,.mp3,mp3 (mp3float),mp3,44100,2,32,128,17.633,0.06,-16.33,-17.96,-39.98,27.2,0.7,0.13,0.7,0.154,1,A,[],[],[],,282121,9b1b331344abbc5278921006ccda6b1556bc3fd0
kamadhenu_dataset/incoming_audio/drive/Bhagavata Saroddhara/SBS20.3.SBS239.mp3,drive/Bhagavata Saroddhara,SBS20.3.SBS239.mp3,.mp3,mp3 (mp3float),mp3,44100,2,32,128,16.17,-2.77,-16.43,-17.23,-35.8,23.0,0.22,0.22,0.46,0.16,0,A,[],[],[],,258715,42e1716b6a2e6d65724c4e9ba43f8c33ae3a3ccc
kamadhenu_dataset/incoming_audio/drive/Bhagavata Saroddhara/SBS20.30.SBS266.mp3,drive/Bhagavata Saroddhara,SBS20.30.SBS266.mp3,.mp3,mp3 (mp3float),mp3,44100,2,32,128,17.293,0.46,-13.04,-15.39,-40.7,31.7,0.56,0.47,0.56,0.164,1,A,[],[],[],,276688,27471c985d4920cd4c599d630ed6f7d2b44493ce
kamadhenu_dataset/incoming_audio/drive/Bhagavata Saroddhara/SBS20.31.SBS267.mp3,drive/Bhagavata Saroddhara,SBS20.31.SBS267.mp3,.mp3,mp3 (mp3float),mp3,44100,2,32,128,17.789,0.32,-14.49,-16.37,-40.24,29.3,0.64,0.3,0.68,0.158,0,A,[],[],[],,284629,46b7e780922597f8b6470acdd88a26feab1ea52e
kamadhenu_dataset/incoming_audio/drive/Bhagavata Saroddhara/SBS20.32.SBS268.mp3,drive/Bhagavata Saroddhara,SBS20.32.SBS268.mp3,.mp3,mp3 (mp3float),mp3,44100,2,32,128,18.103,-0.02,-14.28,-15.41,-35.99,25.4,0.32,0.25,0.51,0.147,0,A,[],[],[],,289644,f6ff64ac6a22f1cf05af888e3501a95b0fca2716
kamadhenu_dataset/incoming_audio/drive/Bhagavata Saroddhara/SBS20.33.SBS269.mp3,drive/Bhagavata Saroddhara,SBS20.33.SBS269.mp3,.mp3,mp3 (mp3float),mp3,44100,2,32,128,16.823,0.18,-15.03,-16.84,-38.9,27.9,0.59,0.29,0.59,0.184,0,A,[],[],[],,269164,1ce4a4f8225a8612cd2fd57509b172ec3efbee31
kamadhenu_dataset/incoming_audio/drive/Bhagavata Saroddhara/SBS20.34.SBS270.mp3,drive/Bhagavata Saroddhara,SBS20.34.SBS270.mp3,.mp3,mp3 (mp3float),mp3,44100,2,32,128,18.103,-0.3,-15.16,-16.91,-38.75,27.5,0.47,0.23,0.47,0.154,0,A,[],[],[],,289644,82a86683a5d2f897ceebe91907c6cf2c4d52ef28
kamadhenu_dataset/incoming_audio/drive/Bhagavata Saroddhara/SBS20.35.SBS271.mp3,drive/Bhagavata Saroddhara,SBS20.35.SBS271.mp3,.mp3,mp3 (mp3float),mp3,44100,2,32,128,18.416,-0.09,-15.17,-17.08,-40.02,28.7,0.98,0.49,0.98,0.173,0,A,[],[],[],,294660,ffb85b0b9dfa1b01545243632d3ed5960a915c00
kamadhenu_dataset/incoming_audio/drive/Bhagavata Saroddhara/SBS20.36.SBS272.mp3,drive/Bhagavata Saroddhara,SBS20.36.SBS272.mp3,.mp3,mp3 (mp3float),mp3,44100,2,32,128,18.26,0.06,-15.4,-16.9,-38.43,26.7,0.45,0.32,0.49,0.184,0,A,[],[],[],,292152,442036bbc277f30bd28f8dafd38ba042e3ba11aa
kamadhenu_dataset/incoming_audio/drive/Bhagavata Saroddhara/SBS20.37.SBS273.mp3,drive/Bhagavata Saroddhara,SBS20.37.SBS273.mp3,.mp3,mp3 (mp3float),mp3,44100,2,32,128,15.856,0.54,-14.38,-16.11,-35.52,25.1,0.61,0.26,0.61,0.15,0,A,[],[],[],,253700,704a6ea457d8a4ffefcd92ec92010889ba6dad27
kamadhenu_dataset/incoming_audio/drive/Bhagavata Saroddhara/SBS20.38.SBS274.mp3,drive/Bhagavata Saroddhara,SBS20.38.SBS274.mp3,.mp3,mp3 (mp3float),mp3,44100,2,32,128,15.203,-1.7,-16.07,-17.53,-41.38,29.1,0.51,0.45,0.51,0.145,0,A,[],[],[],,243251,5fe3aa27443302eca870b39b17077c7f41f5a188
kamadhenu_dataset/incoming_audio/drive/Bhagavata Saroddhara/SBS20.39.SBS275.mp3,drive/Bhagavata Saroddhara,SBS20.39.SBS275.mp3,.mp3,mp3 (mp3float),mp3,44100,2,32,128,19.383,-0.7,-14.95,-16.4,-38.04,26.7,0.49,0.23,0.52,0.153,0,A,[],[],[],,310124,0e93f11078d1dab4327f96aa9938209d339c4be5
kamadhenu_dataset/incoming_audio/drive/Bhagavata Saroddhara/SBS20.4.SBS240.mp3,drive/Bhagavata Saroddhara,SBS20.4.SBS240.mp3,.mp3,mp3 (mp3float),mp3,44100,2,32,128,17.946,-0.61,-14.83,-16.03,-38.11,27.1,0.52,0.11,0.6,0.146,0,A,[],[],[],,287137,a581d995cf9a4512e80251f5dfa81c2037d8109f
kamadhenu_dataset/incoming_audio/drive/Bhagavata Saroddhara/SBS20.40.SBS276.mp3,drive/Bhagavata Saroddhara,SBS20.40.SBS276.mp3,.mp3,mp3 (mp3float),mp3,44100,2,32,128,18.26,0.26,-15.36,-16.4,-36.24,24.5,0.6,0.06,0.72,0.167,0,A,[],[],[],,292152,55faa922d5a0235273b725c4739a792d8b4ba000
kamadhenu_dataset/incoming_audio/drive/Bhagavata Saroddhara/SBS20.41.SBS277.mp3,drive/Bhagavata Saroddhara,SBS20.41.SBS277.mp3,.mp3,mp3 (mp3float),mp3,44100,2,32,128,19.069,-0.95,-14.9,-16.38,-39.16,27.8,0.47,0.39,0.47,0.152,0,A,[],[],[],,305109,e285fef9746e2ca1a4da88f5a682fcf804febad6
kamadhenu_dataset/incoming_audio/drive/Bhagavata Saroddhara/SBS20.42.SBS278.mp3,drive/Bhagavata Saroddhara,SBS20.42.SBS278.mp3,.mp3,mp3 (mp3float),mp3,44100,2,32,128,15.517,-1.95,-17.09,-18.19,-39.06,25.3,0.42,0.28,0.45,0.166,0,A,[],[],[],,248266,4501f314d026a4fa36af58cc3fc35780f6272a65
kamadhenu_dataset/incoming_audio/drive/Bhagavata Saroddhara/SBS20.43.SBS279.mp3,drive/Bhagavata Saroddhara,SBS20.43.SBS279.mp3,.mp3,mp3 (mp3float),mp3,44100,2,32,128,18.756,-0.78,-15.14,-16.95,-38.57,27.3,0.46,0.07,0.52,0.163,0,A,[],[],[],,300093,e7fe6bc75269a5e362f4cf70bceb876180f8c086
kamadhenu_dataset/incoming_audio/drive/Bhagavata Saroddhara/SBS20.44.SBS280.mp3,drive/Bhagavata Saroddhara,SBS20.44.SBS280.mp3,.mp3,mp3 (mp3float),mp3,44100,2,32,128,19.566,0.21,-14.62,-16.48,-41.24,30.6,0.95,0.46,0.95,0.164,0,A,[],[],[],,313050,ae83120f77bba1bd8fb3555fe626cb761c58d711
kamadhenu_dataset/incoming_audio/drive/Bhagavata Saroddhara/SBS20.45.SBS281.mp3,drive/Bhagavata Saroddhara,SBS20.45.SBS281.mp3,.mp3,mp3 (mp3float),mp3,44100,2,32,128,18.103,0.04,-13.98,-15.88,-39.56,29.2,0.51,0.51,0.53,0.145,0,A,[],[],[],,289644,4b00c995c3989c6e63c48d4922d576fdf9a9aa57
kamadhenu_dataset/incoming_audio/drive/Bhagavata Saroddhara/SBS20.46.SBS282.mp3,drive/Bhagavata Saroddhara,SBS20.46.SBS282.mp3,.mp3,mp3 (mp3float),mp3,44100,2,32,128,17.293,0.02,-15.62,-17.39,-40.22,28.3,0.54,0.12,0.54,0.174,0,A,[],[],[],,276688,652b08d1f4af342cf21cc57c247a6b76ef0ef99d
kamadhenu_dataset/incoming_audio/drive/Bhagavata Saroddhara/SBS20.47.SBS283.mp3,drive/Bhagavata Saroddhara,SBS20.47.SBS283.mp3,.mp3,mp3 (mp3float),mp3,44100,2,32,128,19.383,0.08,-14.86,-16.55,-37.32,26.6,0.38,0.19,0.51,0.164,0,A,[],[],[],,310124,fe5d3f310c2e0ebf10946ed17f049d80cb6484ab
kamadhenu_dataset/incoming_audio/drive/Bhagavata Saroddhara/SBS20.48.SBS284.mp3,drive/Bhagavata Saroddhara,SBS20.48.SBS284.mp3,.mp3,mp3 (mp3float),mp3,44100,2,32,128,15.047,0.27,-14.29,-16.37,-38.94,28.8,0.23,0.35,0.39,0.154,0,A,[],[],[],,240743,7b9b58b74edec328838edfe6031647c1472677bf
kamadhenu_dataset/incoming_audio/drive/Bhagavata Saroddhara/SBS20.49.SBS285.mp3,drive/Bhagavata Saroddhara,SBS20.49.SBS285.mp3,.mp3,mp3 (mp3float),mp3,44100,2,32,128,17.633,-1.04,-15.58,-17.34,-38.63,26.9,0.48,0.46,0.48,0.141,0,A,[],[],[],,282121,eb3fa4ceae131aa07fa2d0f78a7d8d2af66ef43a
kamadhenu_dataset/incoming_audio/drive/Bhagavata Saroddhara/SBS20.5.SBS241.mp3,drive/Bhagavata Saroddhara,SBS20.5.SBS241.mp3,.mp3,mp3 (mp3float),mp3,44100,2,32,128,16.666,-0.33,-14.79,-16.53,-41.2,29.9,0.08,0.23,0.47,0.141,0,A,[],[],[],,266657,d840b0db7cc64235ec406782fa4574fe4c7f0927
kamadhenu_dataset/incoming_audio/drive/Bhagavata Saroddhara/SBS20.50.SBS286.mp3,drive/Bhagavata Saroddhara,SBS20.50.SBS286.mp3,.mp3,mp3 (mp3float),mp3,44100,2,32,128,17.946,-0.47,-14.83,-16.93,-40.09,29.1,0.43,0.12,0.54,0.165,0,A,[],[],[],,287137,0813197fbd2cd85cb043ca55a1e5c4ec7a84d099
kamadhenu_dataset/incoming_audio/drive/Bhagavata Saroddhara/SBS20.51.SBS287.mp3,drive/Bhagavata Saroddhara,SBS20.51.SBS287.mp3,.mp3,mp3 (mp3float),mp3,44100,2,32,128,16.823,0.55,-14.85,-16.52,-40.59,29.3,0.62,0.45,0.62,0.165,0,A,[],[],[],,269164,e342113f1ae63a7d6f4ad70d5345160a17338006
kamadhenu_dataset/incoming_audio/drive/Bhagavata Saroddhara/SBS20.52.SBS288.mp3,drive/Bhagavata Saroddhara,SBS20.52.SBS288.mp3,.mp3,mp3 (mp3float),mp3,44100,2,32,128,17.789,-0.78,-15.91,-17.53,-38.63,26.8,0.32,0.23,0.48,0.153,0,A,[],[],[],,284629,b126317b586377e96771724e05c1cf71f63290a7
kamadhenu_dataset/incoming_audio/drive/Bhagavata Saroddhara/SBS20.53.SBS289.mp3,drive/Bhagavata Saroddhara,SBS20.53.SBS289.mp3,.mp3,mp3 (mp3float),mp3,44100,2,32,128,19.722,0.41,-13.88,-16.2,-38.36,28.6,0.45,0.17,0.58,0.165,3,A,[],[],[],,315558,c2b30a72cebf35955d820167a249acd17898c5cf
kamadhenu_dataset/incoming_audio/drive/Bhagavata Saroddhara/SBS20.54.SBS290.mp3,drive/Bhagavata Saroddhara,SBS20.54.SBS290.mp3,.mp3,mp3 (mp3float),mp3,44100,2,32,128,13.584,-0.53,-15.15,-17.04,-39.44,28.3,0.38,0.33,0.6,0.2,0,A,[],[],[],,217337,f6d763e6f515e33f411178935b693ceaa8af6046
kamadhenu_dataset/incoming_audio/drive/Bhagavata Saroddhara/SBS20.55.SBS291.mp3,drive/Bhagavata Saroddhara,SBS20.55.SBS291.mp3,.mp3,mp3 (mp3float),mp3,44100,2,32,128,16.823,0.72,-14.78,-17.21,-42.62,31.6,0.38,0.48,0.48,0.13,0,A,[],[],[],,269164,6d12ec2b7bfb2a1560f28f55c296ddf8d26ecd47
kamadhenu_dataset/incoming_audio/drive/Bhagavata Saroddhara/SBS20.56.SBS292.mp3,drive/Bhagavata Saroddhara,SBS20.56.SBS292.mp3,.mp3,mp3 (mp3float),mp3,44100,2,32,128,16.327,-1.66,-15.68,-17.79,-44.34,32.1,0.35,0.09,0.44,0.139,0,A,[],[],[],,261223,2372c0d090ca00dcc35b33965f579340dae587d7
kamadhenu_dataset/incoming_audio/drive/Bhagavata Saroddhara/SBS20.57.SBS293.mp3,drive/Bhagavata Saroddhara,SBS20.57.SBS293.mp3,.mp3,mp3 (mp3float),mp3,44100,2,32,128,16.483,0.39,-13.6,-15.32,-38.79,28.9,0.4,0.05,0.42,0.154,2,A,[],[],[],,263731,e488b579e22e3b27ef2861d7b8e53f2ca1e1c04f
kamadhenu_dataset/incoming_audio/drive/Bhagavata Saroddhara/SBS20.58.SBS294.mp3,drive/Bhagavata Saroddhara,SBS20.58.SBS294.mp3,.mp3,mp3 (mp3float),mp3,44100,2,32,128,17.633,-0.47,-14.69,-16.63,-39.5,28.6,0.44,0.16,0.46,0.14,0,A,[],[],[],,282121,a7418f54dcd96401aa60141f9af4dae55e3de59a
kamadhenu_dataset/incoming_audio/drive/Bhagavata Saroddhara/SBS20.59.SBS295.mp3,drive/Bhagavata Saroddhara,SBS20.59.SBS295.mp3,.mp3,mp3 (mp3float),mp3,44100,2,32,128,19.722,-1.36,-15.74,-18.11,-46.73,34.7,0.48,0.1,0.8,0.137,0,A,[],[],[],,315558,7c329e8669865525ff6abc18b281eca060b0573f
kamadhenu_dataset/incoming_audio/drive/Bhagavata Saroddhara/SBS20.6.SBS242.mp3,drive/Bhagavata Saroddhara,SBS20.6.SBS242.mp3,.mp3,mp3 (mp3float),mp3,44100,2,32,128,13.427,-1.96,-15.83,-16.29,-32.55,20.3,0.09,0.15,0.54,0.175,0,A,[],[],[],,214830,046b854e90fce20d893eb5322d97fada38ac1bf0
kamadhenu_dataset/incoming_audio/drive/Bhagavata Saroddhara/SBS20.60.1.SBS296.mp3,drive/Bhagavata Saroddhara,SBS20.60.1.SBS296.mp3,.mp3,mp3 (mp3float),mp3,44100,2,32,128,33.254,0.79,-13.06,-15.36,-41.5,32.0,0.62,0.21,0.62,0.144,2,A,[],[],[],,532061,fc44744241c2ba1110f77d02728f945f8f7433c0
kamadhenu_dataset/incoming_audio/drive/Bhagavata Saroddhara/SBS20.60.2.SBS296.mp3,drive/Bhagavata Saroddhara,SBS20.60.2.SBS296.mp3,.mp3,mp3 (mp3float),mp3,44100,2,32,128,19.069,0.07,-13.81,-16.82,-45.54,35.6,0.79,0.0,0.79,0.135,0,A,[],[],[],,305109,d25fc65a1c8eb375a4791b64e7fb31614c774c2c
kamadhenu_dataset/incoming_audio/drive/Bhagavata Saroddhara/SBS20.60.3.SBS296.mp3,drive/Bhagavata Saroddhara,SBS20.60.3.SBS296.mp3,.mp3,mp3 (mp3float),mp3,44100,2,32,128,12.304,-0.17,-13.43,-15.3,-39.99,30.0,0.42,0.03,0.42,0.147,0,A,[],[],[],,196857,ed6494d7179abc713f3da2576387e396df463246
kamadhenu_dataset/incoming_audio/drive/Bhagavata Saroddhara/SBS20.60.4.SBS296.mp3,drive/Bhagavata Saroddhara,SBS20.60.4.SBS296.mp3,.mp3,mp3 (mp3float),mp3,44100,2,32,128,24.059,0.22,-13.64,-15.2,-37.88,27.9,0.53,0.27,0.53,0.159,0,A,[],[],[],,384939,640c90eb6d090bd2a2fed3d1540a02cc8df1070e
kamadhenu_dataset/incoming_audio/drive/Bhagavata Saroddhara/SBS20.60.5.SBS296.mp3,drive/Bhagavata Saroddhara,SBS20.60.5.SBS296.mp3,.mp3,mp3 (mp3float),mp3,44100,2,32,128,28.891,0.25,-13.88,-15.56,-38.84,28.7,0.35,0.19,0.36,0.149,0,A,[],[],[],,462261,45b101932c993c403bd766f3b892f95075c866e2
kamadhenu_dataset/incoming_audio/drive/Bhagavata Saroddhara/SBS20.61.SBS297.mp3,drive/Bhagavata Saroddhara,SBS20.61.SBS297.mp3,.mp3,mp3 (mp3float),mp3,44100,2,32,128,17.789,-0.31,-14.91,-16.84,-41.67,30.2,0.32,0.23,0.51,0.125,0,A,[],[],[],,284629,3af39d29c4999852760cc9d73bedb5bfc7633149
kamadhenu_dataset/incoming_audio/drive/Bhagavata Saroddhara/SBS20.62.SBS298.mp3,drive/Bhagavata Saroddhara,SBS20.62.SBS298.mp3,.mp3,mp3 (mp3float),mp3,44100,2,32,128,18.26,0.45,-14.1,-17.25,-45.31,35.1,0.73,0.26,0.73,0.136,0,A,[],[],[],,292152,6dbd9b847ee3f75f43abec933823bf999fb85188
kamadhenu_dataset/incoming_audio/drive/Bhagavata Saroddhara/SBS20.63.SBS299.mp3,drive/Bhagavata Saroddhara,SBS20.63.SBS299.mp3,.mp3,mp3 (mp3float),mp3,44100,2,32,128,16.327,-0.21,-15.39,-17.47,-41.63,30.1,0.37,0.27,0.41,0.147,0,A,[],[],[],,261223,6d1a461c3d02572d90d67b90c021bf93b82446e2
kamadhenu_dataset/incoming_audio/drive/Bhagavata Saroddhara/SBS20.64.SBS300.mp3,drive/Bhagavata Saroddhara,SBS20.64.SBS300.mp3,.mp3,mp3 (mp3float),mp3,44100,2,32,128,16.327,-0.83,-15.37,-16.61,-38.85,27.1,0.28,0.16,0.46,0.15,0,A,[],[],[],,261223,c8ad22b033078b847b288b805b5962149547c181
kamadhenu_dataset/incoming_audio/drive/Bhagavata Saroddhara/SBS20.65.SBS301.mp3,drive/Bhagavata Saroddhara,SBS20.65.SBS301.mp3,.mp3,mp3 (mp3float),mp3,44100,2,32,128,15.856,0.9,-13.59,-16.07,-40.01,30.7,0.26,0.22,0.42,0.139,1,A,[],[],[],,253700,760a644e5c424735226cfbca52a8c5207f4361fa
kamadhenu_dataset/incoming_audio/drive/Bhagavata Saroddhara/SBS20.66.SBS302.mp3,drive/Bhagavata Saroddhara,SBS20.66.SBS302.mp3,.mp3,mp3 (mp3float),mp3,44100,2,32,128,15.856,0.48,-13.24,-15.38,-41.4,31.9,0.52,0.2,0.52,0.135,1,A,[],[],[],,253700,27736546496387c30593880865704d9ad39b7741
kamadhenu_dataset/incoming_audio/drive/Bhagavata Saroddhara/SBS20.67.SBS303.mp3,drive/Bhagavata Saroddhara,SBS20.67.SBS303.mp3,.mp3,mp3 (mp3float),mp3,44100,2,32,128,16.98,-0.09,-14.99,-17.63,-47.04,35.7,0.29,0.18,0.44,0.119,0,A,[],[],[],,271672,dc4b0af355771f69f8e6d1193bdfdbf2b5806987
kamadhenu_dataset/incoming_audio/drive/Bhagavata Saroddhara/SBS20.68.SBS304.mp3,drive/Bhagavata Saroddhara,SBS20.68.SBS304.mp3,.mp3,mp3 (mp3float),mp3,44100,2,32,128,16.327,-1.8,-16.66,-18.88,-43.93,31.1,0.37,0.13,0.45,0.144,0,A,[],[],[],,261223,afa3faf19bc7dd6ad45561fc9bc220c07c74fc4b
kamadhenu_dataset/incoming_audio/drive/Bhagavata Saroddhara/SBS20.69.SBS305.mp3,drive/Bhagavata Saroddhara,SBS20.69.SBS305.mp3,.mp3,mp3 (mp3float),mp3,44100,2,32,128,16.98,0.06,-15.64,-18.94,-47.48,35.9,0.72,0.18,0.72,0.143,0,A,[],[],[],,271672,5394b7c3cd98b5c4eb20d934dd6fe959117b3d10
kamadhenu_dataset/incoming_audio/drive/Bhagavata Saroddhara/SBS20.7.SBS243.mp3,drive/Bhagavata Saroddhara,SBS20.7.SBS243.mp3,.mp3,mp3 (mp3float),mp3,44100,2,32,128,18.913,-0.49,-14.76,-15.68,-33.62,22.5,0.25,0.17,0.43,0.169,0,A,[],[],[],,302601,7903134d3445720a5040ae12fef4cab572d2a27b
kamadhenu_dataset/incoming_audio/drive/Bhagavata Saroddhara/SBS20.70.SBS306.mp3,drive/Bhagavata Saroddhara,SBS20.70.SBS306.mp3,.mp3,mp3 (mp3float),mp3,44100,2,32,128,15.517,-1.78,-16.14,-17.79,-40.43,28.1,0.47,0.09,0.47,0.147,0,A,[],[],[],,248266,054a25f9473224914b7b4e77fee3fd8ce8611a2e
kamadhenu_dataset/incoming_audio/drive/Bhagavata Saroddhara/SBS20.71.SBS307.mp3,drive/Bhagavata Saroddhara,SBS20.71.SBS307.mp3,.mp3,mp3 (mp3float),mp3,44100,2,32,128,16.483,-0.14,-14.57,-17.64,-42.0,31.4,0.42,0.11,0.44,0.14,0,A,[],[],[],,263731,87e26126d06ca95dc22f12f5924ce159919d3f34
kamadhenu_dataset/incoming_audio/drive/Bhagavata Saroddhara/SBS20.72.SBS308.mp3,drive/Bhagavata Saroddhara,SBS20.72.SBS308.mp3,.mp3,mp3 (mp3float),mp3,44100,2,32,128,15.856,-0.57,-15.97,-18.37,-44.04,31.8,0.18,0.22,0.74,0.125,0,A,[],[],[],,253700,375494334cc9c3cd1ccdd2199e27d16b9e7854f6
kamadhenu_dataset/incoming_audio/drive/Bhagavata Saroddhara/SBS20.73.SBS309.mp3,drive/Bhagavata Saroddhara,SBS20.73.SBS309.mp3,.mp3,mp3 (mp3float),mp3,44100,2,32,128,16.98,0.04,-14.77,-17.21,-45.29,34.4,0.67,0.16,0.67,0.131,0,A,[],[],[],,271672,61cd727f90f5dba60bab9f77af09b948fc143528
kamadhenu_dataset/incoming_audio/drive/Bhagavata Saroddhara/SBS20.74.SBS310.mp3,drive/Bhagavata Saroddhara,SBS20.74.SBS310.mp3,.mp3,mp3 (mp3float),mp3,44100,2,32,128,15.047,0.55,-14.53,-17.62,-43.85,33.5,0.45,0.1,0.45,0.139,0,A,[],[],[],,240743,59b34e3a8fa754fd0bd5beaaf60c995fdcda3cf6
kamadhenu_dataset/incoming_audio/drive/Bhagavata Saroddhara/SBS20.75.SBS311.mp3,drive/Bhagavata Saroddhara,SBS20.75.SBS311.mp3,.mp3,mp3 (mp3float),mp3,44100,2,32,128,15.517,-1.32,-15.48,-17.82,-42.05,30.6,0.27,0.33,0.47,0.147,0,A,[],[],[],,248266,bcbe705b90ec6f4f41619e31ba85c75a12449838
kamadhenu_dataset/incoming_audio/drive/Bhagavata Saroddhara/SBS20.76.SBS312.mp3,drive/Bhagavata Saroddhara,SBS20.76.SBS312.mp3,.mp3,mp3 (mp3float),mp3,44100,2,32,128,16.666,0.62,-13.71,-16.91,-42.39,32.6,0.38,0.21,0.38,0.138,3,A,[],[],[],,266657,a2c2593b8278e2ce475013a8057de3467b4ac22f
kamadhenu_dataset/incoming_audio/drive/Bhagavata Saroddhara/SBS20.77.SBS313.mp3,drive/Bhagavata Saroddhara,SBS20.77.SBS313.mp3,.mp3,mp3 (mp3float),mp3,44100,2,32,128,19.722,-0.17,-15.21,-18.11,-44.29,33.2,0.29,0.12,0.53,0.138,0,A,[],[],[],,315558,201c266a7650f454ccc218605293c260e573260c
kamadhenu_dataset/incoming_audio/drive/Bhagavata Saroddhara/SBS20.8.SBS244.mp3,drive/Bhagavata Saroddhara,SBS20.8.SBS244.mp3,.mp3,mp3 (mp3float),mp3,44100,2,32,128,15.856,-1.97,-15.77,-16.43,-34.17,22.0,0.12,0.22,0.46,0.164,0,A,[],[],[],,253700,5cc634d59d8e1b49333ffe15cebfff7c4a61c32c
kamadhenu_dataset/incoming_audio/drive/Bhagavata Saroddhara/SBS20.9.SBS245.mp3,drive/Bhagavata Saroddhara,SBS20.9.SBS245.mp3,.mp3,mp3 (mp3float),mp3,44100,2,32,128,17.633,0.83,-13.63,-16.66,-48.54,39.0,0.27,0.15,0.52,0.129,8,B,"[""hot_peaks""]",[],[],,282121,ad3c787b27ef2e7fe8caf37aa028bb08fc2134f2
kamadhenu_dataset/incoming_audio/drive/Bhagavata Saroddhara/SBS20.E.mp3,drive/Bhagavata Saroddhara,SBS20.E.mp3,.mp3,mp3 (mp3float),mp3,44100,2,32,128,6.034,-1.51,-16.81,-18.5,-41.12,28.5,0.09,0.1,0.34,0.186,0,A,[],[],[],,96547,6fc08326340aabc231d30240aeb1a9df7b6e3ab2
kamadhenu_dataset/incoming_audio/drive/Bhagavata Saroddhara/SBS21.0.mp3,drive/Bhagavata Saroddhara,SBS21.0.mp3,.mp3,mp3 (mp3float),mp3,44100,2,32,128,3.135,-2.03,-17.72,-21.89,-57.81,44.6,0.46,0.07,0.46,0.17,0,A,[],[],[],,50154,9bf9db99e522286864066e0a55ad67dc4f3e0d24
kamadhenu_dataset/incoming_audio/drive/Bhagavata Saroddhara/SBS21.1.SBS314.mp3,drive/Bhagavata Saroddhara,SBS21.1.SBS314.mp3,.mp3,mp3 (mp3float),mp3,44100,2,32,128,16.013,-1.85,-17.28,-19.36,-44.64,31.1,0.42,0.19,0.45,0.148,0,A,[],[],[],,256208,40d57ea467c7bf6de3177728e535431e04f11a6e
kamadhenu_dataset/incoming_audio/drive/Bhagavata Saroddhara/SBS21.10.SBS323.mp3,drive/Bhagavata Saroddhara,SBS21.10.SBS323.mp3,.mp3,mp3 (mp3float),mp3,44100,2,32,128,18.103,-0.37,-14.52,-17.74,-45.84,35.4,0.51,0.21,0.51,0.132,0,A,[],[],[],,289644,01ecd8334421759b71f955f7ce36f7db3d885fad
kamadhenu_dataset/incoming_audio/drive/Bhagavata Saroddhara/SBS21.2.SBS315.mp3,drive/Bhagavata Saroddhara,SBS21.2.SBS315.mp3,.mp3,mp3 (mp3float),mp3,44100,2,32,128,16.013,0.74,-14.66,-17.91,-45.57,34.8,0.44,0.15,0.44,0.143,0,A,[],[],[],,256208,9c09e21fcb8bedd0721647a8b38f5780737384b5
kamadhenu_dataset/incoming_audio/drive/Bhagavata Saroddhara/SBS21.3.SBS316.mp3,drive/Bhagavata Saroddhara,SBS21.3.SBS316.mp3,.mp3,mp3 (mp3float),mp3,44100,2,32,128,18.416,-0.8,-16.18,-18.5,-45.71,33.3,0.47,0.22,0.47,0.13,0,A,[],[],[],,294660,d34cc0cebca2f4713606deefdca16e7fc70385d8
kamadhenu_dataset/incoming_audio/drive/Bhagavata Saroddhara/SBS21.4.SBS317.mp3,drive/Bhagavata Saroddhara,SBS21.4.SBS317.mp3,.mp3,mp3 (mp3float),mp3,44100,2,32,128,15.36,0.36,-14.55,-18.18,-45.44,35.3,0.25,0.07,0.38,0.164,0,A,[],[],[],,245759,3cd66fb5aee3006959c53453f97232e733232dfa
kamadhenu_dataset/incoming_audio/drive/Bhagavata Saroddhara/SBS21.5.SBS318.mp3,drive/Bhagavata Saroddhara,SBS21.5.SBS318.mp3,.mp3,mp3 (mp3float),mp3,44100,2,32,128,14.89,-1.77,-16.27,-19.49,-47.18,34.9,0.39,0.13,0.41,0.139,0,A,[],[],[],,238235,afb4a0f2533ef33aaa99a5338a0bd8250bfec0f8
kamadhenu_dataset/incoming_audio/drive/Bhagavata Saroddhara/SBS21.6.SBS319.mp3,drive/Bhagavata Saroddhara,SBS21.6.SBS319.mp3,.mp3,mp3 (mp3float),mp3,44100,2,32,128,17.136,-2.34,-17.12,-18.62,-41.51,28.0,0.4,0.19,0.49,0.138,0,A,[],[],[],,274180,ad68226fb77f7face27f014c36c5bff857a7adc1
kamadhenu_dataset/incoming_audio/drive/Bhagavata Saroddhara/SBS21.7.SBS320.mp3,drive/Bhagavata Saroddhara,SBS21.7.SBS320.mp3,.mp3,mp3 (mp3float),mp3,44100,2,32,128,17.946,-0.94,-15.43,-18.19,-45.68,34.1,0.36,0.22,0.46,0.136,0,A,[],[],[],,287137,8b46d30e4b06d82491160c9d4405d7cffa7071de
kamadhenu_dataset/incoming_audio/drive/Bhagavata Saroddhara/SBS21.8.SBS321.mp3,drive/Bhagavata Saroddhara,SBS21.8.SBS321.mp3,.mp3,mp3 (mp3float),mp3,44100,2,32,128,15.517,-1.88,-17.19,-19.29,-45.07,31.8,0.42,0.37,0.46,0.144,0,A,[],[],[],,248266,bb75cffa61a75081e9c6a5b7239be8586833b1db
kamadhenu_dataset/incoming_audio/drive/Bhagavata Saroddhara/SBS21.9.SBS322.mp3,drive/Bhagavata Saroddhara,SBS21.9.SBS322.mp3,.mp3,mp3 (mp3float),mp3,44100,2,32,128,15.517,-0.92,-16.94,-18.86,-44.01,30.5,0.36,0.12,0.37,0.126,0,A,[],[],[],,248266,5c0eaa23348df1828ee20fb009d1f307949b6dbb
kamadhenu_dataset/incoming_audio/drive/Bhagavata Saroddhara/SBS21.E.mp3,drive/Bhagavata Saroddhara,SBS21.E.mp3,.mp3,mp3 (mp3float),mp3,44100,2,32,128,6.818,-0.83,-16.2,-19.96,-48.36,36.5,0.26,0.01,0.26,0.149,0,A,[],[],[],,109086,a5ed6ad3d7eec42119d7b7e151c97916adbe8acf
kamadhenu_dataset/incoming_audio/drive/Bhagavata Saroddhara/SBS22.0.mp3,drive/Bhagavata Saroddhara,SBS22.0.mp3,.mp3,mp3 (mp3float),mp3,44100,2,32,128,6.818,-2.08,-16.7,-19.59,-53.38,40.2,0.48,0.17,0.48,0.128,0,A,[],[],[],,109086,a73dcd9f7e23e4749f4160bb047b2c8c89e0b6ab
kamadhenu_dataset/incoming_audio/drive/Bhagavata Saroddhara/SBS22.1.SBS324.mp3,drive/Bhagavata Saroddhara,SBS22.1.SBS324.mp3,.mp3,mp3 (mp3float),mp3,44100,2,32,128,18.416,-1.54,-16.35,-18.24,-41.65,28.9,0.31,0.0,0.49,0.13,0,A,[],[],[],,294660,e0a82ee6ea1f3a6f6ed4c42f3691b866b7a2646b
kamadhenu_dataset/incoming_audio/drive/Bhagavata Saroddhara/SBS22.2.SBS325.mp3,drive/Bhagavata Saroddhara,SBS22.2.SBS325.mp3,.mp3,mp3 (mp3float),mp3,44100,2,32,128,17.789,0.33,-14.78,-17.52,-42.05,31.6,0.44,0.2,0.44,0.147,0,A,[],[],[],,284629,e3671ca79d72a5b869da66249f15fbe1d80f45ac
kamadhenu_dataset/incoming_audio/drive/Bhagavata Saroddhara/SBS22.3.SBS326.mp3,drive/Bhagavata Saroddhara,SBS22.3.SBS326.mp3,.mp3,mp3 (mp3float),mp3,44100,2,32,128,18.599,-0.46,-16.39,-18.58,-42.68,30.3,0.54,0.16,0.54,0.142,0,A,[],[],[],,297586,e664c9429c2275e9471c1c51af86594cffc335dc
kamadhenu_dataset/incoming_audio/drive/Bhagavata Saroddhara/SBS22.4.SBS327.mp3,drive/Bhagavata Saroddhara,SBS22.4.SBS327.mp3,.mp3,mp3 (mp3float),mp3,44100,2,32,128,16.17,-0.63,-15.58,-19.5,-48.02,36.6,0.55,0.09,0.55,0.133,0,A,[],[],[],,258715,61c91d0fa862c6a1bf2be139234c21040b660fef
kamadhenu_dataset/incoming_audio/drive/Bhagavata Saroddhara/SBS22.5.SBS328.mp3,drive/Bhagavata Saroddhara,SBS22.5.SBS328.mp3,.mp3,mp3 (mp3float),mp3,44100,2,32,128,15.203,-1.67,-15.53,-16.49,-36.28,24.6,0.47,0.23,0.47,0.167,0,A,[],[],[],,243251,f7c5a957e4bdc5c200a4335de29e90cb6c521173
kamadhenu_dataset/incoming_audio/drive/Bhagavata Saroddhara/SBS22.6.SBS329.mp3,drive/Bhagavata Saroddhara,SBS22.6.SBS329.mp3,.mp3,mp3 (mp3float),mp3,44100,2,32,128,14.733,-0.09,-14.97,-17.18,-44.14,32.8,0.23,0.27,0.38,0.135,0,A,[],[],[],,235728,74350a3622e1f18aeb3b9644c59065f19de85844
kamadhenu_dataset/incoming_audio/drive/Bhagavata Saroddhara/SBS22.7.SBS330.mp3,drive/Bhagavata Saroddhara,SBS22.7.SBS330.mp3,.mp3,mp3 (mp3float),mp3,44100,2,32,128,15.517,0.49,-14.57,-15.78,-40.44,29.1,0.23,0.6,0.6,0.143,0,A,[],[],[],,248266,deb227be38fedacca2fefc90368cc06a6ab47d05
kamadhenu_dataset/incoming_audio/drive/Bhagavata Saroddhara/SBS22.8.SBS331.mp3,drive/Bhagavata Saroddhara,SBS22.8.SBS331.mp3,.mp3,mp3 (mp3float),mp3,44100,2,32,128,15.517,0.33,-13.69,-15.6,-41.72,31.5,0.61,0.66,0.66,0.157,1,A,[],[],[],,248266,13caa83f1f2ee013b9b663032bba663a735ff315
kamadhenu_dataset/incoming_audio/drive/Bhagavata Saroddhara/SBS22.E.mp3,drive/Bhagavata Saroddhara,SBS22.E.mp3,.mp3,mp3 (mp3float),mp3,44100,2,32,128,10.527,0.57,-14.26,-16.72,-42.35,32.0,0.5,0.32,0.5,0.189,0,A,[],[],[],,168436,71561bd8a56458ec61fea6e41f272c15f2749216
kamadhenu_dataset/incoming_audio/drive/Bhagavata Saroddhara/SBS23.0.mp3,drive/Bhagavata Saroddhara,SBS23.0.mp3,.mp3,mp3 (mp3float),mp3,44100,2,32,128,3.605,0.37,-15.84,-18.66,-44.52,34.0,0.65,0.6,0.65,0.391,0,A,[],[],[],,57677,27a19d9c1c1bf926a14846821447e984139a3fa5
kamadhenu_dataset/incoming_audio/drive/Bhagavata Saroddhara/SBS23.1.SBS332.mp3,drive/Bhagavata Saroddhara,SBS23.1.SBS332.mp3,.mp3,mp3 (mp3float),mp3,44100,2,32,128,15.7,0.78,-13.31,-16.69,-41.96,33.2,0.51,0.11,0.51,0.171,3,B,"[""hot_peaks""]",[],[],,251192,a65aa6f006a31c6d845be7807031f3f53a772b6e
kamadhenu_dataset/incoming_audio/drive/Bhagavata Saroddhara/SBS23.2.SBS333.mp3,drive/Bhagavata Saroddhara,SBS23.2.SBS333.mp3,.mp3,mp3 (mp3float),mp3,44100,2,32,128,16.483,-1.11,-15.95,-17.49,-42.21,29.9,0.73,0.19,0.73,0.168,0,A,[],[],[],,263731,d093f22fa59b439dc9adfdd634cb540ac3c53988
kamadhenu_dataset/incoming_audio/drive/Bhagavata Saroddhara/SBS23.3.SBS334.mp3,drive/Bhagavata Saroddhara,SBS23.3.SBS334.mp3,.mp3,mp3 (mp3float),mp3,44100,2,32,128,17.633,-0.43,-13.94,-15.78,-40.65,30.4,0.53,0.52,0.53,0.142,0,A,[],[],[],,282121,f7e3bf74b4491e96fb49b2528dd604fe22918a1e
kamadhenu_dataset/incoming_audio/drive/Bhagavata Saroddhara/SBS23.4.SBS335.mp3,drive/Bhagavata Saroddhara,SBS23.4.SBS335.mp3,.mp3,mp3 (mp3float),mp3,44100,2,32,128,17.293,-1.14,-14.72,-16.18,-40.15,29.1,0.57,0.42,0.57,0.143,0,A,[],[],[],,276688,020a6033021d3331e62011248a5fe43bce76d647
kamadhenu_dataset/incoming_audio/drive/Bhagavata Saroddhara/SBS23.5.SBS336.mp3,drive/Bhagavata Saroddhara,SBS23.5.SBS336.mp3,.mp3,mp3 (mp3float),mp3,44100,2,32,128,15.7,-2.25,-16.21,-17.34,-40.3,27.8,0.66,0.65,0.66,0.177,0,A,[],[],[],,251192,bbe74702475b0b6d38665472fbf47096dc281404
kamadhenu_dataset/incoming_audio/drive/Bhagavata Saroddhara/SBS23.6.SBS337.mp3,drive/Bhagavata Saroddhara,SBS23.6.SBS337.mp3,.mp3,mp3 (mp3float),mp3,44100,2,32,128,15.517,0.52,-13.11,-15.03,-38.86,29.5,0.37,0.17,0.4,0.155,0,A,[],[],[],,248266,029a95279163bc55c659a9b4bb3de87383ddb282
kamadhenu_dataset/incoming_audio/drive/Bhagavata Saroddhara/SBS23.E.mp3,drive/Bhagavata Saroddhara,SBS23.E.mp3,.mp3,mp3 (mp3float),mp3,44100,2,32,128,6.661,-1.35,-15.9,-18.61,-42.02,31.0,0.61,0.12,0.61,0.259,0,A,[],[],[],,106578,dc55394ee7e95af3ed142ae1270197182f523629
kamadhenu_dataset/incoming_audio/drive/Bhagavata Saroddhara/SBS24.0.mp3,drive/Bhagavata Saroddhara,SBS24.0.mp3,.mp3,mp3 (mp3float),mp3,44100,2,32,128,3.762,-0.72,-16.26,-18.9,-42.7,31.1,0.76,0.01,0.76,0.34,0,A,[],[],[],,60185,9fdf1cc951ed12eeb4d554608897ca04f91dde5d
kamadhenu_dataset/incoming_audio/drive/Bhagavata Saroddhara/SBS24.1.SBS338.mp3,drive/Bhagavata Saroddhara,SBS24.1.SBS338.mp3,.mp3,mp3 (mp3float),mp3,44100,2,32,128,14.55,0.1,-13.5,-15.23,-39.5,29.8,0.56,0.5,0.56,0.157,0,A,[],[],[],,232802,f6e3bde49aceccb0ade1edd98265a027e01e9192
kamadhenu_dataset/incoming_audio/drive/Bhagavata Saroddhara/SBS24.2.SBS339.mp3,drive/Bhagavata Saroddhara,SBS24.2.SBS339.mp3,.mp3,mp3 (mp3float),mp3,44100,2,32,128,15.36,-1.8,-14.7,-16.0,-37.69,26.6,0.52,0.3,0.52,0.156,0,A,[],[],[],,245759,b58844d41e1f256cb23d41bd45f8550e136d71ee
kamadhenu_dataset/incoming_audio/drive/Bhagavata Saroddhara/SBS24.3.SBS340.mp3,drive/Bhagavata Saroddhara,SBS24.3.SBS340.mp3,.mp3,mp3 (mp3float),mp3,44100,2,32,128,15.36,-2.16,-15.1,-16.19,-36.87,25.1,0.56,0.4,0.56,0.142,0,A,[],[],[],,245759,62066bc171f8cddd7f403079ed34bfdecfb8f5b9
kamadhenu_dataset/incoming_audio/drive/Bhagavata Saroddhara/SBS24.4.SBS341.mp3,drive/Bhagavata Saroddhara,SBS24.4.SBS341.mp3,.mp3,mp3 (mp3float),mp3,44100,2,32,128,16.98,0.64,-14.37,-16.63,-39.48,29.0,0.52,0.53,0.53,0.157,0,A,[],[],[],,271672,05f01e5deaea099fb813431b08d37ce20f6e3694
kamadhenu_dataset/incoming_audio/drive/Bhagavata Saroddhara/SBS24.5.SBS342.mp3,drive/Bhagavata Saroddhara,SBS24.5.SBS342.mp3,.mp3,mp3 (mp3float),mp3,44100,2,32,128,16.823,0.25,-14.88,-16.69,-42.71,31.7,0.66,0.21,0.66,0.149,0,A,[],[],[],,269164,35163c068217fa7b43f994fca65f4d816e6a5c43
kamadhenu_dataset/incoming_audio/drive/Bhagavata Saroddhara/SBS24.6.SBS343.mp3,drive/Bhagavata Saroddhara,SBS24.6.SBS343.mp3,.mp3,mp3 (mp3float),mp3,44100,2,32,128,15.7,-0.08,-14.89,-16.76,-43.32,32.4,0.66,0.12,0.66,0.138,0,A,[],[],[],,251192,25bebc440772fb0320faacdf8221ddf6d61726d7
kamadhenu_dataset/incoming_audio/drive/Bhagavata Saroddhara/SBS24.E.mp3,drive/Bhagavata Saroddhara,SBS24.E.mp3,.mp3,mp3 (mp3float),mp3,44100,2,32,128,6.191,-1.6,-17.09,-19.81,-43.86,31.3,0.16,0.34,0.34,0.216,0,A,[],[],[],,99055,a6ee0350c580ac825aaa04dbcd72fc6c263de163
kamadhenu_dataset/incoming_audio/drive/Bhagavata Saroddhara/SBS25.0.mp3,drive/Bhagavata Saroddhara,SBS25.0.mp3,.mp3,mp3 (mp3float),mp3,44100,2,32,128,4.415,-1.02,-16.51,-18.01,-47.55,35.0,0.77,0.3,0.77,0.278,0,A,[],[],[],,70634,de0fca3d7adfc5d0033b16dc0133961e07cb04a9
kamadhenu_dataset/incoming_audio/drive/Bhagavata Saroddhara/SBS25.1.SBS344.mp3,drive/Bhagavata Saroddhara,SBS25.1.SBS344.mp3,.mp3,mp3 (mp3float),mp3,44100,2,32,128,15.856,0.01,-14.48,-16.64,-40.9,30.4,0.43,0.19,0.43,0.136,0,A,[],[],[],,253700,2349cab4e47a7542f1a35c78186b654ba23c5553
kamadhenu_dataset/incoming_audio/drive/Bhagavata Saroddhara/SBS25.2.SBS345.mp3,drive/Bhagavata Saroddhara,SBS25.2.SBS345.mp3,.mp3,mp3 (mp3float),mp3,44100,2,32,128,14.89,0.28,-14.27,-16.85,-44.26,33.8,0.27,0.12,0.67,0.134,0,A,[],[],[],,238235,6b4a0d92be48ee6f867243986a31f55f36b9508c
kamadhenu_dataset/incoming_audio/drive/Bhagavata Saroddhara/SBS25.3.SBS346.mp3,drive/Bhagavata Saroddhara,SBS25.3.SBS346.mp3,.mp3,mp3 (mp3float),mp3,44100,2,32,128,15.517,0.43,-14.17,-16.08,-42.48,32.0,0.34,0.18,0.38,0.123,0,A,[],[],[],,248266,d66e064a95b94a27d365826bb5a08b7780a17363
kamadhenu_dataset/incoming_audio/drive/Bhagavata Saroddhara/SBS25.E.mp3,drive/Bhagavata Saroddhara,SBS25.E.mp3,.mp3,mp3 (mp3float),mp3,44100,2,32,128,7.158,-0.82,-15.81,-18.12,-44.54,32.4,0.24,0.29,0.29,0.161,0,A,[],[],[],,114519,31039773e405e414f81f02de9eee9affca19c93b
kamadhenu_dataset/incoming_audio/drive/Bhagavata Saroddhara/SBS26.0.mp3,drive/Bhagavata Saroddhara,SBS26.0.mp3,.mp3,mp3 (mp3float),mp3,44100,2,32,128,2.795,-1.23,-14.96,-17.16,-46.96,35.7,0.42,0.0,0.42,0.162,0,A,[],[],[],,44720,20a7f7968bf21ec03ab886bb61bbf5592bf09312
kamadhenu_dataset/incoming_audio/drive/Bhagavata Saroddhara/SBS26.1.SBS347.mp3,drive/Bhagavata Saroddhara,SBS26.1.SBS347.mp3,.mp3,mp3 (mp3float),mp3,44100,2,32,128,18.416,-0.17,-14.18,-16.79,-41.92,31.6,0.47,0.38,0.47,0.128,0,A,[],[],[],,294660,0aae1df988834ad7d006f76de767511ba9a0b0a4
kamadhenu_dataset/incoming_audio/drive/Bhagavata Saroddhara/SBS26.E.mp3,drive/Bhagavata Saroddhara,SBS26.E.mp3,.mp3,mp3 (mp3float),mp3,44100,2,32,128,6.661,-0.58,-15.26,-17.96,-43.49,32.9,0.28,0.46,0.46,0.188,0,A,[],[],[],,106578,a008aa6536fa5e6e8867f912c86dab57d34f3605
kamadhenu_dataset/incoming_audio/drive/Bhagavata Saroddhara/SBS27.0.mp3,drive/Bhagavata Saroddhara,SBS27.0.mp3,.mp3,mp3 (mp3float),mp3,44100,2,32,128,3.135,-1.71,-17.24,-20.77,-48.72,36.0,0.71,0.12,0.71,0.289,0,A,[],[],[],,50154,c1a6306391829cd42e56cc5c2bb1552e9316d7b8
kamadhenu_dataset/incoming_audio/drive/Bhagavata Saroddhara/SBS27.1.SBS348.mp3,drive/Bhagavata Saroddhara,SBS27.1.SBS348.mp3,.mp3,mp3 (mp3float),mp3,44100,2,32,128,16.98,-0.11,-14.44,-16.96,-41.33,30.7,0.67,0.36,0.67,0.14,0,A,[],[],[],,271672,680c47a399c12cfa7e8b65017b524492a1eee5a9
kamadhenu_dataset/incoming_audio/drive/Bhagavata Saroddhara/SBS27.2.SBS349.mp3,drive/Bhagavata Saroddhara,SBS27.2.SBS349.mp3,.mp3,mp3 (mp3float),mp3,44100,2,32,128,16.013,0.37,-13.45,-15.24,-38.92,29.0,0.08,0.51,0.51,0.144,0,A,[],[],[],,256208,9f701c364de36e3db162f4113a5582b5a4a6cf47
kamadhenu_dataset/incoming_audio/drive/Bhagavata Saroddhara/SBS27.E.mp3,drive/Bhagavata Saroddhara,SBS27.E.mp3,.mp3,mp3 (mp3float),mp3,44100,2,32,128,6.348,-0.85,-16.56,-20.26,-44.11,31.7,0.52,0.2,0.52,0.147,0,A,[],[],[],,101563,f563b2d8e845ecd80f8d0788888be456ae2cbadf
kamadhenu_dataset/incoming_audio/drive/Bhagavata Saroddhara/SBS28.0.mp3,drive/Bhagavata Saroddhara,SBS28.0.mp3,.mp3,mp3 (mp3float),mp3,44100,2,32,128,3.448,-1.54,-16.09,-19.43,-46.29,34.6,0.32,0.32,0.32,0.254,0,A,[],[],[],,55169,a185e8e39e5fa68ff9fe41f4cfc8e79f9d0e971a
kamadhenu_dataset/incoming_audio/drive/Bhagavata Saroddhara/SBS28.1.SBS350.mp3,drive/Bhagavata Saroddhara,SBS28.1.SBS350.mp3,.mp3,mp3 (mp3float),mp3,44100,2,32,128,16.483,-1.19,-16.31,-18.33,-41.41,28.7,0.41,0.41,0.49,0.136,0,A,[],[],[],,263731,bcae3c2e3ef40d27cda4dad68a8b6d596802fc82
kamadhenu_dataset/incoming_audio/drive/Bhagavata Saroddhara/SBS28.E.mp3,drive/Bhagavata Saroddhara,SBS28.E.mp3,.mp3,mp3 (mp3float),mp3,44100,2,32,128,6.818,0.46,-15.5,-18.69,-44.49,34.0,0.57,0.21,0.57,0.2,0,A,[],[],[],,109086,932327e1d66ea2c72fe7f62792717b9dbb32bbe6
kamadhenu_dataset/incoming_audio/drive/Bhagavata Saroddhara/SBS29.0.mp3,drive/Bhagavata Saroddhara,SBS29.0.mp3,.mp3,mp3 (mp3float),mp3,44100,2,32,128,3.291,-2.39,-17.28,-19.3,-47.21,33.3,0.42,0.07,0.42,0.168,0,A,[],[],[],,52661,e91c92ce4d10252dbcc96a01a25cdd57210e8237
kamadhenu_dataset/incoming_audio/drive/Bhagavata Saroddhara/SBS29.1.SBS351.mp3,drive/Bhagavata Saroddhara,SBS29.1.SBS351.mp3,.mp3,mp3 (mp3float),mp3,44100,2,32,128,16.013,-0.38,-15.85,-18.25,-43.29,31.6,0.57,0.37,0.57,0.139,0,A,[],[],[],,256208,b7d7d47c6793958836029fd1b18a643782875b60
kamadhenu_dataset/incoming_audio/drive/Bhagavata Saroddhara/SBS29.10.SBS360.mp3,drive/Bhagavata Saroddhara,SBS29.10.SBS360.mp3,.mp3,mp3 (mp3float),mp3,44100,2,32,128,17.633,0.89,-14.13,-17.26,-43.27,33.6,0.35,0.24,0.45,0.136,3,B,"[""hot_peaks""]",[],[],,282121,d5d90a07f8fa3e4f6094b87a66cc3a3ec46908f7
kamadhenu_dataset/incoming_audio/drive/Bhagavata Saroddhara/SBS29.11.SBS361.mp3,drive/Bhagavata Saroddhara,SBS29.11.SBS361.mp3,.mp3,mp3 (mp3float),mp3,44100,2,32,128,17.789,-0.94,-15.66,-17.37,-37.54,26.1,0.11,0.13,0.59,0.158,0,A,[],[],[],,284629,79db7463a45bca5a19a09bb028f160e4336cb872
kamadhenu_dataset/incoming_audio/drive/Bhagavata Saroddhara/SBS29.2.SBS352.mp3,drive/Bhagavata Saroddhara,SBS29.2.SBS352.mp3,.mp3,mp3 (mp3float),mp3,44100,2,32,128,17.45,0.54,-14.27,-16.74,-41.31,30.8,0.22,0.14,0.5,0.137,2,A,[],[],[],,279195,71f1f78fe17914e1ba317f2adff2956b8b814f45
kamadhenu_dataset/incoming_audio/drive/Bhagavata Saroddhara/SBS29.3.SBS353.mp3,drive/Bhagavata Saroddhara,SBS29.3.SBS353.mp3,.mp3,mp3 (mp3float),mp3,44100,2,32,128,17.946,-0.27,-15.65,-16.87,-40.33,28.2,0.28,0.05,0.47,0.132,0,A,[],[],[],,287137,18eb4c225d681d26c9510c3f8dc99a8a8302b616
kamadhenu_dataset/incoming_audio/drive/Bhagavata Saroddhara/SBS29.4.SBS354.mp3,drive/Bhagavata Saroddhara,SBS29.4.SBS354.mp3,.mp3,mp3 (mp3float),mp3,44100,2,32,128,19.879,-0.08,-15.24,-16.96,-43.29,31.5,0.47,0.24,0.51,0.12,0,A,[],[],[],,318066,eb914c0458c040eb7c4c67c19083d3779bc66f3f
kamadhenu_dataset/incoming_audio/drive/Bhagavata Saroddhara/SBS29.5.SBS355.mp3,drive/Bhagavata Saroddhara,SBS29.5.SBS355.mp3,.mp3,mp3 (mp3float),mp3,44100,2,32,128,19.722,-0.12,-14.85,-17.02,-44.13,33.1,0.55,0.22,0.55,0.127,0,A,[],[],[],,315558,42ccad84cd7f1c00867e5e190008ce15a97ceb1e
kamadhenu_dataset/incoming_audio/drive/Bhagavata Saroddhara/SBS29.6.SBS356.mp3,drive/Bhagavata Saroddhara,SBS29.6.SBS356.mp3,.mp3,mp3 (mp3float),mp3,44100,2,32,128,15.203,0.24,-14.29,-17.09,-42.55,32.3,0.39,0.28,0.4,0.149,0,A,[],[],[],,243251,03cc2b0772eb6595f1115d7983af3d78e97fe551
kamadhenu_dataset/incoming_audio/drive/Bhagavata Saroddhara/SBS29.7.SBS357.mp3,drive/Bhagavata Saroddhara,SBS29.7.SBS357.mp3,.mp3,mp3 (mp3float),mp3,44100,2,32,128,17.633,-1.15,-15.34,-16.78,-39.34,27.7,0.41,0.09,0.46,0.135,0,A,[],[],[],,282121,743e958e2dbe893570eff84beb3d674a7237e86f
kamadhenu_dataset/incoming_audio/drive/Bhagavata Saroddhara/SBS29.8.SBS358.mp3,drive/Bhagavata Saroddhara,SBS29.8.SBS358.mp3,.mp3,mp3 (mp3float),mp3,44100,2,32,128,17.136,-1.87,-16.23,-17.92,-41.19,28.9,0.34,0.24,0.38,0.15,0,A,[],[],[],,274180,91e37c5efb9e287896bc2b5dad9176ba40c07ca0
kamadhenu_dataset/incoming_audio/drive/Bhagavata Saroddhara/SBS29.9.SBS359.mp3,drive/Bhagavata Saroddhara,SBS29.9.SBS359.mp3,.mp3,mp3 (mp3float),mp3,44100,2,32,128,18.416,-0.34,-16.49,-18.13,-44.34,31.5,0.68,0.21,0.68,0.135,0,A,[],[],[],,294660,694cb8c6764a2d4eafd6223404e631fafdb3e0a9
kamadhenu_dataset/incoming_audio/drive/Bhagavata Saroddhara/SBS29.E.mp3,drive/Bhagavata Saroddhara,SBS29.E.mp3,.mp3,mp3 (mp3float),mp3,44100,2,32,128,6.818,-2.22,-16.34,-18.1,-39.96,27.8,0.11,0.11,0.3,0.171,0,A,[],[],[],,109086,226f2f43e074fb6c0b1680a03a64eaa0cdbd3db5
kamadhenu_dataset/incoming_audio/drive/Bhagavata Saroddhara/SBS3.0.mp3,drive/Bhagavata Saroddhara,SBS3.0.mp3,.mp3,mp3 (mp3float),mp3,44100,2,32,128,3.291,-0.2,-16.81,-18.35,-42.8,30.7,0.62,0.05,0.62,0.349,0,A,[],[],[],,52661,5faf543888c421e8abd6c19689783712dda39d35
kamadhenu_dataset/incoming_audio/drive/Bhagavata Saroddhara/SBS3.1.SBS31.mp3,drive/Bhagavata Saroddhara,SBS3.1.SBS31.mp3,.mp3,mp3 (mp3float),mp3,44100,2,32,128,16.823,0.2,-14.21,-15.84,-39.75,29.2,0.73,0.06,0.73,0.169,0,A,[],[],[],,269164,f5e4096127cc7e66db8014537bcd8efe7fa038bc
kamadhenu_dataset/incoming_audio/drive/Bhagavata Saroddhara/SBS3.10.SBS40.mp3,drive/Bhagavata Saroddhara,SBS3.10.SBS40.mp3,.mp3,mp3 (mp3float),mp3,44100,2,32,128,16.483,0.65,-14.2,-16.0,-37.19,27.1,0.39,0.52,0.52,0.177,0,A,[],[],[],,263731,9d0abdd017c9c7412cb34a89d8c01d2086ef5262
kamadhenu_dataset/incoming_audio/drive/Bhagavata Saroddhara/SBS3.11.SBS41.mp3,drive/Bhagavata Saroddhara,SBS3.11.SBS41.mp3,.mp3,mp3 (mp3float),mp3,44100,2,32,128,16.327,-0.03,-15.43,-16.31,-35.0,23.3,0.21,0.03,0.55,0.191,0,A,[],[],[],,261223,f6a70f281f35e1bd3720ec6dd9a6307f4a7d1416
kamadhenu_dataset/incoming_audio/drive/Bhagavata Saroddhara/SBS3.12.SBS42.mp3,drive/Bhagavata Saroddhara,SBS3.12.SBS42.mp3,.mp3,mp3 (mp3float),mp3,44100,2,32,128,17.293,-0.13,-15.73,-16.91,-37.0,25.0,0.91,0.11,0.91,0.191,0,A,[],[],[],,276688,dfc785e3184a69eabe95422971d80a178ea585bd
kamadhenu_dataset/incoming_audio/drive/Bhagavata Saroddhara/SBS3.2.SBS32.mp3,drive/Bhagavata Saroddhara,SBS3.2.SBS32.mp3,.mp3,mp3 (mp3float),mp3,44100,2,32,128,18.913,-1.52,-16.35,-17.51,-40.09,27.2,0.46,0.35,0.69,0.155,0,A,[],[],[],,302601,5566dfa724200e2ac6d6951f690482e39d09afc9
kamadhenu_dataset/incoming_audio/drive/Bhagavata Saroddhara/SBS3.3.SBS33.mp3,drive/Bhagavata Saroddhara,SBS3.3.SBS33.mp3,.mp3,mp3 (mp3float),mp3,44100,2,32,128,15.7,0.58,-13.75,-16.2,-41.72,31.9,0.57,0.01,0.57,0.165,0,A,[],[],[],,251192,7f33aa2e431d8a924ec72ce67361cb8f9bf80141
kamadhenu_dataset/incoming_audio/drive/Bhagavata Saroddhara/SBS3.4.SBS34.mp3,drive/Bhagavata Saroddhara,SBS3.4.SBS34.mp3,.mp3,mp3 (mp3float),mp3,44100,2,32,128,15.203,0.13,-14.33,-16.57,-41.31,31.1,0.59,0.08,0.59,0.142,0,A,[],[],[],,243251,04ac0bc1d77fafa7a66793a73f53c6bf1db9d495
kamadhenu_dataset/incoming_audio/drive/Bhagavata Saroddhara/SBS3.5.SBS35.mp3,drive/Bhagavata Saroddhara,SBS3.5.SBS35.mp3,.mp3,mp3 (mp3float),mp3,44100,2,32,128,16.013,-0.07,-14.67,-16.58,-41.27,31.0,0.44,0.09,0.44,0.166,0,A,[],[],[],,256208,ec9d9829376da889470afad8c7bd32e0c86363e9
kamadhenu_dataset/incoming_audio/drive/Bhagavata Saroddhara/SBS3.6.SBS36.mp3,drive/Bhagavata Saroddhara,SBS3.6.SBS36.mp3,.mp3,mp3 (mp3float),mp3,44100,2,32,128,16.823,-0.56,-15.05,-16.97,-40.43,29.2,0.45,0.18,0.6,0.165,0,A,[],[],[],,269164,1af6519c8fcf0b60f44088fd57359ff2b4a7edb3
kamadhenu_dataset/incoming_audio/drive/Bhagavata Saroddhara/SBS3.7.SBS37.mp3,drive/Bhagavata Saroddhara,SBS3.7.SBS37.mp3,.mp3,mp3 (mp3float),mp3,44100,2,32,128,15.517,0.38,-14.01,-16.58,-42.79,32.8,0.6,0.09,0.69,0.163,0,A,[],[],[],,248266,f69ad8410f1e7f0a46f857461ca065b497ac7d73
kamadhenu_dataset/incoming_audio/drive/Bhagavata Saroddhara/SBS3.8.SBS38.mp3,drive/Bhagavata Saroddhara,SBS3.8.SBS38.mp3,.mp3,mp3 (mp3float),mp3,44100,2,32,128,16.483,-0.34,-15.14,-16.92,-41.68,30.3,0.4,0.49,0.71,0.163,0,A,[],[],[],,263731,3689fdb102e61779a1bcd8b5cfbdf60dfd8b1466
kamadhenu_dataset/incoming_audio/drive/Bhagavata Saroddhara/SBS3.9.SBS39.mp3,drive/Bhagavata Saroddhara,SBS3.9.SBS39.mp3,.mp3,mp3 (mp3float),mp3,44100,2,32,128,17.633,-0.71,-15.96,-16.82,-38.42,26.0,0.52,0.14,0.52,0.174,0,A,[],[],[],,282121,afd5d28224cb433b1bed61d7be11451c2a8f7815
kamadhenu_dataset/incoming_audio/drive/Bhagavata Saroddhara/SBS3.E.mp3,drive/Bhagavata Saroddhara,SBS3.E.mp3,.mp3,mp3 (mp3float),mp3,44100,2,32,128,6.818,-1.55,-18.11,-20.22,-41.32,27.4,0.71,0.0,0.71,0.235,0,A,[],[],[],,109086,efe082f9af8e178a3a862d8ee485db9895314a0c
kamadhenu_dataset/incoming_audio/drive/Bhagavata Saroddhara/SBS30.0.mp3,drive/Bhagavata Saroddhara,SBS30.0.mp3,.mp3,mp3 (mp3float),mp3,44100,2,32,128,3.135,-0.44,-15.22,-20.07,-54.58,44.1,0.31,0.09,0.31,0.129,0,A,[],[],[],,50154,b066892fd6ed1661b65708d0c744da97d6e6fdc0
kamadhenu_dataset/incoming_audio/drive/Bhagavata Saroddhara/SBS30.1.SBS362.mp3,drive/Bhagavata Saroddhara,SBS30.1.SBS362.mp3,.mp3,mp3 (mp3float),mp3,44100,2,32,128,18.103,0.21,-14.62,-16.46,-41.45,30.7,0.43,0.09,0.46,0.123,0,A,[],[],[],,289644,8567909ce2f65e1eea8a56ae756c64fc8ad08d3d
kamadhenu_dataset/incoming_audio/drive/Bhagavata Saroddhara/SBS30.2.SBS363.mp3,drive/Bhagavata Saroddhara,SBS30.2.SBS363.mp3,.mp3,mp3 (mp3float),mp3,44100,2,32,128,17.946,-0.7,-14.29,-16.82,-43.18,33.0,0.38,0.41,0.44,0.129,0,A,[],[],[],,287137,0875898a663e3a24f5bfc658a1f10c10b04e4004
kamadhenu_dataset/incoming_audio/drive/Bhagavata Saroddhara/SBS30.3.SBS364.mp3,drive/Bhagavata Saroddhara,SBS30.3.SBS364.mp3,.mp3,mp3 (mp3float),mp3,44100,2,32,128,16.483,-1.62,-16.71,-18.28,-38.33,25.7,0.16,0.44,0.44,0.149,0,A,[],[],[],,263731,4382a12e79bb303dd7ec125326a0777becb3be3d
kamadhenu_dataset/incoming_audio/drive/Bhagavata Saroddhara/SBS30.E.mp3,drive/Bhagavata Saroddhara,SBS30.E.mp3,.mp3,mp3 (mp3float),mp3,44100,2,32,128,6.818,-0.25,-15.77,-20.97,-54.42,43.6,0.57,0.06,0.57,0.143,0,A,[],[],[],,109086,1a2aa04354d2411ae31f515b5e8e9f65f919603c
kamadhenu_dataset/incoming_audio/drive/Bhagavata Saroddhara/SBS31.1.SBS365.mp3,drive/Bhagavata Saroddhara,SBS31.1.SBS365.mp3,.mp3,mp3 (mp3float),mp3,44100,2,32,128,21.316,0.49,-13.29,-15.8,-42.35,32.8,0.38,0.53,0.53,0.124,1,A,[],[],[],,341053,560c20534e3264da3edb8c06fa8897ef471fecd7
kamadhenu_dataset/incoming_audio/drive/Bhagavata Saroddhara/SBS31.2.SBS366.mp3,drive/Bhagavata Saroddhara,SBS31.2.SBS366.mp3,.mp3,mp3 (mp3float),mp3,44100,2,32,128,19.069,0.14,-14.88,-18.24,-49.86,38.7,0.56,0.19,0.56,0.133,0,A,[],[],[],,305109,1a3114406b69b322a386159c43a6fa17c616f75d
kamadhenu_dataset/incoming_audio/drive/Bhagavata Saroddhara/SBS31.3.SBS367.mp3,drive/Bhagavata Saroddhara,SBS31.3.SBS367.mp3,.mp3,mp3 (mp3float),mp3,44100,2,32,128,18.103,0.27,-14.33,-17.3,-46.93,36.7,0.75,0.02,0.75,0.133,0,A,[],[],[],,289644,bc5cc5b680e348efa13a5664f3d08b9bca988d0f
kamadhenu_dataset/incoming_audio/drive/Bhagavata Saroddhara/SBS31.E.mp3,drive/Bhagavata Saroddhara,SBS31.E.mp3,.mp3,mp3 (mp3float),mp3,44100,2,32,128,7.785,-0.85,-15.39,-18.15,-43.2,31.8,0.14,0.08,0.42,0.159,0,A,[],[],[],,124550,23d52f23dc2a726bbedd66bb6b30568d8b475c71
kamadhenu_dataset/incoming_audio/drive/Bhagavata Saroddhara/SBS4.0.mp3,drive/Bhagavata Saroddhara,SBS4.0.mp3,.mp3,mp3 (mp3float),mp3,44100,2,32,128,4.571,-2.11,-19.62,-21.78,-42.83,27.9,0.73,0.12,0.73,0.312,0,A,[],[],[],,73141,775a48ca6fcd3b3690e3f30ea134f0e2c8991b58
kamadhenu_dataset/incoming_audio/drive/Bhagavata Saroddhara/SBS4.1.SBS43.mp3,drive/Bhagavata Saroddhara,SBS4.1.SBS43.mp3,.mp3,mp3 (mp3float),mp3,44100,2,32,128,15.203,-1.18,-15.99,-17.3,-37.87,26.0,0.38,0.32,0.38,0.157,0,A,[],[],[],,243251,cf75a06cdbe933011ca0aeb47a6eb6858b455064
kamadhenu_dataset/incoming_audio/drive/Bhagavata Saroddhara/SBS4.10.SBS52.mp3,drive/Bhagavata Saroddhara,SBS4.10.SBS52.mp3,.mp3,mp3 (mp3float),mp3,44100,2,32,128,15.7,-0.28,-15.49,-16.83,-37.44,25.9,0.43,0.11,0.59,0.22,0,A,[],[],[],,251192,52e8bcf312a058204293d972b596510af9f170ef
kamadhenu_dataset/incoming_audio/drive/Bhagavata Saroddhara/SBS4.11.SBS53.mp3,drive/Bhagavata Saroddhara,SBS4.11.SBS53.mp3,.mp3,mp3 (mp3float),mp3,44100,2,32,128,16.483,-0.43,-16.1,-17.18,-36.37,24.0,0.22,0.09,0.55,0.207,0,A,[],[],[],,263731,9b9df32d15baa5b50e76121e728dc7b80bb6351f
kamadhenu_dataset/incoming_audio/drive/Bhagavata Saroddhara/SBS4.12.SBS54.mp3,drive/Bhagavata Saroddhara,SBS4.12.SBS54.mp3,.mp3,mp3 (mp3float),mp3,44100,2,32,128,15.203,-1.05,-16.21,-17.34,-37.46,24.7,0.54,0.0,0.54,0.171,0,A,[],[],[],,243251,852bd49f891e389c9d96e0f8b5655930d63fac8f
kamadhenu_dataset/incoming_audio/drive/Bhagavata Saroddhara/SBS4.13.SBS55.mp3,drive/Bhagavata Saroddhara,SBS4.13.SBS55.mp3,.mp3,mp3 (mp3float),mp3,44100,2,32,128,15.7,0.52,-15.05,-16.58,-39.35,28.1,0.32,0.23,0.58,0.186,0,A,[],[],[],,251192,02f90c5c003336edd13bb29daa708b6a65c22367
kamadhenu_dataset/incoming_audio/drive/Bhagavata Saroddhara/SBS4.14.SBS56.mp3,drive/Bhagavata Saroddhara,SBS4.14.SBS56.mp3,.mp3,mp3 (mp3float),mp3,44100,2,32,128,15.7,-0.53,-16.07,-17.61,-39.53,27.5,0.69,0.33,0.69,0.169,0,A,[],[],[],,251192,a53cfa24ef30be24b97d4ef13ba2e65b73b7386e
kamadhenu_dataset/incoming_audio/drive/Bhagavata Saroddhara/SBS4.2.SBS44.mp3,drive/Bhagavata Saroddhara,SBS4.2.SBS44.mp3,.mp3,mp3 (mp3float),mp3,44100,2,32,128,17.293,-2.12,-17.22,-18.49,-40.37,26.9,0.4,0.58,0.58,0.173,0,A,[],[],[],,276688,10a17b78a1f6f8c6ac89e80adb3417026558edc1
kamadhenu_dataset/incoming_audio/drive/Bhagavata Saroddhara/SBS4.3.SBS45.mp3,drive/Bhagavata Saroddhara,SBS4.3.SBS45.mp3,.mp3,mp3 (mp3float),mp3,44100,2,32,128,16.013,0.19,-14.55,-16.07,-37.02,26.3,0.36,0.17,0.47,0.165,0,A,[],[],[],,256208,39ad3b4d28dab1f16ca5199f7164cf8bca03834c
kamadhenu_dataset/incoming_audio/drive/Bhagavata Saroddhara/SBS4.4.SBS46.mp3,drive/Bhagavata Saroddhara,SBS4.4.SBS46.mp3,.mp3,mp3 (mp3float),mp3,44100,2,32,128,17.45,-0.56,-15.29,-16.34,-36.08,24.5,0.36,0.02,0.59,0.169,0,A,[],[],[],,279195,93589344b42efd0e78d0987fb5353dba637e0830
kamadhenu_dataset/incoming_audio/drive/Bhagavata Saroddhara/SBS4.5.SBS47.mp3,drive/Bhagavata Saroddhara,SBS4.5.SBS47.mp3,.mp3,mp3 (mp3float),mp3,44100,2,32,128,14.237,-0.97,-15.86,-16.74,-34.52,22.5,0.3,0.01,0.49,0.185,0,A,[],[],[],,227786,5674a3e94ba16bc5b55894a13a1cd577eb7fb0b3
kamadhenu_dataset/incoming_audio/drive/Bhagavata Saroddhara/SBS4.6.SBS48.mp3,drive/Bhagavata Saroddhara,SBS4.6.SBS48.mp3,.mp3,mp3 (mp3float),mp3,44100,2,32,128,16.823,-0.03,-14.65,-15.79,-37.13,25.9,0.38,0.2,0.49,0.157,0,A,[],[],[],,269164,6cec238b7859a0db54f0187f88fca7717e876de8
kamadhenu_dataset/incoming_audio/drive/Bhagavata Saroddhara/SBS4.7.SBS49.mp3,drive/Bhagavata Saroddhara,SBS4.7.SBS49.mp3,.mp3,mp3 (mp3float),mp3,44100,2,32,128,15.517,0.32,-15.25,-16.96,-37.76,26.2,0.31,0.5,0.5,0.175,0,A,[],[],[],,248266,3ba81b10a0506bec0ab72b7cf63c24eb2dd9be16
kamadhenu_dataset/incoming_audio/drive/Bhagavata Saroddhara/SBS4.8.SBS50.mp3,drive/Bhagavata Saroddhara,SBS4.8.SBS50.mp3,.mp3,mp3 (mp3float),mp3,44100,2,32,128,24.059,0.16,-15.43,-16.79,-37.16,25.4,0.39,0.32,0.58,0.173,0,A,[],[],[],,384939,977b7df18b596cab988c093fb36e1292ca2b3b8d
kamadhenu_dataset/incoming_audio/drive/Bhagavata Saroddhara/SBS4.9.SBS51.mp3,drive/Bhagavata Saroddhara,SBS4.9.SBS51.mp3,.mp3,mp3 (mp3float),mp3,44100,2,32,128,16.483,0.22,-14.96,-16.33,-36.29,25.0,0.31,0.18,0.56,0.195,0,A,[],[],[],,263731,6360b874b5d788fb419c1b3018db543bae8847d1
kamadhenu_dataset/incoming_audio/drive/Bhagavata Saroddhara/SBS4.E.mp3,drive/Bhagavata Saroddhara,SBS4.E.mp3,.mp3,mp3 (mp3float),mp3,44100,2,32,128,7.628,-1.05,-17.05,-19.17,-40.97,28.2,0.44,0.39,0.44,0.296,0,A,[],[],[],,122043,8a40519e7154237552d70ca7026db748342ba742
kamadhenu_dataset/incoming_audio/drive/Bhagavata Saroddhara/SBS5.0.mp3,drive/Bhagavata Saroddhara,SBS5.0.mp3,.mp3,mp3 (mp3float),mp3,44100,2,32,128,3.135,-2.01,-18.59,-20.41,-44.62,30.2,0.76,0.03,0.76,0.363,0,A,[],[],[],,50154,c98e7525bb3141041fbb2caa5f19f801baf7b641
kamadhenu_dataset/incoming_audio/drive/Bhagavata Saroddhara/SBS5.1.SBS57.mp3,drive/Bhagavata Saroddhara,SBS5.1.SBS57.mp3,.mp3,mp3 (mp3float),mp3,44100,2,32,128,16.17,0.55,-14.84,-16.7,-36.31,25.5,0.59,0.24,0.59,0.19,0,A,[],[],[],,258715,37bd88f79a1c21955b28272c0c2ad66a4775702c
kamadhenu_dataset/incoming_audio/drive/Bhagavata Saroddhara/SBS5.10.SBS66.mp3,drive/Bhagavata Saroddhara,SBS5.10.SBS66.mp3,.mp3,mp3 (mp3float),mp3,44100,2,32,128,16.17,-1.56,-17.29,-19.82,-45.03,31.6,0.35,0.23,0.65,0.153,0,A,[],[],[],,258715,d5dd5e3139387208c5404e1eb3f1ba0954940984
kamadhenu_dataset/incoming_audio/drive/Bhagavata Saroddhara/SBS5.11.SBS67.mp3,drive/Bhagavata Saroddhara,SBS5.11.SBS67.mp3,.mp3,mp3 (mp3float),mp3,44100,2,32,128,16.013,-0.43,-14.72,-17.88,-45.26,34.8,0.06,0.06,0.69,0.151,0,A,[],[],[],,256208,f452d4359d7d3b777341dc48a0693a69efde46dd
kamadhenu_dataset/incoming_audio/drive/Bhagavata Saroddhara/SBS5.12.SBS68.mp3,drive/Bhagavata Saroddhara,SBS5.12.SBS68.mp3,.mp3,mp3 (mp3float),mp3,44100,2,32,128,16.483,-0.17,-14.7,-16.71,-41.01,30.1,0.06,0.17,0.71,0.147,0,A,[],[],[],,263731,1bdeff35b349992c879ddcca365d6d1d686b0772
kamadhenu_dataset/incoming_audio/drive/Bhagavata Saroddhara/SBS5.13.SBS69.mp3,drive/Bhagavata Saroddhara,SBS5.13.SBS69.mp3,.mp3,mp3 (mp3float),mp3,44100,2,32,128,16.823,-0.44,-15.27,-17.31,-41.83,30.7,0.4,0.0,0.49,0.151,0,A,[],[],[],,269164,ca8e498168160c03c22f76241c1065680f93f33f
kamadhenu_dataset/incoming_audio/drive/Bhagavata Saroddhara/SBS5.14.SBS70.mp3,drive/Bhagavata Saroddhara,SBS5.14.SBS70.mp3,.mp3,mp3 (mp3float),mp3,44100,2,32,128,17.45,0.47,-15.21,-17.32,-41.27,29.7,0.32,0.12,0.38,0.132,0,A,[],[],[],,279195,4c9b7d367403ff0bc388c87ba8830c8228d6b7da
kamadhenu_dataset/incoming_audio/drive/Bhagavata Saroddhara/SBS5.15.SBS71.mp3,drive/Bhagavata Saroddhara,SBS5.15.SBS71.mp3,.mp3,mp3 (mp3float),mp3,44100,2,32,128,18.26,0.36,-14.15,-16.76,-42.64,32.7,1.0,0.23,1.0,0.163,0,A,[],[],[],,292152,c33543da6a1912af7e76b70a393cb5d440b3eac9
kamadhenu_dataset/incoming_audio/drive/Bhagavata Saroddhara/SBS5.16.SBS72.mp3,drive/Bhagavata Saroddhara,SBS5.16.SBS72.mp3,.mp3,mp3 (mp3float),mp3,44100,2,32,128,19.069,-0.2,-14.84,-17.84,-43.73,33.1,1.05,0.06,1.05,0.139,0,A,[],[],[],,305109,b04116f5ef06920ff811716d6f557426ecd6bb2d
kamadhenu_dataset/incoming_audio/drive/Bhagavata Saroddhara/SBS5.17.SBS73.mp3,drive/Bhagavata Saroddhara,SBS5.17.SBS73.mp3,.mp3,mp3 (mp3float),mp3,44100,2,32,128,18.599,-0.79,-15.16,-16.95,-41.36,30.0,0.73,0.06,0.73,0.133,0,A,[],[],[],,297586,ccf1cb14ac92b7d706d2c786cbd9677799d5cf3f
kamadhenu_dataset/incoming_audio/drive/Bhagavata Saroddhara/SBS5.18.SBS74.mp3,drive/Bhagavata Saroddhara,SBS5.18.SBS74.mp3,.mp3,mp3 (mp3float),mp3,44100,2,32,128,16.98,-1.55,-15.09,-16.56,-40.35,28.6,0.41,0.07,0.45,0.142,0,A,[],[],[],,271672,991c037728d2cf02ed02d7d6b9b951a04986a6ce
kamadhenu_dataset/incoming_audio/drive/Bhagavata Saroddhara/SBS5.19.SBS75.mp3,drive/Bhagavata Saroddhara,SBS5.19.SBS75.mp3,.mp3,mp3 (mp3float),mp3,44100,2,32,128,17.946,-0.82,-15.65,-17.08,-37.49,25.6,0.53,0.03,0.53,0.151,0,A,[],[],[],,287137,84c0fb44954fb214b2e79ba49fee759f00c82e9a
kamadhenu_dataset/incoming_audio/drive/Bhagavata Saroddhara/SBS5.2.SBS58.mp3,drive/Bhagavata Saroddhara,SBS5.2.SBS58.mp3,.mp3,mp3 (mp3float),mp3,44100,2,32,128,20.532,0.64,-16.47,-18.88,-41.62,29.2,0.26,0.77,0.77,0.157,0,A,[],[],[],,328514,cd742b97aeeea2162a2fcbc5588a58f513c9b432
kamadhenu_dataset/incoming_audio/drive/Bhagavata Saroddhara/SBS5.20.SBS76.mp3,drive/Bhagavata Saroddhara,SBS5.20.SBS76.mp3,.mp3,mp3 (mp3float),mp3,44100,2,32,128,18.416,0.66,-13.79,-15.58,-39.75,29.8,0.42,0.19,0.53,0.152,0,A,[],[],[],,294660,d2f19afa14cd40e6217d58ebb749201e269c9486
kamadhenu_dataset/incoming_audio/drive/Bhagavata Saroddhara/SBS5.21.SBS77.mp3,drive/Bhagavata Saroddhara,SBS5.21.SBS77.mp3,.mp3,mp3 (mp3float),mp3,44100,2,32,128,16.823,-1.0,-16.78,-19.77,-45.13,32.6,1.24,0.09,1.24,0.133,0,A,[],[],[],,269164,b9ab4ac20d10db7397be443d0063af0b6fa40d74
kamadhenu_dataset/incoming_audio/drive/Bhagavata Saroddhara/SBS5.22.SBS78.mp3,drive/Bhagavata Saroddhara,SBS5.22.SBS78.mp3,.mp3,mp3 (mp3float),mp3,44100,2,32,128,17.633,0.59,-14.02,-16.75,-39.87,30.0,0.41,0.09,0.46,0.153,2,A,[],[],[],,282121,a445adddd35374c76636a39507721909ea7a7098
kamadhenu_dataset/incoming_audio/drive/Bhagavata Saroddhara/SBS5.23.SBS79.mp3,drive/Bhagavata Saroddhara,SBS5.23.SBS79.mp3,.mp3,mp3 (mp3float),mp3,44100,2,32,128,28.082,-0.56,-14.86,-16.68,-39.55,28.5,0.64,0.02,0.64,0.143,0,A,[],[],[],,449305,52e1ad18a267510312b260f2988a60c323423e68
kamadhenu_dataset/incoming_audio/drive/Bhagavata Saroddhara/SBS5.24.SBS80.mp3,drive/Bhagavata Saroddhara,SBS5.24.SBS80.mp3,.mp3,mp3 (mp3float),mp3,44100,2,32,128,21.969,0.19,-14.62,-17.26,-46.7,36.0,0.99,0.2,0.99,0.139,0,A,[],[],[],,351502,45b1cef3dcc686f011a7dbdb69866f278eb1d45d
kamadhenu_dataset/incoming_audio/drive/Bhagavata Saroddhara/SBS5.25.SBS81.mp3,drive/Bhagavata Saroddhara,SBS5.25.SBS81.mp3,.mp3,mp3 (mp3float),mp3,44100,2,32,128,20.036,0.17,-15.07,-19.0,-44.87,34.3,0.35,0.12,0.57,0.134,0,A,[],[],[],,320573,8ba5a0e50eb498b1604059be2d8c2f6379b2408f
kamadhenu_dataset/incoming_audio/drive/Bhagavata Saroddhara/SBS5.26.SBS82.mp3,drive/Bhagavata Saroddhara,SBS5.26.SBS82.mp3,.mp3,mp3 (mp3float),mp3,44100,2,32,128,18.416,-0.61,-15.63,-17.53,-42.74,30.7,0.6,0.13,0.6,0.128,0,A,[],[],[],,294660,b2ade98f9ea7019a841416c171b7b6607938b7b0
kamadhenu_dataset/incoming_audio/drive/Bhagavata Saroddhara/SBS5.27.SBS83.mp3,drive/Bhagavata Saroddhara,SBS5.27.SBS83.mp3,.mp3,mp3 (mp3float),mp3,44100,2,32,128,17.789,-2.2,-17.01,-19.18,-43.48,30.1,0.79,0.23,0.79,0.135,0,A,[],[],[],,284629,930e39e9e3fefc617e93e724dce800e34c33e868
kamadhenu_dataset/incoming_audio/drive/Bhagavata Saroddhara/SBS5.28.SBS84.mp3,drive/Bhagavata Saroddhara,SBS5.28.SBS84.mp3,.mp3,mp3 (mp3float),mp3,44100,2,32,128,16.17,-2.32,-17.16,-18.56,-37.97,24.8,0.54,0.35,0.54,0.152,0,A,[],[],[],,258715,9b4b550420dd9da2b88d54464f775aea1b5ee7b2
kamadhenu_dataset/incoming_audio/drive/Bhagavata Saroddhara/SBS5.29.SBS85.mp3,drive/Bhagavata Saroddhara,SBS5.29.SBS85.mp3,.mp3,mp3 (mp3float),mp3,44100,2,32,128,19.566,0.39,-14.63,-17.4,-44.31,33.6,0.79,0.23,0.79,0.155,0,A,[],[],[],,313050,dd82bf61c4f0e2f5cb90f224fc8d3daa6b16f63a
kamadhenu_dataset/incoming_audio/drive/Bhagavata Saroddhara/SBS5.3.SBS59.mp3,drive/Bhagavata Saroddhara,SBS5.3.SBS59.mp3,.mp3,mp3 (mp3float),mp3,44100,2,32,128,17.789,-0.46,-16.02,-18.44,-44.76,32.8,0.59,0.34,0.59,0.177,0,A,[],[],[],,284629,c5a4cc58e00cef509c1f6b9276b3f9f50784c0ce
kamadhenu_dataset/incoming_audio/drive/Bhagavata Saroddhara/SBS5.30.SBS86.mp3,drive/Bhagavata Saroddhara,SBS5.30.SBS86.mp3,.mp3,mp3 (mp3float),mp3,44100,2,32,128,18.416,-1.4,-15.42,-17.82,-41.05,29.5,0.49,0.12,0.49,0.147,0,A,[],[],[],,294660,26f0865687dbcf26d013386ba78b44d941683581
kamadhenu_dataset/incoming_audio/drive/Bhagavata Saroddhara/SBS5.31.SBS87.mp3,drive/Bhagavata Saroddhara,SBS5.31.SBS87.mp3,.mp3,mp3 (mp3float),mp3,44100,2,32,128,16.823,-1.05,-15.84,-17.4,-38.39,26.2,0.44,0.09,0.45,0.145,0,A,[],[],[],,269164,aa24c986eb39a6261e24e578036bb091e5b7e800
kamadhenu_dataset/incoming_audio/drive/Bhagavata Saroddhara/SBS5.32.SBS88.mp3,drive/Bhagavata Saroddhara,SBS5.32.SBS88.mp3,.mp3,mp3 (mp3float),mp3,44100,2,32,128,16.013,-1.09,-16.51,-17.72,-36.12,23.5,0.37,0.0,0.39,0.176,0,A,[],[],[],,256208,61d5ee054a4ddc6c41d9b84a4cdaf12a9c4be877
kamadhenu_dataset/incoming_audio/drive/Bhagavata Saroddhara/SBS5.33.SBS89.mp3,drive/Bhagavata Saroddhara,SBS5.33.SBS89.mp3,.mp3,mp3 (mp3float),mp3,44100,2,32,128,21.159,0.6,-14.76,-17.54,-44.3,33.3,0.89,0.18,0.89,0.12,0,A,[],[],[],,338546,84b2d334b746a21227e43d4ab7a8811e5affb8e3
kamadhenu_dataset/incoming_audio/drive/Bhagavata Saroddhara/SBS5.34.SBS90.mp3,drive/Bhagavata Saroddhara,SBS5.34.SBS90.mp3,.mp3,mp3 (mp3float),mp3,44100,2,32,128,16.17,0.51,-15.57,-17.46,-41.98,30.1,0.36,0.14,0.74,0.126,0,A,[],[],[],,258715,d6dae4e1449ea392b36e500d9ade757c42c70438
kamadhenu_dataset/incoming_audio/drive/Bhagavata Saroddhara/SBS5.35.SBS91.mp3,drive/Bhagavata Saroddhara,SBS5.35.SBS91.mp3,.mp3,mp3 (mp3float),mp3,44100,2,32,128,17.45,-0.63,-16.19,-17.93,-40.17,28.2,0.26,0.25,0.49,0.141,0,A,[],[],[],,279195,cb117e4792b305d8baf0e515cb991c3794988651
kamadhenu_dataset/incoming_audio/drive/Bhagavata Saroddhara/SBS5.36.SBS92.mp3,drive/Bhagavata Saroddhara,SBS5.36.SBS92.mp3,.mp3,mp3 (mp3float),mp3,44100,2,32,128,18.103,-0.72,-16.71,-19.41,-46.43,33.9,0.63,0.17,0.63,0.124,0,A,[],[],[],,289644,38ad7b080196944d427e16de24e809f577654dd5
kamadhenu_dataset/incoming_audio/drive/Bhagavata Saroddhara/SBS5.37.SBS93.mp3,drive/Bhagavata Saroddhara,SBS5.37.SBS93.mp3,.mp3,mp3 (mp3float),mp3,44100,2,32,128,16.98,0.41,-15.15,-18.23,-45.44,34.5,0.56,0.07,0.56,0.14,0,A,[],[],[],,271672,939c812d0daf43dc5d8caf564a2501b41adf485a
kamadhenu_dataset/incoming_audio/drive/Bhagavata Saroddhara/SBS5.38.SBS94.mp3,drive/Bhagavata Saroddhara,SBS5.38.SBS94.mp3,.mp3,mp3 (mp3float),mp3,44100,2,32,128,20.193,-0.84,-15.55,-18.0,-43.19,31.2,0.6,0.11,0.6,0.149,0,A,[],[],[],,323081,9533ad194c0e7a630e8f7e6b1e088fd58a73fe9e
kamadhenu_dataset/incoming_audio/drive/Bhagavata Saroddhara/SBS5.39.SBS95.mp3,drive/Bhagavata Saroddhara,SBS5.39.SBS95.mp3,.mp3,mp3 (mp3float),mp3,44100,2,32,128,18.599,-0.9,-16.26,-18.48,-43.69,31.3,0.58,0.22,0.58,0.138,0,A,[],[],[],,297586,ef2c42f7ffd454f82f6606583d2fa739ed7967fc
kamadhenu_dataset/incoming_audio/drive/Bhagavata Saroddhara/SBS5.4.SBS60.mp3,drive/Bhagavata Saroddhara,SBS5.4.SBS60.mp3,.mp3,mp3 (mp3float),mp3,44100,2,32,128,17.136,0.34,-14.94,-17.87,-45.3,34.8,0.7,0.19,0.7,0.179,0,A,[],[],[],,274180,e714575794b28d9cc4dc7bec686d97f7df7c2efc
kamadhenu_dataset/incoming_audio/drive/Bhagavata Saroddhara/SBS5.40.SBS96.mp3,drive/Bhagavata Saroddhara,SBS5.40.SBS96.mp3,.mp3,mp3 (mp3float),mp3,44100,2,32,128,17.946,0.11,-15.23,-17.12,-39.55,27.9,0.23,0.41,0.41,0.142,0,A,[],[],[],,287137,baa27e604cb0cec0d39956070df6d728f0506440
kamadhenu_dataset/incoming_audio/drive/Bhagavata Saroddhara/SBS5.41.SBS97.mp3,drive/Bhagavata Saroddhara,SBS5.41.SBS97.mp3,.mp3,mp3 (mp3float),mp3,44100,2,32,128,18.913,-0.94,-16.53,-18.56,-42.17,29.6,0.11,0.21,0.45,0.143,0,A,[],[],[],,302601,44ce1bc579186a6f2fc61e7bffa8ed00d204e45f
kamadhenu_dataset/incoming_audio/drive/Bhagavata Saroddhara/SBS5.42.SBS98.mp3,drive/Bhagavata Saroddhara,SBS5.42.SBS98.mp3,.mp3,mp3 (mp3float),mp3,44100,2,32,128,19.226,0.04,-15.08,-17.41,-40.61,29.8,0.3,0.0,0.59,0.141,0,A,[],[],[],,307617,79995f4a9e00a57a7ae3a46d7346e8df44dd5f03
kamadhenu_dataset/incoming_audio/drive/Bhagavata Saroddhara/SBS5.43.SBS99.mp3,drive/Bhagavata Saroddhara,SBS5.43.SBS99.mp3,.mp3,mp3 (mp3float),mp3,44100,2,32,128,19.383,0.25,-15.91,-18.79,-48.17,36.1,0.67,0.24,0.67,0.134,0,A,[],[],[],,310124,42501e71386a817bcc0e4e543645c800652ac73b
kamadhenu_dataset/incoming_audio/drive/Bhagavata Saroddhara/SBS5.44.SBS100.mp3,drive/Bhagavata Saroddhara,SBS5.44.SBS100.mp3,.mp3,mp3 (mp3float),mp3,44100,2,32,128,16.98,-0.85,-16.39,-18.8,-46.79,34.3,0.52,0.14,0.52,0.124,0,A,[],[],[],,271672,d4a9a4a68268109682ee51511b3ed9de8841a4a6
kamadhenu_dataset/incoming_audio/drive/Bhagavata Saroddhara/SBS5.45.SBS101.mp3,drive/Bhagavata Saroddhara,SBS5.45.SBS101.mp3,.mp3,mp3 (mp3float),mp3,44100,2,32,128,22.465,0.15,-14.33,-16.45,-39.25,28.6,0.32,0.44,0.71,0.139,0,A,[],[],[],,359443,6aebdcc186040bb62a01de82a1ff099b62736c15
kamadhenu_dataset/incoming_audio/drive/Bhagavata Saroddhara/SBS5.5.SBS61.mp3,drive/Bhagavata Saroddhara,SBS5.5.SBS61.mp3,.mp3,mp3 (mp3float),mp3,44100,2,32,128,16.013,-1.11,-15.92,-18.91,-45.3,33.8,0.54,0.16,0.54,0.162,0,A,[],[],[],,256208,a905071c271287edaa5f993bcdfa0ed280102c92
kamadhenu_dataset/incoming_audio/drive/Bhagavata Saroddhara/SBS5.6.SBS62.mp3,drive/Bhagavata Saroddhara,SBS5.6.SBS62.mp3,.mp3,mp3 (mp3float),mp3,44100,2,32,128,16.17,-1.6,-17.01,-20.95,-46.66,34.1,0.73,0.06,0.73,0.159,0,A,[],[],[],,258715,fd9f0b30dde1ea01630c78c6e0802db94e11bb8f
kamadhenu_dataset/incoming_audio/drive/Bhagavata Saroddhara/SBS5.7.SBS63.mp3,drive/Bhagavata Saroddhara,SBS5.7.SBS63.mp3,.mp3,mp3 (mp3float),mp3,44100,2,32,128,16.823,-0.35,-16.05,-18.49,-43.12,30.7,0.45,0.21,0.54,0.155,0,A,[],[],[],,269164,0e71ad6f5b87047614563c282d9997020a8686fb
kamadhenu_dataset/incoming_audio/drive/Bhagavata Saroddhara/SBS5.8.SBS64.mp3,drive/Bhagavata Saroddhara,SBS5.8.SBS64.mp3,.mp3,mp3 (mp3float),mp3,44100,2,32,128,17.946,-1.14,-16.66,-18.49,-41.49,28.7,0.26,0.27,0.47,0.179,0,A,[],[],[],,287137,492de3ae7c9e6163f26acaa9f8ffa8cd7f085f24
kamadhenu_dataset/incoming_audio/drive/Bhagavata Saroddhara/SBS5.9.SBS65.mp3,drive/Bhagavata Saroddhara,SBS5.9.SBS65.mp3,.mp3,mp3 (mp3float),mp3,44100,2,32,128,16.327,-2.1,-17.24,-19.18,-43.33,30.3,0.37,0.25,0.49,0.143,0,A,[],[],[],,261223,f49f67bde1b7d917d6018d0a65ffe1615621f067
kamadhenu_dataset/incoming_audio/drive/Bhagavata Saroddhara/SBS5.E.mp3,drive/Bhagavata Saroddhara,SBS5.E.mp3,.mp3,mp3 (mp3float),mp3,44100,2,32,128,6.505,-1.24,-16.99,-21.17,-47.57,35.0,0.61,0.09,0.61,0.127,0,A,[],[],[],,104070,fdea68e859147496970a0dc62ca9c3893fe5b4d6
kamadhenu_dataset/incoming_audio/drive/Bhagavata Saroddhara/SBS6.0.mp3,drive/Bhagavata Saroddhara,SBS6.0.mp3,.mp3,mp3 (mp3float),mp3,44100,2,32,128,3.448,0.17,-16.22,-19.69,-53.66,41.9,0.56,0.05,0.56,0.187,0,A,[],[],[],,55169,33f0a7ea240b9461d215bc97eb7944561598be0c
kamadhenu_dataset/incoming_audio/drive/Bhagavata Saroddhara/SBS6.1.SBS102.mp3,drive/Bhagavata Saroddhara,SBS6.1.SBS102.mp3,.mp3,mp3 (mp3float),mp3,44100,2,32,128,16.666,-0.01,-14.58,-16.81,-40.2,29.8,0.58,0.11,0.58,0.147,0,A,[],[],[],,266657,a901e304fbe4f2ca17b1d6188cdd3a4b498f27e8
kamadhenu_dataset/incoming_audio/drive/Bhagavata Saroddhara/SBS6.10.SBS111.mp3,drive/Bhagavata Saroddhara,SBS6.10.SBS111.mp3,.mp3,mp3 (mp3float),mp3,44100,2,32,128,15.7,0.12,-14.68,-16.71,-39.05,28.4,0.07,0.03,0.54,0.159,0,A,[],[],[],,251192,a886c0941870a12d9dc83534e98d22eb79057b72
kamadhenu_dataset/incoming_audio/drive/Bhagavata Saroddhara/SBS6.2.SBS103.mp3,drive/Bhagavata Saroddhara,SBS6.2.SBS103.mp3,.mp3,mp3 (mp3float),mp3,44100,2,32,128,18.416,-0.62,-15.4,-17.98,-45.88,34.3,0.51,0.15,0.54,0.13,0,A,[],[],[],,294660,a96ae85c716b15d1ac34288cc99ed361f7b0c7e0
kamadhenu_dataset/incoming_audio/drive/Bhagavata Saroddhara/SBS6.3.SBS104.mp3,drive/Bhagavata Saroddhara,SBS6.3.SBS104.mp3,.mp3,mp3 (mp3float),mp3,44100,2,32,128,15.517,0.13,-14.58,-17.98,-44.14,33.7,0.7,0.25,0.7,0.13,0,A,[],[],[],,248266,9ae4571fff04b24cc8ea6016556819469e39ffb3
kamadhenu_dataset/incoming_audio/drive/Bhagavata Saroddhara/SBS6.4.SBS105.mp3,drive/Bhagavata Saroddhara,SBS6.4.SBS105.mp3,.mp3,mp3 (mp3float),mp3,44100,2,32,128,16.483,0.08,-14.04,-16.02,-37.73,27.7,0.28,0.21,0.58,0.147,0,A,[],[],[],,263731,f58d969988f2eb8751288e6d552bd24e3946d070
kamadhenu_dataset/incoming_audio/drive/Bhagavata Saroddhara/SBS6.5.SBS106.mp3,drive/Bhagavata Saroddhara,SBS6.5.SBS106.mp3,.mp3,mp3 (mp3float),mp3,44100,2,32,128,18.103,-1.03,-15.43,-17.72,-40.93,29.6,0.44,0.08,0.59,0.144,0,A,[],[],[],,289644,0c66cc3635699b8d5255c9b588219ec12d49c400
kamadhenu_dataset/incoming_audio/drive/Bhagavata Saroddhara/SBS6.6.SBS107.mp3,drive/Bhagavata Saroddhara,SBS6.6.SBS107.mp3,.mp3,mp3 (mp3float),mp3,44100,2,32,128,16.17,-1.2,-14.49,-17.33,-45.12,34.5,0.64,0.19,0.64,0.124,0,A,[],[],[],,258715,3668dd386df604939800871190fb17ade4c5c12f
kamadhenu_dataset/incoming_audio/drive/Bhagavata Saroddhara/SBS6.7.SBS108.mp3,drive/Bhagavata Saroddhara,SBS6.7.SBS108.mp3,.mp3,mp3 (mp3float),mp3,44100,2,32,128,16.013,-1.25,-15.06,-16.56,-38.68,27.2,0.37,0.19,0.56,0.134,0,A,[],[],[],,256208,2f9dfcacecd805c4389c6b4b50803a60990ab997
kamadhenu_dataset/incoming_audio/drive/Bhagavata Saroddhara/SBS6.8.SBS109.mp3,drive/Bhagavata Saroddhara,SBS6.8.SBS109.mp3,.mp3,mp3 (mp3float),mp3,44100,2,32,128,15.203,-1.92,-16.55,-18.6,-44.04,31.4,0.41,0.0,0.57,0.136,0,A,[],[],[],,243251,d79a4041045736f2877e345369c3bf39ca2d0f62
kamadhenu_dataset/incoming_audio/drive/Bhagavata Saroddhara/SBS6.9.SBS110.mp3,drive/Bhagavata Saroddhara,SBS6.9.SBS110.mp3,.mp3,mp3 (mp3float),mp3,44100,2,32,128,16.98,-1.67,-16.47,-18.77,-40.98,28.7,0.11,0.12,0.63,0.152,0,A,[],[],[],,271672,625c480bdf8cbcfec0cd5a10e0baaf4f873b461f
kamadhenu_dataset/incoming_audio/drive/Bhagavata Saroddhara/SBS6.E.mp3,drive/Bhagavata Saroddhara,SBS6.E.mp3,.mp3,mp3 (mp3float),mp3,44100,2,32,128,7.158,-1.47,-18.48,-24.08,-55.09,41.2,0.67,0.13,0.67,0.137,0,A,[],[],[],,114519,82fc3a4a8422c02de430d7519b4f26e09a97c635
kamadhenu_dataset/incoming_audio/drive/Bhagavata Saroddhara/SBS7.0.mp3,drive/Bhagavata Saroddhara,SBS7.0.mp3,.mp3,mp3 (mp3float),mp3,44100,2,32,128,4.258,-3.5,-20.59,-24.61,-57.17,41.7,0.83,0.08,0.83,0.233,0,A,[],[],[],,68126,142b4cc52d6dcb15286c0be56f0ad9bbefe7e618
kamadhenu_dataset/incoming_audio/drive/Bhagavata Saroddhara/SBS7.1.SBS112.mp3,drive/Bhagavata Saroddhara,SBS7.1.SBS112.mp3,.mp3,mp3 (mp3float),mp3,44100,2,32,128,18.416,-0.36,-16.17,-18.56,-42.31,30.2,0.31,0.36,0.52,0.142,0,A,[],[],[],,294660,ac3eb4987bd58d93dd706fbba60669e8cd8ef086
kamadhenu_dataset/incoming_audio/drive/Bhagavata Saroddhara/SBS7.10.SBS121.mp3,drive/Bhagavata Saroddhara,SBS7.10.SBS121.mp3,.mp3,mp3 (mp3float),mp3,44100,2,32,128,16.98,-0.88,-16.22,-18.23,-39.71,27.6,0.53,0.17,0.53,0.142,0,A,[],[],[],,271672,85903d0b15ec55baf78f32acbddae63f7dde299c
kamadhenu_dataset/incoming_audio/drive/Bhagavata Saroddhara/SBS7.2.SBS113.mp3,drive/Bhagavata Saroddhara,SBS7.2.SBS113.mp3,.mp3,mp3 (mp3float),mp3,44100,2,32,128,16.823,-0.79,-16.92,-19.78,-44.69,32.2,0.6,0.05,0.6,0.146,0,A,[],[],[],,269164,7d5e4f7de8d3259c158e2a67d817a6dbe0e847ce
kamadhenu_dataset/incoming_audio/drive/Bhagavata Saroddhara/SBS7.3.SBS114.mp3,drive/Bhagavata Saroddhara,SBS7.3.SBS114.mp3,.mp3,mp3 (mp3float),mp3,44100,2,32,128,17.45,-0.88,-14.78,-16.61,-40.05,28.9,0.41,0.15,0.5,0.151,0,A,[],[],[],,279195,68e88db551ec7def72dccbb9315993060de2f626
kamadhenu_dataset/incoming_audio/drive/Bhagavata Saroddhara/SBS7.4.SBS115.mp3,drive/Bhagavata Saroddhara,SBS7.4.SBS115.mp3,.mp3,mp3 (mp3float),mp3,44100,2,32,128,16.823,-1.73,-15.56,-17.16,-38.04,26.3,0.35,0.14,0.53,0.151,0,A,[],[],[],,269164,4a47749d8c64aa9d3a4e77e6f0ec26fc38033413
kamadhenu_dataset/incoming_audio/drive/Bhagavata Saroddhara/SBS7.5.SBS116.mp3,drive/Bhagavata Saroddhara,SBS7.5.SBS116.mp3,.mp3,mp3 (mp3float),mp3,44100,2,32,128,16.013,-1.82,-16.2,-18.33,-41.35,29.3,0.31,0.08,0.49,0.144,0,A,[],[],[],,256208,5dfd40c195bfabad9a1969b74a57ad73f858ddde
kamadhenu_dataset/incoming_audio/drive/Bhagavata Saroddhara/SBS7.6.SBS117.mp3,drive/Bhagavata Saroddhara,SBS7.6.SBS117.mp3,.mp3,mp3 (mp3float),mp3,44100,2,32,128,16.98,-0.37,-15.53,-18.01,-41.96,30.5,0.32,0.47,0.48,0.137,0,A,[],[],[],,271672,11a22601058bc5b3876b098e30dcb5a2ffbaf024
kamadhenu_dataset/incoming_audio/drive/Bhagavata Saroddhara/SBS7.7.SBS118.mp3,drive/Bhagavata Saroddhara,SBS7.7.SBS118.mp3,.mp3,mp3 (mp3float),mp3,44100,2,32,128,18.103,0.45,-14.29,-17.79,-44.31,34.3,0.42,0.14,0.51,0.136,0,A,[],[],[],,289644,9c58cad1c17c208ce1e451101f597ff256f2f45a
kamadhenu_dataset/incoming_audio/drive/Bhagavata Saroddhara/SBS7.8.SBS119.mp3,drive/Bhagavata Saroddhara,SBS7.8.SBS119.mp3,.mp3,mp3 (mp3float),mp3,44100,2,32,128,19.226,-1.03,-15.75,-17.42,-38.0,26.3,0.07,0.1,0.63,0.155,0,A,[],[],[],,307617,dc136ef1bd3a3db24559ab2b3ea3366aa38e7691
kamadhenu_dataset/incoming_audio/drive/Bhagavata Saroddhara/SBS7.9.SBS120.mp3,drive/Bhagavata Saroddhara,SBS7.9.SBS120.mp3,.mp3,mp3 (mp3float),mp3,44100,2,32,128,17.293,0.22,-15.17,-18.29,-43.23,32.5,0.43,0.01,0.52,0.141,0,A,[],[],[],,276688,7d50630dee76c97ef2442f6b03d1f28e14c756ef
kamadhenu_dataset/incoming_audio/drive/Bhagavata Saroddhara/SBS7.E.mp3,drive/Bhagavata Saroddhara,SBS7.E.mp3,.mp3,mp3 (mp3float),mp3,44100,2,32,128,6.661,-1.76,-18.48,-22.66,-47.02,33.2,0.19,0.12,0.34,0.157,0,A,[],[],[],,106578,3ffe2db18a84e1f9359a590e017524665395f8ef
kamadhenu_dataset/incoming_audio/drive/Bhagavata Saroddhara/SBS8.0.mp3,drive/Bhagavata Saroddhara,SBS8.0.mp3,.mp3,mp3 (mp3float),mp3,44100,2,32,128,3.291,-2.53,-18.39,-19.89,-44.63,30.2,0.35,0.07,0.35,0.174,0,A,[],[],[],,52661,101af8814b5d927098379e3199a33d166e9a1659
kamadhenu_dataset/incoming_audio/drive/Bhagavata Saroddhara/SBS8.1.SBS122.mp3,drive/Bhagavata Saroddhara,SBS8.1.SBS122.mp3,.mp3,mp3 (mp3float),mp3,44100,2,32,128,16.483,-0.6,-15.03,-16.81,-37.85,26.6,0.3,0.39,0.52,0.159,0,A,[],[],[],,263731,8dd249904b875799d82c351e903da4855d9b62fd
kamadhenu_dataset/incoming_audio/drive/Bhagavata Saroddhara/SBS8.10.SBS131.mp3,drive/Bhagavata Saroddhara,SBS8.10.SBS131.mp3,.mp3,mp3 (mp3float),mp3,44100,2,32,128,15.856,-0.03,-14.81,-17.48,-40.66,29.8,0.06,0.22,0.68,0.139,0,A,[],[],[],,253700,6ef57249189a8da7aae2a01f9c4430b636b91fa3
kamadhenu_dataset/incoming_audio/drive/Bhagavata Saroddhara/SBS8.11.SBS132.mp3,drive/Bhagavata Saroddhara,SBS8.11.SBS132.mp3,.mp3,mp3 (mp3float),mp3,44100,2,32,128,15.856,-0.48,-14.83,-16.72,-40.21,29.1,0.41,0.31,0.44,0.14,0,A,[],[],[],,253700,6644ea2ab38048590c51659bf3813f652c75dc80
kamadhenu_dataset/incoming_audio/drive/Bhagavata Saroddhara/SBS8.2.SBS123.mp3,drive/Bhagavata Saroddhara,SBS8.2.SBS123.mp3,.mp3,mp3 (mp3float),mp3,44100,2,32,128,15.36,-0.79,-15.08,-16.97,-39.96,28.8,0.29,0.32,0.54,0.13,0,A,[],[],[],,245759,6b2ba6930f79efab12d131a3331eed03419fb529
kamadhenu_dataset/incoming_audio/drive/Bhagavata Saroddhara/SBS8.3.SBS124.mp3,drive/Bhagavata Saroddhara,SBS8.3.SBS124.mp3,.mp3,mp3 (mp3float),mp3,44100,2,32,128,16.823,-1.33,-15.95,-17.2,-35.8,23.9,0.22,0.11,0.5,0.187,0,A,[],[],[],,269164,26367870ddb85d9ade95317e7e9415e6d252eb0e
kamadhenu_dataset/incoming_audio/drive/Bhagavata Saroddhara/SBS8.4.SBS125.mp3,drive/Bhagavata Saroddhara,SBS8.4.SBS125.mp3,.mp3,mp3 (mp3float),mp3,44100,2,32,128,17.136,0.44,-14.56,-16.68,-40.06,29.4,0.45,0.03,0.55,0.146,0,A,[],[],[],,274180,596065ebd47f2bcd6260e73c53091442af2ffeeb
kamadhenu_dataset/incoming_audio/drive/Bhagavata Saroddhara/SBS8.5.SBS126.mp3,drive/Bhagavata Saroddhara,SBS8.5.SBS126.mp3,.mp3,mp3 (mp3float),mp3,44100,2,32,128,19.566,-0.57,-14.66,-16.58,-38.53,28.0,0.17,0.34,0.63,0.154,0,A,[],[],[],,313050,34bbef2940ca1a871d85e1578c5f5788297c5a88
kamadhenu_dataset/incoming_audio/drive/Bhagavata Saroddhara/SBS8.6.SBS127.mp3,drive/Bhagavata Saroddhara,SBS8.6.SBS127.mp3,.mp3,mp3 (mp3float),mp3,44100,2,32,128,16.666,-1.09,-15.38,-17.74,-40.32,29.1,0.36,0.22,0.46,0.149,0,A,[],[],[],,266657,e4969fdb234c4b6d8276dca95fa5557aac09d6e4
kamadhenu_dataset/incoming_audio/drive/Bhagavata Saroddhara/SBS8.7.SBS128.mp3,drive/Bhagavata Saroddhara,SBS8.7.SBS128.mp3,.mp3,mp3 (mp3float),mp3,44100,2,32,128,17.45,0.78,-13.43,-16.66,-43.72,34.3,0.36,0.18,0.57,0.136,15,B,"[""hot_peaks""]",[],[],,279195,82d8dbd825b503a741b60c2146273620b524033a
kamadhenu_dataset/incoming_audio/drive/Bhagavata Saroddhara/SBS8.8.SBS129.mp3,drive/Bhagavata Saroddhara,SBS8.8.SBS129.mp3,.mp3,mp3 (mp3float),mp3,44100,2,32,128,17.293,0.44,-14.64,-16.69,-42.81,31.9,0.15,0.2,0.52,0.15,0,A,[],[],[],,276688,0b66396f4644423483459b2d329041a3a82d73d9
kamadhenu_dataset/incoming_audio/drive/Bhagavata Saroddhara/SBS8.9.SBS130.mp3,drive/Bhagavata Saroddhara,SBS8.9.SBS130.mp3,.mp3,mp3 (mp3float),mp3,44100,2,32,128,15.517,-0.53,-15.34,-16.41,-35.57,23.8,0.17,0.21,0.55,0.157,0,A,[],[],[],,248266,48d81bc9c189e07af0bc990544af9ca7746494d2
kamadhenu_dataset/incoming_audio/drive/Bhagavata Saroddhara/SBS8.E.mp3,drive/Bhagavata Saroddhara,SBS8.E.mp3,.mp3,mp3 (mp3float),mp3,44100,2,32,128,6.661,-1.69,-16.48,-20.73,-52.13,39.9,0.17,0.09,0.62,0.134,0,A,[],[],[],,106578,fe3e5bec33986d93b1b47a53d9db1d498b6c8852
kamadhenu_dataset/incoming_audio/drive/Bhagavata Saroddhara/SBS9.0.mp3,drive/Bhagavata Saroddhara,SBS9.0.mp3,.mp3,mp3 (mp3float),mp3,44100,2,32,128,4.728,0.17,-17.81,-22.87,-64.19,51.7,0.61,0.06,0.61,0.265,0,A,[],[],[],,75649,7fe8bb2ad76e80c196e60d9675340df90b822986
kamadhenu_dataset/incoming_audio/drive/Bhagavata Saroddhara/SBS9.1.SBS133.mp3,drive/Bhagavata Saroddhara,SBS9.1.SBS133.mp3,.mp3,mp3 (mp3float),mp3,44100,2,32,128,16.013,0.29,-14.91,-16.72,-39.82,28.5,0.06,0.2,0.62,0.128,0,A,[],[],[],,256208,777b368acaf1c8cda93bd20091376e029fd6c534
kamadhenu_dataset/incoming_audio/drive/Bhagavata Saroddhara/SBS9.2.SBS134.mp3,drive/Bhagavata Saroddhara,SBS9.2.SBS134.mp3,.mp3,mp3 (mp3float),mp3,44100,2,32,128,15.203,0.74,-13.7,-16.06,-37.87,28.3,0.33,0.24,0.49,0.185,0,B,"[""hot_peaks""]",[],[],,243251,b76185bfdebad4236ff4d54e7de28cd0af296b44
kamadhenu_dataset/incoming_audio/drive/Bhagavata Saroddhara/SBS9.3.SBS135.mp3,drive/Bhagavata Saroddhara,SBS9.3.SBS135.mp3,.mp3,mp3 (mp3float),mp3,44100,2,32,128,14.733,-0.79,-14.77,-16.77,-38.74,28.0,0.34,0.0,0.55,0.186,0,A,[],[],[],,235728,5d51daa3ff9f8fb1ad3b5d3f43ed8662ae2fd9ef
kamadhenu_dataset/incoming_audio/drive/Bhagavata Saroddhara/SBS9.4.SBS136.mp3,drive/Bhagavata Saroddhara,SBS9.4.SBS136.mp3,.mp3,mp3 (mp3float),mp3,44100,2,32,128,16.013,-0.11,-15.24,-16.91,-38.46,27.3,0.73,0.15,0.73,0.173,0,A,[],[],[],,256208,a4ff3232a9bd1ad9b33cd7317ff8741c8c31bdb8
kamadhenu_dataset/incoming_audio/drive/Bhagavata Saroddhara/SBS9.5.SBS137.mp3,drive/Bhagavata Saroddhara,SBS9.5.SBS137.mp3,.mp3,mp3 (mp3float),mp3,44100,2,32,128,16.823,0.44,-14.95,-16.69,-40.53,29.3,0.57,0.11,0.57,0.17,0,A,[],[],[],,269164,10c978e698b32cceb6651b142966d4461dc7244b
kamadhenu_dataset/incoming_audio/drive/Bhagavata Saroddhara/SBS9.E.mp3,drive/Bhagavata Saroddhara,SBS9.E.mp3,.mp3,mp3 (mp3float),mp3,44100,2,32,128,7.314,-0.85,-16.45,-19.18,-42.59,30.7,0.72,0.04,0.72,0.225,0,A,[],[],[],,117027,2072303569a9f35a243059cdc347e02739f04c3d
kamadhenu_dataset/incoming_audio/drive/Bhagavata Saroddhara/SrimadBhAgavata SaroddhAra SAra Selected.mp3,drive/Bhagavata Saroddhara,SrimadBhAgavata SaroddhAra SAra Selected.mp3,.mp3,mp3 (mp3float),mp3,44100,2,32,128,969.169,0.97,-15.63,-18.47,-49.0,37.3,0.58,0.17,2.06,0.138,7,A,[],[],[],,15506702,50840bbaab65f4bd1e9822608f8b00cde89e1a22
kamadhenu_dataset/incoming_audio/drive/Gita Shlokas__Adhyaya 15/G.15.1.1.mp3,drive/Gita Shlokas__Adhyaya 15,G.15.1.1.mp3,.mp3,mp3 (mp3float),mp3,48000,2,32,192,60.216,0.87,-13.76,-16.89,-44.79,35.4,0.79,0.01,1.12,0.232,65,B,"[""hot_peaks""]",[],[],,1445184,e1f0de4bb942317da0c322bd08129915d75e02c3
kamadhenu_dataset/incoming_audio/drive/Gita Shlokas__Adhyaya 15/G.15.1.2.mp3,drive/Gita Shlokas__Adhyaya 15,G.15.1.2.mp3,.mp3,mp3 (mp3float),mp3,48000,2,32,192,51.576,0.96,-13.67,-16.06,-45.65,36.2,1.21,0.14,1.21,0.253,71,B,"[""hot_peaks""]",[],[],,1237824,0e9a563fc37f92f345a38c441ac776c0c04d4034
kamadhenu_dataset/incoming_audio/drive/Gita Shlokas__Adhyaya 15/G.15.10.1.mp3.aac,drive/Gita Shlokas__Adhyaya 15,G.15.10.1.mp3.aac,.aac,aac (LC),aac,48000,2,32,98,44.907,1.16,-13.88,-14.83,-39.49,29.5,1.39,0.36,1.39,0.257,17,B,"[""hot_peaks""]",[],[],,553662,d683b0e20917c835843a55c97b7319e23a6550ce
kamadhenu_dataset/incoming_audio/drive/Gita Shlokas__Adhyaya 15/G.15.10.2.mp3.aac,drive/Gita Shlokas__Adhyaya 15,G.15.10.2.mp3.aac,.aac,aac (LC),aac,48000,2,32,98,60.096,1.49,-14.18,-15.28,-39.15,29.1,1.23,0.0,1.52,0.25,6,A,[],[],[],,740951,108a100ed16c0f468e8b3403a57d73183ef1bc52
kamadhenu_dataset/incoming_audio/drive/Gita Shlokas__Adhyaya 15/G.15.11.1.mp3.aac,drive/Gita Shlokas__Adhyaya 15,G.15.11.1.mp3.aac,.aac,aac (LC),aac,48000,2,32,98,56.277,1.56,-13.68,-14.74,-39.36,29.8,1.46,0.0,1.64,0.28,15,A,[],[],[],,693851,3badc7f5190e3a0e6ce36e4e43d8449b271d361d
kamadhenu_dataset/incoming_audio/drive/Gita Shlokas__Adhyaya 15/G.15.11.2.mp3.aac,drive/Gita Shlokas__Adhyaya 15,G.15.11.2.mp3.aac,.aac,aac (LC),aac,48000,2,32,98,52.395,1.64,-13.62,-15.41,-39.17,29.6,1.18,0.0,1.73,0.239,16,B,"[""hot_peaks""]",[],[],,645981,a46632fd422b77e4e085059988a701e334752526
kamadhenu_dataset/incoming_audio/drive/Gita Shlokas__Adhyaya 15/G.15.12.1.mp3.aac,drive/Gita Shlokas__Adhyaya 15,G.15.12.1.mp3.aac,.aac,aac (LC),aac,48000,2,32,98,52.459,1.19,-14.06,-15.93,-39.33,29.5,2.51,0.0,2.51,0.264,8,B,"[""long_leading_silence""]",[],[],,646758,7da1d180a3133b3748e0f6bb82acf41902477e39
kamadhenu_dataset/incoming_audio/drive/Gita Shlokas__Adhyaya 15/G.15.12.2.mp3.aac,drive/Gita Shlokas__Adhyaya 15,G.15.12.2.mp3.aac,.aac,aac (LC),aac,48000,2,32,98,56.981,0.97,-14.32,-15.95,-38.95,28.9,1.11,0.27,1.59,0.276,2,A,[],[],[],,702479,afec3f228267ed1b97345a208b6bec76dda9b8f8
kamadhenu_dataset/incoming_audio/drive/Gita Shlokas__Adhyaya 15/G.15.13.1.mp3.aac,drive/Gita Shlokas__Adhyaya 15,G.15.13.1.mp3.aac,.aac,aac (LC),aac,48000,2,32,98,57.131,0.96,-15.24,-16.14,-39.79,28.9,1.38,1.27,1.38,0.251,3,A,[],[],[],,704314,8127e868d4fcb2c64715b33c5e10b50ce5b9d7ed
kamadhenu_dataset/incoming_audio/drive/Gita Shlokas__Adhyaya 15/G.15.13.2.mp3.aac,drive/Gita Shlokas__Adhyaya 15,G.15.13.2.mp3.aac,.aac,aac (LC),aac,48000,2,32,98,83.157,0.88,-15.22,-16.65,-39.35,28.6,1.27,0.0,1.27,0.257,6,A,[],[],[],,1025227,80e22691128dc87fa6b2ff40c82390da2b1bfeed
kamadhenu_dataset/incoming_audio/drive/Gita Shlokas__Adhyaya 15/G.15.14.1.mp3.aac,drive/Gita Shlokas__Adhyaya 15,G.15.14.1.mp3.aac,.aac,aac (LC),aac,48000,2,32,98,49.067,0.46,-15.04,-15.64,-38.97,27.9,1.15,0.56,1.32,0.252,0,A,[],[],[],,604900,bc80ab9a2551d9b055d22dca7c2f059deaa824cf
kamadhenu_dataset/incoming_audio/drive/Gita Shlokas__Adhyaya 15/G.15.14.2.mp3.aac,drive/Gita Shlokas__Adhyaya 15,G.15.14.2.mp3.aac,.aac,aac (LC),aac,48000,2,32,98,66.048,1.1,-15.92,-17.0,-38.14,25.9,1.19,0.01,1.19,0.201,4,A,[],[],[],,814252,3ca458efd47af638e8a44659d998b8207136a1bd
kamadhenu_dataset/incoming_audio/drive/Gita Shlokas__Adhyaya 15/G.15.15.1.mp3.aac,drive/Gita Shlokas__Adhyaya 15,G.15.15.1.mp3.aac,.aac,aac (LC),aac,48000,2,32,98,96.341,1.55,-14.49,-16.14,-39.21,29.6,1.39,0.02,1.84,0.319,34,A,[],[],[],,1187745,ab708c95b2a668b6d235d3443622726009b0ecbd
kamadhenu_dataset/incoming_audio/drive/Gita Shlokas__Adhyaya 15/G.15.15.2.mp3.aac,drive/Gita Shlokas__Adhyaya 15,G.15.15.2.mp3.aac,.aac,aac (LC),aac,48000,2,32,98,99.925,1.58,-14.06,-15.92,-38.87,29.1,1.58,0.0,1.58,0.242,12,A,[],[],[],,1232041,942e4b50f0b9afac7be99c94dfad27a595c53a95
kamadhenu_dataset/incoming_audio/drive/Gita Shlokas__Adhyaya 15/G.15.15.End.aac,drive/Gita Shlokas__Adhyaya 15,G.15.15.End.aac,.aac,aac (LC),aac,48000,2,32,98,95.659,0.51,-14.27,-17.0,-44.39,34.3,1.47,0.0,1.47,0.183,0,A,[],[],[],,1179292,f9e860a8f055f81243ed97378c66e916d0190ae9
kamadhenu_dataset/incoming_audio/drive/Gita Shlokas__Adhyaya 15/G.15.16.1.aac,drive/Gita Shlokas__Adhyaya 15,G.15.16.1.aac,.aac,aac (LC),aac,48000,2,32,98,67.243,0.52,-14.9,-17.58,-46.91,36.2,1.25,0.04,1.25,0.222,1,A,[],[],[],,829039,474d0025122d49d72b32f30f16f19dbe4581f393
kamadhenu_dataset/incoming_audio/drive/Gita Shlokas__Adhyaya 15/G.15.16.2.aac,drive/Gita Shlokas__Adhyaya 15,G.15.16.2.aac,.aac,aac (LC),aac,48000,2,32,98,91.52,0.97,-14.76,-18.71,-48.29,38.1,1.79,0.0,1.79,0.192,3,A,[],[],[],,1128270,1115bb38a60f4d74854c41eabe4838a6847b4d6f
kamadhenu_dataset/incoming_audio/drive/Gita Shlokas__Adhyaya 15/G.15.17.1.aac,drive/Gita Shlokas__Adhyaya 15,G.15.17.1.aac,.aac,aac (LC),aac,48000,2,32,98,85.12,0.82,-15.03,-20.2,-50.13,40.0,1.67,0.8,1.67,0.224,25,A,[],[],[],,1049432,64ee64bc0ffbfe6a56ff160e965d9bcf8199b4aa
kamadhenu_dataset/incoming_audio/drive/Gita Shlokas__Adhyaya 15/G.15.17.2.aac,drive/Gita Shlokas__Adhyaya 15,G.15.17.2.aac,.aac,aac (LC),aac,48000,2,32,98,90.091,0.73,-15.0,-19.62,-52.37,42.3,0.65,0.0,1.28,0.252,4,A,[],[],[],,1110703,a2b418116133fb0afb4e4625385c53db8c48ef93
kamadhenu_dataset/incoming_audio/drive/Gita Shlokas__Adhyaya 15/G.15.18.1.aac,drive/Gita Shlokas__Adhyaya 15,G.15.18.1.aac,.aac,aac (LC),aac,48000,2,32,98,65.088,1.04,-14.9,-18.35,-48.21,37.4,0.51,0.0,0.9,0.2,5,A,[],[],[],,802444,c209efefee0577064687bab86acab38c73794ce0
kamadhenu_dataset/incoming_audio/drive/Gita Shlokas__Adhyaya 15/G.15.18.2.aac,drive/Gita Shlokas__Adhyaya 15,G.15.18.2.aac,.aac,aac (LC),aac,48000,2,32,98,67.669,0.27,-14.98,-18.54,-47.66,37.2,1.43,0.0,2.07,0.209,1,A,[],[],[],,834335,a5ff89bc13b552c56aa0698f31d03ce1089aaf7e
kamadhenu_dataset/incoming_audio/drive/Gita Shlokas__Adhyaya 15/G.15.19.1.aac,drive/Gita Shlokas__Adhyaya 15,G.15.19.1.aac,.aac,aac (LC),aac,48000,2,32,98,57.6,0.28,-14.83,-17.1,-47.71,36.8,0.56,0.16,1.38,0.213,1,A,[],[],[],,710100,0601180906dfa757dd17aae4665ae675b3560fb5
kamadhenu_dataset/incoming_audio/drive/Gita Shlokas__Adhyaya 15/G.15.19.2.aac,drive/Gita Shlokas__Adhyaya 15,G.15.19.2.aac,.aac,aac (LC),aac,48000,2,32,98,71.467,0.53,-15.13,-17.86,-49.47,38.5,1.38,0.0,1.52,0.186,0,A,[],[],[],,881079,714808368ed57f72aa661b52aca4ecce0f38986e
kamadhenu_dataset/incoming_audio/drive/Gita Shlokas__Adhyaya 15/G.15.2.1.mp3,drive/Gita Shlokas__Adhyaya 15,G.15.2.1.mp3,.mp3,mp3 (mp3float),mp3,48000,2,32,192,101.808,0.89,-14.14,-18.01,-45.5,35.7,0.8,0.48,1.48,0.221,42,B,"[""hot_peaks""]",[],[],,2443392,39d283ea8609523fae6922f2972c20de0daf1d77
kamadhenu_dataset/incoming_audio/drive/Gita Shlokas__Adhyaya 15/G.15.2.2.mp3,drive/Gita Shlokas__Adhyaya 15,G.15.2.2.mp3,.mp3,mp3 (mp3float),mp3,48000,2,32,192,105.816,0.86,-13.63,-15.48,-44.16,34.3,1.35,0.94,1.35,0.212,22,B,"[""hot_peaks""]",[],[],,2539584,2d3d3e5917b7455eb715af0dddbe7dac55af6339
kamadhenu_dataset/incoming_audio/drive/Gita Shlokas__Adhyaya 15/G.15.20.1.aac,drive/Gita Shlokas__Adhyaya 15,G.15.20.1.aac,.aac,aac (LC),aac,48000,2,32,98,61.44,0.9,-15.88,-19.92,-50.25,38.9,1.77,0.0,1.77,0.224,2,A,[],[],[],,757440,794a3973e12a10687b1588a2065071cffc376ba8
kamadhenu_dataset/incoming_audio/drive/Gita Shlokas__Adhyaya 15/G.15.20.2.aac,drive/Gita Shlokas__Adhyaya 15,G.15.20.2.aac,.aac,aac (LC),aac,48000,2,32,98,100.203,0.73,-15.72,-20.35,-49.65,38.9,0.23,0.0,1.89,0.218,5,A,[],[],[],,1235317,f23be1bd451e9e3aadd9977c583f296175205f6a
kamadhenu_dataset/incoming_audio/drive/Gita Shlokas__Adhyaya 15/G.15.3.1.mp3,drive/Gita Shlokas__Adhyaya 15,G.15.3.1.mp3,.mp3,mp3 (mp3float),mp3,48000,2,32,192,68.856,0.93,-13.77,-16.46,-43.99,34.3,1.43,0.39,1.43,0.229,33,B,"[""hot_peaks""]",[],[],,1652544,e70b78450d5bc5e3c3770c7295d91d862c9d29b6
kamadhenu_dataset/incoming_audio/drive/Gita Shlokas__Adhyaya 15/G.15.3.2.mp3,drive/Gita Shlokas__Adhyaya 15,G.15.3.2.mp3,.mp3,mp3 (mp3float),mp3,48000,2,32,192,67.896,0.68,-14.94,-17.31,-44.12,33.5,1.66,1.77,1.77,0.231,9,B,"[""hot_peaks""]",[],[],,1629504,11fbfe101ce8e597923e83b01fa65c0f734a6951
kamadhenu_dataset/incoming_audio/drive/Gita Shlokas__Adhyaya 15/G.15.4.1.mp3,drive/Gita Shlokas__Adhyaya 15,G.15.4.1.mp3,.mp3,mp3 (mp3float),mp3,48000,2,32,192,84.528,0.86,-14.87,-17.94,-44.12,33.9,1.55,0.07,1.55,0.24,23,B,"[""hot_peaks""]",[],[],,2028672,35a2ea363014c711ef904a94c8ee6cdece816232
kamadhenu_dataset/incoming_audio/drive/Gita Shlokas__Adhyaya 15/G.15.4.2.mp3,drive/Gita Shlokas__Adhyaya 15,G.15.4.2.mp3,.mp3,mp3 (mp3float),mp3,48000,2,32,192,84.864,0.74,-15.21,-18.75,-45.73,35.0,1.48,0.19,1.48,0.217,14,B,"[""hot_peaks""]",[],[],,2036736,19310b1631c75f9bdc63ce53709816803ffeaf74
kamadhenu_dataset/incoming_audio/drive/Gita Shlokas__Adhyaya 15/G.15.5.1.mp3,drive/Gita Shlokas__Adhyaya 15,G.15.5.1.mp3,.mp3,mp3 (mp3float),mp3,48000,2,32,192,62.304,1.0,-14.22,-17.05,-43.88,33.6,1.53,1.27,1.53,0.187,22,B,"[""hot_peaks""]",[],[],,1495296,adca8c2a4381f820cd6042654b1fb6439e245c5a
kamadhenu_dataset/incoming_audio/drive/Gita Shlokas__Adhyaya 15/G.15.5.2.mp3,drive/Gita Shlokas__Adhyaya 15,G.15.5.2.mp3,.mp3,mp3 (mp3float),mp3,48000,2,32,192,89.664,0.85,-14.19,-17.4,-43.63,33.7,1.24,0.06,1.24,0.199,49,B,"[""hot_peaks""]",[],[],,2151936,4cea4a876d65f631cf41425a962bff077cd47486
kamadhenu_dataset/incoming_audio/drive/Gita Shlokas__Adhyaya 15/G.15.6.1.mp3,drive/Gita Shlokas__Adhyaya 15,G.15.6.1.mp3,.mp3,aac (LC),aac,48000,2,32,98,40.811,1.54,-14.04,-15.58,-38.98,28.8,1.07,0.5,1.07,0.226,11,A,"[""extension_mismatch""]",[],[],,503119,909a7d04d06ff80f0f74e1623df0ece945b6576b
kamadhenu_dataset/incoming_audio/drive/Gita Shlokas__Adhyaya 15/G.15.6.2.mp3,drive/Gita Shlokas__Adhyaya 15,G.15.6.2.mp3,.mp3,aac (LC),aac,48000,2,32,98,46.976,1.73,-14.55,-15.98,-38.48,28.0,1.31,0.01,1.31,0.252,17,B,"[""hot_peaks"", ""extension_mismatch""]",[],[],,579138,89accbd83615d61c15f0aca40f9d96767a51f3ca
kamadhenu_dataset/incoming_audio/drive/Gita Shlokas__Adhyaya 15/G.15.7.1.mp3.aac,drive/Gita Shlokas__Adhyaya 15,G.15.7.1.mp3.aac,.aac,aac (LC),aac,48000,2,32,98,39.68,1.41,-13.79,-15.38,-38.52,28.8,1.29,0.31,1.29,0.181,20,B,"[""hot_peaks""]",[],[],,489273,77b97caf402f51b8c1e0691465aeb32bea933917
kamadhenu_dataset/incoming_audio/drive/Gita Shlokas__Adhyaya 15/G.15.7.2.mp3.aac,drive/Gita Shlokas__Adhyaya 15,G.15.7.2.mp3.aac,.aac,aac (LC),aac,48000,2,32,98,56.085,1.49,-14.55,-15.71,-38.9,28.7,1.38,0.0,1.38,0.254,11,A,[],[],[],,691459,9bce8873fe440e02095a61c1db8a8bd212ddc5a7
kamadhenu_dataset/incoming_audio/drive/Gita Shlokas__Adhyaya 15/G.15.8.1.mp3.aac,drive/Gita Shlokas__Adhyaya 15,G.15.8.1.mp3.aac,.aac,aac (LC),aac,48000,2,32,98,45.12,1.51,-14.15,-16.02,-39.75,29.8,0.48,0.0,0.83,0.252,11,A,[],[],[],,556294,3dcc51d31ed50bae88be7c24d4f4e69830967bd9
kamadhenu_dataset/incoming_audio/drive/Gita Shlokas__Adhyaya 15/G.15.8.2.mp3.aac,drive/Gita Shlokas__Adhyaya 15,G.15.8.2.mp3.aac,.aac,aac (LC),aac,48000,2,32,98,60.352,1.17,-13.72,-14.73,-38.99,29.2,1.06,0.0,1.76,0.239,8,A,[],[],[],,744121,2ac12e80b6a16fd0b236faeeb4e6278b0beb8a73
kamadhenu_dataset/incoming_audio/drive/Gita Shlokas__Adhyaya 15/G.15.9.1.mp3.aac,drive/Gita Shlokas__Adhyaya 15,G.15.9.1.mp3.aac,.aac,aac (LC),aac,48000,2,32,98,45.824,1.09,-14.06,-15.44,-38.16,28.4,0.97,0.32,0.97,0.237,24,B,"[""hot_peaks""]",[],[],,564971,2b2122efd3906fc4f5ace8d375a48e2966830fc7
kamadhenu_dataset/incoming_audio/drive/Gita Shlokas__Adhyaya 15/G.15.9.2.mp3.aac,drive/Gita Shlokas__Adhyaya 15,G.15.9.2.mp3.aac,.aac,aac (LC),aac,48000,2,32,98,58.197,1.62,-14.64,-15.81,-39.49,28.7,1.22,0.0,1.53,0.262,6,A,[],[],[],,717506,53664c6928bc7c31646e33c84f51f1f2c4ebdb25
kamadhenu_dataset/incoming_audio/drive/Gita Shlokas__Adhyaya 16/G.16.1.1.aac,drive/Gita Shlokas__Adhyaya 16,G.16.1.1.aac,.aac,aac (LC),aac,48000,2,32,98,52.843,0.67,-15.31,-15.79,-36.43,25.8,1.49,0.42,1.67,0.374,4,A,[],[],[],,651451,372836273f5f179ec219b6627ad9b62ad6e80122
kamadhenu_dataset/incoming_audio/drive/Gita Shlokas__Adhyaya 16/G.16.1.2.aac,drive/Gita Shlokas__Adhyaya 16,G.16.1.2.aac,.aac,aac (LC),aac,48000,2,32,98,55.723,1.48,-15.38,-16.25,-37.45,26.7,1.49,0.24,1.52,0.349,8,A,[],[],[],,686956,44871580656514370e57117dc2060e7fae769be4
kamadhenu_dataset/incoming_audio/drive/Gita Shlokas__Adhyaya 16/G.16.10.1.aac,drive/Gita Shlokas__Adhyaya 16,G.16.10.1.aac,.aac,aac (LC),aac,48000,2,32,98,72.96,1.29,-13.64,-15.0,-34.26,24.1,1.59,0.32,1.59,0.183,24,B,"[""hot_peaks""]",[],[],,899460,8e4cebe55f9acd598b7bf51d2ebc34736866b47a
kamadhenu_dataset/incoming_audio/drive/Gita Shlokas__Adhyaya 16/G.16.10.2.aac,drive/Gita Shlokas__Adhyaya 16,G.16.10.2.aac,.aac,aac (LC),aac,48000,2,32,98,95.957,1.34,-12.95,-13.8,-30.77,21.4,1.01,0.22,1.67,0.165,31,B,"[""hot_peaks""]",[],[],,1182974,97c4b38076cea0c8b5b79a2fc0198424c887795e
kamadhenu_dataset/incoming_audio/drive/Gita Shlokas__Adhyaya 16/G.16.11.1.aac,drive/Gita Shlokas__Adhyaya 16,G.16.11.1.aac,.aac,aac (LC),aac,48000,2,32,98,51.883,1.5,-14.19,-15.63,-37.9,27.1,1.42,1.04,1.42,0.159,17,B,"[""hot_peaks""]",[],[],,639616,4c47bd5ffbc3f6b26d3c063368d02ba7664b892c
kamadhenu_dataset/incoming_audio/drive/Gita Shlokas__Adhyaya 16/G.16.11.2.aac,drive/Gita Shlokas__Adhyaya 16,G.16.11.2.aac,.aac,aac (LC),aac,48000,2,32,98,65.92,1.49,-13.73,-15.72,-39.77,29.8,1.54,0.0,2.13,0.155,17,B,"[""hot_peaks""]",[],[],,812677,2e564c1470a8c15e487dc25e15e188e8bb2c5aea
kamadhenu_dataset/incoming_audio/drive/Gita Shlokas__Adhyaya 16/G.16.12.1.aac,drive/Gita Shlokas__Adhyaya 16,G.16.12.1.aac,.aac,aac (LC),aac,48000,2,32,98,59.285,2.02,-13.95,-15.54,-36.47,26.0,1.21,0.41,1.21,0.174,13,B,"[""hot_peaks""]",[],[],,730877,04c39bd478b5f1bc9912e153dc6e022954dea8b5
kamadhenu_dataset/incoming_audio/drive/Gita Shlokas__Adhyaya 16/G.16.12.2.aac,drive/Gita Shlokas__Adhyaya 16,G.16.12.2.aac,.aac,aac (LC),aac,48000,2,32,98,85.12,1.11,-14.27,-15.49,-36.11,25.3,1.22,0.82,2.25,0.162,6,B,"[""hot_peaks""]",[],[],,1049370,e3731e23145b5d8689a6840c3a81323d5c8ccd7f
kamadhenu_dataset/incoming_audio/drive/Gita Shlokas__Adhyaya 16/G.16.13.1.aac,drive/Gita Shlokas__Adhyaya 16,G.16.13.1.aac,.aac,aac (LC),aac,48000,2,32,98,51.499,1.25,-14.25,-15.7,-35.31,24.9,2.13,0.3,2.13,0.17,13,B,"[""hot_peaks"", ""long_leading_silence""]",[],[],,634882,9abc02aad18851d1c8d4446c970d250641902a03
kamadhenu_dataset/incoming_audio/drive/Gita Shlokas__Adhyaya 16/G.16.13.2.aac,drive/Gita Shlokas__Adhyaya 16,G.16.13.2.aac,.aac,aac (LC),aac,48000,2,32,98,64.939,1.36,-14.24,-16.23,-36.18,26.1,1.28,0.31,2.49,0.163,9,B,"[""hot_peaks""]",[],[],,800572,ecf3d10baadb42f28eff8e2642eb0d3c24720aec
kamadhenu_dataset/incoming_audio/drive/Gita Shlokas__Adhyaya 16/G.16.14.1.aac,drive/Gita Shlokas__Adhyaya 16,G.16.14.1.aac,.aac,aac (LC),aac,48000,2,32,98,60.288,1.58,-14.41,-16.11,-37.24,26.7,1.18,0.33,1.18,0.172,17,B,"[""hot_peaks""]",[],[],,743238,7ab9e7a6421f371da4e5044c397c6f0d23089d9a
kamadhenu_dataset/incoming_audio/drive/Gita Shlokas__Adhyaya 16/G.16.14.2.aac,drive/Gita Shlokas__Adhyaya 16,G.16.14.2.aac,.aac,aac (LC),aac,48000,2,32,98,82.795,1.87,-13.77,-15.23,-35.48,25.6,1.1,0.21,2.08,0.169,30,B,"[""hot_peaks""]",[],[],,1020703,4745bb77b9b92a06aca929bfa0d03e1f23c175ac
kamadhenu_dataset/incoming_audio/drive/Gita Shlokas__Adhyaya 16/G.16.15.1.aac,drive/Gita Shlokas__Adhyaya 16,G.16.15.1.aac,.aac,aac (LC),aac,48000,2,32,98,76.395,1.19,-13.61,-15.65,-37.64,28.2,1.26,0.48,1.26,0.18,13,A,[],[],[],,941803,bee9788c09a655ce586b28da1b0cc07a435f4ed9
kamadhenu_dataset/incoming_audio/drive/Gita Shlokas__Adhyaya 16/G.16.15.2.aac,drive/Gita Shlokas__Adhyaya 16,G.16.15.2.aac,.aac,aac (LC),aac,48000,2,32,98,74.411,1.46,-14.13,-15.54,-35.75,25.5,1.1,0.27,1.43,0.171,8,B,"[""hot_peaks""]",[],[],,917344,63f066da5654496a50d16d2cd6203477249ede40
kamadhenu_dataset/incoming_audio/drive/Gita Shlokas__Adhyaya 16/G.16.16.1.aac,drive/Gita Shlokas__Adhyaya 16,G.16.16.1.aac,.aac,aac (LC),aac,48000,2,32,98,50.923,1.29,-14.38,-15.44,-32.46,21.5,0.95,0.82,1.09,0.169,4,B,"[""hot_peaks""]",[],[],,627781,80ccc20880af4784013dcc0eb6b92ad64b6aec6f
kamadhenu_dataset/incoming_audio/drive/Gita Shlokas__Adhyaya 16/G.16.16.2.aac,drive/Gita Shlokas__Adhyaya 16,G.16.16.2.aac,.aac,aac (LC),aac,48000,2,32,98,70.848,1.86,-13.76,-15.08,-34.3,24.3,1.17,0.25,1.65,0.159,16,B,"[""hot_peaks""]",[],[],,873423,96f2cda1ff96408ef0dc919e6f3a0203c3b064a1
kamadhenu_dataset/incoming_audio/drive/Gita Shlokas__Adhyaya 16/G.16.17.1.aac,drive/Gita Shlokas__Adhyaya 16,G.16.17.1.aac,.aac,aac (LC),aac,48000,2,32,98,58.24,1.46,-14.28,-15.45,-34.24,23.6,1.5,0.95,1.5,0.169,14,B,"[""hot_peaks""]",[],[],,717990,e17889fb33a9dd0f0fbb4f91307fd642d5956355
kamadhenu_dataset/incoming_audio/drive/Gita Shlokas__Adhyaya 16/G.16.17.2.aac,drive/Gita Shlokas__Adhyaya 16,G.16.17.2.aac,.aac,aac (LC),aac,48000,2,32,98,67.861,1.48,-13.93,-14.75,-30.97,20.7,0.89,0.26,1.8,0.175,4,B,"[""hot_peaks""]",[],[],,836678,45db3d105d1f610c1fa19062280a8ef81c7dfda7
kamadhenu_dataset/incoming_audio/drive/Gita Shlokas__Adhyaya 16/G.16.18.1.aac,drive/Gita Shlokas__Adhyaya 16,G.16.18.1.aac,.aac,aac (LC),aac,48000,2,32,98,59.285,1.67,-13.88,-14.64,-32.94,22.5,0.89,0.38,1.42,0.164,28,B,"[""hot_peaks""]",[],[],,730877,da5e117674077da1859138c04eaf9f0f19e30d05
kamadhenu_dataset/incoming_audio/drive/Gita Shlokas__Adhyaya 16/G.16.18.2.aac,drive/Gita Shlokas__Adhyaya 16,G.16.18.2.aac,.aac,aac (LC),aac,48000,2,32,98,71.616,1.89,-13.06,-14.24,-32.23,23.1,1.25,0.32,1.84,0.163,30,B,"[""hot_peaks""]",[],[],,882891,1145461bd54d191fe8f3ea6b5740e15a8c99fbf7
kamadhenu_dataset/incoming_audio/drive/Gita Shlokas__Adhyaya 16/G.16.19.1.aac,drive/Gita Shlokas__Adhyaya 16,G.16.19.1.aac,.aac,aac (LC),aac,48000,2,32,98,65.003,1.75,-13.99,-15.41,-36.62,26.2,1.42,1.17,1.42,0.176,18,B,"[""hot_peaks""]",[],[],,801376,3fd78741b1ad2d2b57f5e9e0767ab947883ed702
kamadhenu_dataset/incoming_audio/drive/Gita Shlokas__Adhyaya 16/G.16.19.2.aac,drive/Gita Shlokas__Adhyaya 16,G.16.19.2.aac,.aac,aac (LC),aac,48000,2,32,98,86.805,1.79,-13.93,-15.08,-35.07,24.7,1.35,0.48,1.61,0.156,11,B,"[""hot_peaks""]",[],[],,1070147,acf90a46c52c63aeedfd5489360ca6065b5b982c
kamadhenu_dataset/incoming_audio/drive/Gita Shlokas__Adhyaya 16/G.16.2.1.aac,drive/Gita Shlokas__Adhyaya 16,G.16.2.1.aac,.aac,aac (LC),aac,48000,2,32,98,54.72,0.6,-15.7,-15.77,-37.61,26.5,1.71,0.53,1.75,0.379,2,A,[],[],[],,674595,96fc5d931b3085bd40f376ecf877d80bd997b832
kamadhenu_dataset/incoming_audio/drive/Gita Shlokas__Adhyaya 16/G.16.2.2.aac,drive/Gita Shlokas__Adhyaya 16,G.16.2.2.aac,.aac,aac (LC),aac,48000,2,32,98,63.637,0.95,-15.78,-16.26,-37.39,25.8,0.93,0.4,1.37,0.328,3,A,[],[],[],,784529,c7e7918af1d0aefff4f1057c045dfd759a3af328
kamadhenu_dataset/incoming_audio/drive/Gita Shlokas__Adhyaya 16/G.16.20.1.aac,drive/Gita Shlokas__Adhyaya 16,G.16.20.1.aac,.aac,aac (LC),aac,48000,2,32,98,40.213,1.81,-13.93,-15.33,-36.88,26.6,1.46,1.91,1.91,0.148,4,B,"[""hot_peaks""]",[],[],,495789,973326d7889a1afd8ddd7185bf3ea46a080e734d
kamadhenu_dataset/incoming_audio/drive/Gita Shlokas__Adhyaya 16/G.16.20.2.aac,drive/Gita Shlokas__Adhyaya 16,G.16.20.2.aac,.aac,aac (LC),aac,48000,2,32,98,92.907,1.38,-13.97,-15.25,-34.75,24.5,1.05,0.63,2.42,0.177,16,B,"[""hot_peaks""]",[],[],,1145365,9dddec13499a381ca07925480ca3ab2468626bcd
kamadhenu_dataset/incoming_audio/drive/Gita Shlokas__Adhyaya 16/G.16.21.1.aac,drive/Gita Shlokas__Adhyaya 16,G.16.21.1.aac,.aac,aac (LC),aac,48000,2,32,98,60.587,1.28,-14.33,-15.08,-33.12,22.3,1.23,0.26,1.23,0.177,15,B,"[""hot_peaks""]",[],[],,746920,d2443404a2ab9fdd141d34a4c68f35ce491e932a
kamadhenu_dataset/incoming_audio/drive/Gita Shlokas__Adhyaya 16/G.16.21.2.aac,drive/Gita Shlokas__Adhyaya 16,G.16.21.2.aac,.aac,aac (LC),aac,48000,2,32,98,85.312,1.71,-13.82,-15.17,-32.66,22.7,1.23,0.06,1.37,0.171,20,B,"[""hot_peaks""]",[],[],,1051737,57c347d14dc45e05f14ec37b9e1d4a35c895cde1
kamadhenu_dataset/incoming_audio/drive/Gita Shlokas__Adhyaya 16/G.16.22.1.aac,drive/Gita Shlokas__Adhyaya 16,G.16.22.1.aac,.aac,aac (LC),aac,48000,2,32,98,50.859,1.5,-13.94,-16.68,-44.07,34.3,1.3,0.75,1.3,0.26,30,B,"[""hot_peaks""]",[],[],,626992,7ba1a9dc03d1573c430e724a6dff07dacec10564
kamadhenu_dataset/incoming_audio/drive/Gita Shlokas__Adhyaya 16/G.16.22.2.aac,drive/Gita Shlokas__Adhyaya 16,G.16.22.2.aac,.aac,aac (LC),aac,48000,2,32,98,64.021,1.77,-13.96,-16.65,-41.84,32.1,1.58,0.46,1.96,0.25,32,B,"[""hot_peaks""]",[],[],,789263,60f82483b48ac403274829a9402c43c3db912a65
kamadhenu_dataset/incoming_audio/drive/Gita Shlokas__Adhyaya 16/G.16.23.1.aac,drive/Gita Shlokas__Adhyaya 16,G.16.23.1.aac,.aac,aac (LC),aac,48000,2,32,98,51.52,1.26,-15.19,-19.21,-45.79,35.6,0.43,0.85,1.69,0.299,15,A,[],[],[],,635145,9677d1e4a54beec13fea37faf55288c48cbd74a4
kamadhenu_dataset/incoming_audio/drive/Gita Shlokas__Adhyaya 16/G.16.23.2.aac,drive/Gita Shlokas__Adhyaya 16,G.16.23.2.aac,.aac,aac (LC),aac,48000,2,32,98,59.413,1.38,-15.37,-18.67,-44.81,34.0,1.35,0.4,1.67,0.271,22,A,[],[],[],,732455,ec5557d9e7d2a3a520c213a9e1ddf225216c4e30
kamadhenu_dataset/incoming_audio/drive/Gita Shlokas__Adhyaya 16/G.16.24.1.aac,drive/Gita Shlokas__Adhyaya 16,G.16.24.1.aac,.aac,aac (LC),aac,48000,2,32,98,69.205,1.69,-14.85,-16.64,-41.98,31.3,1.71,0.39,1.71,0.316,28,B,"[""hot_peaks""]",[],[],,853172,ee1fa473c39640989d96c93762638abb2fb7e9a5
kamadhenu_dataset/incoming_audio/drive/Gita Shlokas__Adhyaya 16/G.16.24.2.aac,drive/Gita Shlokas__Adhyaya 16,G.16.24.2.aac,.aac,aac (LC),aac,48000,2,32,98,76.395,1.58,-15.16,-18.71,-44.07,33.6,1.83,0.64,2.69,0.256,27,B,"[""hot_peaks""]",[],[],,941803,7bb7a371c77a39584818759e894b6e1719ccd8bd
kamadhenu_dataset/incoming_audio/drive/Gita Shlokas__Adhyaya 16/G.16.3.1.aac,drive/Gita Shlokas__Adhyaya 16,G.16.3.1.aac,.aac,aac (LC),aac,48000,2,32,98,44.352,-0.17,-15.78,-16.33,-38.4,26.8,1.48,0.82,1.48,0.316,0,A,[],[],[],,546777,31b17734e899e964b410f6c6ec85cd8d92aeab2a
kamadhenu_dataset/incoming_audio/drive/Gita Shlokas__Adhyaya 16/G.16.3.2.aac,drive/Gita Shlokas__Adhyaya 16,G.16.3.2.aac,.aac,aac (LC),aac,48000,2,32,98,49.941,-0.14,-16.49,-16.79,-36.69,24.4,1.44,0.44,2.23,0.329,0,A,[],[],[],,615683,6cf257cdaeb5a06ad86be442f13f94ab0cfe2271
kamadhenu_dataset/incoming_audio/drive/Gita Shlokas__Adhyaya 16/G.16.4.1.aac,drive/Gita Shlokas__Adhyaya 16,G.16.4.1.aac,.aac,aac (LC),aac,48000,2,32,98,47.659,0.4,-15.53,-15.65,-36.87,26.2,1.26,0.47,1.29,0.356,0,A,[],[],[],,587542,47dcc1dd1ecef4688b5293e29f6bafb8983b74b5
kamadhenu_dataset/incoming_audio/drive/Gita Shlokas__Adhyaya 16/G.16.4.2.aac,drive/Gita Shlokas__Adhyaya 16,G.16.4.2.aac,.aac,aac (LC),aac,48000,2,32,98,56.832,0.36,-15.92,-16.18,-36.43,24.7,1.02,0.8,2.17,0.345,0,A,[],[],[],,700632,1ea68024386a891e9bc95561fd51b464719d0d76
kamadhenu_dataset/incoming_audio/drive/Gita Shlokas__Adhyaya 16/G.16.5.1.aac,drive/Gita Shlokas__Adhyaya 16,G.16.5.1.aac,.aac,aac (LC),aac,48000,2,32,98,47.04,0.75,-15.27,-15.51,-35.25,24.1,1.66,0.93,1.66,0.323,1,A,[],[],[],,579915,d5c14d69f44e861385de6bc1f8bafc2468b3a28e
kamadhenu_dataset/incoming_audio/drive/Gita Shlokas__Adhyaya 16/G.16.5.2.aac,drive/Gita Shlokas__Adhyaya 16,G.16.5.2.aac,.aac,aac (LC),aac,48000,2,32,98,51.776,0.94,-15.82,-16.72,-39.1,27.7,1.38,0.33,2.33,0.298,1,A,[],[],[],,638301,63c955a4990024fae93d3d14ba96911026d904f9
kamadhenu_dataset/incoming_audio/drive/Gita Shlokas__Adhyaya 16/G.16.6.1.aac,drive/Gita Shlokas__Adhyaya 16,G.16.6.1.aac,.aac,aac (LC),aac,48000,2,32,98,53.376,0.43,-14.5,-17.49,-46.3,36.2,1.64,0.27,1.64,0.224,2,A,[],[],[],,658026,fa3418bc90eada2b0c82007ebd384d2cec033da7
kamadhenu_dataset/incoming_audio/drive/Gita Shlokas__Adhyaya 16/G.16.6.2.aac,drive/Gita Shlokas__Adhyaya 16,G.16.6.2.aac,.aac,aac (LC),aac,48000,2,32,98,79.637,0.79,-14.68,-18.81,-48.36,38.2,1.76,0.22,1.76,0.212,6,A,[],[],[],,981779,cab95ab900b0610cdaf42799e963ce77b085d32c
kamadhenu_dataset/incoming_audio/drive/Gita Shlokas__Adhyaya 16/G.16.7.1.aac,drive/Gita Shlokas__Adhyaya 16,G.16.7.1.aac,.aac,aac (LC),aac,48000,2,32,98,50.944,0.35,-14.98,-18.02,-46.62,35.8,2.24,0.84,2.24,0.249,0,B,"[""long_leading_silence""]",[],[],,628044,bd9aee8ee1cad50d0398a97a521f470cacbb8794
kamadhenu_dataset/incoming_audio/drive/Gita Shlokas__Adhyaya 16/G.16.7.2.aac,drive/Gita Shlokas__Adhyaya 16,G.16.7.2.aac,.aac,aac (LC),aac,48000,2,32,98,67.435,0.48,-15.59,-18.4,-45.51,34.2,0.48,1.52,1.52,0.221,1,A,[],[],[],,831365,231411c3a5a32e26ce1fde29e412d5e77730e286
kamadhenu_dataset/incoming_audio/drive/Gita Shlokas__Adhyaya 16/G.16.8.1.aac,drive/Gita Shlokas__Adhyaya 16,G.16.8.1.aac,.aac,aac (LC),aac,48000,2,32,98,45.44,0.75,-15.15,-17.85,-43.15,32.3,0.81,0.0,1.54,0.256,3,A,[],[],[],,560190,55b2abe313ec9b946cf4fca7f16186b9db3672cc
kamadhenu_dataset/incoming_audio/drive/Gita Shlokas__Adhyaya 16/G.16.8.2.aac,drive/Gita Shlokas__Adhyaya 16,G.16.8.2.aac,.aac,aac (LC),aac,48000,2,32,98,65.451,1.13,-15.46,-19.03,-44.82,33.7,0.09,0.46,2.27,0.203,15,A,[],[],[],,806884,341e268604d75932d6e335cc87d53eec1d0926be
kamadhenu_dataset/incoming_audio/drive/Gita Shlokas__Adhyaya 16/G.16.9.1.aac,drive/Gita Shlokas__Adhyaya 16,G.16.9.1.aac,.aac,aac (LC),aac,48000,2,32,98,93.973,1.42,-15.24,-19.59,-46.87,36.1,1.27,0.0,1.63,0.251,9,A,[],[],[],,1158523,af78ac20875b4af369d1013e6d5b1cde886e14d7
kamadhenu_dataset/incoming_audio/drive/Gita Shlokas__Adhyaya 16/G.16.9.2.aac,drive/Gita Shlokas__Adhyaya 16,G.16.9.2.aac,.aac,aac (LC),aac,48000,2,32,98,87.147,1.44,-14.94,-17.78,-46.12,35.2,0.32,0.0,1.95,0.241,9,A,[],[],[],,1074355,2912b60ec0e39961b5a121833cc245860b196fcc
kamadhenu_dataset/incoming_audio/drive/Gita Shlokas__Adhyaya 16/G.16.Ends.aac,drive/Gita Shlokas__Adhyaya 16,G.16.Ends.aac,.aac,aac (LC),aac,48000,2,32,99,40.597,1.03,-14.55,-17.17,-42.13,32.0,0.54,0.09,0.92,0.219,14,A,[],[],[],,500489,cc6b301675c033ac4d43e17b4433524fa669d579
kamadhenu_dataset/incoming_audio/drive/Gita Shlokas__Adhyaya 1__1 to 10/G.1.1.1.mp3,drive/Gita Shlokas__Adhyaya 1__1 to 10,G.1.1.1.mp3,.mp3,mp3 (mp3float),mp3,44100,2,32,128,71.419,0.48,-15.26,-21.44,-55.72,45.3,1.21,0.09,1.68,0.228,0,A,[],[],[],,1142699,3a3ea4fdaab3af42795801b8f82bfffa7e7bef42
kamadhenu_dataset/incoming_audio/drive/Gita Shlokas__Adhyaya 1__1 to 10/G.1.1.2.mp3,drive/Gita Shlokas__Adhyaya 1__1 to 10,G.1.1.2.mp3,.mp3,mp3 (mp3float),mp3,44100,2,32,128,69.486,0.7,-14.25,-18.14,-57.95,48.2,1.2,0.0,1.53,0.288,2,A,[],[],[],,1111770,5ae6399387430d523fc63a6a2baedc9bb74debd0
kamadhenu_dataset/incoming_audio/drive/Gita Shlokas__Adhyaya 1__1 to 10/G.1.10.1.mp3,drive/Gita Shlokas__Adhyaya 1__1 to 10,G.1.10.1.mp3,.mp3,mp3 (mp3float),mp3,44100,2,32,128,59.82,0.42,-16.26,-20.99,-56.18,44.2,1.18,0.32,1.18,0.172,0,A,[],[],[],,957125,ba0b62da681b4b196430e08c733a38b1a09d7942
kamadhenu_dataset/incoming_audio/drive/Gita Shlokas__Adhyaya 1__1 to 10/G.1.10.2.mp3,drive/Gita Shlokas__Adhyaya 1__1 to 10,G.1.10.2.mp3,.mp3,mp3 (mp3float),mp3,44100,2,32,128,70.609,0.6,-15.66,-21.12,-58.84,47.1,0.86,0.14,1.04,0.158,0,A,[],[],[],,1129742,dc75b9b81c23cc76821f163ecf98c74ac2742989
kamadhenu_dataset/incoming_audio/drive/Gita Shlokas__Adhyaya 1__1 to 10/G.1.2.1.mp3,drive/Gita Shlokas__Adhyaya 1__1 to 10,G.1.2.1.mp3,.mp3,mp3 (mp3float),mp3,44100,2,32,128,67.709,-1.29,-15.48,-18.97,-57.48,46.4,0.36,0.31,1.22,0.22,0,A,[],[],[],,1083349,436a14ce5ffeaa5b5e1a5ab31dece2aa031d963f
kamadhenu_dataset/incoming_audio/drive/Gita Shlokas__Adhyaya 1__1 to 10/G.1.2.2.mp3,drive/Gita Shlokas__Adhyaya 1__1 to 10,G.1.2.2.mp3,.mp3,mp3 (mp3float),mp3,44100,2,32,128,71.262,0.49,-14.9,-18.21,-54.99,43.8,0.42,0.15,0.69,0.147,2,A,[],[],[],,1140191,43ba71a41f1123b4319667c5f9ee8b70206b8f9f
kamadhenu_dataset/incoming_audio/drive/Gita Shlokas__Adhyaya 1__1 to 10/G.1.3.1.mp3,drive/Gita Shlokas__Adhyaya 1__1 to 10,G.1.3.1.mp3,.mp3,mp3 (mp3float),mp3,44100,2,32,128,62.72,0.98,-13.31,-16.81,-54.69,44.6,0.11,0.12,1.27,0.166,3,B,"[""hot_peaks""]",[],[],,1003519,212dcbc769c185467df16d21cca6829426180abc
kamadhenu_dataset/incoming_audio/drive/Gita Shlokas__Adhyaya 1__1 to 10/G.1.3.2.mp3,drive/Gita Shlokas__Adhyaya 1__1 to 10,G.1.3.2.mp3,.mp3,mp3 (mp3float),mp3,44100,2,32,128,55.327,0.76,-13.88,-17.78,-51.95,41.9,0.76,0.11,0.76,0.157,1,A,[],[],[],,885236,267226a517368b14261b6ab2e1b2a225986f6367
kamadhenu_dataset/incoming_audio/drive/Gita Shlokas__Adhyaya 1__1 to 10/G.1.4.1.mp3,drive/Gita Shlokas__Adhyaya 1__1 to 10,G.1.4.1.mp3,.mp3,mp3 (mp3float),mp3,44100,2,32,128,62.563,0.45,-15.03,-15.9,-45.31,33.7,1.46,0.16,1.46,0.242,0,A,[],[],[],,1001011,b620e7a0e5343c5befbaa7b216028e3de218edc6
kamadhenu_dataset/incoming_audio/drive/Gita Shlokas__Adhyaya 1__1 to 10/G.1.4.2.mp3,drive/Gita Shlokas__Adhyaya 1__1 to 10,G.1.4.2.mp3,.mp3,mp3 (mp3float),mp3,44100,2,32,128,57.078,0.15,-15.56,-17.14,-45.15,33.3,1.12,0.07,1.12,0.261,0,A,[],[],[],,913239,3fc7eea3d3236e91de677ea3f4f2250321f389a6
kamadhenu_dataset/incoming_audio/drive/Gita Shlokas__Adhyaya 1__1 to 10/G.1.5.1.mp3,drive/Gita Shlokas__Adhyaya 1__1 to 10,G.1.5.1.mp3,.mp3,mp3 (mp3float),mp3,44100,2,32,128,67.396,0.24,-15.77,-17.36,-45.64,34.4,1.47,0.73,1.47,0.275,0,A,[],[],[],,1078333,3d582543de0cd6b2b4f2dd3a5acb05a37da5136e
kamadhenu_dataset/incoming_audio/drive/Gita Shlokas__Adhyaya 1__1 to 10/G.1.5.2.mp3,drive/Gita Shlokas__Adhyaya 1__1 to 10,G.1.5.2.mp3,.mp3,mp3 (mp3float),mp3,44100,2,32,128,65.776,0.45,-15.63,-18.35,-45.84,35.3,1.54,0.18,1.54,0.294,0,A,[],[],[],,1052420,9ff9218025bc99eee74074c0b5c983cf90cc9a70
kamadhenu_dataset/incoming_audio/drive/Gita Shlokas__Adhyaya 1__1 to 10/G.1.6.1.mp3,drive/Gita Shlokas__Adhyaya 1__1 to 10,G.1.6.1.mp3,.mp3,mp3 (mp3float),mp3,44100,2,32,128,74.658,0.72,-15.81,-17.56,-46.17,34.4,1.91,0.47,1.91,0.305,0,A,[],[],[],,1194526,62a6e048b1e0ff036e54caa55e40113cf4c2f264
kamadhenu_dataset/incoming_audio/drive/Gita Shlokas__Adhyaya 1__1 to 10/G.1.6.2.mp3,drive/Gita Shlokas__Adhyaya 1__1 to 10,G.1.6.2.mp3,.mp3,mp3 (mp3float),mp3,44100,2,32,128,68.049,0.37,-14.97,-17.44,-45.44,34.6,1.23,0.3,1.23,0.241,0,A,[],[],[],,1088782,222e4fd2d9c704e252d48e470dc44f98761dabdd
kamadhenu_dataset/incoming_audio/drive/Gita Shlokas__Adhyaya 1__1 to 10/G.1.7.1.mp3,drive/Gita Shlokas__Adhyaya 1__1 to 10,G.1.7.1.mp3,.mp3,mp3 (mp3float),mp3,44100,2,32,128,63.53,0.55,-14.92,-20.93,-58.3,48.0,0.44,0.05,0.74,0.206,0,A,[],[],[],,1016475,05ec48ca2cb22f6bd036cdb7ea62cb4db7b0099e
kamadhenu_dataset/incoming_audio/drive/Gita Shlokas__Adhyaya 1__1 to 10/G.1.7.2.mp3,drive/Gita Shlokas__Adhyaya 1__1 to 10,G.1.7.2.mp3,.mp3,mp3 (mp3float),mp3,44100,2,32,128,83.357,0.61,-16.34,-20.75,-59.12,47.0,0.64,0.08,1.12,0.215,0,A,[],[],[],,1333706,f447d4124dc057f992fc26cc1014da0ebb465752
kamadhenu_dataset/incoming_audio/drive/Gita Shlokas__Adhyaya 1__1 to 10/G.1.8.1.mp3,drive/Gita Shlokas__Adhyaya 1__1 to 10,G.1.8.1.mp3,.mp3,mp3 (mp3float),mp3,44100,2,32,128,70.609,-0.24,-17.33,-23.15,-58.63,46.3,1.6,0.11,1.6,0.277,0,A,[],[],[],,1129742,a8b3fb6d8017bfbbfe96b368d2ceea3ec1339061
kamadhenu_dataset/incoming_audio/drive/Gita Shlokas__Adhyaya 1__1 to 10/G.1.8.2.mp3,drive/Gita Shlokas__Adhyaya 1__1 to 10,G.1.8.2.mp3,.mp3,mp3 (mp3float),mp3,44100,2,32,128,78.524,-0.61,-17.32,-24.14,-60.04,48.0,0.08,0.01,2.18,0.258,0,A,[],[],[],,1256384,b07dcde1ef5452e2eccda0fa098b687290b62568
kamadhenu_dataset/incoming_audio/drive/Gita Shlokas__Adhyaya 1__1 to 10/G.1.9.1.mp3,drive/Gita Shlokas__Adhyaya 1__1 to 10,G.1.9.1.mp3,.mp3,mp3 (mp3float),mp3,44100,2,32,128,63.687,-0.74,-16.29,-20.48,-58.24,46.0,1.37,0.04,1.37,0.23,0,A,[],[],[],,1018983,b84da661235c93a0cacdb58ecf05b488fe0cbc8d
kamadhenu_dataset/incoming_audio/drive/Gita Shlokas__Adhyaya 1__1 to 10/G.1.9.2.mp3,drive/Gita Shlokas__Adhyaya 1__1 to 10,G.1.9.2.mp3,.mp3,mp3 (mp3float),mp3,44100,2,32,128,62.093,-0.41,-16.64,-20.34,-57.34,44.3,0.37,0.17,1.27,0.209,0,A,[],[],[],,993488,6a640762ac6fe667d260858263439dd66d12f429
kamadhenu_dataset/incoming_audio/drive/Gita Shlokas__Adhyaya 1__11 to 20/G.1.11.1.mp3,drive/Gita Shlokas__Adhyaya 1__11 to 20,G.1.11.1.mp3,.mp3,mp3 (mp3float),mp3,44100,2,32,128,60.787,0.83,-14.3,-19.12,-56.29,46.1,1.31,0.05,1.31,0.168,0,B,"[""hot_peaks""]",[],[],,972590,0ea5a74764c7f8cb0fe3e8a90e420ee8974a1ce4
kamadhenu_dataset/incoming_audio/drive/Gita Shlokas__Adhyaya 1__11 to 20/G.1.11.2.mp3,drive/Gita Shlokas__Adhyaya 1__11 to 20,G.1.11.2.mp3,.mp3,mp3 (mp3float),mp3,44100,2,32,128,60.16,0.83,-14.7,-19.77,-55.18,44.8,1.01,0.0,1.01,0.145,1,B,"[""hot_peaks""]",[],[],,962559,bc178f5a9d5c3213acf87318d2941cfd4b22c36e
kamadhenu_dataset/incoming_audio/drive/Gita Shlokas__Adhyaya 1__11 to 20/G.1.12.1.mp3,drive/Gita Shlokas__Adhyaya 1__11 to 20,G.1.12.1.mp3,.mp3,mp3 (mp3float),mp3,44100,2,32,128,80.614,0.31,-16.55,-22.24,-59.16,46.9,0.09,0.08,1.61,0.21,0,A,[],[],[],,1289821,097366f6f357eaf9cab197fe534b7f5e0d6ee5b5
kamadhenu_dataset/incoming_audio/drive/Gita Shlokas__Adhyaya 1__11 to 20/G.1.12.2.mp3,drive/Gita Shlokas__Adhyaya 1__11 to 20,G.1.12.2.mp3,.mp3,mp3 (mp3float),mp3,44100,2,32,128,93.806,0.24,-16.04,-21.37,-58.91,47.2,1.0,0.0,1.0,0.18,0,A,[],[],[],,1500890,3b6e765b73ec22e5aca4c79ca29e8e250eeac3a3
kamadhenu_dataset/incoming_audio/drive/Gita Shlokas__Adhyaya 1__11 to 20/G.1.13.1.mp3,drive/Gita Shlokas__Adhyaya 1__11 to 20,G.1.13.1.mp3,.mp3,mp3 (mp3float),mp3,44100,2,32,128,74.005,0.29,-16.72,-23.45,-60.25,48.2,0.17,0.0,1.05,0.185,0,A,[],[],[],,1184077,b9fed20fd27aa15ffc60b0bbc55ccffb089d956a
kamadhenu_dataset/incoming_audio/drive/Gita Shlokas__Adhyaya 1__11 to 20/G.1.13.2.mp3,drive/Gita Shlokas__Adhyaya 1__11 to 20,G.1.13.2.mp3,.mp3,mp3 (mp3float),mp3,44100,2,32,128,82.547,0.53,-16.9,-23.11,-61.56,50.0,1.41,0.17,1.41,0.223,0,A,[],[],[],,1320750,4a77495ccb49b2c6f58cb47bfc16ce8264ccc93c
kamadhenu_dataset/incoming_audio/drive/Gita Shlokas__Adhyaya 1__11 to 20/G.1.14.1.mp3,drive/Gita Shlokas__Adhyaya 1__11 to 20,G.1.14.1.mp3,.mp3,mp3 (mp3float),mp3,44100,2,32,128,92.682,0.71,-15.56,-21.57,-60.84,49.9,1.37,0.0,1.37,0.205,0,A,[],[],[],,1482918,f48f3532103707ca85ab3607d4799b36403bc434
kamadhenu_dataset/incoming_audio/drive/Gita Shlokas__Adhyaya 1__11 to 20/G.1.14.2.mp3,drive/Gita Shlokas__Adhyaya 1__11 to 20,G.1.14.2.mp3,.mp3,mp3 (mp3float),mp3,44100,2,32,128,74.658,0.87,-14.7,-19.95,-55.88,45.7,1.33,0.11,1.33,0.216,5,B,"[""hot_peaks""]",[],[],,1194526,cd0ef65e9ac5d75e323e4b0af8b5a156ab435354
kamadhenu_dataset/incoming_audio/drive/Gita Shlokas__Adhyaya 1__11 to 20/G.1.15.1.mp3,drive/Gita Shlokas__Adhyaya 1__11 to 20,G.1.15.1.mp3,.mp3,mp3 (mp3float),mp3,44100,2,32,128,67.892,0.68,-14.44,-19.76,-56.66,46.9,1.63,0.15,1.63,0.17,3,A,[],[],[],,1086274,269f89762a90205e61dd33dff2b7f2a7eb1770b7
kamadhenu_dataset/incoming_audio/drive/Gita Shlokas__Adhyaya 1__11 to 20/G.1.15.2.mp3,drive/Gita Shlokas__Adhyaya 1__11 to 20,G.1.15.2.mp3,.mp3,mp3 (mp3float),mp3,44100,2,32,128,73.195,0.76,-14.55,-19.21,-57.06,46.8,1.24,0.11,1.24,0.192,1,A,[],[],[],,1171120,afd075a5bcac8c11ca450d5965e96108412d7cfe
kamadhenu_dataset/incoming_audio/drive/Gita Shlokas__Adhyaya 1__11 to 20/G.1.16.1.mp3,drive/Gita Shlokas__Adhyaya 1__11 to 20,G.1.16.1.mp3,.mp3,mp3 (mp3float),mp3,44100,2,32,128,65.959,0.58,-15.09,-20.88,-55.84,45.5,1.16,0.11,1.16,0.225,4,A,[],[],[],,1055346,0f2abb7aab8c299efacf58d516bd282558a09128
kamadhenu_dataset/incoming_audio/drive/Gita Shlokas__Adhyaya 1__11 to 20/G.1.16.2.mp3,drive/Gita Shlokas__Adhyaya 1__11 to 20,G.1.16.2.mp3,.mp3,mp3 (mp3float),mp3,44100,2,32,128,61.127,0.66,-15.04,-21.72,-56.86,47.2,1.33,0.03,1.33,0.192,11,A,[],[],[],,978023,312e1b6ffabe1ed6ffee82ebdc683521d54801d8
kamadhenu_dataset/incoming_audio/drive/Gita Shlokas__Adhyaya 1__11 to 20/G.1.17.1.mp3,drive/Gita Shlokas__Adhyaya 1__11 to 20,G.1.17.1.mp3,.mp3,mp3 (mp3float),mp3,44100,2,32,128,68.206,0.76,-15.39,-20.36,-55.06,44.2,0.5,0.09,1.15,0.171,3,A,[],[],[],,1091290,ff1d9dfad9c05ce105582235aec0af872f702b50
kamadhenu_dataset/incoming_audio/drive/Gita Shlokas__Adhyaya 1__11 to 20/G.1.17.2.mp3,drive/Gita Shlokas__Adhyaya 1__11 to 20,G.1.17.2.mp3,.mp3,mp3 (mp3float),mp3,44100,2,32,128,81.241,-0.36,-16.15,-21.51,-53.89,42.5,1.33,0.05,1.55,0.293,0,A,[],[],[],,1299852,ae1e66603820f151cd269006bc757c341b42a33d
kamadhenu_dataset/incoming_audio/drive/Gita Shlokas__Adhyaya 1__11 to 20/G.1.18.1.mp3,drive/Gita Shlokas__Adhyaya 1__11 to 20,G.1.18.1.mp3,.mp3,mp3 (mp3float),mp3,44100,2,32,128,67.892,0.05,-14.81,-21.06,-55.29,44.9,0.54,0.18,1.04,0.202,0,A,[],[],[],,1086274,7068e07415daafb47fe65688e48947a10e5b5e9e
kamadhenu_dataset/incoming_audio/drive/Gita Shlokas__Adhyaya 1__11 to 20/G.1.18.2.mp3,drive/Gita Shlokas__Adhyaya 1__11 to 20,G.1.18.2.mp3,.mp3,mp3 (mp3float),mp3,44100,2,32,128,72.385,0.1,-17.23,-23.08,-58.55,46.5,0.57,0.1,1.45,0.262,0,A,[],[],[],,1158163,65c4e475f4f2c05b6a9a42b8c46c90189b521803
kamadhenu_dataset/incoming_audio/drive/Gita Shlokas__Adhyaya 1__11 to 20/G.1.19.1.mp3,drive/Gita Shlokas__Adhyaya 1__11 to 20,G.1.19.1.mp3,.mp3,mp3 (mp3float),mp3,44100,2,32,128,73.691,-0.25,-17.06,-22.06,-58.83,46.2,0.62,0.21,1.16,0.239,0,A,[],[],[],,1179061,6858221e8e2536c9d2a2514c7602724f9488fa3f
kamadhenu_dataset/incoming_audio/drive/Gita Shlokas__Adhyaya 1__11 to 20/G.1.19.2.mp3,drive/Gita Shlokas__Adhyaya 1__11 to 20,G.1.19.2.mp3,.mp3,mp3 (mp3float),mp3,44100,2,32,128,69.016,-0.83,-16.63,-20.64,-59.01,47.0,1.36,0.18,1.36,0.258,0,A,[],[],[],,1104247,17a95efa1fffad47edede2acee92c51a3cd60622
kamadhenu_dataset/incoming_audio/drive/Gita Shlokas__Adhyaya 1__11 to 20/G.1.20.1.mp3,drive/Gita Shlokas__Adhyaya 1__11 to 20,G.1.20.1.mp3,.mp3,mp3 (mp3float),mp3,44100,2,32,128,70.452,0.54,-15.81,-23.2,-58.58,48.0,0.06,0.0,0.98,0.206,6,A,[],[],[],,1127234,11b5e74f834fe0016af86741f8bcdb5b32fcf6bb
kamadhenu_dataset/incoming_audio/drive/Gita Shlokas__Adhyaya 1__11 to 20/G.1.20.2.mp3,drive/Gita Shlokas__Adhyaya 1__11 to 20,G.1.20.2.mp3,.mp3,mp3 (mp3float),mp3,44100,2,32,128,71.576,0.76,-15.7,-23.0,-58.37,47.7,1.68,0.0,1.68,0.197,7,A,[],[],[],,1145207,d124b69e7c4ecbcbe92de6edec8fb5610de09603
kamadhenu_dataset/incoming_audio/drive/Gita Shlokas__Adhyaya 1__21 to 30/G.1.21.1.mp3,drive/Gita Shlokas__Adhyaya 1__21 to 30,G.1.21.1.mp3,.mp3,mp3 (mp3float),mp3,48000,2,32,192,65.328,0.73,-14.68,-19.35,-57.09,46.9,0.81,0.0,0.98,0.233,6,A,[],[],[],,1567872,b1c54bbcf1fbd97caf9c25d32bf19228b42dd3c5
kamadhenu_dataset/incoming_audio/drive/Gita Shlokas__Adhyaya 1__21 to 30/G.1.21.2.mp3,drive/Gita Shlokas__Adhyaya 1__21 to 30,G.1.21.2.mp3,.mp3,mp3 (mp3float),mp3,44100,2,32,128,49.685,0.89,-13.83,-18.5,-56.66,47.0,0.68,0.23,0.8,0.19,0,B,"[""hot_peaks""]",[],[],,794957,b737f5e28e675f2d562ca0952cd8d62ddd4763b1
kamadhenu_dataset/incoming_audio/drive/Gita Shlokas__Adhyaya 1__21 to 30/G.1.22.1.mp3,drive/Gita Shlokas__Adhyaya 1__21 to 30,G.1.22.1.mp3,.mp3,mp3 (mp3float),mp3,44100,2,32,128,58.384,0.7,-14.59,-18.29,-54.87,44.3,1.53,0.18,1.53,0.171,1,A,[],[],[],,934137,eedf9622a62b13c2406d5d385481d9d85caa293d
kamadhenu_dataset/incoming_audio/drive/Gita Shlokas__Adhyaya 1__21 to 30/G.1.22.2.mp3,drive/Gita Shlokas__Adhyaya 1__21 to 30,G.1.22.2.mp3,.mp3,mp3 (mp3float),mp3,44100,2,32,128,60.317,0.82,-15.16,-19.98,-56.4,45.5,1.5,0.16,1.5,0.165,0,A,[],[],[],,965066,d49150f7818696d10a114a708cb10b048e632693
kamadhenu_dataset/incoming_audio/drive/Gita Shlokas__Adhyaya 1__21 to 30/G.1.23.1.mp3,drive/Gita Shlokas__Adhyaya 1__21 to 30,G.1.23.1.mp3,.mp3,mp3 (mp3float),mp3,44100,2,32,128,61.44,0.55,-14.45,-19.63,-55.92,45.7,1.38,0.12,1.38,0.186,0,A,[],[],[],,983039,4ae17574078818f4593612132ecd841e73550718
kamadhenu_dataset/incoming_audio/drive/Gita Shlokas__Adhyaya 1__21 to 30/G.1.23.2.mp3,drive/Gita Shlokas__Adhyaya 1__21 to 30,G.1.23.2.mp3,.mp3,mp3 (mp3float),mp3,44100,2,32,128,76.591,0.79,-14.71,-21.27,-56.8,46.9,0.58,0.26,0.8,0.207,1,A,[],[],[],,1225455,c503e41b2c341f132fbad7efaf1f774f5c669bde
kamadhenu_dataset/incoming_audio/drive/Gita Shlokas__Adhyaya 1__21 to 30/G.1.24.1.mp3,drive/Gita Shlokas__Adhyaya 1__21 to 30,G.1.24.1.mp3,.mp3,mp3 (mp3float),mp3,44100,2,32,128,58.854,0.72,-14.08,-18.69,-51.65,41.9,1.18,0.1,1.18,0.166,1,A,[],[],[],,941661,27906ea0dc39e60aaf381bf5b24ec4d952536f56
kamadhenu_dataset/incoming_audio/drive/Gita Shlokas__Adhyaya 1__21 to 30/G.1.24.2.mp3,drive/Gita Shlokas__Adhyaya 1__21 to 30,G.1.24.2.mp3,.mp3,mp3 (mp3float),mp3,44100,2,32,128,49.842,0.88,-13.33,-18.99,-56.78,47.9,0.43,0.14,0.9,0.192,29,B,"[""hot_peaks""]",[],[],,797465,1174b82fd069e9c05830a1680caae665ef7bd085
kamadhenu_dataset/incoming_audio/drive/Gita Shlokas__Adhyaya 1__21 to 30/G.1.25.1.mp3,drive/Gita Shlokas__Adhyaya 1__21 to 30,G.1.25.1.mp3,.mp3,mp3 (mp3float),mp3,44100,2,32,128,75.624,0.69,-14.76,-19.87,-55.65,45.3,1.13,0.06,1.2,0.201,8,A,[],[],[],,1209990,764cc78d0d5fb0a34e49398687159b5289b5ba2e
kamadhenu_dataset/incoming_audio/drive/Gita Shlokas__Adhyaya 1__21 to 30/G.1.25.2.mp3,drive/Gita Shlokas__Adhyaya 1__21 to 30,G.1.25.2.mp3,.mp3,mp3 (mp3float),mp3,44100,2,32,128,64.81,0.75,-14.54,-19.76,-61.53,51.2,0.1,0.0,1.01,0.203,15,B,"[""hot_peaks""]",[],[],,1036955,a99983b5157e8643d5ab80d171df7691e6b7d430
kamadhenu_dataset/incoming_audio/drive/Gita Shlokas__Adhyaya 1__21 to 30/G.1.26.1.mp3,drive/Gita Shlokas__Adhyaya 1__21 to 30,G.1.26.1.mp3,.mp3,mp3 (mp3float),mp3,48000,2,32,192,74.304,0.77,-15.58,-22.83,-62.4,51.9,1.68,0.06,1.68,0.208,0,A,[],[],[],,1783296,d3d4c8ba5ef252923c18ae05d2bc43a94f404530
kamadhenu_dataset/incoming_audio/drive/Gita Shlokas__Adhyaya 1__21 to 30/G.1.26.2.mp3,drive/Gita Shlokas__Adhyaya 1__21 to 30,G.1.26.2.mp3,.mp3,mp3 (mp3float),mp3,48000,2,32,192,111.408,0.79,-15.02,-20.17,-69.74,59.0,1.16,0.0,1.38,0.195,1,A,[],[],[],,2673792,81804d14e81edc56b212afa03ff7084a3d02a109
kamadhenu_dataset/incoming_audio/drive/Gita Shlokas__Adhyaya 1__21 to 30/G.1.27.1.mp3,drive/Gita Shlokas__Adhyaya 1__21 to 30,G.1.27.1.mp3,.mp3,mp3 (mp3float),mp3,48000,2,32,192,72.048,0.65,-14.43,-19.67,-65.18,55.3,0.82,0.05,0.89,0.189,8,A,[],[],[],,1729152,169a5278cfeaa03f1991ee8c41f0e3b12b34d991
kamadhenu_dataset/incoming_audio/drive/Gita Shlokas__Adhyaya 1__21 to 30/G.1.27.2.mp3,drive/Gita Shlokas__Adhyaya 1__21 to 30,G.1.27.2.mp3,.mp3,mp3 (mp3float),mp3,48000,2,32,192,94.776,0.72,-15.08,-20.46,-65.76,55.3,1.39,0.21,1.39,0.169,5,A,[],[],[],,2274624,d5c3d4ac44a40c04fbc413ee88f010aaff1c62dc
kamadhenu_dataset/incoming_audio/drive/Gita Shlokas__Adhyaya 1__21 to 30/G.1.28.1.mp3,drive/Gita Shlokas__Adhyaya 1__21 to 30,G.1.28.1.mp3,.mp3,mp3 (mp3float),mp3,48000,2,32,192,69.024,0.65,-15.22,-21.35,-62.94,52.3,1.08,0.11,1.08,0.153,0,A,[],[],[],,1656576,2fb4cdf9e9273190cebf6ec5a5c61fb7542530e8
kamadhenu_dataset/incoming_audio/drive/Gita Shlokas__Adhyaya 1__21 to 30/G.1.28.2.mp3,drive/Gita Shlokas__Adhyaya 1__21 to 30,G.1.28.2.mp3,.mp3,mp3 (mp3float),mp3,48000,2,32,192,72.528,0.7,-15.62,-21.97,-61.81,51.2,1.11,0.0,1.3,0.15,9,A,[],[],[],,1740672,83660d076e51415d3f8c2e194db06521967c25a2
kamadhenu_dataset/incoming_audio/drive/Gita Shlokas__Adhyaya 1__21 to 30/G.1.29.1.mp3,drive/Gita Shlokas__Adhyaya 1__21 to 30,G.1.29.1.mp3,.mp3,mp3 (mp3float),mp3,48000,2,32,192,58.776,0.54,-15.63,-21.36,-63.01,51.9,0.84,0.0,0.84,0.153,2,A,[],[],[],,1410624,3dc8d45af6ee20bf568a50152966a186a2650a06
kamadhenu_dataset/incoming_audio/drive/Gita Shlokas__Adhyaya 1__21 to 30/G.1.29.2.mp3,drive/Gita Shlokas__Adhyaya 1__21 to 30,G.1.29.2.mp3,.mp3,mp3 (mp3float),mp3,48000,2,32,192,71.736,0.54,-14.64,-21.89,-60.88,51.2,0.71,0.0,0.71,0.142,10,A,[],[],[],,1721664,ccfa1ed4273314e7ed9d3db721a72862c7051d44
kamadhenu_dataset/incoming_audio/drive/Gita Shlokas__Adhyaya 1__21 to 30/G.1.30.mp3,drive/Gita Shlokas__Adhyaya 1__21 to 30,G.1.30.mp3,.mp3,mp3 (mp3float),mp3,48000,2,32,192,196.704,0.79,-15.42,-21.59,-67.22,56.6,1.25,0.0,1.25,0.184,17,A,[],[],[],,4720896,d38df5f92df3811486bc91df7b4024bdc31ad3f7
kamadhenu_dataset/incoming_audio/drive/Gita Shlokas__Adhyaya 1__31 to 40/G.1.31.mp3,drive/Gita Shlokas__Adhyaya 1__31 to 40,G.1.31.mp3,.mp3,mp3 (mp3float),mp3,48000,2,32,192,136.536,0.7,-15.2,-21.38,-62.93,52.2,1.22,0.0,1.22,0.165,0,A,[],[],[],,3276864,4815bb64413121260456804fdbbddbbc0c902a92
kamadhenu_dataset/incoming_audio/drive/Gita Shlokas__Adhyaya 1__31 to 40/G.1.32.1.mp3,drive/Gita Shlokas__Adhyaya 1__31 to 40,G.1.32.1.mp3,.mp3,mp3 (mp3float),mp3,48000,2,32,192,65.976,0.78,-15.06,-20.97,-61.67,51.0,1.62,0.01,1.62,0.139,0,A,[],[],[],,1583424,b1306cc7eb09d2cddaa5502f6dc159649648d43c
kamadhenu_dataset/incoming_audio/drive/Gita Shlokas__Adhyaya 1__31 to 40/G.1.32.2.mp3,drive/Gita Shlokas__Adhyaya 1__31 to 40,G.1.32.2.mp3,.mp3,mp3 (mp3float),mp3,48000,2,32,192,73.824,0.63,-14.13,-19.15,-64.18,54.2,1.36,0.0,1.36,0.164,1,A,[],[],[],,1771776,cb2bf73996df0e7b33467419945d06b8abfe3597
kamadhenu_dataset/incoming_audio/drive/Gita Shlokas__Adhyaya 1__31 to 40/G.1.33.1.mp3,drive/Gita Shlokas__Adhyaya 1__31 to 40,G.1.33.1.mp3,.mp3,mp3 (mp3float),mp3,48000,2,32,192,82.464,0.71,-15.13,-20.82,-62.78,52.0,1.29,0.06,1.29,0.153,1,A,[],[],[],,1979136,048308f1265d1d803aa6e6ff934015850d94d5a4
kamadhenu_dataset/incoming_audio/drive/Gita Shlokas__Adhyaya 1__31 to 40/G.1.33.2.mp3,drive/Gita Shlokas__Adhyaya 1__31 to 40,G.1.33.2.mp3,.mp3,mp3 (mp3float),mp3,48000,2,32,192,95.736,0.69,-15.57,-22.11,-70.06,59.0,1.44,0.1,1.44,0.214,3,A,[],[],[],,2297664,5b60064f5fbf307ca2ab6b7d0b2def22eb776876
kamadhenu_dataset/incoming_audio/drive/Gita Shlokas__Adhyaya 1__31 to 40/G.1.34.1.mp3,drive/Gita Shlokas__Adhyaya 1__31 to 40,G.1.34.1.mp3,.mp3,mp3 (mp3float),mp3,48000,2,32,192,75.576,0.67,-15.61,-21.65,-72.42,61.3,1.21,0.11,1.23,0.237,0,A,[],[],[],,1813824,685d8d502b035cc4e6ba7f1f16b753c198d2d307
kamadhenu_dataset/incoming_audio/drive/Gita Shlokas__Adhyaya 1__31 to 40/G.1.34.2.mp3,drive/Gita Shlokas__Adhyaya 1__31 to 40,G.1.34.2.mp3,.mp3,mp3 (mp3float),mp3,48000,2,32,192,87.264,0.63,-15.45,-21.36,-63.1,51.9,1.17,0.0,1.17,0.158,1,A,[],[],[],,2094336,64e9ef9e0cea7796ef53c9a8a947d50a450a46b6
kamadhenu_dataset/incoming_audio/drive/Gita Shlokas__Adhyaya 1__31 to 40/G.1.35.1.mp3,drive/Gita Shlokas__Adhyaya 1__31 to 40,G.1.35.1.mp3,.mp3,mp3 (mp3float),mp3,48000,2,32,192,68.688,0.67,-15.45,-21.65,-66.67,55.8,0.97,0.11,0.97,0.186,5,A,[],[],[],,1648512,ca1cfc07b6eed40cb58a9a24f3e303766c4a7ff8
kamadhenu_dataset/incoming_audio/drive/Gita Shlokas__Adhyaya 1__31 to 40/G.1.35.2.mp3,drive/Gita Shlokas__Adhyaya 1__31 to 40,G.1.35.2.mp3,.mp3,mp3 (mp3float),mp3,48000,2,32,192,70.608,0.58,-15.11,-22.27,-66.07,56.0,1.0,0.0,1.0,0.183,2,A,[],[],[],,1694592,b98afb2d05917df8f67ffad6d3ff78c82d63bc4e
kamadhenu_dataset/incoming_audio/drive/Gita Shlokas__Adhyaya 1__31 to 40/G.1.36.1.mp3,drive/Gita Shlokas__Adhyaya 1__31 to 40,G.1.36.1.mp3,.mp3,mp3 (mp3float),mp3,48000,2,32,192,62.136,0.89,-14.56,-20.53,-57.11,47.0,1.11,0.07,1.11,0.19,15,B,"[""hot_peaks""]",[],[],,1491264,fe28911f583230401f48168363a6d32026ae64e1
kamadhenu_dataset/incoming_audio/drive/Gita Shlokas__Adhyaya 1__31 to 40/G.1.36.2.mp3,drive/Gita Shlokas__Adhyaya 1__31 to 40,G.1.36.2.mp3,.mp3,mp3 (mp3float),mp3,48000,2,32,192,65.976,0.83,-14.08,-19.08,-53.0,43.1,1.46,0.02,1.46,0.143,13,B,"[""hot_peaks""]",[],[],,1583424,7c5531a0aec699c9fc11858c2464df56aedf9a48
kamadhenu_dataset/incoming_audio/drive/Gita Shlokas__Adhyaya 1__31 to 40/G.1.37.1.mp3,drive/Gita Shlokas__Adhyaya 1__31 to 40,G.1.37.1.mp3,.mp3,mp3 (mp3float),mp3,48000,2,32,192,57.984,0.82,-14.25,-18.51,-52.92,42.9,0.43,0.41,0.91,0.189,13,B,"[""hot_peaks""]",[],[],,1391616,6518b213c1a5de605ab6bbea73ef8eeb4054af79
kamadhenu_dataset/incoming_audio/drive/Gita Shlokas__Adhyaya 1__31 to 40/G.1.37.2.mp3,drive/Gita Shlokas__Adhyaya 1__31 to 40,G.1.37.2.mp3,.mp3,mp3 (mp3float),mp3,48000,2,32,192,45.504,0.89,-15.29,-22.47,-56.92,46.4,0.73,0.05,0.94,0.154,11,B,"[""hot_peaks""]",[],[],,1092096,be5f5472c0cda48f4297709e078df0b88c160c54
kamadhenu_dataset/incoming_audio/drive/Gita Shlokas__Adhyaya 1__31 to 40/G.1.38.1.mp3,drive/Gita Shlokas__Adhyaya 1__31 to 40,G.1.38.1.mp3,.mp3,mp3 (mp3float),mp3,48000,2,32,192,53.184,0.82,-14.5,-22.39,-58.16,48.7,1.11,0.01,1.11,0.163,9,A,[],[],[],,1276416,3b458a6544e4bb2f30326084ce20cb1597377757
kamadhenu_dataset/incoming_audio/drive/Gita Shlokas__Adhyaya 1__31 to 40/G.1.38.2.mp3,drive/Gita Shlokas__Adhyaya 1__31 to 40,G.1.38.2.mp3,.mp3,mp3 (mp3float),mp3,48000,2,32,192,48.528,0.87,-14.73,-20.68,-53.9,44.1,1.13,0.09,1.13,0.194,11,B,"[""hot_peaks""]",[],[],,1164672,0338666d45314c6867facf4f20ea5a5f86b32940
kamadhenu_dataset/incoming_audio/drive/Gita Shlokas__Adhyaya 1__31 to 40/G.1.39.1.mp3,drive/Gita Shlokas__Adhyaya 1__31 to 40,G.1.39.1.mp3,.mp3,mp3 (mp3float),mp3,48000,2,32,192,76.848,0.75,-14.15,-18.55,-52.78,42.6,1.1,0.01,1.1,0.173,3,B,"[""hot_peaks""]",[],[],,1844352,9d2f483910f2e3805e30b7bf97e2e10ac0e3dcb5
kamadhenu_dataset/incoming_audio/drive/Gita Shlokas__Adhyaya 1__31 to 40/G.1.39.2.mp3,drive/Gita Shlokas__Adhyaya 1__31 to 40,G.1.39.2.mp3,.mp3,mp3 (mp3float),mp3,48000,2,32,192,49.176,0.81,-14.99,-20.5,-55.07,45.0,1.13,0.05,1.31,0.201,9,B,"[""hot_peaks""]",[],[],,1180224,d4672d4e24df4d090c5e7e74471695ee08da58d7
kamadhenu_dataset/incoming_audio/drive/Gita Shlokas__Adhyaya 1__31 to 40/G.1.40.1.mp3,drive/Gita Shlokas__Adhyaya 1__31 to 40,G.1.40.1.mp3,.mp3,mp3 (mp3float),mp3,48000,2,32,192,49.968,0.47,-14.9,-18.93,-50.89,40.0,1.5,0.03,1.5,0.171,0,A,[],[],[],,1199232,d04474b20fa2e39435f2e8477ea2e55aff6c275d
kamadhenu_dataset/incoming_audio/drive/Gita Shlokas__Adhyaya 1__31 to 40/G.1.40.2.mp3,drive/Gita Shlokas__Adhyaya 1__31 to 40,G.1.40.2.mp3,.mp3,mp3 (mp3float),mp3,48000,2,32,192,73.968,0.8,-15.1,-21.78,-56.33,46.1,0.81,0.0,1.28,0.197,11,B,"[""hot_peaks""]",[],[],,1775232,1befbba3b97e0e4811acdd5b7d9ffb1f655259a1
kamadhenu_dataset/incoming_audio/drive/Gita Shlokas__Adhyaya 1__31 to 40/G.1.47.1.mp3,drive/Gita Shlokas__Adhyaya 1__31 to 40,G.1.47.1.mp3,.mp3,mp3 (mp3float),mp3,48000,2,32,192,91.248,0.92,-14.7,-21.98,-65.4,55.5,0.54,0.05,1.42,0.275,41,B,"[""hot_peaks"", ""exact_duplicate""]","[""kamadhenu_dataset/incoming_audio/drive/Gita Shlokas__Adhyaya 1__41 to 47/G.1.47.1.mp3""]",[],,2189952,644956b648eb7c4015a167a171c1ac6e4e716364
kamadhenu_dataset/incoming_audio/drive/Gita Shlokas__Adhyaya 1__41 to 47/G.1.41.1.mp3,drive/Gita Shlokas__Adhyaya 1__41 to 47,G.1.41.1.mp3,.mp3,mp3 (mp3float),mp3,48000,2,32,192,66.456,0.7,-14.36,-18.99,-56.64,46.6,0.84,0.0,1.04,0.228,10,A,[],[],[],,1594944,3e54f207d87cf122b9edfaca84d1aebf278ecfc3
kamadhenu_dataset/incoming_audio/drive/Gita Shlokas__Adhyaya 1__41 to 47/G.1.41.2.mp3,drive/Gita Shlokas__Adhyaya 1__41 to 47,G.1.41.2.mp3,.mp3,mp3 (mp3float),mp3,48000,2,32,192,63.888,0.78,-14.47,-19.28,-56.41,46.2,0.29,0.03,1.24,0.207,4,A,[],[],[],,1533312,73504a66d210bde22888ba3edc3215de7393390c
kamadhenu_dataset/incoming_audio/drive/Gita Shlokas__Adhyaya 1__41 to 47/G.1.42.1.mp3,drive/Gita Shlokas__Adhyaya 1__41 to 47,G.1.42.1.mp3,.mp3,mp3 (mp3float),mp3,48000,2,32,192,48.696,0.54,-14.56,-18.51,-57.57,47.2,0.08,0.01,0.92,0.195,0,A,[],[],[],,1168704,5a76fe193b2247eeaf9b8f2b7cd5e34cbc5e2cf0
kamadhenu_dataset/incoming_audio/drive/Gita Shlokas__Adhyaya 1__41 to 47/G.1.42.2.mp3,drive/Gita Shlokas__Adhyaya 1__41 to 47,G.1.42.2.mp3,.mp3,mp3 (mp3float),mp3,48000,2,32,192,75.408,0.75,-14.31,-20.54,-59.39,49.7,0.65,0.15,0.95,0.225,8,A,[],[],[],,1809792,f2ddb5e491f5e981b7af0d4a1b1916e689cc9e5e
kamadhenu_dataset/incoming_audio/drive/Gita Shlokas__Adhyaya 1__41 to 47/G.1.43.1.mp3,drive/Gita Shlokas__Adhyaya 1__41 to 47,G.1.43.1.mp3,.mp3,mp3 (mp3float),mp3,48000,2,32,192,56.208,0.69,-14.42,-19.13,-58.59,48.7,0.76,0.07,0.84,0.203,7,A,[],[],[],,1348992,5ad0a9d47c60c69213bcb1b7a8adce0412a81c94
kamadhenu_dataset/incoming_audio/drive/Gita Shlokas__Adhyaya 1__41 to 47/G.1.43.2.mp3,drive/Gita Shlokas__Adhyaya 1__41 to 47,G.1.43.2.mp3,.mp3,mp3 (mp3float),mp3,48000,2,32,192,58.296,0.79,-14.9,-20.7,-59.24,48.9,0.77,0.01,0.91,0.21,1,A,[],[],[],,1399104,56448bdcf50c9e546f462c63c04110681ffbca61
kamadhenu_dataset/incoming_audio/drive/Gita Shlokas__Adhyaya 1__41 to 47/G.1.44.1.mp3,drive/Gita Shlokas__Adhyaya 1__41 to 47,G.1.44.1.mp3,.mp3,mp3 (mp3float),mp3,48000,2,32,192,68.208,0.78,-14.75,-19.11,-58.76,48.3,1.1,0.0,1.1,0.226,4,B,"[""hot_peaks""]",[],[],,1636992,b610a5423816c8b9ef61bc6580bfd19dd345c87d
kamadhenu_dataset/incoming_audio/drive/Gita Shlokas__Adhyaya 1__41 to 47/G.1.44.2.mp3,drive/Gita Shlokas__Adhyaya 1__41 to 47,G.1.44.2.mp3,.mp3,mp3 (mp3float),mp3,48000,2,32,192,72.048,0.76,-15.13,-19.45,-59.22,48.6,0.49,0.02,1.07,0.242,6,B,"[""hot_peaks""]",[],[],,1729152,7d893bd7615313a3a0c4f9c7af34d30e76b8b380
kamadhenu_dataset/incoming_audio/drive/Gita Shlokas__Adhyaya 1__41 to 47/G.1.45.1.mp3,drive/Gita Shlokas__Adhyaya 1__41 to 47,G.1.45.1.mp3,.mp3,mp3 (mp3float),mp3,48000,2,32,192,68.064,0.9,-15.19,-20.78,-59.27,49.2,1.04,0.01,1.04,0.262,20,B,"[""hot_peaks""]",[],[],,1633536,0ca829f7377c1cf0b7e20f1984e5c8be2b35ad79
kamadhenu_dataset/incoming_audio/drive/Gita Shlokas__Adhyaya 1__41 to 47/G.1.45.2.mp3,drive/Gita Shlokas__Adhyaya 1__41 to 47,G.1.45.2.mp3,.mp3,mp3 (mp3float),mp3,48000,2,32,192,76.848,0.63,-15.25,-20.45,-60.21,49.6,1.26,0.0,1.26,0.235,2,A,[],[],[],,1844352,920e6dba8584e479241cd8d6b7d36a88b1db67af
kamadhenu_dataset/incoming_audio/drive/Gita Shlokas__Adhyaya 1__41 to 47/G.1.46.1.mp3,drive/Gita Shlokas__Adhyaya 1__41 to 47,G.1.46.1.mp3,.mp3,mp3 (mp3float),mp3,48000,2,32,192,157.656,0.9,-15.27,-20.93,-61.11,50.5,0.93,0.16,1.05,0.218,0,B,"[""hot_peaks""]",[],[],,3783744,6b0632e4f8b2c65558941ac22d17b96aa73b4295
kamadhenu_dataset/incoming_audio/drive/Gita Shlokas__Adhyaya 1__41 to 47/G.1.46.2.mp3,drive/Gita Shlokas__Adhyaya 1__41 to 47,G.1.46.2.mp3,.mp3,mp3 (mp3float),mp3,48000,2,32,192,95.088,0.95,-14.34,-21.55,-60.42,50.7,0.89,0.16,1.9,0.242,46,B,"[""hot_peaks""]",[],[],,2282112,2f6304a62534fd774a7db47899c33156f9516df9
kamadhenu_dataset/incoming_audio/drive/Gita Shlokas__Adhyaya 1__41 to 47/G.1.47.1.mp3,drive/Gita Shlokas__Adhyaya 1__41 to 47,G.1.47.1.mp3,.mp3,mp3 (mp3float),mp3,48000,2,32,192,91.248,0.92,-14.7,-21.98,-65.4,55.5,0.54,0.05,1.42,0.275,41,B,"[""hot_peaks"", ""exact_duplicate""]","[""kamadhenu_dataset/incoming_audio/drive/Gita Shlokas__Adhyaya 1__31 to 40/G.1.47.1.mp3""]",[],,2189952,644956b648eb7c4015a167a171c1ac6e4e716364
kamadhenu_dataset/incoming_audio/drive/Gita Shlokas__Adhyaya 1__41 to 47/G.1.47.2.mp3,drive/Gita Shlokas__Adhyaya 1__41 to 47,G.1.47.2.mp3,.mp3,mp3 (mp3float),mp3,48000,2,32,192,65.016,0.76,-15.05,-21.08,-58.45,48.3,0.43,0.11,1.02,0.218,4,B,"[""hot_peaks""]",[],[],,1560384,7f5a58faa4aaf86e6159eb6a0a4be1b1a2838549
kamadhenu_dataset/incoming_audio/drive/Gita Shlokas__Adhyaya 1__41 to 47/G.1.48.mp3,drive/Gita Shlokas__Adhyaya 1__41 to 47,G.1.48.mp3,.mp3,mp3 (mp3float),mp3,48000,2,32,192,157.824,0.87,-13.85,-18.87,-54.34,44.8,0.08,0.05,1.57,0.181,22,B,"[""hot_peaks""]",[],[],,3787776,0ee17e24b208f31a2fc8314e7601adbb6c3abf86
kamadhenu_dataset/incoming_audio/drive/Gita Shlokas__Adhyaya 2/G.2.1.aac,drive/Gita Shlokas__Adhyaya 2,G.2.1.aac,.aac,aac (LC),aac,48000,2,32,98,120.491,2.09,-13.99,-20.41,-55.85,46.6,0.2,0.02,1.03,0.173,254,B,"[""hot_peaks""]",[],[],,1485424,17435a8e46e0ce91186eee18fb5476244c246095
kamadhenu_dataset/incoming_audio/drive/Gita Shlokas__Adhyaya 2/G.2.10.aac,drive/Gita Shlokas__Adhyaya 2,G.2.10.aac,.aac,aac (LC),aac,48000,2,32,98,98.731,2.0,-15.45,-18.57,-46.6,35.9,1.06,0.0,1.61,0.199,100,B,"[""hot_peaks""]",[],[],,1217198,88d8be8004a47c9cadcf2532b138f81d33e93df7
kamadhenu_dataset/incoming_audio/drive/Gita Shlokas__Adhyaya 2/G.2.11.aac,drive/Gita Shlokas__Adhyaya 2,G.2.11.aac,.aac,aac (LC),aac,48000,2,32,98,120.832,2.02,-15.06,-18.72,-47.71,37.1,0.53,0.14,1.93,0.196,222,B,"[""hot_peaks""]",[],[],,1489660,3b0c4877c3a262e7a89dedda6354773a15ea1fe9
kamadhenu_dataset/incoming_audio/drive/Gita Shlokas__Adhyaya 2/G.2.12.aac,drive/Gita Shlokas__Adhyaya 2,G.2.12.aac,.aac,aac (LC),aac,48000,2,32,98,100.309,2.1,-15.62,-20.39,-53.35,42.2,0.71,0.0,1.38,0.139,115,B,"[""hot_peaks""]",[],[],,1236639,202cdf0b864e7792ae757037354f14d138adcf46
kamadhenu_dataset/incoming_audio/drive/Gita Shlokas__Adhyaya 2/G.2.13.aac,drive/Gita Shlokas__Adhyaya 2,G.2.13.aac,.aac,aac (LC),aac,48000,2,32,98,116.011,2.12,-15.54,-21.24,-56.36,45.6,0.11,0.15,1.17,0.158,174,B,"[""hot_peaks""]",[],[],,1430214,97bf7bb0dbd1628818a473ebe535a33d5d6023e2
kamadhenu_dataset/incoming_audio/drive/Gita Shlokas__Adhyaya 2/G.2.14.aac,drive/Gita Shlokas__Adhyaya 2,G.2.14.aac,.aac,aac (LC),aac,48000,2,32,99,127.339,2.1,-15.64,-21.62,-54.85,44.1,0.78,0.0,1.82,0.162,145,B,"[""hot_peaks""]",[],[],,1569854,84d062e68128055d168ca9d60db6bac053bdc518
kamadhenu_dataset/incoming_audio/drive/Gita Shlokas__Adhyaya 2/G.2.15.aac,drive/Gita Shlokas__Adhyaya 2,G.2.15.aac,.aac,aac (LC),aac,48000,2,32,98,104.683,1.99,-16.02,-21.24,-54.26,42.9,0.69,0.23,1.19,0.15,62,A,[],[],[],,1290606,4a4dd3c7a55acdc18eb13542cc3de95f252e44ee
kamadhenu_dataset/incoming_audio/drive/Gita Shlokas__Adhyaya 2/G.2.16.aac,drive/Gita Shlokas__Adhyaya 2,G.2.16.aac,.aac,aac (LC),aac,48000,2,32,98,107.413,1.86,-15.2,-21.05,-56.52,46.1,0.99,0.0,0.99,0.161,152,B,"[""hot_peaks""]",[],[],,1324263,9788762f9c652c47900bc03b0c3755b7799313c2
kamadhenu_dataset/incoming_audio/drive/Gita Shlokas__Adhyaya 2/G.2.17.aac,drive/Gita Shlokas__Adhyaya 2,G.2.17.aac,.aac,aac (LC),aac,48000,2,32,98,120.213,2.11,-15.61,-21.51,-53.91,43.4,0.27,0.0,0.91,0.209,230,B,"[""hot_peaks""]",[],[],,1482005,1c26ba6a80957de8675e56e5bcad8f607b635576
kamadhenu_dataset/incoming_audio/drive/Gita Shlokas__Adhyaya 2/G.2.18.aac,drive/Gita Shlokas__Adhyaya 2,G.2.18.aac,.aac,aac (LC),aac,48000,2,32,98,117.419,1.93,-16.05,-21.32,-53.33,42.2,0.29,0.26,1.23,0.223,150,B,"[""hot_peaks""]",[],[],,1447572,94f6e85ec378ec2628c5bd66ca93c40b5e3be1ff
kamadhenu_dataset/incoming_audio/drive/Gita Shlokas__Adhyaya 2/G.2.19.aac,drive/Gita Shlokas__Adhyaya 2,G.2.19.aac,.aac,aac (LC),aac,48000,2,32,98,105.003,2.05,-16.47,-19.93,-49.24,37.2,0.76,0.02,0.93,0.24,42,B,"[""hot_peaks""]",[],[],,1294487,eeb36c218fe7da4827f34a25ae5d1fc33a992338
kamadhenu_dataset/incoming_audio/drive/Gita Shlokas__Adhyaya 2/G.2.2.aac,drive/Gita Shlokas__Adhyaya 2,G.2.2.aac,.aac,aac (LC),aac,48000,2,32,98,131.947,2.34,-14.59,-20.44,-54.06,44.4,0.52,0.0,1.11,0.177,167,B,"[""hot_peaks""]",[],[],,1626690,0193c47d361a0e2edb2fc44cccd23165c64b4918
kamadhenu_dataset/incoming_audio/drive/Gita Shlokas__Adhyaya 2/G.2.20.aac,drive/Gita Shlokas__Adhyaya 2,G.2.20.aac,.aac,aac (LC),aac,48000,2,32,98,142.549,2.24,-14.63,-19.47,-53.03,43.2,0.45,0.11,1.23,0.195,228,B,"[""hot_peaks""]",[],[],,1757423,3841fd673c638319ed80a693ee492beaca50c559
kamadhenu_dataset/incoming_audio/drive/Gita Shlokas__Adhyaya 2/G.2.21.aac,drive/Gita Shlokas__Adhyaya 2,G.2.21.aac,.aac,aac (LC),aac,48000,2,32,98,103.083,2.63,-17.16,-22.42,-57.49,45.2,0.73,0.45,1.12,0.219,12,A,[],[],[],,1270816,19294a4a9959b15c9f590357838fd0e845c437fa
kamadhenu_dataset/incoming_audio/drive/Gita Shlokas__Adhyaya 2/G.2.22.aac,drive/Gita Shlokas__Adhyaya 2,G.2.22.aac,.aac,aac (LC),aac,48000,2,32,98,161.429,2.22,-15.97,-19.48,-57.24,45.4,0.25,0.0,1.66,0.201,31,A,[],[],[],,1990184,8087234d5d74a1955c392f2294c5f61cb48a9c5b
kamadhenu_dataset/incoming_audio/drive/Gita Shlokas__Adhyaya 2/G.2.23.aac,drive/Gita Shlokas__Adhyaya 2,G.2.23.aac,.aac,aac (LC),aac,48000,2,32,98,126.208,2.05,-17.87,-22.25,-57.31,43.8,0.64,0.04,1.18,0.201,0,A,[],[],[],,1555908,104f18f35bfd7a83e4b18b4102cb7ba8eb1c0e0c
kamadhenu_dataset/incoming_audio/drive/Gita Shlokas__Adhyaya 2/G.2.24.aac,drive/Gita Shlokas__Adhyaya 2,G.2.24.aac,.aac,aac (LC),aac,48000,2,32,99,118.037,2.09,-16.39,-22.43,-56.77,45.2,0.39,0.0,1.19,0.208,7,A,[],[],[],,1455179,8dba33fe0f71a56f4446cc6a5c90fc97d4fcfc2c
kamadhenu_dataset/incoming_audio/drive/Gita Shlokas__Adhyaya 2/G.2.25.aac,drive/Gita Shlokas__Adhyaya 2,G.2.25.aac,.aac,aac (LC),aac,48000,2,32,98,111.851,2.16,-16.93,-21.85,-56.56,44.2,0.29,0.0,1.48,0.187,10,A,[],[],[],,1378948,c26aab8fae65ef5477801738f91b2f0fbf70618b
kamadhenu_dataset/incoming_audio/drive/Gita Shlokas__Adhyaya 2/G.2.26.aac,drive/Gita Shlokas__Adhyaya 2,G.2.26.aac,.aac,aac (LC),aac,48000,2,32,98,105.152,2.21,-17.26,-22.85,-57.3,44.7,0.95,0.01,1.19,0.206,23,A,[],[],[],,1296327,317acf602e8251a10712a44d6aea2b4036ab9168
kamadhenu_dataset/incoming_audio/drive/Gita Shlokas__Adhyaya 2/G.2.27.aac,drive/Gita Shlokas__Adhyaya 2,G.2.27.aac,.aac,aac (LC),aac,48000,2,32,98,132.885,2.48,-13.71,-18.29,-46.81,38.0,1.08,0.48,2.88,0.211,341,B,"[""hot_peaks""]",[],[],,1638251,a0e824d6e18097cd26f8565110de9f97bc204348
kamadhenu_dataset/incoming_audio/drive/Gita Shlokas__Adhyaya 2/G.2.28.aac,drive/Gita Shlokas__Adhyaya 2,G.2.28.aac,.aac,aac (LC),aac,48000,2,32,98,114.667,2.48,-14.05,-21.24,-55.24,46.0,0.17,0.0,1.71,0.177,129,B,"[""hot_peaks""]",[],[],,1413625,56e222b78607b857a1bf0d4c33b996369a2dd5d4
kamadhenu_dataset/incoming_audio/drive/Gita Shlokas__Adhyaya 2/G.2.29.aac,drive/Gita Shlokas__Adhyaya 2,G.2.29.aac,.aac,aac (LC),aac,48000,2,32,98,169.685,2.68,-13.69,-20.6,-54.84,46.0,0.1,0.03,1.76,0.203,260,B,"[""hot_peaks""]",[],[],,2091902,0350ae388d89ce5153e5101c1b14164669c42bef
kamadhenu_dataset/incoming_audio/drive/Gita Shlokas__Adhyaya 2/G.2.3.aac,drive/Gita Shlokas__Adhyaya 2,G.2.3.aac,.aac,aac (LC),aac,48000,2,32,98,139.52,2.68,-13.49,-15.99,-43.15,34.5,0.69,0.22,1.86,0.302,120,B,"[""hot_peaks""]",[],[],,1720020,eac719c3f433b3a6746b6c0e26e9ee15d80a1c29
kamadhenu_dataset/incoming_audio/drive/Gita Shlokas__Adhyaya 2/G.2.30.aac,drive/Gita Shlokas__Adhyaya 2,G.2.30.aac,.aac,aac (LC),aac,48000,2,32,98,114.325,2.28,-14.26,-19.87,-52.73,43.3,1.08,0.41,1.46,0.228,99,B,"[""hot_peaks""]",[],[],,1409444,5074cf766ea0aad8a43c29324e3edd4f414a38b3
kamadhenu_dataset/incoming_audio/drive/Gita Shlokas__Adhyaya 2/G.2.31.aac,drive/Gita Shlokas__Adhyaya 2,G.2.31.aac,.aac,aac (LC),aac,48000,2,32,98,133.013,2.31,-14.28,-21.7,-55.9,46.6,0.35,0.0,1.75,0.205,178,B,"[""hot_peaks""]",[],[],,1639805,dceac37b91e690b1a31ddebb8527c8cd4e1c89d8
kamadhenu_dataset/incoming_audio/drive/Gita Shlokas__Adhyaya 2/G.2.32.aac,drive/Gita Shlokas__Adhyaya 2,G.2.32.aac,.aac,aac (LC),aac,48000,2,32,98,112.619,2.67,-14.53,-21.2,-53.72,44.2,1.41,0.72,1.43,0.227,155,B,"[""hot_peaks""]",[],[],,1388377,60679cd071191e1df06e109d5913f4e47dcd591f
kamadhenu_dataset/incoming_audio/drive/Gita Shlokas__Adhyaya 2/G.2.33.aac,drive/Gita Shlokas__Adhyaya 2,G.2.33.aac,.aac,aac (LC),aac,48000,2,32,98,106.325,2.36,-14.28,-20.08,-53.68,44.3,0.39,0.62,2.9,0.252,128,B,"[""hot_peaks""]",[],[],,1310824,daa7356e80b2d33cf66af10927f811d67490b91f
kamadhenu_dataset/incoming_audio/drive/Gita Shlokas__Adhyaya 2/G.2.34.aac,drive/Gita Shlokas__Adhyaya 2,G.2.34.aac,.aac,aac (LC),aac,48000,2,32,98,110.571,2.39,-13.64,-19.24,-51.8,42.8,0.24,0.12,1.54,0.216,104,B,"[""hot_peaks""]",[],[],,1363129,9a094d746e875e7c07633bedeb00cc49cd009330
kamadhenu_dataset/incoming_audio/drive/Gita Shlokas__Adhyaya 2/G.2.35.aac,drive/Gita Shlokas__Adhyaya 2,G.2.35.aac,.aac,aac (LC),aac,48000,2,32,98,119.317,2.43,-13.05,-18.54,-54.85,46.2,0.2,0.0,1.72,0.196,336,B,"[""hot_peaks""]",[],[],,1470959,48213dbd4953eb803a4162d219b9fc3ca01ece25
kamadhenu_dataset/incoming_audio/drive/Gita Shlokas__Adhyaya 2/G.2.36.aac,drive/Gita Shlokas__Adhyaya 2,G.2.36.aac,.aac,aac (LC),aac,48000,2,32,98,108.864,2.74,-13.68,-19.43,-51.2,42.4,1.63,0.69,1.95,0.22,183,B,"[""hot_peaks""]",[],[],,1342095,ea7980a952be433658f86549e6628cf8d6554bb4
kamadhenu_dataset/incoming_audio/drive/Gita Shlokas__Adhyaya 2/G.2.37.aac,drive/Gita Shlokas__Adhyaya 2,G.2.37.aac,.aac,aac (LC),aac,48000,2,32,98,135.616,2.31,-14.44,-21.71,-52.67,43.4,1.18,0.0,2.79,0.195,166,B,"[""hot_peaks""]",[],[],,1671896,3f1e83d4ee26ac66885cb3c96261874db4a58771
kamadhenu_dataset/incoming_audio/drive/Gita Shlokas__Adhyaya 2/G.2.38.aac,drive/Gita Shlokas__Adhyaya 2,G.2.38.aac,.aac,aac (LC),aac,48000,2,32,99,114.453,2.43,-14.63,-21.11,-54.67,45.0,0.6,0.0,1.38,0.211,68,B,"[""hot_peaks""]",[],[],,1411038,48f42cf330b6e8884ac0e72350ed9bf6da34bbc1
kamadhenu_dataset/incoming_audio/drive/Gita Shlokas__Adhyaya 2/G.2.39.aac,drive/Gita Shlokas__Adhyaya 2,G.2.39.aac,.aac,aac (LC),aac,48000,2,32,98,118.315,2.41,-14.43,-20.42,-52.98,43.3,0.65,0.03,1.41,0.213,151,B,"[""hot_peaks""]",[],[],,1458598,9be8e0f84f38c91662c787dde4100bcc588b99a9
kamadhenu_dataset/incoming_audio/drive/Gita Shlokas__Adhyaya 2/G.2.4.aac,drive/Gita Shlokas__Adhyaya 2,G.2.4.aac,.aac,aac (LC),aac,48000,2,32,98,123.413,2.58,-13.16,-14.86,-42.97,34.1,0.93,0.68,2.15,0.279,219,B,"[""hot_peaks""]",[],[],,1521455,def9e80bbee289b5441061d88f25f97840ae9fc0
kamadhenu_dataset/incoming_audio/drive/Gita Shlokas__Adhyaya 2/G.2.5.aac,drive/Gita Shlokas__Adhyaya 2,G.2.5.aac,.aac,aac (LC),aac,48000,2,32,98,179.157,2.51,-12.94,-14.26,-40.06,31.7,0.54,2.19,2.58,0.32,403,B,"[""hot_peaks"", ""long_trailing_silence""]",[],[],,2208674,65b99e75be27786c3d2982d51d54868a6d905883
kamadhenu_dataset/incoming_audio/drive/Gita Shlokas__Adhyaya 2/G.2.6.aac,drive/Gita Shlokas__Adhyaya 2,G.2.6.aac,.aac,aac (LC),aac,48000,2,32,98,171.669,2.36,-13.5,-14.58,-39.86,30.9,0.51,0.59,2.69,0.323,166,B,"[""hot_peaks""]",[],[],,2116361,5003701bd72aca10febf3a38c6cf0d203b4260b3
kamadhenu_dataset/incoming_audio/drive/Gita Shlokas__Adhyaya 2/G.2.7.aac,drive/Gita Shlokas__Adhyaya 2,G.2.7.aac,.aac,aac (LC),aac,48000,2,32,98,179.499,2.4,-13.41,-14.47,-39.2,30.2,1.11,0.65,3.26,0.338,399,B,"[""hot_peaks"", ""long_internal_silence""]",[],[],,2212882,32cef8b9684a4493e856fee215c4bb8eb05ed382
kamadhenu_dataset/incoming_audio/drive/Gita Shlokas__Adhyaya 2/G.2.8.aac,drive/Gita Shlokas__Adhyaya 2,G.2.8.aac,.aac,aac (LC),aac,48000,2,32,98,167.829,2.54,-13.31,-14.11,-39.04,30.2,0.84,0.49,2.79,0.36,469,B,"[""hot_peaks""]",[],[],,2069021,4f9d322820db83d813d1361e53a9428c3c6d7a35
kamadhenu_dataset/incoming_audio/drive/Gita Shlokas__Adhyaya 2/G.2.9.aac,drive/Gita Shlokas__Adhyaya 2,G.2.9.aac,.aac,aac (LC),aac,48000,2,32,98,110.741,1.93,-14.5,-18.53,-48.72,39.1,0.74,0.18,2.35,0.203,334,B,"[""hot_peaks""]",[],[],,1365233,a840654c0279a03cbd3873fd860120ab9b8aa425
kamadhenu_dataset/incoming_audio/drive/Gita Shlokas__Adhyaya 5/G.5.1.1.aac,drive/Gita Shlokas__Adhyaya 5,G.5.1.1.aac,.aac,aac (LC),aac,48000,2,32,98,47.595,0.94,-14.38,-16.97,-41.44,31.5,1.33,0.01,1.56,0.253,3,A,[],[],[],,586753,4dec7b700e6ad1820250a626248584df15cc54f0
kamadhenu_dataset/incoming_audio/drive/Gita Shlokas__Adhyaya 5/G.5.1.2.aac,drive/Gita Shlokas__Adhyaya 5,G.5.1.2.aac,.aac,aac (LC),aac,48000,2,32,98,61.227,1.48,-13.71,-14.72,-36.6,27.0,1.58,0.16,1.9,0.279,5,B,"[""hot_peaks""]",[],[],,754810,6c75eb745a1c40012b78eb86608fabdcfd7fe847
kamadhenu_dataset/incoming_audio/drive/Gita Shlokas__Adhyaya 5/G.5.10.1.aac,drive/Gita Shlokas__Adhyaya 5,G.5.10.1.aac,.aac,aac (LC),aac,48000,2,32,98,64.405,1.61,-14.99,-16.54,-38.3,27.6,1.78,0.14,1.78,0.299,10,B,"[""hot_peaks""]",[],[],,793997,108697fa511735207ea9457b4b4a10b0856aaa2c
kamadhenu_dataset/incoming_audio/drive/Gita Shlokas__Adhyaya 5/G.5.10.2.aac,drive/Gita Shlokas__Adhyaya 5,G.5.10.2.aac,.aac,aac (LC),aac,48000,2,32,98,62.699,1.4,-15.17,-17.72,-39.58,28.8,1.3,0.29,3.01,0.275,14,B,"[""hot_peaks"", ""long_internal_silence""]",[],[],,772957,ab5330cb75d10816c03ef6515f8e7ee77d345060
kamadhenu_dataset/incoming_audio/drive/Gita Shlokas__Adhyaya 5/G.5.11.1.aac,drive/Gita Shlokas__Adhyaya 5,G.5.11.1.aac,.aac,aac (LC),aac,48000,2,32,98,53.035,0.45,-14.97,-15.49,-34.58,23.1,1.25,0.26,1.25,0.208,0,A,[],[],[],,653818,bebd52411a3de30208ca0409bc70381901073cb0
kamadhenu_dataset/incoming_audio/drive/Gita Shlokas__Adhyaya 5/G.5.11.2.aac,drive/Gita Shlokas__Adhyaya 5,G.5.11.2.aac,.aac,aac (LC),aac,48000,2,32,98,87.659,0.47,-15.63,-17.11,-35.89,24.4,1.0,0.0,2.27,0.227,0,A,[],[],[],,1080667,6824233337c0da9fba93d3287772aff3266cd712
kamadhenu_dataset/incoming_audio/drive/Gita Shlokas__Adhyaya 5/G.5.12.1.aac,drive/Gita Shlokas__Adhyaya 5,G.5.12.1.aac,.aac,aac (LC),aac,48000,2,32,99,65.067,0.68,-15.88,-17.46,-35.12,23.5,0.97,1.02,1.02,0.236,0,A,[],[],[],,802150,6980e53221bc5da858885a69e3fa2fa11c2d38c4
kamadhenu_dataset/incoming_audio/drive/Gita Shlokas__Adhyaya 5/G.5.12.2.aac,drive/Gita Shlokas__Adhyaya 5,G.5.12.2.aac,.aac,aac (LC),aac,48000,2,32,98,69.483,0.53,-15.86,-17.49,-35.42,23.5,1.54,0.02,2.35,0.203,0,A,[],[],[],,856591,b3d7ed92e129d156982c5058a6df7e7948167663
kamadhenu_dataset/incoming_audio/drive/Gita Shlokas__Adhyaya 5/G.5.13.1.aac,drive/Gita Shlokas__Adhyaya 5,G.5.13.1.aac,.aac,aac (LC),aac,48000,2,32,98,56.832,0.25,-16.21,-16.7,-32.74,20.1,1.06,0.78,1.06,0.216,0,A,[],[],[],,700632,e6327759c760693750ba28bd3aef79cf0e3f7f1a
kamadhenu_dataset/incoming_audio/drive/Gita Shlokas__Adhyaya 5/G.5.13.2.aac,drive/Gita Shlokas__Adhyaya 5,G.5.13.2.aac,.aac,aac (LC),aac,48000,2,32,98,72.469,0.54,-15.29,-15.92,-31.78,20.0,1.08,0.57,2.09,0.193,0,A,[],[],[],,893411,d6b64d0f3535cbeacb6cc7dd8994799742d07ae1
kamadhenu_dataset/incoming_audio/drive/Gita Shlokas__Adhyaya 5/G.5.14.1.aac,drive/Gita Shlokas__Adhyaya 5,G.5.14.1.aac,.aac,aac (LC),aac,48000,2,32,98,50.005,0.36,-15.11,-16.93,-33.47,22.9,1.09,0.53,1.09,0.225,0,A,[],[],[],,616472,b669c28512053a4d7c28eae4e205ad034ad4d838
kamadhenu_dataset/incoming_audio/drive/Gita Shlokas__Adhyaya 5/G.5.14.2.aac,drive/Gita Shlokas__Adhyaya 5,G.5.14.2.aac,.aac,aac (LC),aac,48000,2,32,98,69.483,0.18,-15.24,-16.26,-31.25,20.3,0.99,0.23,1.3,0.243,0,A,[],[],[],,856591,77ac515ed6309eb0a78f39da8601ceed56e6b0bf
kamadhenu_dataset/incoming_audio/drive/Gita Shlokas__Adhyaya 5/G.5.15.1.aac,drive/Gita Shlokas__Adhyaya 5,G.5.15.1.aac,.aac,aac (LC),aac,48000,2,32,98,66.027,1.1,-15.38,-17.15,-35.22,24.2,1.66,0.83,1.66,0.237,3,A,[],[],[],,813985,38014e5f6aee6753ccf312216ae2c21972a09228
kamadhenu_dataset/incoming_audio/drive/Gita Shlokas__Adhyaya 5/G.5.15.2.aac,drive/Gita Shlokas__Adhyaya 5,G.5.15.2.aac,.aac,aac (LC),aac,48000,2,32,98,92.181,0.71,-15.97,-17.11,-34.83,22.7,0.71,1.08,1.45,0.225,1,A,[],[],[],,1136423,1c3812f225c06b5814eeb197a90a7b17cd0b1991
kamadhenu_dataset/incoming_audio/drive/Gita Shlokas__Adhyaya 5/G.5.16.1.aac,drive/Gita Shlokas__Adhyaya 5,G.5.16.1.aac,.aac,aac (LC),aac,48000,2,32,98,74.005,0.73,-15.7,-16.45,-34.74,22.5,1.12,0.29,1.41,0.203,0,A,[],[],[],,912347,df3b1528cf25325eb71e77b4d7e216189e806301
kamadhenu_dataset/incoming_audio/drive/Gita Shlokas__Adhyaya 5/G.5.16.2.aac,drive/Gita Shlokas__Adhyaya 5,G.5.16.2.aac,.aac,aac (LC),aac,48000,2,32,98,77.888,0.99,-16.46,-17.79,-35.72,23.1,1.46,0.0,1.55,0.197,1,A,[],[],[],,960213,0b78015390c46630a21f2ebdd0698c3d6dd56d9d
kamadhenu_dataset/incoming_audio/drive/Gita Shlokas__Adhyaya 5/G.5.17.1.aac,drive/Gita Shlokas__Adhyaya 5,G.5.17.1.aac,.aac,aac (LC),aac,48000,2,32,98,71.616,1.62,-15.55,-16.82,-35.47,24.0,1.52,0.36,1.52,0.275,8,A,[],[],[],,882891,93e1637f7403fe72c7964f0c9cd9156b9b487886
kamadhenu_dataset/incoming_audio/drive/Gita Shlokas__Adhyaya 5/G.5.17.2.aac,drive/Gita Shlokas__Adhyaya 5,G.5.17.2.aac,.aac,aac (LC),aac,48000,2,32,98,92.437,0.16,-15.97,-17.66,-34.95,23.0,1.34,0.2,2.01,0.213,0,A,[],[],[],,1139579,e3e0e101e9b97979982deeb007df292db4ac8051
kamadhenu_dataset/incoming_audio/drive/Gita Shlokas__Adhyaya 5/G.5.18.1.aac,drive/Gita Shlokas__Adhyaya 5,G.5.18.1.aac,.aac,aac (LC),aac,48000,2,32,98,48.235,0.69,-16.96,-17.64,-33.31,20.0,1.17,0.38,1.17,0.21,1,A,[],[],[],,594643,83696a517f1da4f980eba7b7acac4973aabb40ec
kamadhenu_dataset/incoming_audio/drive/Gita Shlokas__Adhyaya 5/G.5.18.2.aac,drive/Gita Shlokas__Adhyaya 5,G.5.18.2.aac,.aac,aac (LC),aac,48000,2,32,98,72.597,0.81,-16.37,-17.53,-35.26,22.6,0.97,0.53,1.3,0.203,4,A,[],[],[],,894989,cacaf6f11ec1c804fbaae047f79f72606ba47589
kamadhenu_dataset/incoming_audio/drive/Gita Shlokas__Adhyaya 5/G.5.19.1.aac,drive/Gita Shlokas__Adhyaya 5,G.5.19.1.aac,.aac,aac (LC),aac,48000,2,32,98,56.747,0.61,-14.09,-16.6,-45.09,35.0,0.79,0.22,0.95,0.18,1,A,[],[],[],,699580,369664f77a2e7c05e54d7c58f7f60c52593cf786
kamadhenu_dataset/incoming_audio/drive/Gita Shlokas__Adhyaya 5/G.5.19.2.aac,drive/Gita Shlokas__Adhyaya 5,G.5.19.2.aac,.aac,aac (LC),aac,48000,2,32,98,71.957,0.74,-14.44,-17.59,-46.96,36.7,1.07,0.12,1.8,0.172,2,A,[],[],[],,887099,a647dd90e51b8aa753d675835efb17fb1ea06ddb
kamadhenu_dataset/incoming_audio/drive/Gita Shlokas__Adhyaya 5/G.5.2.1.aac,drive/Gita Shlokas__Adhyaya 5,G.5.2.1.aac,.aac,aac (LC),aac,48000,2,32,98,52.075,1.44,-14.36,-16.41,-39.36,29.2,0.75,1.01,1.13,0.237,7,B,"[""hot_peaks""]",[],[],,641983,16cbaf33eb55b24790c05787487b02b7fbff0a8f
kamadhenu_dataset/incoming_audio/drive/Gita Shlokas__Adhyaya 5/G.5.2.2.aac,drive/Gita Shlokas__Adhyaya 5,G.5.2.2.aac,.aac,aac (LC),aac,48000,2,32,98,63.147,1.36,-13.96,-16.21,-40.91,30.7,1.21,0.73,2.52,0.209,6,B,"[""hot_peaks""]",[],[],,778480,e03941792842867859642e8bfce6b27322fe606d
kamadhenu_dataset/incoming_audio/drive/Gita Shlokas__Adhyaya 5/G.5.20.1.aac,drive/Gita Shlokas__Adhyaya 5,G.5.20.1.aac,.aac,aac (LC),aac,48000,2,32,98,66.795,0.95,-14.37,-18.12,-44.07,33.9,1.29,0.09,1.29,0.172,14,A,[],[],[],,823453,46324597c702aa1d7483313f19498e25ebac528d
kamadhenu_dataset/incoming_audio/drive/Gita Shlokas__Adhyaya 5/G.5.20.2.aac,drive/Gita Shlokas__Adhyaya 5,G.5.20.2.aac,.aac,aac (LC),aac,48000,2,32,98,77.76,1.43,-14.06,-17.1,-43.64,33.9,1.03,0.15,1.29,0.165,21,A,[],[],[],,958635,563c7ae3a04e6c22639209ff4b5b6a2c7d417f5d
kamadhenu_dataset/incoming_audio/drive/Gita Shlokas__Adhyaya 5/G.5.21.1.aac,drive/Gita Shlokas__Adhyaya 5,G.5.21.1.aac,.aac,aac (LC),aac,48000,2,32,98,81.195,1.68,-14.45,-17.72,-42.46,32.5,1.06,0.59,1.2,0.186,55,B,"[""hot_peaks""]",[],[],,1000978,de7853ca31aa4438a0a40d26f477812faf64f2cb
kamadhenu_dataset/incoming_audio/drive/Gita Shlokas__Adhyaya 5/G.5.21.2.aac,drive/Gita Shlokas__Adhyaya 5,G.5.21.2.aac,.aac,aac (LC),aac,48000,2,32,98,87.573,1.32,-13.82,-17.24,-42.14,32.7,1.26,0.33,1.59,0.174,30,B,"[""hot_peaks""]",[],[],,1079615,bfcc9d34588ac2335c2bf6dbb1f44a067e9b47d4
kamadhenu_dataset/incoming_audio/drive/Gita Shlokas__Adhyaya 5/G.5.22.1.aac,drive/Gita Shlokas__Adhyaya 5,G.5.22.1.aac,.aac,aac (LC),aac,48000,2,32,98,68.501,1.24,-14.63,-18.54,-45.47,35.5,0.63,0.57,0.98,0.177,20,A,[],[],[],,844493,ec156328ec729c639726ec883a9bbc369ec46372
kamadhenu_dataset/incoming_audio/drive/Gita Shlokas__Adhyaya 5/G.5.22.2.aac,drive/Gita Shlokas__Adhyaya 5,G.5.22.2.aac,.aac,aac (LC),aac,48000,2,32,98,73.109,0.92,-14.43,-17.86,-45.44,35.4,0.87,0.22,1.93,0.154,7,A,[],[],[],,901318,33712406d54352223bc418e2f601e743184befc4
kamadhenu_dataset/incoming_audio/drive/Gita Shlokas__Adhyaya 5/G.5.23.1.aac,drive/Gita Shlokas__Adhyaya 5,G.5.23.1.aac,.aac,aac (LC),aac,48000,2,32,98,85.547,0.84,-13.69,-17.4,-45.25,35.9,1.23,0.0,1.23,0.186,36,B,"[""hot_peaks""]",[],[],,1054667,fd7fb127c9ee2f4a794b7ff1d6074109c7967a8d
kamadhenu_dataset/incoming_audio/drive/Gita Shlokas__Adhyaya 5/G.5.24.1.aac,drive/Gita Shlokas__Adhyaya 5,G.5.24.1.aac,.aac,aac (LC),aac,48000,2,32,98,70.784,1.4,-13.09,-14.92,-39.37,29.9,1.36,0.54,1.36,0.146,15,B,"[""hot_peaks""]",[],[],,872634,731663ab82a766d21fd67e510cc92b846cfc7dd9
kamadhenu_dataset/incoming_audio/drive/Gita Shlokas__Adhyaya 5/G.5.24.2.aac,drive/Gita Shlokas__Adhyaya 5,G.5.24.2.aac,.aac,aac (LC),aac,48000,2,32,98,76.437,0.68,-14.16,-15.82,-37.48,27.1,1.28,0.08,1.56,0.159,4,A,[],[],[],,942329,c7ce0deebc37a5904ac28e00e4885bd59b82afdd
kamadhenu_dataset/incoming_audio/drive/Gita Shlokas__Adhyaya 5/G.5.25.1.aac,drive/Gita Shlokas__Adhyaya 5,G.5.25.1.aac,.aac,aac (LC),aac,48000,2,32,98,59.584,0.69,-14.73,-16.14,-38.56,27.3,1.13,0.27,1.13,0.165,4,A,[],[],[],,734559,cfa5ce5aed1350c66e9259362d4bd7506b51412d
kamadhenu_dataset/incoming_audio/drive/Gita Shlokas__Adhyaya 5/G.5.25.2.aac,drive/Gita Shlokas__Adhyaya 5,G.5.25.2.aac,.aac,aac (LC),aac,48000,2,32,98,88.768,0.75,-14.74,-16.63,-41.84,30.7,1.58,1.12,1.58,0.162,7,A,[],[],[],,1094343,82733465814ce8e3dbb4eeb5ac2d4572072a036f
kamadhenu_dataset/incoming_audio/drive/Gita Shlokas__Adhyaya 5/G.5.26.1.aac,drive/Gita Shlokas__Adhyaya 5,G.5.26.1.aac,.aac,aac (LC),aac,48000,2,32,98,54.229,0.65,-13.71,-15.14,-35.71,25.3,1.39,0.7,1.39,0.146,2,A,[],[],[],,668546,3235323ad60f3c087a8de5a2730344a60fb47c57
kamadhenu_dataset/incoming_audio/drive/Gita Shlokas__Adhyaya 5/G.5.26.2.aac,drive/Gita Shlokas__Adhyaya 5,G.5.26.2.aac,.aac,aac (LC),aac,48000,2,32,98,66.88,0.37,-14.11,-15.52,-36.0,25.2,1.1,0.17,1.1,0.146,3,A,[],[],[],,824505,2034c10910b01a0609e38f7a1817b64926447101
kamadhenu_dataset/incoming_audio/drive/Gita Shlokas__Adhyaya 5/G.5.27.1.aac,drive/Gita Shlokas__Adhyaya 5,G.5.27.1.aac,.aac,aac (LC),aac,48000,2,32,98,89.365,1.53,-14.09,-15.67,-35.9,25.7,1.5,0.04,1.5,0.168,26,A,[],[],[],,1101707,4d37050df882ba3f606cbd2de9eb420721d9f1f3
kamadhenu_dataset/incoming_audio/drive/Gita Shlokas__Adhyaya 5/G.5.27.2.aac,drive/Gita Shlokas__Adhyaya 5,G.5.27.2.aac,.aac,aac (LC),aac,48000,2,32,98,73.579,2.5,-11.58,-14.46,-43.4,35.5,1.14,0.34,1.14,0.154,323,D,"[""clipping""]",[],[],,907087,2249131e312daa830f958958cf41cde21a9cff5d
kamadhenu_dataset/incoming_audio/drive/Gita Shlokas__Adhyaya 5/G.5.28.1.aac,drive/Gita Shlokas__Adhyaya 5,G.5.28.1.aac,.aac,aac (LC),aac,48000,2,32,98,52.096,1.53,-14.22,-16.63,-43.22,32.9,0.94,0.21,0.94,0.159,7,A,[],[],[],,642246,493b0c74bda177e8c78cc958d023ee33b81e4dbd
kamadhenu_dataset/incoming_audio/drive/Gita Shlokas__Adhyaya 5/G.5.28.2.aac,drive/Gita Shlokas__Adhyaya 5,G.5.28.2.aac,.aac,aac (LC),aac,48000,2,32,98,68.971,1.23,-14.22,-17.33,-46.27,36.2,1.53,0.28,1.99,0.155,13,A,[],[],[],,850291,f7efa7e0b3ab72fb1baef7d1c072ea9538696f96
kamadhenu_dataset/incoming_audio/drive/Gita Shlokas__Adhyaya 5/G.5.29.1.aac,drive/Gita Shlokas__Adhyaya 5,G.5.29.1.aac,.aac,aac (LC),aac,48000,2,32,98,44.245,1.05,-13.93,-16.13,-43.58,33.5,1.53,0.12,1.53,0.155,10,A,[],[],[],,545538,bfb9f26621f7a8654bca79baa388442e1f647ca8
kamadhenu_dataset/incoming_audio/drive/Gita Shlokas__Adhyaya 5/G.5.29.2.aac,drive/Gita Shlokas__Adhyaya 5,G.5.29.2.aac,.aac,aac (LC),aac,48000,2,32,98,70.699,0.99,-14.1,-16.2,-41.49,30.9,1.06,0.07,1.55,0.149,8,A,[],[],[],,871710,ec071e6349c61a890bfed64d043e80964ac3094c
kamadhenu_dataset/incoming_audio/drive/Gita Shlokas__Adhyaya 5/G.5.3.1.aac,drive/Gita Shlokas__Adhyaya 5,G.5.3.1.aac,.aac,aac (LC),aac,48000,2,32,98,38.912,1.47,-14.38,-15.69,-36.08,26.1,0.99,0.57,0.99,0.312,3,B,"[""hot_peaks""]",[],[],,479712,0673f9ed15550525c23d0b09bc5e1a487e637c12
kamadhenu_dataset/incoming_audio/drive/Gita Shlokas__Adhyaya 5/G.5.3.2.aac,drive/Gita Shlokas__Adhyaya 5,G.5.3.2.aac,.aac,aac (LC),aac,48000,2,32,98,62.528,1.68,-14.24,-15.86,-37.53,27.4,1.34,0.5,1.69,0.259,9,B,"[""hot_peaks""]",[],[],,770853,5f655985c03f86df8ea6b3c15da5ff553afbcc98
kamadhenu_dataset/incoming_audio/drive/Gita Shlokas__Adhyaya 5/G.5.4.1.aac,drive/Gita Shlokas__Adhyaya 5,G.5.4.1.aac,.aac,aac (LC),aac,48000,2,32,98,42.304,1.7,-13.74,-15.99,-38.6,28.8,1.26,1.09,1.26,0.218,10,B,"[""hot_peaks""]",[],[],,521529,11b9cb6d308f85cf42bc2ddf50f06e4706f86794
kamadhenu_dataset/incoming_audio/drive/Gita Shlokas__Adhyaya 5/G.5.4.2.aac,drive/Gita Shlokas__Adhyaya 5,G.5.4.2.aac,.aac,aac (LC),aac,48000,2,32,98,101.824,1.26,-15.23,-17.39,-37.57,27.1,0.39,0.02,2.63,0.294,9,B,"[""hot_peaks""]",[],[],,1255315,096394c28129e7744a26e966f40c0a3bd3e0a5ae
kamadhenu_dataset/incoming_audio/drive/Gita Shlokas__Adhyaya 5/G.5.5.1.aac,drive/Gita Shlokas__Adhyaya 5,G.5.5.1.aac,.aac,aac (LC),aac,48000,2,32,98,61.589,1.47,-14.18,-16.82,-39.74,29.7,1.03,0.38,1.03,0.234,9,B,"[""hot_peaks""]",[],[],,759281,c39c7ad7af3babb907e0cde48ce4867262f7a1ca
kamadhenu_dataset/incoming_audio/drive/Gita Shlokas__Adhyaya 5/G.5.5.2.aac,drive/Gita Shlokas__Adhyaya 5,G.5.5.2.aac,.aac,aac (LC),aac,48000,2,32,98,72.832,1.59,-15.0,-17.19,-38.64,28.0,0.52,0.56,2.45,0.245,14,B,"[""hot_peaks""]",[],[],,897882,c2c4b71339d4a41c878fa732dde78369fc6369c1
kamadhenu_dataset/incoming_audio/drive/Gita Shlokas__Adhyaya 5/G.5.6.1.aac,drive/Gita Shlokas__Adhyaya 5,G.5.6.1.aac,.aac,aac (LC),aac,48000,2,32,98,54.272,1.36,-15.17,-16.45,-36.21,25.7,1.14,1.19,1.32,0.319,2,A,[],[],[],,669072,1a805b0eeec97c13e464fabf81f701f483005685
kamadhenu_dataset/incoming_audio/drive/Gita Shlokas__Adhyaya 5/G.5.6.2.aac,drive/Gita Shlokas__Adhyaya 5,G.5.6.2.aac,.aac,aac (LC),aac,48000,2,32,98,67.285,1.45,-14.51,-15.58,-36.44,26.0,1.16,0.14,1.94,0.273,4,B,"[""hot_peaks""]",[],[],,829502,41b01bc1567a62d29ff609269696beccd168ef8a
kamadhenu_dataset/incoming_audio/drive/Gita Shlokas__Adhyaya 5/G.5.7.1.aac,drive/Gita Shlokas__Adhyaya 5,G.5.7.1.aac,.aac,aac (LC),aac,48000,2,32,98,46.741,0.92,-14.29,-15.82,-35.11,24.8,1.16,0.41,1.16,0.25,5,B,"[""hot_peaks""]",[],[],,576233,0e0ec9bca30f572f0f98cee4a5ba7ba8f2c5bbc1
kamadhenu_dataset/incoming_audio/drive/Gita Shlokas__Adhyaya 5/G.5.7.2.aac,drive/Gita Shlokas__Adhyaya 5,G.5.7.2.aac,.aac,aac (LC),aac,48000,2,32,98,61.909,1.29,-14.38,-16.01,-36.56,26.2,1.01,0.53,1.94,0.242,9,B,"[""hot_peaks""]",[],[],,763226,3e4e56594313c1babe22c5d947115571a2d0c01e
kamadhenu_dataset/incoming_audio/drive/Gita Shlokas__Adhyaya 5/G.5.8.1.aac,drive/Gita Shlokas__Adhyaya 5,G.5.8.1.aac,.aac,aac (LC),aac,48000,2,32,98,51.563,1.48,-14.89,-15.91,-34.98,24.3,0.86,1.36,1.36,0.314,2,B,"[""hot_peaks""]",[],[],,635671,0f3186e3d1ef5a63500e294b7b5123a9c1a47073
kamadhenu_dataset/incoming_audio/drive/Gita Shlokas__Adhyaya 5/G.5.8.2.aac,drive/Gita Shlokas__Adhyaya 5,G.5.8.2.aac,.aac,aac (LC),aac,48000,2,32,98,148.608,1.71,-15.45,-17.48,-38.84,27.9,0.52,0.37,4.45,0.272,37,B,"[""hot_peaks"", ""long_internal_silence""]",[],[],,1832058,db53ae3f737a2f91dbd41e666017841871d51160
kamadhenu_dataset/incoming_audio/drive/Gita Shlokas__Adhyaya 5/G.5.9.1.aac,drive/Gita Shlokas__Adhyaya 5,G.5.9.1.aac,.aac,aac (LC),aac,48000,2,32,98,55.595,1.65,-14.39,-15.73,-37.08,26.7,1.21,0.81,1.28,0.247,7,B,"[""hot_peaks""]",[],[],,685378,f98e27741eea7fcfd3550f7da5d28d6599dcde00
kamadhenu_dataset/incoming_audio/drive/Gita Shlokas__Adhyaya 5/G.5.9.2.aac,drive/Gita Shlokas__Adhyaya 5,G.5.9.2.aac,.aac,aac (LC),aac,48000,2,32,98,73.365,1.42,-14.27,-15.62,-38.73,28.1,1.11,0.49,3.55,0.222,4,B,"[""hot_peaks"", ""long_internal_silence""]",[],[],,904457,6754e1f79cb92b5c92122e65e2976520eb49bf86
kamadhenu_dataset/incoming_audio/drive/Gita Shlokas__Adhyaya 5/G.5.E.aac,drive/Gita Shlokas__Adhyaya 5,G.5.E.aac,.aac,aac (LC),aac,48000,2,32,98,34.389,0.95,-14.29,-15.4,-33.53,22.8,1.43,0.24,1.43,0.169,2,A,[],[],[],,423956,6815c292cde7062101f05331fa7ec9c20a4f6895
kamadhenu_dataset/incoming_audio/drive/Gita Shlokas__Adhyaya 6/G.6.1.1.aac,drive/Gita Shlokas__Adhyaya 6,G.6.1.1.aac,.aac,aac (LC),aac,48000,2,32,98,50.133,1.58,-13.25,-16.0,-46.12,36.6,0.94,0.0,0.94,0.153,33,B,"[""hot_peaks""]",[],[],,618094,541551d6b08b137e75ba1f272c8c17cdc79f27fd
kamadhenu_dataset/incoming_audio/drive/Gita Shlokas__Adhyaya 6/G.6.1.2.aac,drive/Gita Shlokas__Adhyaya 6,G.6.1.2.aac,.aac,aac (LC),aac,48000,2,32,98,68.565,1.48,-13.06,-15.52,-45.2,35.7,1.34,0.06,1.34,0.134,28,B,"[""hot_peaks""]",[],[],,845282,f9b2c94741f25b272cfc7675cd9b8e53aed26efb
kamadhenu_dataset/incoming_audio/drive/Gita Shlokas__Adhyaya 6/G.6.10.1.aac,drive/Gita Shlokas__Adhyaya 6,G.6.10.1.aac,.aac,aac (LC),aac,48000,2,32,98,60.715,1.28,-14.59,-18.5,-51.34,40.9,0.4,0.13,0.94,0.204,18,A,[],[],[],,748498,d2ac756313ec51ceef845a7981b7e612f7bd3249
kamadhenu_dataset/incoming_audio/drive/Gita Shlokas__Adhyaya 6/G.6.10.2.aac,drive/Gita Shlokas__Adhyaya 6,G.6.10.2.aac,.aac,aac (LC),aac,48000,2,32,98,70.613,1.29,-13.78,-17.26,-49.81,39.9,1.39,0.41,1.65,0.145,18,B,"[""hot_peaks""]",[],[],,870530,7d66a6d271af6ba2d056390a49fd86c0280da613
kamadhenu_dataset/incoming_audio/drive/Gita Shlokas__Adhyaya 6/G.6.11.1.aac,drive/Gita Shlokas__Adhyaya 6,G.6.11.1.aac,.aac,aac (LC),aac,48000,2,32,98,60.437,2.29,-12.9,-20.23,-60.99,52.9,0.46,0.0,1.56,0.172,249,B,"[""hot_peaks""]",[],[],,745079,ab99b7a13578dd24d2ec1799b3f70bbc60e10469
kamadhenu_dataset/incoming_audio/drive/Gita Shlokas__Adhyaya 6/G.6.11.2.aac,drive/Gita Shlokas__Adhyaya 6,G.6.11.2.aac,.aac,aac (LC),aac,48000,2,32,100,77.12,2.67,-13.33,-18.57,-56.08,47.4,0.87,0.0,1.8,0.185,258,B,"[""hot_peaks""]",[],[],,950798,6c4bf2107b05d03ec3eeacda23475b477e06b417
kamadhenu_dataset/incoming_audio/drive/Gita Shlokas__Adhyaya 6/G.6.12.1.aac,drive/Gita Shlokas__Adhyaya 6,G.6.12.1.aac,.aac,aac (LC),aac,48000,2,32,98,64.619,2.45,-13.24,-21.03,-56.97,48.4,0.73,0.02,0.91,0.195,240,B,"[""hot_peaks""]",[],[],,796670,49ca38c06d3ddc6ef2ddc5e9b875ddfae5065b03
kamadhenu_dataset/incoming_audio/drive/Gita Shlokas__Adhyaya 6/G.6.12.2.aac,drive/Gita Shlokas__Adhyaya 6,G.6.12.2.aac,.aac,aac (LC),aac,48000,2,32,98,93.077,2.32,-12.5,-17.16,-56.67,48.3,0.55,0.0,1.12,0.178,224,D,"[""clipping""]",[],[],,1147540,fa6e21e471801893881a7e25d4fefa12dc34f905
kamadhenu_dataset/incoming_audio/drive/Gita Shlokas__Adhyaya 6/G.6.13.1.aac,drive/Gita Shlokas__Adhyaya 6,G.6.13.1.aac,.aac,aac (LC),aac,48000,2,32,98,52.651,2.13,-13.1,-17.74,-56.1,47.3,0.18,0.02,1.25,0.189,101,B,"[""hot_peaks""]",[],[],,649085,8193b4eec77c1cbdda7d5df29075c69b5b668b8e
kamadhenu_dataset/incoming_audio/drive/Gita Shlokas__Adhyaya 6/G.6.13.2.aac,drive/Gita Shlokas__Adhyaya 6,G.6.13.2.aac,.aac,aac (LC),aac,48000,2,32,98,82.944,2.29,-13.24,-17.99,-54.6,46.0,0.46,0.01,0.88,0.184,161,B,"[""hot_peaks""]",[],[],,1022559,ba7a6e9395432557a150da6900113d6a41f19dbb
kamadhenu_dataset/incoming_audio/drive/Gita Shlokas__Adhyaya 6/G.6.14.1.aac,drive/Gita Shlokas__Adhyaya 6,G.6.14.1.aac,.aac,aac (LC),aac,48000,2,32,98,64.256,2.09,-13.75,-17.68,-48.44,39.3,0.6,0.13,1.05,0.188,142,B,"[""hot_peaks""]",[],[],,792156,369382918d8db551c84676c1ee10168a52fb1db0
kamadhenu_dataset/incoming_audio/drive/Gita Shlokas__Adhyaya 6/G.6.14.2.aac,drive/Gita Shlokas__Adhyaya 6,G.6.14.2.aac,.aac,aac (LC),aac,48000,2,32,99,77.931,2.21,-14.57,-20.01,-53.2,43.5,0.2,0.13,2.21,0.175,208,B,"[""hot_peaks""]",[],[],,960739,b0e48644af1fffdf1dc3ccbb1a417b3331a765b8
kamadhenu_dataset/incoming_audio/drive/Gita Shlokas__Adhyaya 6/G.6.15.1.aac,drive/Gita Shlokas__Adhyaya 6,G.6.15.1.aac,.aac,aac (LC),aac,48000,2,32,98,60.352,2.02,-13.98,-16.56,-48.08,38.2,0.86,0.23,1.17,0.174,70,B,"[""hot_peaks""]",[],[],,744027,f60eccc029b0a727c9952dd808bdfa0419149233
kamadhenu_dataset/incoming_audio/drive/Gita Shlokas__Adhyaya 6/G.6.15.2.aac,drive/Gita Shlokas__Adhyaya 6,G.6.15.2.aac,.aac,aac (LC),aac,48000,2,32,98,78.037,2.32,-13.87,-17.82,-50.71,41.0,0.25,0.0,1.18,0.163,138,B,"[""hot_peaks""]",[],[],,962054,8bb04595125d9ce2248aae90bf990e128a8c73fe
kamadhenu_dataset/incoming_audio/drive/Gita Shlokas__Adhyaya 6/G.6.16.1.aac,drive/Gita Shlokas__Adhyaya 6,G.6.16.1.aac,.aac,aac (LC),aac,48000,2,32,98,54.955,2.05,-13.65,-18.2,-49.56,40.4,1.09,0.47,1.09,0.159,262,B,"[""hot_peaks""]",[],[],,677488,d78028bc65c05e5109569e76c1a5321054751fd9
kamadhenu_dataset/incoming_audio/drive/Gita Shlokas__Adhyaya 6/G.6.16.2.aac,drive/Gita Shlokas__Adhyaya 6,G.6.16.2.aac,.aac,aac (LC),aac,48000,2,32,98,69.248,2.28,-13.23,-16.73,-47.46,38.8,0.73,0.7,0.83,0.156,161,B,"[""hot_peaks""]",[],[],,853698,d832853a382ab13d3c76ac3a6423acc10590286b
kamadhenu_dataset/incoming_audio/drive/Gita Shlokas__Adhyaya 6/G.6.17.1.aac,drive/Gita Shlokas__Adhyaya 6,G.6.17.1.aac,.aac,aac (LC),aac,48000,2,32,98,59.051,2.24,-13.75,-18.44,-49.4,40.5,0.43,0.58,0.81,0.181,94,B,"[""hot_peaks""]",[],[],,727984,3957fd59f12220cc0a6869dc96de4d59b22fa2ec
kamadhenu_dataset/incoming_audio/drive/Gita Shlokas__Adhyaya 6/G.6.17.2.aac,drive/Gita Shlokas__Adhyaya 6,G.6.17.2.aac,.aac,aac (LC),aac,48000,2,32,98,74.923,2.64,-13.34,-18.01,-49.03,40.4,0.75,0.84,1.05,0.19,316,B,"[""hot_peaks""]",[],[],,923656,1eaea1e13add19fa2257f261b3899a8c3097a4b3
kamadhenu_dataset/incoming_audio/drive/Gita Shlokas__Adhyaya 6/G.6.18.1.aac,drive/Gita Shlokas__Adhyaya 6,G.6.18.1.aac,.aac,aac (LC),aac,48000,2,32,98,68.352,2.19,-13.68,-18.31,-50.78,41.5,0.55,0.25,0.79,0.18,146,B,"[""hot_peaks""]",[],[],,842652,9a2c91dfde6379292eab59606fdd901faec0c553
kamadhenu_dataset/incoming_audio/drive/Gita Shlokas__Adhyaya 6/G.6.18.2.aac,drive/Gita Shlokas__Adhyaya 6,G.6.18.2.aac,.aac,aac (LC),aac,48000,2,32,98,89.088,2.19,-13.64,-19.15,-50.57,41.8,0.76,0.35,1.09,0.204,450,B,"[""hot_peaks""]",[],[],,1098288,e742d592d275085d91e85df635a16c01cf1c2855
kamadhenu_dataset/incoming_audio/drive/Gita Shlokas__Adhyaya 6/G.6.19.1.aac,drive/Gita Shlokas__Adhyaya 6,G.6.19.1.aac,.aac,aac (LC),aac,48000,2,32,98,56.256,2.1,-12.58,-16.38,-48.62,40.2,1.2,0.46,1.2,0.164,339,B,"[""hot_peaks""]",[],[],,693543,1b5876bd29da412bf39eb32057c08ae80d7dd9b1
kamadhenu_dataset/incoming_audio/drive/Gita Shlokas__Adhyaya 6/G.6.19.2.aac,drive/Gita Shlokas__Adhyaya 6,G.6.19.2.aac,.aac,aac (LC),aac,48000,2,32,98,75.221,2.18,-12.52,-16.14,-48.19,39.8,0.98,0.77,1.16,0.164,288,B,"[""hot_peaks""]",[],[],,927338,08d375103823cc7ffa0d15fa88e413c767dc0328
kamadhenu_dataset/incoming_audio/drive/Gita Shlokas__Adhyaya 6/G.6.2.1.aac,drive/Gita Shlokas__Adhyaya 6,G.6.2.1.aac,.aac,aac (LC),aac,48000,2,32,98,61.653,1.87,-14.15,-17.8,-51.14,41.0,1.27,0.31,1.27,0.157,54,B,"[""hot_peaks""]",[],[],,760070,e478014abc05c8bd957c6b323f336899cd0d7e8d
kamadhenu_dataset/incoming_audio/drive/Gita Shlokas__Adhyaya 6/G.6.2.2.aac,drive/Gita Shlokas__Adhyaya 6,G.6.2.2.aac,.aac,aac (LC),aac,48000,2,32,98,71.317,1.47,-13.57,-17.99,-51.99,43.0,0.99,0.17,0.99,0.154,54,B,"[""hot_peaks""]",[],[],,879209,f4d02d03e774dbe3fb315fa25f13d4d1cdfee892
kamadhenu_dataset/incoming_audio/drive/Gita Shlokas__Adhyaya 6/G.6.20.1.aac,drive/Gita Shlokas__Adhyaya 6,G.6.20.1.aac,.aac,aac (LC),aac,48000,2,32,98,49.557,2.45,-13.76,-17.67,-47.75,38.3,0.99,0.01,0.99,0.201,217,B,"[""hot_peaks""]",[],[],,610949,4c09410bf73124ca5f78c7832f9be0257bfd3987
kamadhenu_dataset/incoming_audio/drive/Gita Shlokas__Adhyaya 6/G.6.20.2.aac,drive/Gita Shlokas__Adhyaya 6,G.6.20.2.aac,.aac,aac (LC),aac,48000,2,32,98,86.165,2.4,-14.46,-19.83,-55.53,45.5,0.25,0.0,1.18,0.155,110,B,"[""hot_peaks""]",[],[],,1062257,a29a265e4d1007473ad9b7d84099c47adfcdc057
kamadhenu_dataset/incoming_audio/drive/Gita Shlokas__Adhyaya 6/G.6.21.1.aac,drive/Gita Shlokas__Adhyaya 6,G.6.21.1.aac,.aac,aac (LC),aac,48000,2,32,98,65.003,2.1,-13.7,-16.08,-41.16,32.4,0.99,0.66,1.18,0.329,290,B,"[""hot_peaks""]",[],[],,801361,9e5fd3d746ba4afbe185d5aa4a065b28d2c2b510
kamadhenu_dataset/incoming_audio/drive/Gita Shlokas__Adhyaya 6/G.6.21.2.aac,drive/Gita Shlokas__Adhyaya 6,G.6.21.2.aac,.aac,aac (LC),aac,48000,2,32,98,59.968,2.19,-14.35,-17.1,-41.99,33.0,1.1,0.53,1.95,0.36,138,B,"[""hot_peaks""]",[],[],,739293,7a3cad7e4e2cdef6aa9ac8aeb0821d887b476d42
kamadhenu_dataset/incoming_audio/drive/Gita Shlokas__Adhyaya 6/G.6.22.1.aac,drive/Gita Shlokas__Adhyaya 6,G.6.22.1.aac,.aac,aac (LC),aac,48000,2,32,98,59.243,1.96,-13.29,-14.55,-40.3,31.5,1.64,0.01,1.64,0.32,267,B,"[""hot_peaks""]",[],[],,730351,fff4c7f9c462bb5278c14a88f8b2bedf35c7af9d
kamadhenu_dataset/incoming_audio/drive/Gita Shlokas__Adhyaya 6/G.6.22.2.aac,drive/Gita Shlokas__Adhyaya 6,G.6.22.2.aac,.aac,aac (LC),aac,48000,2,32,98,68.181,2.28,-13.09,-14.7,-40.77,32.0,0.95,0.68,1.21,0.295,281,B,"[""hot_peaks""]",[],[],,840548,7e1522e81eba4c1c3280593467ffa31b1e36b9fa
kamadhenu_dataset/incoming_audio/drive/Gita Shlokas__Adhyaya 6/G.6.23.1.aac,drive/Gita Shlokas__Adhyaya 6,G.6.23.1.aac,.aac,aac (LC),aac,48000,2,32,98,64.085,2.14,-13.11,-14.93,-41.91,33.9,0.9,0.57,1.5,0.324,460,B,"[""hot_peaks""]",[],[],,790052,88abf891e5ba0fa2abe8ef3aee8d8fcb075aa1f6
kamadhenu_dataset/incoming_audio/drive/Gita Shlokas__Adhyaya 6/G.6.23.2.aac,drive/Gita Shlokas__Adhyaya 6,G.6.23.2.aac,.aac,aac (LC),aac,48000,2,32,98,58.091,2.54,-11.63,-12.94,-39.43,32.0,0.87,0.58,1.6,0.265,392,D,"[""clipping""]",[],[],,716149,556119178b228c4aa19cfe580fbed2c78a0b72d8
kamadhenu_dataset/incoming_audio/drive/Gita Shlokas__Adhyaya 6/G.6.24.1.aac,drive/Gita Shlokas__Adhyaya 6,G.6.24.1.aac,.aac,aac (LC),aac,48000,2,32,98,70.613,2.32,-12.81,-13.61,-38.82,30.4,1.41,0.33,1.56,0.354,391,D,"[""clipping""]",[],[],,870530,49c97aedb57fb8e211bd86dd7c95144b81cd4523
kamadhenu_dataset/incoming_audio/drive/Gita Shlokas__Adhyaya 6/G.6.24.2.aac,drive/Gita Shlokas__Adhyaya 6,G.6.24.2.aac,.aac,aac (LC),aac,48000,2,32,98,77.611,2.4,-12.4,-13.87,-36.31,27.7,1.19,0.6,1.45,0.205,167,B,"[""hot_peaks""]",[],[],,956794,7978b2e568b5ee36d7ca91bcf310a71503748df9
kamadhenu_dataset/incoming_audio/drive/Gita Shlokas__Adhyaya 6/G.6.25.1.aac,drive/Gita Shlokas__Adhyaya 6,G.6.25.1.aac,.aac,aac (LC),aac,48000,2,32,98,66.667,1.98,-12.79,-14.04,-34.39,25.8,0.43,0.7,1.06,0.286,172,B,"[""hot_peaks""]",[],[],,821875,acfc4fc9eb27b7481349772f720383393d264d32
kamadhenu_dataset/incoming_audio/drive/Gita Shlokas__Adhyaya 6/G.6.25.2.aac,drive/Gita Shlokas__Adhyaya 6,G.6.25.2.aac,.aac,aac (LC),aac,48000,2,32,98,75.051,2.29,-13.55,-15.59,-37.21,28.2,0.8,0.64,2.33,0.293,176,B,"[""hot_peaks""]",[],[],,925234,407e998b193c05b64722e5f9090a672b8cff99d7
kamadhenu_dataset/incoming_audio/drive/Gita Shlokas__Adhyaya 6/G.6.26.1.aac,drive/Gita Shlokas__Adhyaya 6,G.6.26.1.aac,.aac,aac (LC),aac,48000,2,32,98,50.517,2.22,-13.18,-15.5,-42.55,34.8,0.57,1.29,1.29,0.34,427,D,"[""clipping""]",[],[],,622784,dda59afd3ccb76bd0ef9987cc48b1c1491f11348
kamadhenu_dataset/incoming_audio/drive/Gita Shlokas__Adhyaya 6/G.6.26.2.aac,drive/Gita Shlokas__Adhyaya 6,G.6.26.2.aac,.aac,aac (LC),aac,48000,2,32,98,91.136,2.41,-12.74,-14.22,-40.71,32.5,0.96,0.36,1.48,0.312,527,B,"[""hot_peaks""]",[],[],,1123536,81f873778c63753ced4c4b18a1abf95172f3348c
kamadhenu_dataset/incoming_audio/drive/Gita Shlokas__Adhyaya 6/G.6.27.1.aac,drive/Gita Shlokas__Adhyaya 6,G.6.27.1.aac,.aac,aac (LC),aac,48000,2,32,98,65.984,2.23,-13.08,-14.82,-39.8,30.8,1.53,0.45,1.76,0.293,245,B,"[""hot_peaks""]",[],[],,813496,554f63063d1c0f35d41f84103f8d387b2a170367
kamadhenu_dataset/incoming_audio/drive/Gita Shlokas__Adhyaya 6/G.6.27.2.aac,drive/Gita Shlokas__Adhyaya 6,G.6.27.2.aac,.aac,aac (LC),aac,48000,2,32,98,68.011,2.23,-12.72,-13.75,-40.11,31.6,1.08,0.16,2.67,0.312,251,B,"[""hot_peaks""]",[],[],,838444,30f006214774e0b32e20f8db0e7e0e2be96122d6
kamadhenu_dataset/incoming_audio/drive/Gita Shlokas__Adhyaya 6/G.6.28.1.aac,drive/Gita Shlokas__Adhyaya 6,G.6.28.1.aac,.aac,aac (LC),aac,48000,2,32,98,74.304,2.16,-12.32,-13.01,-39.45,30.9,1.24,0.61,1.32,0.274,240,B,"[""hot_peaks""]",[],[],,916052,4ffea0a4272383c517cdb99ff542744c3aafa142
kamadhenu_dataset/incoming_audio/drive/Gita Shlokas__Adhyaya 6/G.6.28.2.aac,drive/Gita Shlokas__Adhyaya 6,G.6.28.2.aac,.aac,aac (LC),aac,48000,2,32,98,81.493,2.0,-13.29,-15.69,-42.08,33.3,1.2,0.0,1.27,0.293,201,B,"[""hot_peaks""]",[],[],,1004660,b16cd2283febcd46ab61387360163c7db9a6feea
kamadhenu_dataset/incoming_audio/drive/Gita Shlokas__Adhyaya 6/G.6.29.1.aac,drive/Gita Shlokas__Adhyaya 6,G.6.29.1.aac,.aac,aac (LC),aac,48000,2,32,98,55.915,2.18,-14.03,-18.39,-50.1,40.9,1.1,0.49,1.1,0.233,157,B,"[""hot_peaks""]",[],[],,689323,b1b8fd707f1f785ec47e645d7dd450ee016882ee
kamadhenu_dataset/incoming_audio/drive/Gita Shlokas__Adhyaya 6/G.6.29.2.aac,drive/Gita Shlokas__Adhyaya 6,G.6.29.2.aac,.aac,aac (LC),aac,48000,2,32,98,68.48,2.16,-12.93,-18.6,-50.02,41.8,0.71,0.01,0.95,0.194,457,D,"[""clipping""]",[],[],,844275,161e8409656f80b1624991f73fecc11164e36b46
kamadhenu_dataset/incoming_audio/drive/Gita Shlokas__Adhyaya 6/G.6.3.1.aac,drive/Gita Shlokas__Adhyaya 6,G.6.3.1.aac,.aac,aac (LC),aac,48000,2,32,98,55.253,1.52,-13.07,-16.38,-47.23,38.0,1.16,0.1,1.47,0.147,19,A,[],[],[],,681170,a77d0efc7e75868b4edbb8c673bfdc8dc514e5f2
kamadhenu_dataset/incoming_audio/drive/Gita Shlokas__Adhyaya 6/G.6.3.2.aac,drive/Gita Shlokas__Adhyaya 6,G.6.3.2.aac,.aac,aac (LC),aac,48000,2,32,98,73.365,1.33,-13.1,-16.71,-47.84,38.9,1.05,0.24,1.11,0.155,45,B,"[""hot_peaks""]",[],[],,904457,8bbe977db75a09309c5890d66b1d1d54b3d44ca9
kamadhenu_dataset/incoming_audio/drive/Gita Shlokas__Adhyaya 6/G.6.30.1.aac,drive/Gita Shlokas__Adhyaya 6,G.6.30.1.aac,.aac,aac (LC),aac,48000,2,32,98,51.904,2.14,-13.73,-20.17,-54.76,46.3,0.87,0.0,0.88,0.211,268,B,"[""hot_peaks""]",[],[],,639879,e2005ce69e099b6f662684f9463954db047ab4a2
kamadhenu_dataset/incoming_audio/drive/Gita Shlokas__Adhyaya 6/G.6.30.2.aac,drive/Gita Shlokas__Adhyaya 6,G.6.30.2.aac,.aac,aac (LC),aac,48000,2,32,98,68.117,2.2,-14.94,-20.21,-54.84,44.6,0.28,0.0,1.32,0.182,108,B,"[""hot_peaks""]",[],[],,839824,c859becac4cb61cefe8051221c0cf6b336bc2773
kamadhenu_dataset/incoming_audio/drive/Gita Shlokas__Adhyaya 6/G.6.31.1.aac,drive/Gita Shlokas__Adhyaya 6,G.6.31.1.aac,.aac,aac (LC),aac,48000,2,32,98,74.475,2.09,-14.55,-22.52,-55.48,46.2,0.71,0.06,0.92,0.236,136,B,"[""hot_peaks""]",[],[],,918145,d89fb9c614485628074b89e0898e8549f086e020
kamadhenu_dataset/incoming_audio/drive/Gita Shlokas__Adhyaya 6/G.6.31.2.aac,drive/Gita Shlokas__Adhyaya 6,G.6.31.2.aac,.aac,aac (LC),aac,48000,2,32,98,61.76,2.34,-13.47,-17.08,-47.97,38.9,0.11,0.11,1.35,0.204,140,B,"[""hot_peaks""]",[],[],,761387,a28e6b9f25d106020a3b71c48bda71e90b4bb11e
kamadhenu_dataset/incoming_audio/drive/Gita Shlokas__Adhyaya 6/G.6.32.1.aac,drive/Gita Shlokas__Adhyaya 6,G.6.32.1.aac,.aac,aac (LC),aac,48000,2,32,98,61.611,2.0,-13.46,-18.93,-53.84,45.2,0.48,0.0,1.11,0.239,197,B,"[""hot_peaks""]",[],[],,759576,8b29d1ea757f360e7f4948818bfc6f12748b5e2d
kamadhenu_dataset/incoming_audio/drive/Gita Shlokas__Adhyaya 6/G.6.32.2.aac,drive/Gita Shlokas__Adhyaya 6,G.6.32.2.aac,.aac,aac (LC),aac,48000,2,32,98,57.493,2.05,-13.06,-17.72,-53.26,44.7,0.31,0.0,1.34,0.194,206,B,"[""hot_peaks""]",[],[],,708898,e9bb5281731f16716cf32531e7749023b9891353
kamadhenu_dataset/incoming_audio/drive/Gita Shlokas__Adhyaya 6/G.6.33.1.aac,drive/Gita Shlokas__Adhyaya 6,G.6.33.1.aac,.aac,aac (LC),aac,48000,2,32,98,71.189,2.02,-12.91,-18.61,-52.37,44.4,1.05,0.0,1.05,0.201,535,B,"[""hot_peaks""]",[],[],,877682,6e6d1e849e6826586c342f3ebcda6c246290fb49
kamadhenu_dataset/incoming_audio/drive/Gita Shlokas__Adhyaya 6/G.6.33.2.aac,drive/Gita Shlokas__Adhyaya 6,G.6.33.2.aac,.aac,aac (LC),aac,48000,2,32,98,81.92,2.38,-14.85,-20.34,-52.97,43.2,0.65,0.0,2.7,0.219,80,B,"[""hot_peaks""]",[],[],,1009926,b20d3d94db604074b9b39fd404f5754bfeed0e98
kamadhenu_dataset/incoming_audio/drive/Gita Shlokas__Adhyaya 6/G.6.34.1.aac,drive/Gita Shlokas__Adhyaya 6,G.6.34.1.aac,.aac,aac (LC),aac,48000,2,32,98,56.363,2.12,-14.71,-21.75,-55.92,46.3,0.19,0.0,1.11,0.241,65,B,"[""hot_peaks""]",[],[],,694867,f526a98a9e2011cad09cbc85020c2076335aa670
kamadhenu_dataset/incoming_audio/drive/Gita Shlokas__Adhyaya 6/G.6.34.2.aac,drive/Gita Shlokas__Adhyaya 6,G.6.34.2.aac,.aac,aac (LC),aac,48000,2,32,98,79.04,2.14,-14.13,-19.16,-54.03,44.6,1.2,0.17,1.5,0.197,160,B,"[""hot_peaks""]",[],[],,974441,0e2979c3117d086144e958a587df57b25cdf0c0d
kamadhenu_dataset/incoming_audio/drive/Gita Shlokas__Adhyaya 6/G.6.35.1.aac,drive/Gita Shlokas__Adhyaya 6,G.6.35.1.aac,.aac,aac (LC),aac,48000,2,32,99,56.213,1.94,-14.7,-19.36,-54.11,44.3,0.7,0.08,0.88,0.213,65,B,"[""hot_peaks""]",[],[],,693005,15eee89cd407930e1b5a715d724db0be92e84325
kamadhenu_dataset/incoming_audio/drive/Gita Shlokas__Adhyaya 6/G.6.35.2.aac,drive/Gita Shlokas__Adhyaya 6,G.6.35.2.aac,.aac,aac (LC),aac,48000,2,32,99,67.755,2.22,-14.48,-19.65,-54.58,44.6,0.76,0.03,1.39,0.174,29,B,"[""hot_peaks""]",[],[],,835288,fd33da8eda8b7ac913bc05437bac54e08d692a16
kamadhenu_dataset/incoming_audio/drive/Gita Shlokas__Adhyaya 6/G.6.36.1.aac,drive/Gita Shlokas__Adhyaya 6,G.6.36.1.aac,.aac,aac (LC),aac,48000,2,32,99,51.733,1.93,-14.61,-21.69,-55.91,46.3,0.21,0.0,1.17,0.203,104,B,"[""hot_peaks""]",[],[],,637775,5e048ccc9bf411905c9297d66219089605248446
kamadhenu_dataset/incoming_audio/drive/Gita Shlokas__Adhyaya 6/G.6.36.2.aac,drive/Gita Shlokas__Adhyaya 6,G.6.36.2.aac,.aac,aac (LC),aac,48000,2,32,98,72.043,2.15,-13.28,-19.6,-50.67,42.3,0.31,0.43,1.78,0.207,417,B,"[""hot_peaks""]",[],[],,888151,763c2f2449f1285193d0c0c42702c7ebd010fc1d
kamadhenu_dataset/incoming_audio/drive/Gita Shlokas__Adhyaya 6/G.6.37.1.aac,drive/Gita Shlokas__Adhyaya 6,G.6.37.1.aac,.aac,aac (LC),aac,48000,2,32,98,63.403,2.21,-14.12,-21.97,-57.26,48.0,0.32,0.01,1.13,0.214,96,B,"[""hot_peaks""]",[],[],,781638,361685d4fcdf17bf2a3c4ce33880f0058ac9a7c2
kamadhenu_dataset/incoming_audio/drive/Gita Shlokas__Adhyaya 6/G.6.37.2.aac,drive/Gita Shlokas__Adhyaya 6,G.6.37.2.aac,.aac,aac (LC),aac,48000,2,32,98,65.92,2.25,-14.72,-22.35,-61.92,52.5,0.31,0.0,0.85,0.197,109,B,"[""hot_peaks""]",[],[],,812670,967c855218b9ea1abdd44ad35ddc419ce702fc2c
kamadhenu_dataset/incoming_audio/drive/Gita Shlokas__Adhyaya 6/G.6.38.1.aac,drive/Gita Shlokas__Adhyaya 6,G.6.38.1.aac,.aac,aac (LC),aac,48000,2,32,99,61.824,1.83,-15.48,-21.2,-51.97,41.6,0.6,0.26,1.23,0.255,38,B,"[""hot_peaks""]",[],[],,762225,0c4e66b46670dfcfa142deb0d7f501992a2c93eb
kamadhenu_dataset/incoming_audio/drive/Gita Shlokas__Adhyaya 6/G.6.38.2.aac,drive/Gita Shlokas__Adhyaya 6,G.6.38.2.aac,.aac,aac (LC),aac,48000,2,32,98,72.192,2.17,-14.56,-23.28,-56.91,47.6,0.27,0.0,0.86,0.188,182,B,"[""hot_peaks""]",[],[],,889994,a8435083a49865105ef845689d7a9e57b819d2d5
kamadhenu_dataset/incoming_audio/drive/Gita Shlokas__Adhyaya 6/G.6.39.1.aac,drive/Gita Shlokas__Adhyaya 6,G.6.39.1.aac,.aac,aac (LC),aac,48000,2,32,99,57.963,2.11,-14.85,-20.11,-50.76,40.9,0.96,0.0,1.02,0.231,52,B,"[""hot_peaks""]",[],[],,714624,e1bbd132a80ba9d0d65c1165b6006b2602a196e1
kamadhenu_dataset/incoming_audio/drive/Gita Shlokas__Adhyaya 6/G.6.39.2.aac,drive/Gita Shlokas__Adhyaya 6,G.6.39.2.aac,.aac,aac (LC),aac,48000,2,32,99,89.387,2.58,-15.06,-20.48,-51.62,41.8,0.5,0.04,1.51,0.263,74,B,"[""hot_peaks""]",[],[],,1102001,b606efbcdca11cd222c069166005f1531ba5a5f5
kamadhenu_dataset/incoming_audio/drive/Gita Shlokas__Adhyaya 6/G.6.4.1.aac,drive/Gita Shlokas__Adhyaya 6,G.6.4.1.aac,.aac,aac (LC),aac,48000,2,32,98,69.013,0.96,-14.24,-17.99,-49.84,39.8,0.81,0.03,1.07,0.161,29,A,[],[],[],,850805,fd74b526c61b7dffb6d6f412159db215c5794753
kamadhenu_dataset/incoming_audio/drive/Gita Shlokas__Adhyaya 6/G.6.4.2.aac,drive/Gita Shlokas__Adhyaya 6,G.6.4.2.aac,.aac,aac (LC),aac,48000,2,32,98,72.32,1.85,-12.95,-16.0,-48.68,39.5,0.95,0.0,1.56,0.138,33,B,"[""hot_peaks""]",[],[],,891571,e50a68ffed5d1666afd855e9634e4febe2c6aaf4
kamadhenu_dataset/incoming_audio/drive/Gita Shlokas__Adhyaya 6/G.6.40.1.aac,drive/Gita Shlokas__Adhyaya 6,G.6.40.1.aac,.aac,aac (LC),aac,48000,2,32,98,66.197,2.25,-14.69,-20.97,-54.82,45.1,0.21,0.06,0.66,0.236,34,B,"[""hot_peaks""]",[],[],,816089,266d6facb3744595c39e826faeef5a7e1f014793
kamadhenu_dataset/incoming_audio/drive/Gita Shlokas__Adhyaya 6/G.6.40.2.aac,drive/Gita Shlokas__Adhyaya 6,G.6.40.2.aac,.aac,aac (LC),aac,48000,2,32,98,79.829,2.58,-14.69,-21.34,-51.3,41.5,0.93,0.0,2.32,0.215,80,B,"[""hot_peaks""]",[],[],,984258,ee07cb202eeaad324f7ec3a70388c4c8867dd5af
kamadhenu_dataset/incoming_audio/drive/Gita Shlokas__Adhyaya 6/G.6.41.1.aac,drive/Gita Shlokas__Adhyaya 6,G.6.41.1.aac,.aac,aac (LC),aac,48000,2,32,98,60.992,2.54,-12.55,-17.17,-53.48,45.1,0.57,0.04,1.06,0.259,198,B,"[""hot_peaks""]",[],[],,751917,c7e5d549c7b8ec2edcfc01a49097ea889e719b93
kamadhenu_dataset/incoming_audio/drive/Gita Shlokas__Adhyaya 6/G.6.41.2.aac,drive/Gita Shlokas__Adhyaya 6,G.6.41.2.aac,.aac,aac (LC),aac,48000,2,32,98,81.621,2.76,-12.07,-15.16,-49.92,41.7,0.16,0.04,1.42,0.239,313,D,"[""clipping""]",[],[],,1006238,70124acdc5441129916ad4dd42e35601a035d5d5
kamadhenu_dataset/incoming_audio/drive/Gita Shlokas__Adhyaya 6/G.6.42.1.aac,drive/Gita Shlokas__Adhyaya 6,G.6.42.1.aac,.aac,aac (LC),aac,48000,2,32,98,43.819,2.4,-12.07,-15.31,-50.84,42.6,1.05,0.38,1.05,0.222,184,B,"[""hot_peaks""]",[],[],,540202,be3ebe3370620c7a33467447bf19eeac0a7654ac
kamadhenu_dataset/incoming_audio/drive/Gita Shlokas__Adhyaya 6/G.6.42.2.aac,drive/Gita Shlokas__Adhyaya 6,G.6.42.2.aac,.aac,aac (LC),aac,48000,2,32,99,63.232,2.41,-11.96,-15.63,-50.81,43.0,0.86,0.47,0.86,0.196,284,D,"[""clipping""]",[],[],,779532,e76d38e915ef937a061c01f779e93df1072cde04
kamadhenu_dataset/incoming_audio/drive/Gita Shlokas__Adhyaya 6/G.6.43.1.aac,drive/Gita Shlokas__Adhyaya 6,G.6.43.1.aac,.aac,aac (LC),aac,48000,2,32,98,100.309,2.61,-12.83,-18.91,-52.78,44.7,1.16,0.02,1.34,0.213,393,B,"[""hot_peaks""]",[],[],,1236639,d2e38ee900d70bf458f55d2123bb8dd82aa7b09c
kamadhenu_dataset/incoming_audio/drive/Gita Shlokas__Adhyaya 6/G.6.43.2.aac,drive/Gita Shlokas__Adhyaya 6,G.6.43.2.aac,.aac,aac (LC),aac,48000,2,32,98,57.6,1.94,-12.23,-16.73,-50.99,42.8,0.89,0.05,1.65,0.215,308,B,"[""hot_peaks""]",[],[],,710100,f47a2c2064f9bc5026a0ab8ff51acf46b90c4bee
kamadhenu_dataset/incoming_audio/drive/Gita Shlokas__Adhyaya 6/G.6.44.aac,drive/Gita Shlokas__Adhyaya 6,G.6.44.aac,.aac,aac (LC),aac,48000,2,32,98,67.605,2.25,-12.5,-15.8,-41.24,33.2,0.41,0.83,1.18,0.177,185,B,"[""hot_peaks""]",[],[],,833447,7a1233c90485968c522d1f21a7442e86bfacc26e
kamadhenu_dataset/incoming_audio/drive/Gita Shlokas__Adhyaya 6/G.6.45.1.aac,drive/Gita Shlokas__Adhyaya 6,G.6.45.1.aac,.aac,aac (LC),aac,48000,2,32,98,52.224,2.46,-12.3,-16.83,-49.78,42.0,0.5,0.75,1.74,0.253,232,D,"[""clipping""]",[],[],,643834,a11b373ec308f45a21bbadb2952c6cf2ef5f354d
kamadhenu_dataset/incoming_audio/drive/Gita Shlokas__Adhyaya 6/G.6.45.2.aac,drive/Gita Shlokas__Adhyaya 6,G.6.45.2.aac,.aac,aac (LC),aac,48000,2,32,99,54.635,2.23,-12.72,-16.24,-51.52,43.0,0.9,0.03,1.33,0.208,131,B,"[""hot_peaks""]",[],[],,673543,9e910e494528d54e504948ad4cec38eb8732ad0c
kamadhenu_dataset/incoming_audio/drive/Gita Shlokas__Adhyaya 6/G.6.46.1.aac,drive/Gita Shlokas__Adhyaya 6,G.6.46.1.aac,.aac,aac (LC),aac,48000,2,32,98,57.067,2.18,-12.14,-16.15,-48.6,41.0,0.72,0.0,1.14,0.228,503,D,"[""clipping""]",[],[],,703525,67ab87f57c3ee8be6f80560b32722684eecea2f6
kamadhenu_dataset/incoming_audio/drive/Gita Shlokas__Adhyaya 6/G.6.46.2.aac,drive/Gita Shlokas__Adhyaya 6,G.6.46.2.aac,.aac,aac (LC),aac,48000,2,32,98,64.0,2.39,-12.22,-16.07,-51.87,43.8,0.33,0.5,1.44,0.194,333,D,"[""clipping""]",[],[],,789000,8ce3dff242c75f50ec3d6555dc6dd2858a6616ef
kamadhenu_dataset/incoming_audio/drive/Gita Shlokas__Adhyaya 6/G.6.47.1.aac,drive/Gita Shlokas__Adhyaya 6,G.6.47.1.aac,.aac,aac (LC),aac,48000,2,32,98,53.739,2.37,-12.17,-17.48,-57.41,49.1,0.27,0.03,1.65,0.172,126,D,"[""clipping""]",[],[],,662497,989c381dda56f1e1f18b5a2b0a76b4d89b12b3bb
kamadhenu_dataset/incoming_audio/drive/Gita Shlokas__Adhyaya 6/G.6.47.2.aac,drive/Gita Shlokas__Adhyaya 6,G.6.47.2.aac,.aac,aac (LC),aac,48000,2,32,98,67.221,2.44,-12.52,-15.69,-47.22,38.6,0.27,0.55,0.99,0.182,185,D,"[""clipping""]",[],[],,828738,95c1b0a55450c5684886ca4e43944309b6496527
kamadhenu_dataset/incoming_audio/drive/Gita Shlokas__Adhyaya 6/G.6.5.1.aac,drive/Gita Shlokas__Adhyaya 6,G.6.5.1.aac,.aac,aac (LC),aac,48000,2,32,98,66.389,1.6,-13.85,-16.78,-49.05,38.7,0.36,0.29,1.02,0.148,20,A,[],[],[],,818456,0d61e9f666751be47146a1ca0382f7a932528228
kamadhenu_dataset/incoming_audio/drive/Gita Shlokas__Adhyaya 6/G.6.5.2.aac,drive/Gita Shlokas__Adhyaya 6,G.6.5.2.aac,.aac,aac (LC),aac,48000,2,32,98,81.195,1.34,-13.46,-16.78,-50.46,40.7,1.12,0.23,1.15,0.15,25,A,[],[],[],,1000978,4927272bbe415b4a884cec1a0961d8e1242fbe44
kamadhenu_dataset/incoming_audio/drive/Gita Shlokas__Adhyaya 6/G.6.6.1.aac,drive/Gita Shlokas__Adhyaya 6,G.6.6.1.aac,.aac,aac (LC),aac,48000,2,32,98,65.195,1.69,-13.6,-17.13,-49.13,39.3,0.62,0.29,0.98,0.159,38,B,"[""hot_peaks""]",[],[],,803728,670c98cf91193e7e8af722f62f9d97cb8a1cb593
kamadhenu_dataset/incoming_audio/drive/Gita Shlokas__Adhyaya 6/G.6.6.2.aac,drive/Gita Shlokas__Adhyaya 6,G.6.6.2.aac,.aac,aac (LC),aac,48000,2,32,98,78.464,1.59,-13.63,-18.13,-48.05,38.6,1.04,0.23,1.11,0.136,47,B,"[""hot_peaks""]",[],[],,967314,8562bc0effde99f08a06c850aea7ec299e4f9f04
kamadhenu_dataset/incoming_audio/drive/Gita Shlokas__Adhyaya 6/G.6.7.1.aac,drive/Gita Shlokas__Adhyaya 6,G.6.7.1.aac,.aac,aac (LC),aac,48000,2,32,98,54.08,1.36,-14.27,-17.79,-49.26,38.7,1.26,0.16,1.26,0.152,27,B,"[""hot_peaks""]",[],[],,666705,f8fc3649a7a4022812a44976646f6880442798ca
kamadhenu_dataset/incoming_audio/drive/Gita Shlokas__Adhyaya 6/G.6.7.2.aac,drive/Gita Shlokas__Adhyaya 6,G.6.7.2.aac,.aac,aac (LC),aac,48000,2,32,98,82.88,1.66,-13.42,-16.92,-48.34,38.9,1.32,0.07,1.74,0.151,45,B,"[""hot_peaks""]",[],[],,1021755,791a438bb051a7e101962193c4f5e9463ccc1bf8
kamadhenu_dataset/incoming_audio/drive/Gita Shlokas__Adhyaya 6/G.6.8.1.aac,drive/Gita Shlokas__Adhyaya 6,G.6.8.1.aac,.aac,aac (LC),aac,48000,2,32,98,63.552,1.39,-14.46,-18.91,-50.3,40.0,1.17,0.1,1.17,0.172,23,A,[],[],[],,783477,7c6e77c265bb40a0f3caed475504eee34dc0aeec
kamadhenu_dataset/incoming_audio/drive/Gita Shlokas__Adhyaya 6/G.6.8.2.aac,drive/Gita Shlokas__Adhyaya 6,G.6.8.2.aac,.aac,aac (LC),aac,48000,2,32,98,91.819,1.89,-14.63,-19.45,-52.19,42.0,1.12,0.22,1.42,0.179,37,B,"[""hot_peaks""]",[],[],,1131952,58260c7570759f49e868b62ca341af62020648dd
kamadhenu_dataset/incoming_audio/drive/Gita Shlokas__Adhyaya 6/G.6.9.1.aac,drive/Gita Shlokas__Adhyaya 6,G.6.9.1.aac,.aac,aac (LC),aac,48000,2,32,98,76.821,1.08,-13.98,-18.2,-49.53,39.9,0.92,0.17,1.32,0.161,55,B,"[""hot_peaks""]",[],[],,947063,ac94319e145d1e365e87cae3336fc3c8995482da
kamadhenu_dataset/incoming_audio/drive/Gita Shlokas__Adhyaya 6/G.6.9.2.aac,drive/Gita Shlokas__Adhyaya 6,G.6.9.2.aac,.aac,aac (LC),aac,48000,2,32,98,72.043,1.42,-13.95,-17.89,-50.36,40.6,0.63,0.29,1.57,0.159,51,B,"[""hot_peaks""]",[],[],,888151,aeb86ae885ab3c6228731f76cb80b5a44293896a
kamadhenu_dataset/incoming_audio/drive/Gita Shlokas__Adhyaya 6/G.6.E.aac,drive/Gita Shlokas__Adhyaya 6,G.6.E.aac,.aac,aac (LC),aac,48000,2,32,98,57.643,2.41,-11.59,-15.66,-47.24,39.9,0.17,0.37,0.95,0.154,618,D,"[""clipping""]",[],[],,710626,e415154b1500bebfef68292264c42d24bd10d092
kamadhenu_dataset/incoming_audio/drive/Gita Shlokas__Adhyaya 7/G.7.1.aac,drive/Gita Shlokas__Adhyaya 7,G.7.1.aac,.aac,aac (LC),aac,48000,2,32,100,133.739,2.47,-15.59,-20.11,-52.78,42.1,0.24,0.0,1.88,0.202,42,B,"[""hot_peaks""]",[],[],,1648747,bf2012b013007b1be46db9dc1f075b7c2c944106
kamadhenu_dataset/incoming_audio/drive/Gita Shlokas__Adhyaya 7/G.7.10.aac,drive/Gita Shlokas__Adhyaya 7,G.7.10.aac,.aac,aac (LC),aac,48000,2,32,98,117.995,2.4,-15.07,-19.58,-53.43,42.8,0.59,0.0,1.1,0.199,155,B,"[""hot_peaks""]",[],[],,1454675,ebe113c1dcb8d067f5aad36580b58c644cae66a2
kamadhenu_dataset/incoming_audio/drive/Gita Shlokas__Adhyaya 7/G.7.11.aac,drive/Gita Shlokas__Adhyaya 7,G.7.11.aac,.aac,aac (LC),aac,48000,2,32,100,111.915,2.61,-14.22,-19.32,-54.41,44.7,0.97,0.05,1.23,0.201,298,B,"[""hot_peaks""]",[],[],,1379718,3c69bac698ad043994f8e3d58ed963f2324826b6
kamadhenu_dataset/incoming_audio/drive/Gita Shlokas__Adhyaya 7/G.7.12.aac,drive/Gita Shlokas__Adhyaya 7,G.7.12.aac,.aac,aac (LC),aac,48000,2,32,98,131.925,2.32,-14.17,-19.44,-50.45,41.0,0.77,0.0,1.01,0.214,296,B,"[""hot_peaks""]",[],[],,1626435,fbae109b6f804568c9fd44f10187f2d8204d9ada
kamadhenu_dataset/incoming_audio/drive/Gita Shlokas__Adhyaya 7/G.7.13.aac,drive/Gita Shlokas__Adhyaya 7,G.7.13.aac,.aac,aac (LC),aac,48000,2,32,99,104.96,2.09,-17.29,-21.46,-54.02,41.0,1.02,0.02,1.5,0.193,5,A,[],[],[],,1293960,900a2e8d0a51577ba8b3390b3c7a2bb81c2d34d3
kamadhenu_dataset/incoming_audio/drive/Gita Shlokas__Adhyaya 7/G.7.14.aac,drive/Gita Shlokas__Adhyaya 7,G.7.14.aac,.aac,aac (LC),aac,48000,2,32,98,115.52,2.2,-16.5,-20.39,-51.98,39.7,0.27,0.0,1.32,0.206,15,A,[],[],[],,1424202,da7698c085e3874734349b874a4bbe6b87b14383
kamadhenu_dataset/incoming_audio/drive/Gita Shlokas__Adhyaya 7/G.7.15.aac,drive/Gita Shlokas__Adhyaya 7,G.7.15.aac,.aac,aac (LC),aac,48000,2,32,100,132.267,2.34,-15.95,-19.59,-47.93,36.6,0.47,1.05,1.91,0.244,109,B,"[""hot_peaks""]",[],[],,1630622,a6d0066e1b5e1d4514b50784d563c233a07f5d10
kamadhenu_dataset/incoming_audio/drive/Gita Shlokas__Adhyaya 7/G.7.16.aac,drive/Gita Shlokas__Adhyaya 7,G.7.16.aac,.aac,aac (LC),aac,48000,2,32,98,141.099,1.94,-16.47,-21.82,-55.74,43.8,1.26,0.01,1.26,0.223,36,A,[],[],[],,1739482,50ecd4fa454c7db4a7f4d871d7936c5fff446406
kamadhenu_dataset/incoming_audio/drive/Gita Shlokas__Adhyaya 7/G.7.17.aac,drive/Gita Shlokas__Adhyaya 7,G.7.17.aac,.aac,aac (LC),aac,48000,2,32,98,144.917,2.21,-15.97,-22.24,-58.65,47.4,0.14,0.01,1.06,0.218,22,B,"[""hot_peaks""]",[],[],,1786559,110549c232ea14e3490271ac3961dff804553ea2
kamadhenu_dataset/incoming_audio/drive/Gita Shlokas__Adhyaya 7/G.7.18.aac,drive/Gita Shlokas__Adhyaya 7,G.7.18.aac,.aac,aac (LC),aac,48000,2,32,98,126.848,2.26,-14.18,-19.77,-55.0,45.4,0.6,0.0,1.66,0.191,181,B,"[""hot_peaks""]",[],[],,1563804,3e8f5a0b696045b86d9c84f1fffaa8eb3fdf093e
kamadhenu_dataset/incoming_audio/drive/Gita Shlokas__Adhyaya 7/G.7.19.aac,drive/Gita Shlokas__Adhyaya 7,G.7.19.aac,.aac,aac (LC),aac,48000,2,32,98,102.805,2.19,-14.37,-18.29,-52.68,42.6,0.51,0.81,1.51,0.202,65,B,"[""hot_peaks""]",[],[],,1267397,cdf7e5ffa1dd486b145bb2786a38db03084185ee
kamadhenu_dataset/incoming_audio/drive/Gita Shlokas__Adhyaya 7/G.7.2.aac,drive/Gita Shlokas__Adhyaya 7,G.7.2.aac,.aac,aac (LC),aac,48000,2,32,98,132.48,2.35,-15.22,-19.44,-52.97,42.3,0.22,0.0,1.39,0.201,34,B,"[""hot_peaks""]",[],[],,1633250,5717ddc9e645519b410f133f87ab2f60cdad67cb
kamadhenu_dataset/incoming_audio/drive/Gita Shlokas__Adhyaya 7/G.7.20.aac,drive/Gita Shlokas__Adhyaya 7,G.7.20.aac,.aac,aac (LC),aac,48000,2,32,98,124.523,2.09,-14.79,-19.21,-51.75,41.4,0.83,0.62,2.45,0.208,88,B,"[""hot_peaks""]",[],[],,1535131,f550fb4dacd201f98fa80d8828504a705b15e4d5
kamadhenu_dataset/incoming_audio/drive/Gita Shlokas__Adhyaya 7/G.7.21.aac,drive/Gita Shlokas__Adhyaya 7,G.7.21.aac,.aac,aac (LC),aac,48000,2,32,98,120.043,1.97,-16.16,-21.09,-54.54,43.0,1.6,0.0,1.6,0.199,14,A,[],[],[],,1479901,35e33c6990feedbb3032e6bb7c345bb6b7a2e253
kamadhenu_dataset/incoming_audio/drive/Gita Shlokas__Adhyaya 7/G.7.22.aac,drive/Gita Shlokas__Adhyaya 7,G.7.22.aac,.aac,aac (LC),aac,48000,2,32,98,111.744,2.21,-15.77,-20.43,-51.07,40.1,1.25,0.67,2.32,0.222,67,B,"[""hot_peaks""]",[],[],,1377594,25fdd2eff30e4840685985f12d5c2c2d6ca46baf
kamadhenu_dataset/incoming_audio/drive/Gita Shlokas__Adhyaya 7/G.7.23.aac,drive/Gita Shlokas__Adhyaya 7,G.7.23.aac,.aac,aac (LC),aac,48000,2,32,98,130.624,2.31,-15.32,-20.88,-53.69,42.9,1.03,0.0,2.32,0.181,92,B,"[""hot_peaks""]",[],[],,1610349,fb6f633b335685177b96bb6aa77902b39f01c6e2
kamadhenu_dataset/incoming_audio/drive/Gita Shlokas__Adhyaya 7/G.7.24.aac,drive/Gita Shlokas__Adhyaya 7,G.7.24.aac,.aac,aac (LC),aac,48000,2,32,98,133.312,2.38,-15.55,-19.19,-48.23,37.0,0.28,0.72,3.02,0.191,62,B,"[""hot_peaks"", ""long_internal_silence""]",[],[],,1643503,1350165d4d011beb0b3b436b3297f65f00e00694
kamadhenu_dataset/incoming_audio/drive/Gita Shlokas__Adhyaya 7/G.7.25.aac,drive/Gita Shlokas__Adhyaya 7,G.7.25.aac,.aac,aac (LC),aac,48000,2,32,98,127.851,1.99,-15.58,-19.55,-54.4,43.1,0.98,0.37,2.95,0.178,60,B,"[""hot_peaks""]",[],[],,1576159,0fd9ab8b7e4df8f287e0cf60dc8e7ef82f63e933
kamadhenu_dataset/incoming_audio/drive/Gita Shlokas__Adhyaya 7/G.7.26.aac,drive/Gita Shlokas__Adhyaya 7,G.7.26.aac,.aac,aac (LC),aac,48000,2,32,98,111.893,2.16,-16.13,-19.72,-51.2,39.3,0.42,0.34,1.63,0.194,30,B,"[""hot_peaks""]",[],[],,1379435,31babd52e8b3231ab1f364b814ad74aa393e0f94
kamadhenu_dataset/incoming_audio/drive/Gita Shlokas__Adhyaya 7/G.7.27.aac,drive/Gita Shlokas__Adhyaya 7,G.7.27.aac,.aac,aac (LC),aac,48000,2,32,98,115.029,2.13,-16.36,-20.89,-51.78,40.0,0.83,0.08,1.65,0.194,32,A,[],[],[],,1418096,f0924aa65a15ec081a65fda475077f847c7eaae9
kamadhenu_dataset/incoming_audio/drive/Gita Shlokas__Adhyaya 7/G.7.28.aac,drive/Gita Shlokas__Adhyaya 7,G.7.28.aac,.aac,aac (LC),aac,48000,2,32,98,124.928,2.18,-13.85,-16.23,-43.21,33.6,1.2,0.59,2.45,0.214,214,B,"[""hot_peaks""]",[],[],,1540128,ee1120112f11d3cdd16ee6fa936392e051d9d922
kamadhenu_dataset/incoming_audio/drive/Gita Shlokas__Adhyaya 7/G.7.29.aac,drive/Gita Shlokas__Adhyaya 7,G.7.29.aac,.aac,aac (LC),aac,48000,2,32,101,115.52,2.19,-14.8,-17.75,-44.59,34.4,0.9,0.59,2.18,0.222,144,B,"[""hot_peaks""]",[],[],,1424145,3a41914e920e55e95ab8b0b0e0513d8f3701e19b
kamadhenu_dataset/incoming_audio/drive/Gita Shlokas__Adhyaya 7/G.7.3.aac,drive/Gita Shlokas__Adhyaya 7,G.7.3.aac,.aac,aac (LC),aac,48000,2,32,100,123.243,2.31,-13.23,-18.44,-51.01,42.4,0.84,0.0,1.19,0.166,312,B,"[""hot_peaks""]",[],[],,1519351,ab9c3927b2ab58a216d2eee6d55e3fa71e9cdd9c
kamadhenu_dataset/incoming_audio/drive/Gita Shlokas__Adhyaya 7/G.7.30.aac,drive/Gita Shlokas__Adhyaya 7,G.7.30.aac,.aac,aac (LC),aac,48000,2,32,98,125.035,2.25,-14.89,-17.45,-44.24,33.7,1.27,0.73,2.84,0.211,87,B,"[""hot_peaks""]",[],[],,1541470,4c5eca71b2febe22df005c28e0f51de453dfb569
kamadhenu_dataset/incoming_audio/drive/Gita Shlokas__Adhyaya 7/G.7.4.aac,drive/Gita Shlokas__Adhyaya 7,G.7.4.aac,.aac,aac (LC),aac,48000,2,32,98,126.293,2.19,-13.06,-17.71,-49.1,40.6,0.35,0.01,1.79,0.205,512,B,"[""hot_peaks""]",[],[],,1556960,eaaf5d51b83c18f7b37926bdca00a4c1b8edd0ec
kamadhenu_dataset/incoming_audio/drive/Gita Shlokas__Adhyaya 7/G.7.5.aac,drive/Gita Shlokas__Adhyaya 7,G.7.5.aac,.aac,aac (LC),aac,48000,2,32,98,121.92,2.25,-13.42,-19.57,-58.07,49.4,0.22,0.0,1.15,0.184,235,B,"[""hot_peaks""]",[],[],,1503045,f72815d9baeb28c041d4d4cb7d5a2cc00bfb2f24
kamadhenu_dataset/incoming_audio/drive/Gita Shlokas__Adhyaya 7/G.7.6.aac,drive/Gita Shlokas__Adhyaya 7,G.7.6.aac,.aac,aac (LC),aac,48000,2,32,98,127.808,2.6,-13.61,-19.82,-53.11,44.5,1.09,0.0,1.26,0.201,473,B,"[""hot_peaks""]",[],[],,1575634,2db67ea8961fda3478f6ad6233c0a3fb2e223e9b
kamadhenu_dataset/incoming_audio/drive/Gita Shlokas__Adhyaya 7/G.7.7.aac,drive/Gita Shlokas__Adhyaya 7,G.7.7.aac,.aac,aac (LC),aac,48000,2,32,100,117.461,2.18,-13.65,-19.03,-52.18,43.4,0.89,0.32,1.8,0.209,343,B,"[""hot_peaks""]",[],[],,1448084,8ad52c56b2427ab7e18c6d766d15e98de2c1c6f6
kamadhenu_dataset/incoming_audio/drive/Gita Shlokas__Adhyaya 7/G.7.8.aac,drive/Gita Shlokas__Adhyaya 7,G.7.8.aac,.aac,aac (LC),aac,48000,2,32,98,137.963,2.04,-13.22,-19.7,-55.13,46.8,0.96,0.0,1.45,0.209,624,B,"[""hot_peaks""]",[],[],,1700849,acccac87bf47e4cce8b419c12b65c68d3f082382
kamadhenu_dataset/incoming_audio/drive/Gita Shlokas__Adhyaya 7/G.7.9.aac,drive/Gita Shlokas__Adhyaya 7,G.7.9.aac,.aac,aac (LC),aac,48000,2,32,99,114.987,2.1,-14.91,-19.36,-50.43,40.1,0.76,0.42,0.91,0.216,278,B,"[""hot_peaks""]",[],[],,1417570,465dffc2718d770f2abec903f0836ebce6c714b2
kamadhenu_dataset/incoming_audio/drive/Gita Shlokas__Adhyaya 7/G.7.E.aac,drive/Gita Shlokas__Adhyaya 7,G.7.E.aac,.aac,aac (LC),aac,48000,2,32,99,45.696,2.33,-14.38,-16.37,-39.04,28.8,0.92,0.47,0.92,0.2,43,B,"[""hot_peaks""]",[],[],,563434,badc7c96ade0e2787d88952850dbce43a9b79566
kamadhenu_dataset/incoming_audio/drive/Vayu Stuti/vs.ns.1.1.mp3,drive/Vayu Stuti,vs.ns.1.1.mp3,.mp3,mp3 (mp3float),mp3,44100,2,32,128,69.016,0.8,-13.71,-15.73,-45.01,35.4,2.15,0.13,2.15,0.25,3,B,"[""long_leading_silence""]",[],[],,1104247,14b20ff94903de4da22d82103f4870be0c291f9a
kamadhenu_dataset/incoming_audio/drive/Vayu Stuti/vs.ns.1.2.mp3,drive/Vayu Stuti,vs.ns.1.2.mp3,.mp3,mp3 (mp3float),mp3,44100,2,32,128,70.296,0.9,-13.29,-15.78,-45.62,36.3,1.62,0.07,1.83,0.27,12,B,"[""hot_peaks""]",[],[],,1124727,d0203c42303ce77f94ba068e47180ed49d9a16e8
kamadhenu_dataset/incoming_audio/drive/Vayu Stuti/vs.ns.1.3.mp3,drive/Vayu Stuti,vs.ns.1.3.mp3,.mp3,mp3 (mp3float),mp3,44100,2,32,128,87.38,0.85,-13.52,-16.02,-45.95,36.5,1.0,0.07,1.16,0.255,2,A,[],[],[],,1398072,18d427eb4c9d2abdc9d8008e2766b69d53ee5b7f
kamadhenu_dataset/incoming_audio/drive/Vayu Stuti/vs.ns.1.4.mp3,drive/Vayu Stuti,vs.ns.1.4.mp3,.mp3,mp3 (mp3float),mp3,44100,2,32,128,97.515,0.65,-13.76,-16.51,-47.16,37.8,1.23,0.0,1.89,0.282,7,A,[],[],[],,1560240,118b462071882ddad19b3aad2a98c45d496c4127
kamadhenu_dataset/incoming_audio/drive/Vayu Stuti/vs.ns.2.1.mp3,drive/Vayu Stuti,vs.ns.2.1.mp3,.mp3,mp3 (mp3float),mp3,44100,2,32,128,73.848,0.74,-13.79,-16.18,-44.99,35.6,0.36,0.03,1.3,0.234,0,A,[],[],[],,1181569,005d245b93a793717601d11a1315d0113ea3e4d1
kamadhenu_dataset/incoming_audio/drive/Vayu Stuti/vs.ns.2.2.mp3,drive/Vayu Stuti,vs.ns.2.2.mp3,.mp3,mp3 (mp3float),mp3,44100,2,32,128,73.509,0.63,-13.29,-15.29,-45.58,36.4,1.24,1.08,1.24,0.248,1,A,[],[],[],,1176136,9b32783637effc5552d4cf3fcbf9a4b63dc082e9
kamadhenu_dataset/incoming_audio/drive/Vayu Stuti/vs.ns.2.3.mp3,drive/Vayu Stuti,vs.ns.2.3.mp3,.mp3,mp3 (mp3float),mp3,44100,2,32,128,69.982,0.67,-13.83,-17.17,-45.17,35.8,1.0,0.07,1.08,0.254,1,A,[],[],[],,1119711,6e7e51e13d9ecbf35179a2bfd1a65c7ea842753c
kamadhenu_dataset/incoming_audio/drive/Vayu Stuti/vs.ns.2.4.mp3,drive/Vayu Stuti,vs.ns.2.4.mp3,.mp3,mp3 (mp3float),mp3,44100,2,32,128,71.105,0.4,-14.23,-16.96,-45.16,35.4,1.41,0.09,1.41,0.257,0,A,[],[],[],,1137683,fbef738012f09693e1ab1762e8608cabe648f489
kamadhenu_dataset/incoming_audio/drive/Vayu Stuti/vs1.1.mp3,drive/Vayu Stuti,vs1.1.mp3,.mp3,mp3 (mp3float),mp3,44100,2,32,128,90.436,0.78,-13.27,-15.85,-45.44,36.1,1.04,0.06,1.06,0.23,4,A,[],[],[],,1446973,66e7993dad2a1054904d8a492ef7cc9a5a031917
kamadhenu_dataset/incoming_audio/drive/Vayu Stuti/vs1.2.mp3,drive/Vayu Stuti,vs1.2.mp3,.mp3,mp3 (mp3float),mp3,44100,2,32,128,92.055,0.75,-12.36,-14.66,-46.23,37.7,1.4,0.28,1.55,0.221,2,A,[],[],[],,1472887,26d44e131b0fe7dac11754519760b9b26e11ae18
kamadhenu_dataset/incoming_audio/drive/Vayu Stuti/vs1.3.mp3,drive/Vayu Stuti,vs1.3.mp3,.mp3,mp3 (mp3float),mp3,44100,2,32,128,77.558,0.48,-13.18,-15.06,-45.81,36.5,1.47,0.22,1.69,0.248,1,A,[],[],[],,1240919,83a9d32f18d737500607a889d5f23586fc8f0a61
kamadhenu_dataset/incoming_audio/drive/Vayu Stuti/vs1.4.mp3,drive/Vayu Stuti,vs1.4.mp3,.mp3,mp3 (mp3float),mp3,44100,2,32,128,71.758,0.45,-14.11,-17.0,-44.44,34.6,1.02,0.12,1.02,0.196,0,A,[],[],[],,1148132,9a0d88ede0478b326fc57266ebb4279bab41be63
kamadhenu_dataset/incoming_audio/drive/Vayu Stuti/vs2.1.mp3,drive/Vayu Stuti,vs2.1.mp3,.mp3,mp3 (mp3float),mp3,44100,2,32,128,67.553,0.45,-14.27,-16.86,-44.5,34.5,1.35,0.06,1.35,0.194,1,A,[],[],[],,1080841,0ec01d433d76f8511cbcbf78c459be951d70f8d2
kamadhenu_dataset/incoming_audio/drive/Vayu Stuti/vs2.2.mp3,drive/Vayu Stuti,vs2.2.mp3,.mp3,mp3 (mp3float),mp3,44100,2,32,128,91.559,0.83,-14.49,-16.23,-44.76,33.9,1.53,0.88,1.53,0.203,0,A,[],[],[],,1464946,022d3702d8c6c77c21fcf35170bc0770c3a9f467
kamadhenu_dataset/incoming_audio/drive/Vayu Stuti/vs2.3.mp3,drive/Vayu Stuti,vs2.3.mp3,.mp3,mp3 (mp3float),mp3,44100,2,32,128,94.459,-0.25,-15.3,-17.86,-46.03,35.1,1.34,0.14,1.38,0.239,0,A,[],[],[],,1511339,919ba23808089582d7c5bc70ddad3a977b532246
kamadhenu_dataset/incoming_audio/drive/Vayu Stuti/vs2.4.mp3,drive/Vayu Stuti,vs2.4.mp3,.mp3,mp3 (mp3float),mp3,44100,2,32,128,76.095,0.69,-13.45,-15.37,-45.03,35.4,1.69,0.19,1.69,0.243,0,A,[],[],[],,1217514,16517bb1a1e5b97ad1884afe8240e2943a042321
kamadhenu_dataset/incoming_audio/drive/Vayu Stuti/vs3.1.mp3,drive/Vayu Stuti,vs3.1.mp3,.mp3,mp3 (mp3float),mp3,44100,2,32,128,98.978,0.83,-15.29,-16.85,-43.47,32.2,1.09,0.17,1.72,0.309,3,A,[],[],[],,1583646,900f03c78a0ef262d835b382580fdc55d49a0be8
kamadhenu_dataset/incoming_audio/drive/Vayu Stuti/vs3.2.mp3,drive/Vayu Stuti,vs3.2.mp3,.mp3,mp3 (mp3float),mp3,44100,2,32,128,73.509,0.51,-14.81,-16.28,-43.07,32.6,1.41,0.14,1.41,0.283,0,A,[],[],[],,1176136,6d00a30e7d5688c5a3a6f63ec73517b41f058da8
kamadhenu_dataset/incoming_audio/drive/Vayu Stuti/vs3.3.mp3,drive/Vayu Stuti,vs3.3.mp3,.mp3,mp3 (mp3float),mp3,44100,2,32,128,90.749,0.38,-14.11,-16.87,-55.03,45.0,0.78,0.24,1.59,0.231,0,A,[],[],[],,1451989,80cfceba0bf98b524ee8a97e04feef79080c7dd5
kamadhenu_dataset/incoming_audio/drive/Vayu Stuti/vs3.4.mp3,drive/Vayu Stuti,vs3.4.mp3,.mp3,mp3 (mp3float),mp3,44100,2,32,128,80.118,0.84,-14.64,-18.73,-56.15,45.8,0.22,0.17,1.12,0.251,3,A,[],[],[],,1281879,d16030672f35224740277f061b76f0808d0dee8b
